     3.05           O: OBSERVATION      M: MIXED            RINEX VERSION / TYPE
PYRINEXCONV 0.1.2 ALDELTUNES            20260721 113156 UTC PGM / RUN BY / DATE
UNKN                                                        MARKER NAME
NONE                                                        MARKER TYPE
                                                            OBSERVER / AGENCY
                                                            REC # / TYPE / VERS
                                                            ANT # / TYPE
   114559.3514 -5412487.2258  3553272.7910                  APPROX POSITION XYZ
        0.0000        0.0000        0.0000                  ANTENNA: DELTA H/E/N
G    8 C1C L1C D1C S1C C2L L2L D2L S2L                      SYS / # / OBS TYPES
S    4 C1C L1C D1C S1C                                      SYS / # / OBS TYPES
E    8 C1C L1C D1C S1C C7Q L7Q D7Q S7Q                      SYS / # / OBS TYPES
C    4 C2I L2I D2I S2I                                      SYS / # / OBS TYPES
R    8 C1C L1C D1C S1C C2C L2C D2C S2C                      SYS / # / OBS TYPES
DBHZ                                                        SIGNAL STRENGTH UNIT
    10.000                                                  INTERVAL
  2026     7    21    11    22   20.0070000     GPS         TIME OF FIRST OBS
  2026     7    21    11    32   10.0080000     GPS         TIME OF LAST OBS
  8 R06 -4 R07  5 R11  0 R12 -1 R13 -2 R21  4 R22 -3 R23  3 GLONASS SLOT / FRQ
 C1C    0.000 C1P    0.000 C2C    0.000 C2P    0.000        GLONASS COD/PHS/BIS
    18        2428     2GPS                                 LEAPSECONDS
    39                                                      # OF SATELLITES
                                                            END OF HEADER
> 2026  7 21 11 22 20.0070000  0 37                           
G13  23788957.761   125011654.2170       1650.407          40.000    23788948.901    97411780.4120       1285.848          30.000  
S35  40397247.809   212288962.2900       -360.238          34.000  
S33  40653260.072   213634322.1750       -361.519          33.000  
S31  39947638.848   209926278.0430       -362.840          39.000  
G24  26959503.543   141673147.0091      -2847.927          19.000                                                                  
E10  26067996.603   136988219.7350        213.402          32.000    26067999.185   104965135.1970        163.798          32.000  
C39  25814565.332   134423235.2590      -2778.302          38.000  
C11  26570306.180   138358498.4400      -2233.303          35.000  
C29  24724658.463   128747784.2471      -1550.460          24.000  
C36  28398085.384   147876282.4601      -3625.165          16.000  
R12  22046537.421   117768601.7530      -2240.896          31.000    22046533.255    91597798.6030      -1742.723          32.000  
R11  25157671.873   134434855.3540      -4820.184          28.000                                                                  
R13  23037026.840   123016501.9170       1546.156          25.000                                                                  
R23  22778576.273   121849936.1660        347.751          33.000                                                                  
R22  22490555.771   120056017.9610      -1671.246          40.000    22490549.795    93376936.8530      -1299.532          33.000  
R06  25493265.413   136036948.7181       -917.127          22.000                                                                  
G12  24010443.506   126175698.4940       1927.072          37.000    24010448.701    98318796.6230       1502.075          31.000  
E31  27053849.340   142168936.9871      -2500.574          21.000    27053861.181   108934688.3311      -1912.401          24.000  
G06  23428911.357   123119723.4950      -2159.291          35.000    23428916.699    95937497.2551      -1682.266          25.000  
E11  25649012.953   134786453.8150       1371.674          32.000                                                                  
C35  24994994.054   130155464.0560        611.519          41.000  
C26  26061112.982   135707041.1670         82.764          33.000  
C12  26271673.058   136803489.5670       1592.709          27.000  
C20  26808506.906   139598960.6550        809.856          32.000  
C19  27392040.312   142637541.6621       2465.577          25.000  
R07  24821607.950   132872052.2340       2373.823          29.000    24821617.248   103344935.6150       1846.549          26.000  
R21  26489526.315   141750805.4601      -3181.289          20.000    26489523.166   110250613.3691      -2481.632          18.000  
G21  24311214.955   127756279.3680       2797.506          31.000    24311219.954    99550335.1730       2180.634          31.000  
E33  28538681.802   149971776.1440      -2788.350          29.000    28538678.290   114913414.2770      -2136.127          31.000  
E16  25656508.183   134825927.2140        182.285          43.000    25656507.892   103308134.8990        139.542          33.000  
G22  25611537.650   134589538.0681      -3562.220          22.000                                                                  
C31  28125779.289   146458312.8061       1772.193          14.000  
G19  23065438.826   121209657.2090      -1290.613          30.000                                                                  
E12  25609599.739   134579354.2491       -971.385          25.000    25609585.040   103119178.5440       -744.669          29.000  
E25  28518701.555   149866810.3920       2104.492          28.000    28518703.625   114833001.2241       1621.216          19.000  
G11  22904598.969   120364419.0280         96.881          41.000    22904596.986    93790549.7500         75.757          40.000  
G17                                                                  25822410.724   105738454.9871      -1803.104          24.000  
> 2026  7 21 11 22 30.0070000  0 36                           
G13  23785823.060   124995179.4250       1644.766          40.000    23785814.701    97398942.8790       1281.844          30.000  
S35  40397934.839   212292571.8290       -361.398          34.000  
S33  40653948.745   213637941.3050       -361.701          33.000  
S31  39948330.003   209929908.8430       -363.310          39.000  
E10  26067594.053   136986103.6960        209.988          32.000    26067596.899   104963513.8140        161.201          32.000  
C39  25819903.952   134451037.6800      -2782.324          38.000  
C11  26574597.330   138380844.5740      -2234.777          36.000  
C29  24727618.947   128763200.4321      -1550.505          19.000  
C36  28405029.585   147912442.7101      -3612.428          16.000  
R12  22050738.759   117791050.0690      -2248.747          29.000    22050735.622    91615258.3640      -1749.265          32.000  
R11  25166693.284   134483064.9170      -4822.070          28.000                                                                  
R13  23034136.834   123001004.6461       1536.825          23.000                                                                  
R23  22777929.683   121846478.1140        343.980          33.000                                                                  
R22  22493689.473   120072743.4060      -1673.496          40.000    22493682.879    93389945.5560      -1302.356          32.000  
R06  25494989.189   136046146.8211       -918.363          20.000                                                                  
G12  24006781.366   126156453.8310       1921.727          37.000    24006786.754    98303800.8130       1497.495          32.000  
E31  27058600.218   142193903.0721      -2503.059          20.000    27058618.759   108953845.0771      -1916.961          23.000  
G06  23433023.704   123141336.2380      -2162.417          35.000    23433032.478    95954350.3481      -1684.198          26.000  
E11  25646407.167   134772754.5570       1368.658          32.000                                                                  
C35  24993821.469   130149358.4310        609.487          40.000  
C26  26060958.928   135706243.2830         76.825          33.000  
C12  26268617.085   136787577.7380       1589.739          28.000  
C20  26806957.261   139590892.9670        803.539          32.000  
C19  27387308.109   142612899.7461       2465.763          27.000  
R07  24817178.074   132848336.1110       2369.602          30.000    24817186.223   103326489.7280       1843.164          27.000  
R21  26495472.018   141782622.5931      -3174.852          21.000    26495473.282   110275377.8731      -2487.358          16.000  
G21  24305895.887   127728321.9750       2793.808          32.000    24305899.341    99528550.1940       2176.526          31.000  
E33  28543987.953   149999663.5950      -2788.841          30.000    28543985.265   114934782.5760      -2136.775          31.000  
E16  25656165.744   134824126.7140        177.926          43.000    25656165.926   103306755.2710        136.482          33.000  
G22  25618330.963   134625237.2801      -3576.126          22.000                                                                  
C31  28122383.594   146440630.2941       1771.599          10.000  
G19  23067899.439   121222588.3340      -1294.632          27.000                                                                  
E12  25611448.574   134589070.5811       -975.547          25.000    25611436.247   103126633.4320       -746.530          29.000  
E25  28514697.445   149845775.3120       2102.716          27.000    28514698.531   114816874.2231       1608.788          19.000  
G11  22904419.098   120363471.8500         92.657          41.000    22904416.836    93789811.7140         72.119          40.000  
G17                                                                  25826818.617   105756504.1721      -1806.363          23.000  
> 2026  7 21 11 22 40.0070000  0 36                           
G13  23782698.602   124978758.4650       1639.572          40.000    23782689.788    97386147.3540       1277.544          30.000  
S35  40398621.743   212296182.2680       -360.379          34.000  
S33  40654637.545   213641560.9430       -362.479          33.000  
S31  39949021.252   209933541.6090       -363.599          39.000  
G24  26970358.309   141730189.0271      -2859.736          18.000                                                                  
E10  26067198.831   136984020.7780        206.891          33.000    26067200.738   104961917.8790        157.901          33.000  
C39  25825249.074   134478873.3070      -2785.394          38.000  
C11  26578889.621   138403195.4530      -2235.262          36.000  
C29  24730587.903   128778660.0261      -1538.788          13.000  
C36  28411978.418   147948627.1131      -3611.790          15.000  
R12  22054956.379   117813580.9550      -2257.027          26.000    22054953.398    91632782.3520      -1755.538          33.000  
R11  25175717.722   134531288.6230      -4822.622          28.000    25175697.774   104635451.7201      -3746.118          14.000  
R13  23031267.300   122985681.9401       1527.193          23.000    23031525.568    95656602.9801       1082.969          14.000  
R23  22777288.995   121843051.2400        341.068          33.000                                                                  
R22  22496826.916   120089489.4370      -1675.549          40.000    22496819.637    93402970.1810      -1303.638          32.000  
R06  25496730.210   136055437.8131       -932.751          21.000                                                                  
G12  24003128.877   126137259.9020       1917.057          37.000    24003134.591    98288844.5140       1493.677          32.000  
E31  27063357.909   142218905.1031      -2498.767          20.000    27063379.726   108973015.4631      -1928.019          23.000  
G06  23437141.029   123162975.8560      -2165.322          35.000    23437153.768    95971219.4490      -1687.561          26.000  
E11  25643806.400   134759083.7680       1366.043          32.000                                                                  
C35  24992651.799   130143268.1620        608.083          40.000  
C26  26060816.069   135705500.3630         71.002          34.000  
C12  26265570.317   136771700.9380       1585.697          29.000  
C20  26805416.724   139582873.0860        798.729          31.000  
C19  27382579.366   142588267.8590       2463.670          28.000  
R07  24812756.009   132824665.2920       2366.030          30.000    24812761.631   103308079.1540       1839.115          27.000  
R21  26501409.991   141814397.6361      -3178.802          19.000    26501406.182   110300071.3531      -2445.566          13.000  
G21  24300584.059   127700397.5150       2790.530          33.000    24300585.482    99506790.8950       2173.756          31.000  
E33  28549295.820   150027554.9830      -2789.600          30.000    28549293.072   114956153.8580      -2137.347          31.000  
E16  25655831.046   134822366.6520        173.811          43.000    25655831.054   103305406.6850        132.912          34.000  
G22  25625135.731   134660996.8201      -3571.122          22.000                                                                  
G19  23070364.638   121235549.0610      -1297.278          25.000                                                                  
E12  25613298.726   134598792.4871       -977.306          25.000    25613293.408   103134111.0730       -749.217          28.000  
E25  28510694.997   149824756.2920       2101.104          27.000    28510699.283   114800770.9371       1615.142          19.000  
G11  22904246.730   120362565.7290         88.556          42.000    22904244.491    93789105.6640         68.573          40.000  
G17                                                                  25831232.069   105774576.9101      -1811.960          23.000  
> 2026  7 21 11 22 50.0070000  0 34                           
G13  23779583.803   124962390.8180       1634.381          39.000    23779575.665    97373393.3290       1273.426          31.000  
S35  40399309.430   212299794.0940       -361.734          33.000  
S33  40655326.520   213645181.4410       -362.603          33.000  
S31  39949712.509   209937174.2740       -363.134          39.000  
E10  26066809.593   136981970.3870        203.870          34.000    26066810.938   104960346.8030        155.484          33.000  
C39  25830600.280   134506741.4240      -2788.336          38.000  
C11  26583182.867   138425550.4980      -2235.623          36.000  
C36  28418921.522   147984781.8911      -3613.644          13.000  
R12  22059187.585   117836220.1591      -2266.982          23.000    22059186.431    91650369.9200      -1761.843          34.000  
R11  25184744.219   134579526.0140      -4824.307          28.000    25184732.584   104673002.7131      -3755.654          16.000  
R13  23028406.303   122970404.5961       1521.962          21.000                                                                  
R23  22776653.588   121839654.8720        339.057          32.000                                                                  
R22  22499967.786   120106255.1010      -1677.332          40.000    22499960.472    93416010.1320      -1304.416          32.000  
R06  25498492.975   136064843.4451       -942.565          22.000                                                                  
G12  23999486.015   126118116.2180       1911.991          36.000    23999491.746    98273905.3410       1490.187          32.000  
E31  27068119.177   142243926.0991      -2512.461          18.000    27068145.985   108992206.5261      -1919.155          23.000  
G06  23441263.894   123184641.6470      -2167.727          35.000    23441275.847    95988105.8431      -1688.283          26.000  
E11  25641212.275   134745440.8890       1362.943          32.000                                                                  
C35  24991484.745   130137192.5880        607.005          40.000  
C26  26060683.343   135704811.7630         66.205          34.000  
C12  26262529.802   136755858.4890       1582.741          30.000  
C20  26803885.409   139574900.4900        795.164          29.000  
C19  27377846.339   142563641.7090       2461.865          28.000  
R07  24808344.162   132801039.1260       2360.508          31.000    24808356.230   103289703.2140       1835.773          28.000  
R21  26507342.925   141846146.0051      -3167.899          18.000    26507335.303   110324748.7561      -2467.930          15.000  
G21  24295278.294   127672505.4670       2786.947          33.000    24295277.157    99485056.8000       2172.195          31.000  
E33  28554603.899   150055449.5200      -2789.581          30.000    28554601.718   114977527.6190      -2137.292          32.000  
E16  25655503.720   134820646.4440        170.285          43.000    25655504.081   103304088.6040        130.242          34.000  
G22  25631945.191   134696780.4621      -3574.182          22.000                                                                  
G19  23072837.020   121248538.7380      -1299.636          26.000                                                                  
E12  25615157.420   134608560.3151       -980.584          25.000    25615155.280   103141610.7890       -751.100          27.000  
E25  28506698.008   149803708.6341       2099.303          26.000    28506701.459   114784673.3741       1610.440          20.000  
G11  22904081.929   120361699.9920         84.894          42.000    22904079.945    93788431.0650         65.973          40.000  
G17                                                                  25835647.412   105792656.7881      -1807.255          23.000  
> 2026  7 21 11 23  0.0070000  0 34                           
G13  23776479.660   124946078.2730       1628.396          39.000    23776472.703    97360682.2740       1268.596          31.000  
S35  40399996.937   212303407.3450       -360.894          34.000  
S33  40656015.587   213648804.2900       -362.118          33.000  
S31  39950404.540   209940810.3560       -363.969          39.000  
E10  26066427.165   136979954.1520        200.150          35.000    26066427.748   104958801.9210        152.384          33.000  
C39  25835958.255   134534643.6470      -2791.858          38.000  
C11  26587477.564   138447911.4000      -2236.338          36.000  
C36  28425857.019   148020896.4921      -3614.172          13.000  
R12  22063429.098   117858877.6811      -2285.037          17.000    22063434.819    91668022.3650      -1768.538          34.000  
R11  25193774.198   134627778.5380      -4825.999          27.000    25193768.591   104710558.2391      -3745.563          17.000  
R13  23025561.318   122955212.4241       1503.495          21.000                                                                  
R23  22776024.176   121836290.8200        334.431          32.000                                                                  
R22  22503112.491   120123042.2070      -1679.772          40.000    22503105.661    93429066.7750      -1307.205          31.000  
R06  25500264.193   136074295.3851       -943.697          25.000                                                                  
G12  23995853.038   126099024.5480       1906.346          37.000    23995858.170    98259028.6940       1486.388          31.000  
E31  27072888.510   142268988.6831      -2518.170          16.000    27072918.720   109011424.5311      -1931.384          22.000  
G06  23445392.112   123206335.2280      -2170.858          35.000    23445403.207    96005005.8990      -1690.864          26.000  
G17  25840083.033   135790551.9141      -2330.057          19.000    25840065.999   105810750.2091      -1811.647          23.000  
E11  25638622.007   134731827.5600       1359.760          32.000                                                                  
C35  24990320.706   130131133.4520        604.997          40.000  
C26  26060561.669   135704179.1870         60.254          34.000  
C12  26259494.955   136740052.3070       1578.375          31.000  
C20  26802362.908   139566977.0420        790.028          27.000  
C19  27373117.375   142539028.3760       2460.408          27.000  
R07  24803939.961   132777459.7880       2355.723          31.000    24803949.040   103271363.6480       1832.556          28.000  
R21  26513278.319   141877907.6991      -3166.923          18.000    26513270.514   110349451.4221      -2467.065          12.000  
G21  24289978.493   127644647.6250       2783.933          34.000    24289975.380    99463349.4470       2168.572          31.000  
E33  28559912.595   150083348.9500      -2789.078          30.000    28559910.781   114998905.1480      -2138.782          32.000  
E16  25655184.472   134818967.8450        165.850          43.000    25655185.105   103302802.3890        127.108          35.000  
G22  25638756.295   134732573.1811      -3585.844          22.000                                                                  
G19  23075317.190   121261607.5490      -1303.404          27.000                                                                  
E12  25617026.180   134618380.7421       -982.758          24.000    25617023.628   103149133.9030       -753.115          27.000  
E25  28502701.221   149782705.1871       2097.365          26.000    28502708.722   114768596.8481       1598.747          21.000  
G11  22903925.641   120360876.3370         80.353          43.000    22903923.066    93787789.2640         62.439          40.000  
> 2026  7 21 11 23 10.0070000  0 35                           
G13  23773386.047   124929820.8590       1623.409          39.000    23773379.398    97348014.1340       1264.660          31.000  
S35  40400684.923   212307023.8910       -362.852          34.000  
S33  40656705.981   213652430.1200       -363.015          33.000  
S31  39951096.918   209944448.3360       -364.015          39.000  
E10  26066051.127   136977972.0920        196.458          36.000    26066050.758   104957283.1470        150.749          34.000  
C39  25841323.107   134562579.8900      -2795.667          38.000  
C11  26591773.177   138470278.1040      -2236.808          36.000  
C36  28432805.419   148057078.3101      -3605.783          14.000  
R12  22067692.148   117881650.0281      -2278.655          16.000    22067698.828    91685739.5120      -1775.085          35.000  
R11  25202807.203   134676045.7870      -4827.256          26.000    25202805.578   104748117.2531      -3756.880          15.000  
R13  23022732.469   122940106.3401       1511.281          18.000                                                                  
R23  22775399.951   121832958.6150        331.631          32.000                                                                  
R22  22506261.063   120139850.6320      -1681.690          40.000    22506254.744    93442139.9770      -1308.397          31.000  
R06  25502053.479   136083843.4801       -956.865          25.000                                                                  
G12  23992230.293   126079984.9130       1901.208          37.000    23992235.360    98244192.6640       1481.203          32.000  
G06  23449525.455   123228056.5220      -2173.362          35.000    23449536.975    96021931.6240      -1693.699          27.000  
E11  25636036.726   134718243.7800       1356.482          32.000                                                                  
C35  24989160.289   130125090.6860        603.286          40.000  
C26  26060450.766   135703602.6320         54.852          35.000  
C12  26256467.042   136724282.2830       1574.504          31.000  
C32  28989481.749   150955838.6851      -1816.549          25.000  
C20  26800848.736   139559102.7140        785.530          26.000  
C19  27368393.178   142514427.9660       2459.700          27.000  
R07  24799545.067   132753927.3190       2350.897          32.000    24799555.659   103253060.6150       1828.820          29.000  
R21  26519212.570   141909662.5941      -3166.192          15.000                                                                  
G21  24284685.195   127616824.1980       2779.739          34.000    24284680.042    99441668.7950       2166.692          31.000  
E33  28565221.564   150111253.2730      -2790.910          31.000    28565220.756   115020286.2990      -2137.937          32.000  
E16  25654873.343   134817330.8660        161.697          44.000    25654874.021   103301548.0620        124.123          35.000  
G22  25645567.794   134768368.3271      -3581.551          22.000                                                                  
G19  23077805.886   121274657.9740      -1306.212          29.000                                                                  
E12  25618899.435   134628224.5601       -987.093          24.000    25618897.748   103156680.5050       -755.818          27.000  
E25  28498709.080   149761726.9261       2096.753          24.000    28498716.592   114752521.5481       1608.708          21.000  
G11  22903777.178   120360094.7080         76.129          43.000    22903774.418    93787180.2000         59.314          40.000  
E31                                                                  27077698.166   109030669.0551      -1921.182          23.000  
G17                                                                  25844487.956   105828857.4181      -1810.261          24.000  
> 2026  7 21 11 23 20.0070000  0 35                           
G13  23770302.458   124913616.5130       1617.579          39.000    23770296.876    97335387.3870       1260.396          32.000  
S35  40401373.084   212310640.1630       -361.325          33.000  
S33  40657396.285   213656055.9260       -362.538          33.000  
S31  39951789.312   209948087.2190       -363.965          39.000  
E10  26065681.150   136976021.9020        193.330          36.000    26065679.949   104955788.8580        148.180          34.000  
C39  25846694.386   134590547.8400      -2798.505          38.000  
C11  26596069.235   138492648.4430      -2237.015          36.000  
C36  28439752.790   148093255.7211      -3618.569          14.000  
R12  22071977.577   117904541.7911      -2284.044          19.000    22071978.132    91703519.6570      -1781.165          36.000  
R11  25211842.235   134724325.7380      -4828.461          25.000    25211845.938   104785690.8011      -3750.882          17.000  
R13  23019918.755   122925080.8891       1500.191          20.000                                                                  
R23  22774781.915   121829656.2190        328.772          32.000                                                                  
R22  22509413.643   120156678.1500      -1683.963          39.000    22509407.479    93455228.0210      -1309.591          31.000  
R06  25503856.719   136093465.4311       -966.257          25.000                                                                  
G12  23988616.941   126060995.2590       1896.075          37.000    23988622.111    98229395.5260       1476.983          32.000  
G06  23453663.406   123249803.2400      -2175.673          35.000    23453676.273    96038877.0930      -1695.661          28.000  
E11  25633457.289   134704687.3070       1354.686          31.000                                                                  
C35  24988002.743   130119062.0840        602.101          40.000  
C26  26060350.445   135703079.9040         49.939          35.000  
C12  26253445.836   136708546.3450       1572.784          31.000  
C32  28992976.044   150974033.7891      -1822.401          25.000  
C20  26799344.746   139551275.4410        780.691          25.000  
C19  27363674.235   142489838.4820       2458.611          27.000  
R07  24795157.414   132730439.2930       2346.781          31.000    24795162.937   103234792.1940       1825.334          28.000  
R21  26525142.419   141941394.3721      -3172.923          16.000                                                                  
G21  24279396.883   127589032.9240       2777.370          34.000    24279391.622    99420013.3260       2163.972          31.000  
E33  28570531.982   150139160.1230      -2791.188          30.000    28570531.306   115041669.4460      -2138.465          32.000  
E16  25654569.508   134815733.3350        157.743          44.000    25654570.435   103300323.9800        121.414          36.000  
G22  25652384.234   134804188.0471      -3588.598          22.000                                                                  
G19  23080295.838   121287737.4600      -1309.265          30.000                                                                  
E12  25620781.292   134638113.7591       -987.591          23.000    25620777.363   103164248.6670       -757.901          26.000  
E25  28494715.716   149740741.7321       2095.698          24.000    28494728.434   114736462.7661       1603.858          22.000  
G11  22903636.162   120359352.8630         72.101          43.000    22903633.627    93786602.1390         56.189          40.000  
E31                                                                  27082480.608   109049926.8701      -1928.884          22.000  
G17                                                                  25848905.670   105846947.5101      -1810.539          23.000  
> 2026  7 21 11 23 30.0070000  0 35                           
G13  23767229.090   124897466.0560       1612.215          38.000    23767224.378    97322802.5730       1256.096          31.000  
S35  40402061.333   212314257.7950       -362.090          34.000  
S33  40658086.539   213659682.6890       -363.212          33.000  
S31  39952481.740   209951726.4540       -364.119          39.000  
E10  26065316.568   136974104.3660        190.230          36.000    26065315.331   104954319.5580        145.809          35.000  
C39  25852072.063   134618548.2540      -2802.124          38.000  
C11  26600365.859   138515023.2040      -2237.821          36.000  
C36  28446691.899   148129389.3361      -3616.981          15.000  
R12  22076281.465   117927532.2021      -2298.148          22.000    22076273.063    91721363.2310      -1787.689          36.000  
R11  25220879.155   134772619.1960      -4830.293          24.000    25220885.297   104823260.5761      -3753.469          16.000  
R13  23017123.696   122910156.0771       1481.058          21.000                                                                  
R23  22774169.701   121826384.4700        325.377          31.000                                                                  
R22  22512569.814   120173525.4830      -1686.014          38.000    22512564.546    93468331.5060      -1311.874          31.000  
R06  25505670.589   136103144.6971       -973.218          23.000                                                                  
G12  23985013.452   126042056.4750       1890.981          38.000    23985018.509    98214637.9700       1473.785          32.000  
G06  23457806.757   123271576.0980      -2178.669          35.000    23457817.540    96055842.9050      -1697.668          28.000  
G17  25853332.389   135860177.8171      -2326.841          25.000    25853328.427   105865057.9171      -1818.696          23.000  
E11  25630882.399   134691159.0710       1351.293          32.000                                                                  
C35  24986848.014   130113048.4650        600.491          40.000  
C26  26060261.015   135702611.8410         43.707          34.000  
C12  26250430.847   136692845.5300       1568.679          31.000  
C32  28996479.012   150992275.3901      -1826.851          23.000  
C20  26797842.138   139543395.9651        774.647          25.000  
C19  27358957.074   142465260.7520       2456.825          27.000  
R07  24790778.929   132706997.0970       2342.254          31.000    24790791.580   103216559.3880       1821.335          28.000  
R21  26531064.050   141973082.3801      -3174.223          17.000                                                                  
G21  24274114.673   127561274.7780       2774.301          34.000    24274109.225    99398383.5970       2161.459          31.000  
E33  28575842.276   150167070.2930      -2791.303          31.000    28575842.600   115063055.1360      -2138.571          32.000  
E16  25654273.614   134814176.0800        153.590          44.000    25654274.409   103299130.7630        118.001          36.000  
G22  25659208.507   134840050.2751      -3588.981          22.000                                                                  
G19  23082790.921   121300846.2290      -1311.761          30.000                                                                  
E12  25622662.955   134648002.4261       -995.676          21.000    25622662.903   103171839.1070       -760.568          26.000  
E25  28490734.790   149719821.4011       2094.491          24.000    28490745.427   114720425.6371       1599.150          23.000  
G11  22903502.975   120358651.5340         67.798          43.000    22903500.379    93786055.6550         52.899          40.000  
E31                                                                  27087270.542   109069213.3561      -1928.893          22.000  
> 2026  7 21 11 23 40.0070000  0 35                           
G13  23764165.623   124881369.2410       1606.798          38.000    23764161.396    97310259.5890       1252.290          32.000  
S35  40402749.636   212317876.1030       -362.131          34.000  
S33  40658776.399   213663310.4170       -362.459          33.000  
S31  39953174.580   209955366.9050       -364.219          39.000  
E10  26064957.927   136972219.1370        187.240          37.000    26064956.652   104952875.0510        143.292          35.000  
C39  25857455.442   134646580.6520      -2804.742          38.000  
C11  26604663.442   138537402.0060      -2238.179          36.000  
C36  28453635.084   148165544.4371      -3609.398          15.000  
R12  22080591.811   117950557.7181      -2303.014          25.000    22080582.809    91739269.9640      -1794.044          37.000  
R11  25229917.636   134821029.8061      -4832.562          23.000    25229929.793   104860851.5331      -3758.487          17.000  
R13  23014341.646   122895299.6301       1486.255          23.000                                                                  
R23  22773562.325   121823142.7840        323.291          31.000                                                                  
R22  22515729.888   120190392.0450      -1687.893          38.000    22515724.139    93481449.8910      -1312.155          31.000  
R06  25507504.280   136112929.6991       -983.755          24.000                                                                  
G12  23981419.494   126023168.2740       1886.364          38.000    23981425.398    98199919.9000       1470.219          32.000  
E31  27092074.057   142369809.4381      -2523.133          18.000    27092065.151   109088518.9481      -1931.928          22.000  
G06  23461954.704   123293374.6880      -2181.460          35.000    23461964.842    96072828.8670      -1700.304          27.000  
G17  25857767.782   135883474.3670      -2328.564          27.000    25857758.775   105883199.3051      -1810.105          23.000  
E11  25628314.043   134677658.6020       1348.525          31.000                                                                  
C35  24985695.703   130107049.4270        599.138          39.000  
C26  26060181.350   135702198.0360         38.837          34.000  
C12  26247422.917   136677179.5060       1564.267          31.000  
C32  28999985.861   151010535.6121      -1833.338          21.000  
C20  26796368.891   139535722.0950        770.543          27.000  
C19  27354238.934   142440694.4980       2455.706          27.000  
R07  24786407.561   132683600.5940       2337.718          31.000    24786420.806   103198362.1270       1817.524          27.000  
R21  26536998.824   142004840.6231      -3180.332          14.000                                                                  
G21  24268837.735   127533549.5770       2770.923          34.000    24268832.252    99376779.5450       2159.079          31.000  
E33  28581154.503   150194983.3950      -2791.943          31.000    28581154.662   115084443.1000      -2139.333          32.000  
E16  25653985.070   134812658.7990        149.709          44.000    25653985.725   103297968.1810        114.836          36.000  
G22  25666037.343   134875936.3321      -3587.556          23.000                                                                  
G19  23085291.588   121313984.0110      -1315.537          30.000                                                                  
E12  25624553.448   134657937.2231       -990.555          21.000    25624554.160   103179451.4130       -762.879          27.000  
E25  28486756.075   149698912.7691       2092.750          23.000    28486764.226   114704394.9131       1597.847          23.000  
G11  22903377.324   120357990.3650         64.203          43.000    22903374.593    93785540.4590         49.921          41.000  
> 2026  7 21 11 23 50.0070000  0 35                           
G13  23761112.875   124865328.3280       1601.297          37.000    23761109.595    97297760.1470       1248.041          32.000  
S35  40403438.655   212321497.0070       -361.697          34.000  
S33  40659467.632   213666940.8760       -363.484          33.000  
S31  39953867.566   209959009.7960       -364.625          39.000  
E10  26064605.471   136970368.3370        183.530          37.000    26064604.666   104951456.9230        140.672          35.000  
C39  25862845.392   134674647.1590      -2808.600          38.000  
C11  26608961.898   138559787.0230      -2239.127          36.000  
C36  28460575.882   148201686.3731      -3607.367          15.000  
R12  22084926.045   117973710.1461      -2314.516          24.000    22084908.331    91757241.5470      -1800.438          37.000  
R11  25238958.012   134869338.6361      -4832.744          22.000    25238972.205   104898433.2471      -3771.254          16.000  
R13  23011573.633   122880519.1591       1473.398          26.000                                                                  
R23  22772961.458   121819933.5030        319.318          32.000                                                                  
R22  22518893.874   120207280.2190      -1690.170          37.000    22518888.217    93494608.1540      -1314.661          30.000  
R06  25509351.240   136122785.5961       -991.017          23.000                                                                  
G12  23977835.388   126004332.9460       1880.667          38.000    23977841.158    98185243.0210       1465.794          32.000  
E31  27096882.879   142395080.2941      -2528.663          19.000    27096866.399   109107852.5481      -1938.452          21.000  
G06  23466107.891   123315201.1090      -2184.058          35.000    23466117.520    96089836.3770      -1701.511          26.000  
G17  25862199.084   135906769.2860      -2330.432          28.000    25862190.861   105901347.8061      -1814.656          22.000  
E11  25625751.269   134664188.0330       1345.971          30.000                                                                  
C35  24984546.955   130101067.1490        597.754          39.000  
C26  26060112.925   135701840.7050         33.124          33.000  
C12  26244421.445   136661550.4120       1560.388          31.000  
C32  29003499.808   151028834.2811      -1830.492          18.000  
C20  26794900.782   139528039.9390        765.882          29.000  
C19  27349521.942   142416141.9400       2455.026          27.000  
R07  24782046.739   132660252.0390       2332.526          32.000    24782059.057   103180202.0720       1814.170          27.000  
R21  26542921.581   142036534.4141      -3171.224          15.000                                                                  
G21  24263567.471   127505859.5070       2766.818          34.000    24263562.569    99355202.9110       2156.588          31.000  
E33  28586468.061   150222901.5490      -2792.581          32.000    28586467.174   115105834.9050      -2139.251          32.000  
E16  25653704.608   134811183.6860        145.459          44.000    25653705.298   103296837.9060        111.292          37.000  
G22  25672864.691   134911814.4251      -3594.332          23.000                                                                  
G19  23087798.526   121327152.9470      -1317.851          30.000                                                                  
E12  25626442.844   134667865.9461       -997.866          20.000    25626451.888   103187087.1960       -764.300          27.000  
E25  28482773.815   149677986.0321       2090.416          23.000    28482787.576   114688382.5201       1602.934          25.000  
G11  22903259.533   120357371.5030         59.668          44.000    22903257.387    93785058.2220         46.588          41.000  
> 2026  7 21 11 24  0.0070000  0 35                           
G13  23758070.430   124849341.4900       1595.506          37.000    23758068.201    97285302.8630       1243.800          32.000  
S35  40404127.960   212325119.2720       -362.887          34.000  
S33  40660157.987   213670572.3750       -363.130          33.000  
S31  39954561.316   209962654.3800       -365.060          39.000  
E10  26064258.988   136968550.0750        179.842          37.000    26064259.061   104950063.7080        137.868          35.000  
C39  25868241.680   134702745.7500      -2812.042          38.000  
C11  26613260.906   138582176.3870      -2239.852          35.000  
C36  28467511.860   148237803.6801      -3608.006          16.000  
R12  22089265.509   117996891.1591      -2319.363          22.000    22089249.037    91775276.3290      -1806.730          37.000  
R11  25247995.167   134917630.5791      -4834.622          20.000    25248016.939   104936025.4011      -3765.260          16.000  
R13  23008828.254   122865844.3110       1463.994          28.000                                                                  
R23  22772367.380   121816754.4680        316.156          33.000                                                                  
R22  22522061.664   120224187.8710      -1691.734          37.000    22522056.001    93507758.5320      -1315.428          31.000  
R06  25511216.614   136132739.4661      -1004.963          21.000                                                                  
G12  23974260.739   125985548.6200       1875.676          37.000    23974266.397    98170605.8880       1461.257          32.000  
E31  27101691.474   142420349.7421      -2522.360          18.000    27101673.652   109127209.0401      -1934.525          21.000  
G06  23470265.839   123337053.3540      -2186.675          36.000    23470275.156    96106864.1310      -1703.663          26.000  
G17  25866634.038   135930079.7460      -2332.153          29.000    25866628.331   105919518.3291      -1821.806          21.000  
E11  25623193.128   134650745.6280       1342.473          30.000                                                                  
C35  24983401.048   130095099.7080        595.754          38.000  
C26  26060055.316   135701537.9240         26.703          32.000  
C12  26241427.273   136645956.5340       1556.837          31.000  
C32  29007027.521   151047203.9711      -1834.025          15.000  
C20  26793436.669   139520405.7340        760.921          29.000  
C19  27344808.242   142391601.4250       2453.053          27.000  
R07  24777694.236   132636949.4440       2327.507          32.000    24777697.929   103162077.8470       1810.346          26.000  
R21  26548851.760   142068267.8061      -3176.056          16.000                                                                  
G21  24258303.715   127478202.7910       2763.958          35.000    24258299.891    99333652.2630       2153.348          31.000  
E33  28591780.627   150250822.7760      -2792.365          32.000    28591780.285   115127229.0970      -2139.743          32.000  
E16  25653431.360   134809748.8640        141.211          44.000    25653432.471   103295738.4870        108.615          37.000  
G22  25679708.026   134947776.2081      -3596.932          23.000                                                                  
G19  23090310.511   121340351.2550      -1321.807          28.000                                                                  
E12  25628336.212   134677815.6671      -1000.801          19.000    25628354.776   103194745.1510       -766.903          28.000  
G11  22903149.673   120356792.9770         55.707          44.000    22903147.467    93784607.4320         43.365          41.000  
E25                                                                  28478813.763   114672381.0171       1600.094          26.000  
> 2026  7 21 11 24 10.0070000  0 35                           
G13  23755038.419   124833410.0100       1590.823          37.000    23755036.802    97272888.7220       1239.741          32.000  
S35  40404818.144   212328743.4830       -362.551          34.000  
S33  40660849.635   213674206.4120       -363.159          33.000  
S31  39955255.242   209966300.1310       -364.304          39.000  
E10  26063919.155   136966765.4830        177.151          37.000    26063919.299   104948696.2990        135.343          36.000  
C39  25873644.478   134730877.5240      -2814.294          39.000  
C11  26617561.413   138604571.1760      -2239.042          35.000  
C36  28474449.066   148273928.0481      -3595.639          16.000  
R12  22093621.608   118020160.0061      -2330.276          20.000    22093605.630    91793375.2490      -1812.705          37.000  
R11  25257038.417   134965954.9471      -4835.888          18.000    25257060.410   104973611.6591      -3739.155          17.000  
R13  23006097.450   122851240.3530       1456.824          30.000                                                                  
R23  22771779.385   121813606.9850        313.264          32.000                                                                  
R22  22525233.392   120241116.2780      -1693.458          36.000    22525227.477    93520925.1010      -1318.065          30.000  
R06  25513093.986   136142757.8471       -999.607          19.000                                                                  
G12  23970696.405   125966816.6550       1871.213          38.000    23970701.445    98156009.5650       1457.727          32.000  
E31  27106507.265   142445656.7801      -2536.995          17.000    27106488.194   109146595.4131      -1937.949          20.000  
G06  23474428.854   123358932.6290      -2188.971          36.000    23474436.625    96123912.8950      -1705.833          26.000  
G17  25871075.529   135953406.9370      -2333.173          29.000    25871068.716   105937701.0651      -1814.561          21.000  
E11  25620638.568   134637332.4780       1339.878          28.000                                                                  
C35  24982257.936   130089148.3060        594.768          36.000  
C26  26060008.578   135701290.8980         22.150          32.000  
C12  26238439.804   136630399.1370       1554.910          30.000  
C32  29010571.508   151065658.4381      -1848.338          17.000  
C20  26791980.639   139512820.7260        756.411          29.000  
C19  27340098.399   142367066.6651       2452.646          26.000  
R07  24773350.588   132613694.2980       2323.330          33.000    24773356.625   103143990.4680       1807.416          25.000  
R21  26554773.766   142099957.9571      -3176.478          16.000                                                                  
G21  24253046.249   127450580.7540       2761.113          35.000    24253043.435    99312128.6020       2151.083          31.000  
E33  28597094.111   150278748.2920      -2792.000          31.000    28597094.927   115148626.5570      -2139.361          33.000  
E16  25653166.048   134808355.5960        137.718          44.000    25653167.701   103294670.9410        105.333          37.000  
G22  25686556.660   134983766.2941      -3590.787          23.000                                                                  
G19  23092828.878   121353580.0420      -1324.259          27.000                                                                  
E12  25630241.877   134687829.3001      -1003.289          20.000    25630263.282   103202425.9480       -768.775          28.000  
G11  22903047.532   120356256.0020         52.063          44.000    22903045.293    93784189.0140         40.387          41.000  
E25                                                                  28474841.100   114656388.6270       1599.127          26.000  
> 2026  7 21 11 24 20.0070000  0 34                           
G13  23752016.461   124817530.5820       1585.521          36.000    23752014.128    97260515.1490       1235.221          32.000  
S35  40405507.381   212332366.4000       -361.872          34.000  
S33  40661541.360   213677838.6510       -363.428          33.000  
S31  39955948.898   209969945.6220       -364.125          39.000  
E10  26063585.060   136965011.1730        173.899          37.000    26063585.180   104947352.0670        133.071          36.000  
C39  25879052.738   134759039.1010      -2817.285          39.000  
C11  26621862.242   138626968.1740      -2239.581          34.000  
C36  28481384.463   148310042.0411      -3619.133          18.000  
R12  22097987.974   118043485.3051      -2329.652          19.000    22097976.614    91811535.4770      -1818.781          37.000  
R11  25266081.573   135014279.2801      -4836.408          14.000    25266114.076   105011241.2681      -3763.542          17.000  
R13  23003381.788   122836715.8010       1447.772          31.000                                                                  
R23  22771196.888   121810487.5730        310.554          32.000                                                                  
R22  22528407.848   120258061.8190      -1694.985          35.000    22528401.982    93534104.9450      -1318.746          29.000  
R06  25514992.957   136152891.2601      -1016.551          18.000                                                                  
G12  23967141.124   125948133.7690       1865.793          38.000    23967145.057    98141451.4380       1454.305          32.000  
E31  27111328.309   142470991.1031      -2537.622          17.000    27111308.253   109166003.5521      -1942.319          20.000  
G06  23478597.173   123380835.3770      -2190.950          35.000    23478604.230    96140979.9330      -1707.097          27.000  
G17  25875517.223   135976747.5470      -2335.382          31.000    25875514.482   105955905.3311      -1824.009          21.000  
E11  25618088.700   134623945.1900       1337.357          28.000                                                                  
C35  24981116.773   130083209.5200        593.969          35.000  
C26  26059972.126   135701096.2760         17.169          32.000  
C12  26235457.992   136614874.9690       1550.571          29.000  
C20  26790533.998   139505281.6340        751.590          29.000  
C19  27335388.176   142342539.3311       2451.009          25.000  
R07  24769015.925   132590483.3630       2320.462          32.000    24769018.612   103125941.0801       1802.518          24.000  
R21  26560691.093   142131622.8061      -3175.832          15.000                                                                  
G21  24247795.208   127422990.1250       2757.588          35.000    24247794.045    99290629.3970       2148.467          30.000  
E33  28602407.535   150306674.6770      -2792.881          32.000    28602409.133   115170024.6310      -2139.059          33.000  
E16  25652907.849   134807000.5140        133.654          44.000    25652909.789   103293632.6180        102.482          37.000  
G22  25693397.356   135019713.6531      -3600.125          23.000                                                                  
G19  23095352.552   121366836.0640      -1327.241          26.000                                                                  
E12  25632155.946   134697887.7491      -1006.040          21.000    25632175.973   103210127.1790       -771.294          29.000  
G11  22902952.590   120355757.1350         48.071          44.000    22902950.530    93783800.2720         37.531          42.000  
E25                                                                  28470872.246   114640403.8531       1598.697          26.000  
> 2026  7 21 11 24 30.0070000  0 33                           
G13  23749003.546   124801700.2720       1580.964          36.000    23749001.242    97248179.7960       1232.214          31.000  
S35  40406195.961   212335984.7850       -361.550          33.000  
S33  40662231.753   213681466.9670       -362.922          33.000  
S31  39956641.446   209973585.5730       -363.717          39.000  
E10  26063256.086   136963284.0720        171.692          37.000    26063256.793   104946028.7030        131.132          36.000  
C39  25884465.954   134787227.3800      -2820.142          39.000  
C11  26626163.056   138649364.3110      -2239.385          34.000  
C36  28488323.441   148346175.5781      -3599.733          17.000  
R12  22102367.230   118066878.1491      -2339.822          21.000    22102361.999    91829754.5760      -1824.906          37.000  
R11  25275121.907   135062587.6361      -4805.644          14.000    25275163.037   105048849.9801      -3761.107          16.000  
R13  23000677.047   122822267.2200       1441.254          32.000                                                                  
R23  22770618.981   121807393.1420        308.557          31.000                                                                  
R22  22531585.363   120275021.4860      -1696.361          34.000    22531579.074    93547295.7890      -1319.793          29.000  
G12  23963594.394   125929496.9400       1861.521          38.000    23963598.668    98126929.2330       1450.770          32.000  
E31  27116165.328   142496409.8561      -2541.585          13.000    27116133.071   109185430.5211      -1946.194          20.000  
G06  23482769.484   123402758.6010      -2193.195          35.000    23482776.504    96158062.9410      -1709.129          28.000  
G17  25879962.014   136000098.4170      -2335.010          32.000    25879957.588   105974099.2211      -1820.474          20.000  
E11  25615544.887   134610580.8020       1335.503          27.000                                                                  
C35  24979977.354   130077280.4300        592.332          33.000  
C26  26059945.027   135700951.1070         11.591          32.000  
C12  26232482.444   136599381.0550       1548.067          29.000  
C20  26789093.770   139497840.5301        747.705          30.000  
C19  27330679.895   142318022.2641       2449.491          23.000  
R07  24764687.370   132567313.7060       2314.983          31.000                                                                  
R21  26566615.989   142163327.6361      -3176.243          15.000                                                                  
G21  24242548.487   127395427.9400       2755.336          35.000    24242549.098    99269152.3170       2148.295          30.000  
E33  28607719.862   150334598.7690      -2792.523          31.000    28607723.440   115191421.0690      -2139.800          33.000  
E16  25652656.416   134805680.6130        130.555          44.000    25652658.740   103292621.2780        100.045          37.000  
G22  25700248.869   135055718.7351      -3595.663          24.000                                                                  
G19  23097880.400   121380116.1540      -1328.776          25.000                                                                  
E12  25634079.272   134707995.3101      -1013.021          22.000    25634092.705   103217846.2450       -772.637          29.000  
G11  22902864.351   120355293.2980         45.013          43.000    22902862.270    93783438.8530         34.985          42.000  
E25                                                                  28466905.560   114624431.5490       1597.411          27.000  
> 2026  7 21 11 24 40.0070000  0 34                           
G13  23746000.466   124785919.2960       1574.709          35.000    23745998.628    97235882.9620       1227.162          32.000  
S35  40406883.916   212339599.7930       -361.926          34.000  
S33  40662921.172   213685090.9390       -362.731          33.000  
S31  39957333.495   209977223.3020       -364.338          39.000  
E10  26062933.067   136961584.3540        167.873          37.000    26062933.247   104944726.3040        128.562          37.000  
C39  25889884.347   134815442.3940      -2823.517          39.000  
C11  26630464.043   138671759.7000      -2239.615          34.000  
C29  24766607.347   128966222.7911      -1567.927          23.000  
C36  28495249.711   148382242.4821      -3607.604          19.000  
R12  22106756.103   118090322.6651      -2354.449          26.000    22106761.107    91848032.4600      -1831.322          37.000  
R11  25284166.727   135110920.0751      -4832.025          12.000    25284213.579   105086466.5691      -3769.031          17.000  
R13  22997987.712   122807895.2490       1432.959          33.000    22998172.849    95518079.0641       1025.989          12.000  
R23  22770045.826   121804323.3990        305.590          30.000                                                                  
R22  22534765.312   120291995.3720      -1698.119          33.000    22534758.678    93560497.7290      -1321.792          28.000  
G12  23960056.552   125910906.5120       1855.945          38.000    23960060.582    98112443.2090       1445.768          31.000  
G06  23486945.254   123424702.3200      -2195.829          36.000    23486953.204    96175161.9710      -1711.373          28.000  
G17  25884407.743   136023459.9990      -2336.902          32.000    25884401.294   105992295.5711      -1808.708          17.000  
E11  25613002.266   134597235.3291       1331.381          26.000                                                                  
C35  24978840.409   130071361.0920        590.464          33.000  
C26  26059927.892   135700855.5260          6.403          32.000  
C12  26229512.166   136583917.7030       1544.301          28.000  
C20  26787666.488   139490387.6410        742.824          29.000  
C19  27325972.189   142293507.2901       2459.911          21.000  
R07  24760360.387   132544181.5400       2310.018          30.000    24760376.616   103089959.6181       1796.931          21.000  
R21  26572530.038   142194975.6361      -3164.896          16.000                                                                  
G21  24237308.608   127367894.5440       2750.401          36.000    24237309.711    99247697.7770       2143.557          30.000  
E33  28613031.743   150362520.7580      -2792.929          31.000    28613036.964   115212815.7650      -2139.560          33.000  
E16  25652411.638   134804396.1430        125.913          44.000    25652414.243   103291637.0780         96.428          37.000  
G22  25707109.708   135091772.9611      -3605.494          25.000                                                                  
G19  23100413.167   121393490.1641      -1332.713          22.000                                                                  
E12  25636000.787   134718093.1091      -1010.035          23.000    25636014.369   103225583.4330       -775.639          30.000  
G11  22902782.552   120354864.6610         40.436          43.000    22902780.704    93783104.8520         31.299          42.000  
E25                                                                  28462941.084   114608466.8120       1595.314          27.000  
E31                                                                  27120963.392   109204880.9641      -1947.989          21.000  
> 2026  7 21 11 24 50.0070000  0 35                           
G13  23743007.830   124770193.1530       1569.724          35.000    23743007.011    97223628.8640       1222.302          31.000  
S35  40407571.681   212343214.7920       -362.100          33.000  
S33  40663610.791   213688715.9720       -362.622          33.000  
S31  39958025.397   209980860.4120       -363.832          39.000  
E10  26062615.591   136959917.3560        165.024          38.000    26062616.108   104943448.9940        126.558          37.000  
C39  25895308.931   134843689.4260      -2826.196          39.000  
C11  26634766.295   138694159.7180      -2239.736          34.000  
C29  24769606.881   128981842.9041      -1570.992          22.000  
C36  28502178.741   148418324.0951      -3607.574          18.000  
R12  22111170.026   118113901.0881      -2361.809          27.000    22111175.740    91866373.5200      -1837.564          36.000  
R11  25293210.821   135159249.5311      -4832.872          16.000    25293267.797   105124097.4321      -3760.540          17.000  
R13  22995313.747   122793605.1900       1425.171          34.000    22995538.138    95507136.5991       1103.064          14.000  
R23  22769478.709   121801284.3360        302.237          30.000                                                                  
R22  22537949.129   120308988.9260      -1700.734          31.000    22537942.119    93573714.8700      -1322.552          27.000  
R06  25520743.150   136183575.2361      -1030.024          19.000                                                                  
G12  23956528.586   125892367.8640       1851.242          38.000    23956532.242    98097997.4890       1443.047          31.000  
G06  23491126.304   123446671.9070      -2198.390          36.000    23491138.762    96192281.0490      -1712.507          29.000  
G17  25888856.232   136046837.5140      -2338.892          33.000    25888851.488   106010518.7461      -1822.865          17.000  
E11  25610466.160   134583907.4191       1331.466          26.000                                                                  
C35  24977706.593   130065456.8650        589.732          32.000  
C26  26059919.925   135700814.8990          0.500          31.000  
C12  26226549.260   136568490.3900       1540.996          26.000  
C20  26786244.819   139482983.4170        737.594          28.000  
C19  27321273.399   142269040.1781       2453.737          19.000  
R07  24756048.692   132521100.7900       2306.184          30.000    24756065.594   103072010.7571       1792.298          20.000  
R21  26578448.307   142226645.1951      -3179.696          13.000                                                                  
G21  24232075.379   127340395.3090       2747.988          35.000    24232076.773    99226269.8080       2141.125          29.000  
E33  28618344.505   150390445.9570      -2793.087          31.000    28618350.828   115234212.9960      -2139.899          34.000  
E16  25652174.867   134803152.4810        122.331          44.000    25652177.550   103290684.1350         93.846          37.000  
G22  25713971.770   135127832.9301      -3605.216          25.000                                                                  
G19  23102957.679   121406861.1831      -1331.101          20.000                                                                  
E12  25637935.325   134728258.7401      -1013.229          25.000    25637941.077   103233342.6850       -777.005          31.000  
E25  28458962.728   149552858.0621       2080.375          23.000    28458979.220   114592514.7850       1594.904          27.000  
G11  22902708.620   120354476.5550         36.859          43.000    22902706.773    93782802.4260         28.351          42.000  
E31                                                                  27125799.473   109224353.5031      -1945.763          21.000  
> 2026  7 21 11 25  0.0070000  0 34                           
G13  23740026.003   124754524.0820       1564.007          35.000    23740025.159    97211419.1860       1218.988          31.000  
S35  40408260.421   212346834.6180       -362.414          33.000  
S33  40664301.504   213692345.0580       -363.615          33.000  
S31  39958718.759   209984502.7830       -364.555          39.000  
E10  26062305.258   136958285.2490        161.462          38.000    26062305.771   104942198.4090        123.570          37.000  
C39  25900739.962   134871970.5580      -2829.834          39.000  
C11  26639069.361   138716566.6130      -2241.620          34.000  
C29  24772607.393   128997466.7881      -1565.867          21.000  
C36  28509103.986   148454385.3691      -3608.090          19.000  
R12  22115606.449   118137572.3020      -2370.285          24.000    22115605.613    91884779.2970      -1844.131          36.000  
R11  25302264.669   135207630.1481      -4838.307          18.000    25302332.418   105161771.5681      -3763.509          17.000  
R13  22992654.747   122779399.6240       1416.156          34.000                                                                  
R23  22768918.113   121798277.8380        299.049          29.000                                                                  
R22  22541136.801   120326004.2690      -1702.327          31.000    22541130.788    93586948.9950      -1324.310          28.000  
R06  25522693.971   136193985.1501      -1044.120          23.000                                                                  
G12  23953011.339   125873883.4450       1845.647          39.000    23953015.092    98083594.0630       1438.197          30.000  
G06  23495312.199   123468669.4170      -2201.621          37.000    23495325.653    96209422.0070      -1715.503          29.000  
G17  25893307.755   136070233.1340      -2340.979          33.000    25893314.445   106028793.2291      -1829.697          16.000  
E11  25607930.934   134570585.0421       1327.219          25.000                                                                  
C35  24976575.832   130059570.0140        587.155          32.000  
C26  26059922.767   135700831.3510         -5.566          31.000  
C12  26223592.799   136553101.2870       1536.540          25.000  
C20  26784833.427   139475629.9750        732.499          28.000  
C19  27316576.322   142244581.2691       2453.781          17.000  
R07  24751746.218   132498069.7380       2300.555          30.000    24751765.167   103054106.0211       1794.800          20.000  
G21  24226848.995   127312932.6110       2744.359          35.000    24226850.938    99204870.2890       2138.579          29.000  
E33  28623658.541   150418376.5770      -2793.618          30.000    28623666.126   115255614.3700      -2140.532          33.000  
E16  25651946.263   134801951.8670        117.728          44.000    25651948.897   103289764.1980         90.147          37.000  
G22  25720834.062   135163895.0611      -3607.279          26.000                                                                  
G19  23105511.010   121420279.2191      -1333.182          19.000                                                                  
E12  25639873.047   134738442.1921      -1018.298          26.000    25639874.018   103241125.7440       -779.229          31.000  
E25  28455003.833   149532053.5941       2073.270          23.000    28455021.905   114576577.3520       1592.774          27.000  
G11  22902642.996   120354131.1290         32.233          43.000    22902641.120    93782533.2610         25.110          42.000  
E31                                                                  27130642.390   109243854.1231      -1947.241          21.000  
> 2026  7 21 11 25 10.0070000  0 33                           
G13  23737054.814   124738911.3490       1558.191          35.000    23737054.782    97199253.3650       1215.478          31.000  
S35  40408950.041   212350456.9830       -362.167          33.000  
S33  40664992.271   213695976.5700       -362.761          33.000  
S31  39959412.359   209988146.4260       -364.229          39.000  
E10  26062000.911   136956687.1270        158.406          38.000    26062001.453   104940973.8770        121.017          37.000  
C39  25906177.593   134900284.8410      -2833.148          39.000  
C11  26643373.643   138738979.3900      -2241.769          34.000  
C29  24775612.508   129013115.1011      -1563.020          22.000  
C36  28516027.721   148490439.3631      -3605.823          19.000  
R12  22120052.702   118161350.6311      -2381.823          15.000    22120050.846    91903249.0270      -1849.996          35.000  
R11  25311327.568   135256059.9561      -4846.188          20.000    25311387.927   105199407.9641      -3764.568          17.000  
R13  22990010.544   122765277.6560       1407.831          34.000                                                                  
R23  22768363.303   121795303.0570        296.347          27.000                                                                  
R22  22544329.947   120343040.2770      -1704.229          30.000    22544322.344    93600199.2450      -1325.739          27.000  
R06  25524670.639   136204498.5980      -1053.385          26.000                                                                  
G12  23949504.036   125855452.4320       1840.580          39.000    23949507.459    98069232.2810       1433.585          31.000  
G06  23499503.360   123490693.9020      -2203.391          37.000    23499517.028    96226583.9130      -1716.270          30.000  
G17  25897762.381   136093646.0280      -2341.650          33.000    25897766.694   106047025.0151      -1827.041          14.000  
E11  25605410.305   134557338.4801       1325.535          26.000                                                                  
C35  24975447.948   130053699.4860        587.038          32.000  
C26  26059936.402   135700904.0510         -9.912          30.000  
C12  26220635.659   136537730.5791       1533.119          26.000  
C20  26783431.968   139468326.5390        727.925          27.000  
C19  27311884.022   142220147.2271       2440.286          15.000  
R07  24747453.165   132475087.6570       2296.537          30.000    24747467.621   103036213.3181       1789.634          19.000  
G21  24221630.036   127285505.6820       2740.835          36.000    24221632.224    99183498.6760       2135.910          29.000  
E33  28628974.260   150446311.5720      -2793.338          30.000    28628982.149   115277019.0850      -2140.214          34.000  
E16  25651725.653   134800793.4510        113.889          44.000    25651728.317   103288876.5790         87.267          37.000  
G22  25727700.761   135199979.4741      -3609.275          26.000                                                                  
E12  25641810.759   134748624.7771      -1021.000          27.000    25641813.027   103248931.8370       -781.146          32.000  
E25  28451049.671   149511274.3491       2074.859          22.000    28451066.833   114560653.7200       1591.302          28.000  
G11  22902584.847   120353827.4830         28.296          42.000    22902583.244    93782296.6420         22.028          42.000  
E31                                                                  27135487.048   109263361.6991      -1940.712          21.000  
> 2026  7 21 11 25 20.0070000  0 32                           
G13  23734094.073   124723352.6440       1552.922          35.000    23734094.583    97187129.7550       1209.855          30.000  
S35  40409639.257   212354079.2500       -362.195          34.000  
S33  40665683.438   213699608.4710       -363.742          33.000  
S31  39960106.018   209991790.9160       -364.744          39.000  
E10  26061703.055   136955120.6840        154.581          38.000    26061703.395   104939773.5850        118.838          38.000  
C39  25911621.021   134928629.8960      -2836.462          38.000  
C11  26647679.130   138761395.7810      -2242.124          34.000  
C29  24778621.681   129028785.0691      -1566.843          23.000  
C36  28522952.718   148526499.3531      -3600.188          19.000  
R12  22124506.319   118185140.9301      -2391.388          19.000    22124510.888    91921780.7700      -1856.474          35.000  
R11  25320394.950   135304513.3881      -4839.008          22.000    25320453.782   105237087.8921      -3763.056          16.000  
R13  22987380.910   122751236.9520       1399.927          34.000                                                                  
R23  22767813.393   121792357.5760        292.940          25.000                                                                  
R22  22547525.929   120360094.7920      -1706.764          29.000    22547516.978    93613463.7420      -1327.230          27.000  
R06  25526653.155   136215074.1880      -1061.560          27.000                                                                  
G12  23946006.573   125837072.5460       1835.290          40.000    23946009.154    98054910.2900       1430.073          30.000  
E31  27140321.238   142623350.2131      -2562.408          16.000    27140343.950   109282917.7831      -1950.021          22.000  
G06  23503699.278   123512743.0750      -2206.521          37.000    23503713.530    96243765.0980      -1719.339          30.000  
G17  25902219.964   136117073.9550      -2343.628          33.000                                                                  
E11  25602897.588   134544133.3200       1320.282          26.000                                                                  
C35  24974321.783   130047843.1600        584.674          31.000  
C26  26059959.631   135701030.6860        -15.228          29.000  
C12  26217694.674   136522415.2111       1530.410          26.000  
C20  26782039.819   139461070.9290        722.967          27.000  
R07  24743168.606   132452152.4550       2291.133          31.000    24743186.915   103018390.4491       1769.840          18.000  
G21  24216417.373   127258112.3050       2737.307          37.000    24216419.598    99162153.1680       2132.952          29.000  
E33  28634289.955   150474248.7520      -2794.685          30.000    28634298.629   115298425.4630      -2140.856          34.000  
E16  25651512.524   134799674.9850        109.508          44.000    25651515.184   103288019.5760         83.712          37.000  
G22  25734569.053   135236072.6931      -3612.921          25.000                                                                  
E12  25643756.244   134758843.2240      -1023.321          27.000    25643756.655   103256759.2530       -784.205          32.000  
G11  22902534.484   120353563.2730         24.139          42.000    22902532.430    93782090.7710         18.774          42.000  
E25                                                                  28447115.980   114544742.1850       1590.173          28.000  
> 2026  7 21 11 25 30.0070000  0 32                           
G13  23731144.074   124707850.7390       1547.705          36.000    23731144.617    97175050.2990       1206.275          30.000  
S35  40410328.664   212357704.0310       -362.791          33.000  
S33  40666375.353   213703243.1910       -364.140          33.000  
S31  39960800.027   209995438.3120       -364.807          39.000  
E10  26061411.575   136953588.4500        151.412          39.000    26061411.822   104938599.5430        116.282          38.000  
C39  25917071.001   134957008.2240      -2839.160          38.000  
C11  26651985.354   138783818.4250      -2242.357          35.000  
C29  24781634.034   129044470.7311      -1570.427          26.000  
C36  28529874.312   148562541.3561      -3610.727          19.000  
R12  22128984.989   118209070.5860      -2395.517          28.000    22128986.695    91940376.5420      -1862.810          34.000  
R11  25329474.965   135353033.8641      -4835.375          23.000    25329517.750   105274759.7001      -3758.163          18.000  
R13  22984767.786   122737280.3390       1391.730          35.000                                                                  
R23  22767273.718   121789561.4221        295.474          19.000                                                                  
R22  22550725.797   120377170.2830      -1709.019          31.000    22550715.608    93626744.6510      -1328.828          26.000  
R06  25528658.861   136225731.9070      -1069.814          28.000                                                                  
G12  23942519.197   125818746.4430       1830.037          40.000    23942523.076    98040630.1890       1426.229          30.000  
E31  27145172.762   142648845.4451      -2552.302          18.000    27145203.842   109302486.8351      -1960.595          23.000  
G06  23507900.363   123534819.3890      -2208.879          37.000    23507915.066    96260967.4010      -1720.920          29.000  
G17  25906679.966   136140519.5950      -2345.514          33.000                                                                  
E11  25600387.077   134530938.1220       1317.911          27.000                                                                  
C35  24973199.292   130042003.5030        582.840          30.000  
C26  26059993.656   135701213.9930        -21.631          28.000  
C12  26214769.117   136507175.7550       1525.232          26.000  
C20  26780656.570   139453865.7820        718.130          28.000  
R07  24738894.494   132429266.7430       2285.951          31.000    24738905.539   103000564.7971       1771.755          17.000  
G21  24211211.491   127230755.1890       2734.249          37.000    24211214.371    99140835.9070       2130.362          29.000  
E33  28639605.322   150502190.5160      -2794.443          30.000    28639615.681   115319835.3960      -2141.142          34.000  
E16  25651307.909   134798599.0940        105.390          44.000    25651310.106   103287195.1860         80.792          37.000  
G22  25741443.667   135272199.3671      -3617.055          24.000                                                                  
E12  25645704.631   134769088.8850      -1025.965          28.000    25645706.414   103264609.8410       -785.805          33.000  
G11  22902492.147   120353341.0750         20.331          41.000    22902489.782    93781917.6210         15.454          42.000  
E25                                                                  28443168.205   114528844.8580       1588.755          28.000  
> 2026  7 21 11 25 40.0070000  0 32                           
G13  23728204.359   124692401.2670       1542.029          35.000    23728204.696    97163011.7410       1202.408          29.000  
S35  40411018.161   212361327.8920       -362.278          34.000  
S33  40667066.987   213706876.4640       -363.154          33.000  
S31  39961493.735   209999084.3480       -364.376          39.000  
E10  26061126.000   136952086.0260        148.865          39.000    26061125.924   104937448.3240        114.171          38.000  
C39  25922526.361   134985415.3570      -2841.834          38.000  
C11  26656292.050   138806242.9180      -2242.783          36.000  
C29  24784647.417   129060178.5760      -1572.090          27.000  
C36  28536792.461   148598566.5731      -3595.061          20.000  
R12  22133478.504   118233056.8280      -2402.872          32.000    22133476.885    91959032.8620      -1868.548          34.000  
R11  25338555.817   135401559.2121      -4846.960          24.000    25338581.870   105312431.7111      -3755.538          16.000  
R13  22982169.423   122723403.3320       1384.046          35.000                                                                  
R23  22766729.360   121786649.7771        288.152          12.000                                                                  
R22  22553928.856   120394262.1920      -1709.759          32.000    22553925.166    93640075.8851      -1330.135          25.000  
R06  25530674.291   136236467.2550      -1077.222          27.000                                                                  
G12  23939041.330   125800469.8980       1825.211          40.000    23939045.523    98026388.7500       1421.994          30.000  
E31  27150030.465   142674372.3871      -2556.700          20.000    27150070.693   109322083.4301      -1960.174          22.000  
G06  23512106.165   123556918.3920      -2210.819          38.000    23512119.225    96278187.4000      -1722.648          29.000  
G17  25911143.007   136163978.4090      -2346.899          33.000                                                                  
E11  25597883.635   134517768.5330       1316.023          27.000                                                                  
C35  24972080.011   130036176.1360        582.027          30.000  
C26  26060037.852   135701449.3120        -25.818          26.000  
C12  26211843.273   136491930.8380       1522.722          27.000  
C20  26779281.753   139446706.7670        713.691          28.000  
R07  24734628.669   132406426.2090       2281.825          31.000    24734640.071   102982805.9981       1771.390          17.000  
G21  24206011.893   127203430.0390       2730.945          36.000    24206014.819    99119543.5880       2127.953          29.000  
E33  28644923.667   150530132.5510      -2794.082          30.000    28644932.823   115341245.4980      -2141.025          34.000  
E16  25651110.488   134797561.4000        102.019          44.000    25651112.474   103286400.0570         78.021          36.000  
G22  25748326.664   135308369.0731      -3617.561          24.000                                                                  
E12  25647658.006   134779360.4710      -1027.853          28.000    25647661.556   103272480.3320       -787.603          33.000  
G11  22902456.855   120353156.4380         16.705          41.000    22902454.339    93781773.7360         13.007          41.000  
E25                                                                  28439221.537   114512958.3490       1588.093          28.000  
> 2026  7 21 11 25 50.0070000  0 32                           
G13  23725274.249   124677004.4060       1537.505          36.000    23725274.288    97151014.2630       1197.725          28.000  
S35  40411707.579   212364949.6360       -362.254          34.000  
S33  40667757.964   213710508.3230       -363.303          33.000  
S31  39962186.933   210002729.0550       -364.077          39.000  
E10  26060846.549   136950613.5480        145.929          40.000    26060845.594   104936320.0570        112.012          38.000  
C39  25927987.492   135013851.4160      -2845.190          38.000  
C11  26660599.413   138828669.3570      -2242.230          36.000  
C29  24787658.827   129075896.4740      -1571.839          29.000  
C36  28543709.868   148634587.6481      -3594.350          21.000  
R12  22137984.425   118257121.3600      -2410.383          35.000    22137981.801    91977749.7090      -1874.874          34.000  
R11  25347627.748   135450036.8981      -4845.098          26.000    25347648.007   105350113.0521      -3789.119          17.000  
R13  22979586.042   122709606.4620       1375.439          35.000                                                                  
R22  22557135.403   120411370.6740      -1711.739          34.000    22557125.814    93653364.4491      -1333.355          23.000  
R06  25532702.553   136247280.2180      -1084.887          27.000                                                                  
G12  23935572.888   125782243.0670       1820.489          40.000    23935577.358    98012185.9760       1418.827          29.000  
E31  27154905.656   142699991.8161      -2561.042          22.000    27154940.147   109341690.8851      -1959.424          23.000  
G06  23516316.109   123579040.1930      -2213.088          38.000    23516327.445    96295425.1860      -1724.596          28.000  
G17  25915609.712   136187450.5760      -2347.656          34.000                                                                  
E11  25595382.027   134504624.7430       1313.361          27.000                                                                  
C35  24970962.798   130030361.2360        581.083          30.000  
C26  26060091.652   135701737.0640        -31.232          25.000  
C12  26208922.312   136476719.8000       1518.888          28.000  
C20  26777914.830   139439594.0820        709.504          29.000  
R07  24730372.189   132383631.1220       2277.446          32.000    24730393.725   102965126.2561       1777.876          17.000  
G21  24200818.156   127176137.0830       2727.833          37.000    24200821.487    99098276.3010       2125.698          29.000  
G09  27142906.714   142636936.7321       1393.484          20.000                                                                  
E33  28650240.214   150558074.9040      -2794.642          30.000    28650250.179   115362655.8690      -2141.352          34.000  
E16  25650920.657   134796562.1130         98.195          44.000    25650921.830   103285634.3690         75.379          36.000  
G22  25755201.808   135344498.7081      -3621.160          23.000                                                                  
E12  25649621.134   134789657.9910      -1030.650          29.000    25649621.162   103280370.6350       -789.899          34.000  
G11  22902428.942   120353009.4910         12.982          41.000    22902425.946    93781659.2220         10.156          41.000  
E25                                                                  28435277.974   114497082.9070       1586.633          28.000  
> 2026  7 21 11 26  0.0070000  0 32                           
G13  23722354.910   124661661.7410       1531.561          37.000    23722352.708    97139058.9660       1192.817          26.000  
S35  40412396.825   212368572.2130       -362.591          34.000  
S33  40668449.354   213714140.2980       -363.547          33.000  
S31  39962880.723   210006373.9620       -364.905          39.000  
E10  26060572.700   136949172.3590        142.627          40.000    26060571.378   104935215.7880        109.396          38.000  
C39  25933454.113   135042317.6480      -2848.151          37.000  
C11  26664907.171   138851099.2260      -2243.424          36.000  
C29  24790676.529   129091624.3980      -1573.957          30.000  
C36  28550625.764   148670600.4891      -3599.299          20.000  
R12  22142504.792   118281264.9580      -2418.453          38.000    22142501.099    91996528.0230      -1880.692          33.000  
R11  25356700.329   135498518.3791      -4846.033          26.000    25356719.265   105387814.9671      -3777.548          18.000  
R13  22977017.485   122695890.8110       1367.548          35.000                                                                  
R23  22765665.881   121780960.9441        279.890          17.000                                                                  
R22  22560344.265   120428497.0000      -1713.713          36.000    22560327.479    93666657.7241      -1322.293          20.000  
R06  25534738.545   136258257.9860      -1094.173          25.000                                                                  
G12  23932114.107   125764067.5330       1814.799          40.000    23932118.686    97998023.2610       1414.349          28.000  
E31  27159781.060   142725612.2171      -2557.493          23.000    27159816.396   109361325.3121      -1962.077          24.000  
G06  23520530.557   123601186.0660      -2215.718          39.000    23520541.664    96312681.6820      -1725.919          30.000  
G17  25920079.955   136210937.6090      -2349.493          34.000                                                                  
E11  25592884.781   134491508.1350       1310.430          27.000                                                                  
C35  24969849.410   130024560.1510        579.120          31.000  
C26  26060151.594   135702047.0741        -43.812          21.000  
C12  26206010.771   136461544.0050       1516.204          29.000  
C20  26776556.398   139432529.3000        703.664          30.000  
R07  24726124.290   132360883.2080       2271.993          33.000    24726167.460   102947529.7641       1759.659          12.000  
G21  24195630.752   127148877.8560       2724.006          36.000    24195635.417    99077035.3280       2122.952          29.000  
E33  28655557.277   150586018.8820      -2793.960          30.000    28655568.045   115384067.4930      -2141.421          34.000  
E16  25650738.143   134795602.6620         93.882          44.000    25650739.319   103284899.2130         71.797          36.000  
G22  25762092.463   135380709.0621      -3628.211          21.000                                                                  
E12  25651587.004   134799982.7700      -1033.258          29.000    25651586.239   103288281.8750       -791.980          34.000  
G11  22902408.749   120352901.5850          8.936          40.000    22902405.047    93781575.1380          6.897          41.000  
E25                                                                  28431338.681   114481219.4980       1586.175          28.000  
> 2026  7 21 11 26 10.0070000  0 33                           
G13  23719445.135   124646368.7420       1527.276          37.000    23719440.842    97127142.3100       1189.752          25.000  
S35  40413085.328   212372190.1350       -361.138          34.000  
S33  40669139.275   213717767.6600       -362.635          33.000  
S31  39963573.325   210010014.0080       -363.481          39.000  
E10  26060303.792   136947757.9170        140.591          41.000    26060302.364   104934132.0000        107.343          38.000  
C39  25938925.873   135070809.4650      -2849.829          37.000  
C11  26669215.160   138873527.9430      -2242.534          36.000  
C29  24793697.993   129107357.6410      -1572.905          32.000  
C36  28557537.381   148706591.0871      -3605.403          20.000  
R12  22147038.893   118305482.9560      -2425.206          40.000    22147035.178    92015364.2370      -1886.203          32.000  
R11  25365770.200   135546977.6120      -4846.250          27.000    25365795.713   105425538.2991      -3774.206          19.000  
R13  22974463.841   122682252.1240       1360.413          35.000                                                                  
R23  22765153.952   121778222.2011        280.011          21.000                                                                  
R22  22563555.700   120445636.6490      -1714.133          37.000    22563531.665    93679960.1551      -1341.572          17.000  
R06  25536798.650   136269250.5181      -1101.615          22.000                                                                  
G12  23928664.344   125745938.8070       1811.184          40.000    23928668.984    97983897.0060       1410.836          27.000  
E31  27164667.750   142751292.2391      -2565.743          25.000    27164695.904   109380973.7151      -1967.309          24.000  
G06  23524748.462   123623351.4470      -2217.373          39.000    23524760.032    96329953.3740      -1727.448          30.000  
G17  25924552.526   136234434.9760      -2349.750          34.000                                                                  
E11  25590393.709   134478414.1660       1309.158          26.000                                                                  
C35  24968738.368   130018768.3880        579.244          32.000  
C26  26060220.949   135702408.3361        -36.087          20.000  
C12  26203103.496   136446399.2650       1513.694          30.000  
C32  29053747.717   151290487.8151      -1901.324          25.000  
C20  26775204.725   139425507.8600        700.109          32.000  
R07  24721883.935   132338177.8290       2269.353          34.000    24721920.325   102929846.8471       1765.941          17.000  
G21  24190448.959   127121647.8970       2721.692          36.000    24190454.596    99055817.1720       2121.430          29.000  
E33  28660874.520   150613960.0320      -2793.747          30.000    28660885.116   115405476.9200      -2140.624          35.000  
E16  25650562.587   134794678.5320         90.802          45.000    25650563.082   103284191.0770         70.126          36.000  
G22  25768975.392   135416878.9941      -3618.893          21.000                                                                  
E12  25653555.607   134810330.3330      -1035.420          29.000    25653555.366   103296210.5220       -793.344          35.000  
G11  22902395.090   120352828.1390          5.988          41.000    22902390.692    93781517.9090          4.529          40.000  
E25                                                                  28427402.628   114465364.8770       1585.152          28.000  
> 2026  7 21 11 26 20.0070000  0 32                           
G13  23716544.518   124631126.2360       1520.960          38.000    23716538.411    97115259.9811       1185.513          24.000  
S35  40413772.998   212375803.9480       -361.164          34.000  
S33  40669829.221   213721391.6000       -362.790          33.000  
S31  39964265.279   210013650.3150       -363.856          39.000  
E10  26060040.060   136946370.8710        137.063          41.000    26060038.328   104933069.1790        104.948          38.000  
C39  25944402.643   135099327.4920      -2853.076          37.000  
C11  26673522.749   138895956.1960      -2243.024          35.000  
C29  24796719.444   129123097.0060      -1574.312          33.000  
C36  28564447.531   148742573.3791      -3600.752          19.000  
R12  22151587.058   118329775.9610      -2433.499          41.000    22151582.517    92034258.7720      -1891.888          31.000  
R11  25374843.625   135595452.3610      -4848.368          27.000    25374866.065   105463236.4701      -3765.802          17.000  
R13  22971924.510   122668690.9540       1351.837          36.000                                                                  
R23  22764625.671   121775396.2551        275.428          21.000                                                                  
R22  22566769.379   120462790.1460      -1716.618          37.000    22566752.646    93693333.9301      -1336.160          16.000  
R06  25538873.084   136280319.9171      -1117.999          17.000    25538855.389   105995731.2651       -861.459          25.000  
G12  23925223.597   125727857.6790       1805.570          40.000    23925228.644    97969807.7830       1407.102          26.000  
E31  27169553.799   142776977.5420      -2567.364          27.000    27169581.419   109400645.0341      -1962.500          24.000  
G06  23528970.520   123645536.8990      -2219.973          38.000    23528982.145    96347240.7600      -1730.138          30.000  
G17  25929026.771   136257943.3320      -2351.959          34.000                                                                  
E11  25587903.300   134465343.5330       1305.682          25.000                                                                  
C35  24967628.881   130012986.5840        577.365          33.000  
C26  26060310.039   135702872.8341        -47.001          20.000  
C12  26200201.508   136431286.1690       1509.680          31.000  
C32  29057399.914   151309505.9511      -1906.502          23.000  
C20  26773861.836   139418530.5100        695.227          32.000  
R07  24717651.319   132315516.2120       2262.988          33.000    24717721.376   102912364.3801       1707.467          13.000  
G21  24185272.710   127094448.0130       2717.991          36.000    24185280.042    99034622.3910       2118.858          30.000  
E33  28666191.565   150641898.9010      -2794.698          29.000    28666202.014   115426884.5690      -2140.927          35.000  
E16  25650393.603   134793790.4190         86.790          45.000    25650393.810   103283510.5910         66.486          36.000  
E12  25655532.005   134820701.2560      -1038.081          30.000    25655529.022   103304157.0830       -795.733          35.000  
G11  22902387.840   120352789.8470          1.483          41.000    22902383.065    93781488.0440          1.160          40.000  
E25                                                                  28423466.910   114449519.4870       1583.933          28.000  
> 2026  7 21 11 26 30.0070000  0 34                           
G13  23713655.368   124615942.4730       1515.319          38.000    23713642.339    97103400.4611       1181.912          22.000  
S35  40414461.703   212379422.4940       -361.815          34.000  
S33  40670519.687   213725019.7560       -363.179          33.000  
S31  39964957.916   210017291.4090       -364.185          39.000  
G24  27095578.640   142388226.0871      -2860.400          22.000                                                                  
E10  26059782.961   136945019.4640        133.167          42.000    26059780.989   104932033.6710        102.178          39.000  
C39  25949886.531   135127879.8300      -2856.775          37.000  
C11  26677831.125   138918392.2310      -2243.844          34.000  
C29  24799743.099   129138850.6560      -1576.296          33.000  
C36  28571355.296   148778544.5971      -3592.192          20.000  
R12  22156150.342   118354152.2950      -2442.007          41.000    22156145.499    92053218.1500      -1899.420          30.000  
R11  25383920.899   135643941.1480      -4850.080          27.000    25383940.778   105500952.7701      -3777.975          17.000  
R13  22969400.679   122655216.0890       1343.176          36.000    22968214.427    95393653.4681       1135.367          14.000  
R23  22764101.473   121772592.4131        272.325          23.000                                                                  
R22  22569986.829   120479965.9310      -1718.701          37.000    22569966.690    93706678.2141      -1352.032          17.000  
R06  25540963.710   136291476.0971      -1115.417          11.000    25540942.596   106004393.4091       -869.167          25.000  
G12  23921793.298   125709832.5680       1799.120          40.000    23921798.468    97955762.2690       1402.469          25.000  
E31  27174443.281   142802677.9260      -2571.316          26.000    27174474.364   109420346.7621      -1967.942          24.000  
G06  23533197.581   123667750.6800      -2222.852          38.000    23533209.149    96364550.1890      -1732.562          31.000  
G17  25933504.399   136281470.8860      -2353.467          33.000                                                                  
E11  25585424.807   134452304.4490       1302.281          25.000                                                                  
C35  24966523.403   130007223.0140        575.541          34.000  
C26  26060420.877   135703449.4691        -51.470          23.000  
C12  26197306.096   136416213.0770       1504.762          31.000  
C32  29061064.371   151328588.0001      -1909.790          22.000  
C20  26772528.169   139411605.5550        689.577          32.000  
R07  24713427.347   132292906.5330       2257.623          32.000                                                                  
R21  26637354.665   142541864.9451      -3139.340          15.000                                                                  
G21  24180104.340   127067286.5780       2714.424          36.000    24180112.292    99013457.7610       2113.211          30.000  
E33  28671508.778   150669843.6870      -2794.622          29.000    28671519.742   115448296.8300      -2141.789          35.000  
E16  25650232.853   134792946.6710         82.094          45.000    25650233.158   103282864.0700         62.740          36.000  
E12  25657513.973   134831103.8530      -1042.755          31.000    25657508.476   103312127.8530       -798.335          36.000  
G11  22902389.602   120352794.8950         -2.734          41.000    22902383.941    93781491.9610         -2.313          40.000  
E25                                                                  28419536.590   114433689.7710       1581.976          28.000  
> 2026  7 21 11 26 40.0070000  0 34                           
G13  23710777.450   124600817.5430       1509.171          39.000    23710759.729    97091596.8671       1174.271          20.000  
S35  40415151.376   212383045.5590       -362.620          34.000  
S33  40671210.568   213728652.4230       -363.837          33.000  
S31  39965651.441   210020936.2740       -365.015          39.000  
E10  26059532.968   136943703.5940        129.574          42.000    26059530.472   104931025.4130         99.221          38.000  
C39  25955376.560   135156466.3420      -2860.876          36.000  
C11  26682141.212   138940835.9240      -2245.200          34.000  
C29  24802769.463   129154618.4700      -1577.664          34.000  
C36  28578260.863   148814503.0461      -3594.052          20.000  
R12  22160728.907   118378611.7090      -2450.483          41.000    22160723.989    92072242.1680      -1906.100          28.000  
R11  25392998.202   135692444.0750      -4851.127          28.000    25393016.358   105538673.3931      -3779.768          16.000  
R13  22966893.423   122641827.5600       1334.119          36.000                                                                  
R23  22763587.766   121769844.1491        269.559          26.000                                                                  
R22  22573207.917   120497163.8520      -1721.147          37.000    22573187.327    93720049.7981      -1330.189          19.000  
G12  23918374.083   125691863.4110       1793.552          40.000    23918377.944    97941759.2061       1398.833          23.000  
E31  27179340.697   142828411.5190      -2574.812          27.000    27179370.642   109440062.8691      -1971.006          24.000  
G06  23537430.022   123689992.6050      -2225.798          38.000    23537441.077    96381881.5320      -1734.374          30.000  
G17  25937984.851   136305017.6320      -2356.519          33.000                                                                  
E11  25582951.534   134439317.0541       1298.793          24.000    25582955.704   103011960.7851        995.190          26.000  
C35  24965420.707   130001477.5440        572.829          35.000  
C26  26060538.103   135704060.3961        -59.141          26.000  
C12  26194418.376   136401179.9120       1501.536          30.000  
C32  29064731.447   151347683.0631      -1913.751          22.000  
C20  26771206.064   139404732.9320        684.497          32.000  
R07  24709212.511   132270348.9410       2253.075          32.000                                                                  
R21  26643235.196   142573332.5741      -3149.656          14.000                                                                  
G21  24174943.091   127040163.5980       2710.441          36.000    24174951.385    98992322.8560       2112.612          31.000  
E33  28676829.014   150697794.4100      -2796.177          30.000    28676838.746   115469713.5630      -2142.340          35.000  
E16  25650081.081   134792147.2280         77.590          45.000    25650081.219   103282251.4910         59.550          36.000  
G19  23131197.938   121555264.6431      -1368.014          25.000                                                                  
E12  25659500.049   134841537.8610      -1045.257          31.000    25659494.327   103320122.7710       -800.865          36.000  
G11  22902398.967   120352843.2030         -7.220          41.000    22902393.235    93781529.5830         -5.524          41.000  
E25                                                                  28415608.091   114417875.6980       1580.359          28.000  
R06                                                                  25543043.135   106013111.4181       -875.565          25.000  
> 2026  7 21 11 26 50.0080000  0 34                           
G13  23707911.006   124585752.8620       1503.412          40.000    23707889.243    97079843.0591       1172.943          20.000  
S35  40415842.265   212386675.6710       -362.713          34.000  
S33  40671903.712   213732292.8000       -363.895          33.000  
S31  39966346.932   210024589.7930       -365.743          39.000  
E10  26059289.867   136942426.0060        125.645          42.000    26059287.447   104930046.4770         96.224          39.000  
C39  25960873.848   135185092.6170      -2863.890          36.000  
C11  26686453.560   138963292.3680      -2245.265          33.000  
C29  24805800.551   129170404.9260      -1579.388          35.000  
C36  28585170.405   148850483.1421      -3593.291          19.000  
R12  22165323.925   118403159.5650      -2458.935          41.000    22165318.481    92091334.9270      -1912.135          26.000  
R11  25402076.274   135740968.1730      -4853.315          28.000    25402087.946   105576376.2211      -3787.429          13.000  
R13  22964402.887   122628526.8660       1325.549          36.000                                                                  
R23  22763091.022   121767179.5080        265.964          28.000                                                                  
R22  22576433.472   120514388.3840      -1723.486          36.000    22576410.151    93733430.2191      -1340.519          22.000  
R06  25545143.913   136313781.9691      -1131.994          18.000    25545154.852   106021875.9771       -881.529          22.000  
G12  23914965.110   125673951.3730       1787.936          40.000    23914966.200    97927788.0641       1391.350          21.000  
E31  27184250.054   142854183.7010      -2578.583          27.000    27184274.906   109459810.2281      -1969.600          24.000  
G06  23541669.075   123712267.7180      -2228.338          38.000    23541679.277    96399238.7560      -1736.469          30.000  
G17  25942470.494   136328588.6600      -2357.623          32.000                                                                  
C35  24964322.338   129995752.4050        571.729          35.000  
C26  26060654.170   135704664.9671        -64.917          27.000  
C12  26191539.068   136386188.2260       1496.515          30.000  
C32  29068419.864   151366889.9251      -1919.801          20.000  
C20  26769896.684   139397914.9440        678.771          33.000  
R07  24705007.192   132247844.5470       2247.377          32.000    24705646.171   102862088.8951       1613.931          14.000  
R21  26649124.145   142604845.3961      -3146.073          15.000                                                                  
G21  24169789.569   127013079.3940       2706.363          36.000    24169798.618    98971218.3230       2108.274          31.000  
E33  28682151.790   150725756.4960      -2795.675          30.000    28682159.958   115491139.0680      -2142.492          35.000  
E16  25649937.963   134791394.9440         72.891          45.000    25649938.087   103281675.0840         55.566          35.000  
G19  23133812.520   121569005.0390      -1370.752          27.000                                                                  
E12  25661491.725   134852007.2080      -1048.475          31.000    25661486.633   103328144.7510       -803.440          36.000  
G11  22902416.978   120352937.6270        -11.559          42.000    22902410.939    93781603.1480         -8.947          41.000  
E11                                                                  25580486.548   103002018.3051        992.391          26.000  
E25                                                                  28411684.512   114402077.9250       1578.530          28.000  
> 2026  7 21 11 27  0.0080000  0 34                           
G13  23705055.493   124570745.5970       1498.170          40.000    23705024.738    97068112.6711       1163.179          18.000  
S35  40416533.532   212390306.9240       -362.668          34.000  
S33  40672596.143   213735934.0110       -363.745          33.000  
S31  39967042.330   210028243.2310       -364.812          39.000  
E10  26059052.864   136941180.9240        123.360          43.000    26059050.537   104929092.4470         94.561          39.000  
C39  25966377.082   135213746.9240      -2866.565          35.000  
C11  26690766.883   138985751.1460      -2245.587          32.000  
C29  24808833.562   129186200.9450      -1580.220          36.000  
C36  28592076.279   148886443.9361      -3595.507          20.000  
R12  22169933.050   118427784.6790      -2466.030          41.000    22169926.640    92110487.8890      -1918.525          25.000  
R11  25411160.037   135789498.0280      -4853.344          28.000                                                                  
R13  22961928.102   122615310.8160       1317.865          36.000                                                                  
R23  22762595.289   121764530.7430        263.786          29.000                                                                  
R22  22579662.197   120531630.0750      -1725.052          36.000    22579637.253    93746828.3091      -1342.099          25.000  
R06  25547277.555   136325167.6831      -1141.551          22.000                                                                  
G12  23911567.027   125656094.0950       1783.602          40.000    23911566.053    97913865.1581       1390.724          22.000  
E31  27189160.233   142879983.3380      -2581.258          28.000    27189185.199   109479581.9891      -1976.538          23.000  
G06  23545912.374   123734565.5380      -2230.181          37.000    23545921.748    96416613.6960      -1738.082          30.000  
G17  25946958.117   136352173.5810      -2358.878          31.000                                                                  
C35  24963226.434   129990042.8570        570.024          36.000  
C26  26060782.435   135705338.4520        -69.628          27.000  
C12  26188666.730   136371235.1610       1492.615          30.000  
C32  29072116.628   151386140.3511      -1929.707          21.000  
C20  26768596.990   139391147.0380        674.188          33.000  
R07  24700812.003   132225391.6730       2242.660          33.000                                                                  
R21  26655008.020   142636331.7751      -3149.004          16.000                                                                  
G21  24164643.377   126986033.5100       2703.604          37.000    24164652.634    98950143.5540       2106.594          32.000  
E33  28687474.715   150753718.5680      -2796.533          30.000    28687480.875   115512564.4920      -2142.230          35.000  
E16  25649803.040   134790684.0080         69.336          45.000    25649802.887   103281130.2980         53.328          36.000  
G19  23136426.564   121582726.3870      -1373.146          29.000                                                                  
E12  25663488.539   134862503.8260      -1050.796          30.000    25663483.995   103336187.5690       -804.694          36.000  
G11  22902442.701   120353072.1230        -15.298          42.000    22902436.878    93781707.9370        -11.688          41.000  
E11                                                                  25578022.802   102992098.6151        991.324          26.000  
E25                                                                  28407764.168   114386295.0520       1578.082          27.000  
> 2026  7 21 11 27 10.0080000  0 34                           
G13  23702209.322   124555788.9160       1493.066          40.000    23702178.133    97056457.0561       1166.655          19.000  
S35  40417223.715   212393934.3660       -362.485          34.000  
S33  40673288.385   213739571.1500       -363.679          33.000  
S31  39967736.936   210031893.4800       -364.456          39.000  
E10  26058821.100   136939962.8750        120.605          43.000    26058818.937   104928159.1420         92.247          39.000  
C39  25971884.886   135242426.8160      -2869.624          34.000  
C11  26695079.678   139008209.2950      -2245.514          31.000  
C29  24811867.448   129202002.7400      -1580.129          36.000  
C36  28598979.402   148922390.1661      -3587.723          20.000  
R12  22174556.020   118452484.0330      -2473.402          41.000    22174549.748    92129698.4120      -1923.001          25.000  
R11  25420237.885   135838032.7390      -4854.179          28.000                                                                  
R13  22959467.777   122602172.5080       1310.148          36.000    22958505.285    95353328.3601       1133.196          13.000  
R23  22762109.031   121761906.3190        261.710          29.000                                                                  
R22  22582893.627   120548885.1080      -1726.048          35.000    22582870.594    93760251.1240      -1342.445          27.000  
R06  25549429.512   136336651.0971      -1149.114          24.000                                                                  
G12  23908177.673   125638284.6300       1778.671          40.000    23908180.776    97900003.0811       1380.756          22.000  
E31  27194071.362   142905807.5530      -2583.283          28.000    27194099.774   109499370.3671      -1970.206          23.000  
G06  23550158.989   123756882.8860      -2232.643          37.000    23550168.034    96434003.8000      -1740.004          31.000  
G17  25951447.770   136375769.3280      -2359.541          30.000                                                                  
C35  24962132.635   129984342.9690        569.627          36.000  
C26  26060913.827   135706060.6240        -74.923          26.000  
C12  26185800.873   136356313.9020       1490.924          30.000  
C32  29075814.885   151405398.0101      -1930.941          21.000  
C20  26767306.614   139384423.2850        670.370          34.000  
R07  24696625.192   132202982.9940       2238.406          32.000    24696954.174   102825900.3521       1620.200          13.000  
R21  26660901.942   142667870.7931      -3167.957          17.000                                                                  
G21  24159502.880   126959018.0050       2700.335          37.000    24159512.368    98929092.4800       2103.854          32.000  
E33  28692795.411   150781677.8640      -2795.902          30.000    28692801.150   115533987.8600      -2142.251          35.000  
E16  25649674.639   134790009.0470         65.802          45.000    25649674.059   103280613.1200         50.315          36.000  
G19  23139036.440   121596473.0280      -1375.714          31.000                                                                  
E12  25665490.812   134873023.3380      -1052.887          31.000    25665485.703   103344248.0120       -807.082          36.000  
G11  22902474.793   120353241.3160        -18.365          42.000    22902469.338    93781839.7640        -14.393          41.000  
E11                                                                  25575563.936   102982197.6511        988.889          26.000  
E25                                                                  28403848.612   114370521.5120       1577.481          27.000  
> 2026  7 21 11 27 20.0080000  0 35                           
G13  23699373.480   124540885.4120       1487.500          41.000    23699342.299    97044844.2271       1157.252          19.000  
S35  40417913.349   212397560.0940       -362.526          33.000  
S33  40673980.330   213743206.7700       -363.991          33.000  
S31  39968431.233   210035541.7770       -364.830          39.000  
E10  26058594.759   136938774.3090        117.234          43.000    26058592.566   104927248.4110         90.012          39.000  
C39  25977397.786   135271134.5940      -2872.654          33.000  
C11  26699391.778   139030669.1450      -2246.069          30.000  
C29  24814903.272   129217812.8370      -1581.332          37.000  
C36  28605878.107   148958313.4921      -3593.100          19.000  
R12  22179193.434   118477259.9890      -2481.503          40.000    22179188.361    92148964.6500      -1929.997          26.000  
R11  25429317.721   135886574.6640      -4854.266          29.000                                                                  
R13  22957022.689   122589114.8890       1301.370          36.000                                                                  
R23  22761622.409   121759308.7340        258.120          29.000                                                                  
R22  22586127.996   120566156.0310      -1728.214          35.000    22586109.749    93773684.0820      -1344.144          28.000  
R06  25551587.567   136348173.6920      -1156.481          26.000                                                                  
G12  23904798.019   125620525.5800       1773.014          40.000    23904798.590    97886153.2761       1384.915          22.000  
E31  27198995.498   142931658.9500      -2586.730          29.000    27199018.517   109519175.8141      -1979.693          23.000  
G06  23554409.522   123779222.1260      -2235.366          36.000    23554419.101    96451410.9540      -1741.645          31.000  
G17  25955940.457   136399378.3700      -2361.799          29.000                                                                  
C35  24961040.937   129978655.2850        567.659          37.000  
C26  26061063.714   135706796.8671        -79.759          24.000  
C12  26182941.099   136341427.1600       1486.871          29.000  
C32  29079523.968   151424711.8351      -1926.655          22.000  
C20  26766025.628   139377746.2820        665.438          34.000  
R07  24692446.564   132180621.0760       2233.299          33.000                                                                  
R21  26666783.387   142699344.4581      -3148.796          17.000                                                                  
G21  24154369.276   126932035.4230       2696.079          38.000    24154378.645    98908067.0830       2100.533          32.000  
E33  28698116.358   150809636.9130      -2796.289          30.000    28698121.782   115555410.9980      -2142.623          35.000  
E16  25649553.381   134789372.5790         61.523          44.000    25649553.294   103280125.4140         47.340          35.000  
G19  23141658.468   121610246.8580      -1378.857          31.000                                                                  
G22  25817340.795   135671040.8901      -3636.985          21.000                                                                  
E12  25667497.305   134883568.1890      -1054.911          30.000    25667492.411   103352327.8290       -808.944          37.000  
G11  22902514.171   120353447.6940        -22.719          42.000    22902508.895    93782000.5740        -17.948          41.000  
E11                                                                  25573110.327   102972318.2341        986.661          26.000  
E25                                                                  28399934.551   114354759.3050       1575.184          27.000  
> 2026  7 21 11 27 30.0080000  0 35                           
G13  23696548.346   124526039.5940       1481.465          41.000    23696520.333    97033288.8541       1158.438          21.000  
S35  40418603.602   212401188.5010       -362.722          33.000  
S33  40674672.730   213746845.2470       -364.078          33.000  
S31  39969126.152   210039192.7970       -365.280          39.000  
E10  26058374.917   136937619.6210        113.487          43.000    26058372.947   104926363.6400         87.125          39.000  
C39  25982917.244   135299874.5410      -2876.014          31.000  
C11  26703705.626   139053135.1280      -2246.783          28.000  
C29  24817941.555   129233635.5600      -1582.810          38.000  
C36  28612777.586   148994240.6971      -3601.330          19.000  
R12  22183845.652   118502117.1070      -2489.906          40.000    22183842.642    92168303.3511      -1936.811          27.000  
R11  25438408.534   135935127.9740      -4855.996          29.000                                                                  
R13  22954593.443   122576142.3390       1292.881          36.000                                                                  
R23  22761141.259   121756742.3800        256.464          29.000                                                                  
R22  22589366.567   120583447.3180      -1729.704          35.000    22589352.818    93787132.7990      -1345.120          30.000  
R06  25553768.705   136359783.5420      -1164.615          26.000                                                                  
G12  23901429.097   125602821.4380       1767.454          40.000    23901428.920    97872355.3841       1376.054          22.000  
E31  27203922.286   142957541.7280      -2589.794          30.000    27203946.805   109539020.9611      -1976.624          23.000  
G06  23558665.227   123801587.6580      -2238.614          36.000    23558675.554    96468838.6040      -1743.349          30.000  
G17  25960435.438   136423005.1800      -2363.925          27.000    25960435.142   106303641.2171      -1842.144          24.000  
C35  24959952.683   129972984.1130        566.062          37.000  
C26  26061205.945   135707537.5741        -86.091          23.000  
C12  26180089.140   136326579.2640       1482.526          29.000  
C32  29083242.698   151444076.3321      -1938.751          19.000  
C20  26764754.284   139371120.3900        659.652          35.000  
R07  24688277.295   132158310.4000       2228.942          33.000    24688356.401   102790103.3161       1658.851          10.000  
R21  26672657.041   142730775.1071      -3148.584          18.000                                                                  
G21  24149242.733   126905090.2750       2692.428          38.000    24149250.332    98887070.8230       2097.935          32.000  
E33  28703437.650   150837600.0050      -2796.239          29.000    28703442.910   115576837.2720      -2142.990          35.000  
E16  25649440.657   134788779.0590         57.198          44.000    25649440.379   103279670.6190         44.014          36.000  
G19  23144285.427   121624052.3360      -1382.251          32.000                                                                  
G22  25824263.689   135707421.2451      -3630.376          22.000                                                                  
E12  25669508.707   134894142.7970      -1058.832          29.000    25669504.471   103360430.3820       -811.081          37.000  
E25  28396012.465   149222052.0541       2058.575          23.000    28396025.177   114339011.6680       1574.112          27.000  
G11  22902561.890   120353695.6060        -27.072          42.000    22902556.235    93782193.7240        -21.170          41.000  
E11                                                                  25570661.239   102962456.6040        985.144          27.000  
> 2026  7 21 11 27 40.0080000  0 35                           
G13  23693733.734   124511246.5420       1476.593          41.000    23693709.610    97021779.5631       1151.621          22.000  
S35  40419293.775   212404815.6150       -362.301          34.000  
S33  40675364.763   213750481.6940       -363.685          33.000  
S31  39969820.580   210042842.0010       -364.742          39.000  
E10  26058160.104   136936493.8110        111.081          42.000    26058158.633   104925501.0180         84.936          39.000  
C39  25988442.051   135328641.7080      -2878.119          28.000  
C11  26708019.404   139075602.3330      -2247.190          25.000  
C29  24820981.301   129249466.0220      -1583.424          38.000  
C36  28619672.065   149030141.9951      -3591.040          18.000  
R12  22188512.263   118527049.9690      -2496.883          40.000    22188508.910    92187700.1820      -1942.428          27.000  
R11  25447495.727   135983688.1510      -4856.411          30.000                                                                  
R13  22952178.949   122563249.9880       1285.618          36.000                                                                  
R23  22760666.089   121754202.3020        252.669          30.000                                                                  
R22  22592608.574   120600753.6420      -1731.750          34.000    22592595.702    93800593.3520      -1347.665          30.000  
R06  25555961.450   136371470.2150      -1172.326          27.000                                                                  
G12  23898069.622   125585167.2830       1763.026          41.000    23898065.974    97858584.4661       1375.438          24.000  
E31  27208855.358   142983451.0420      -2592.458          31.000    27208876.934   109558872.2321      -1982.349          22.000  
G06  23562925.197   123823974.3700      -2239.346          36.000    23562934.600    96486282.8240      -1745.018          30.000  
G17  25964932.938   136446644.7620      -2364.617          25.000    25964929.287   106322044.7381      -1843.505          24.000  
C35  24958865.753   129967324.5430        565.459          37.000  
C26  26061368.601   135708385.0291        -84.576          22.000  
C12  26177243.956   136311765.4430       1479.529          28.000  
C32  29086967.498   151463472.4911      -1945.454          18.000  
C20  26763491.556   139364540.7460        656.230          34.000  
R07  24684117.479   132136046.4990       2224.053          34.000    24684443.405   102773811.6171       1623.178          14.000  
R21  26678533.006   142762218.8631      -3132.399          16.000                                                                  
G21  24144122.178   126878177.7520       2689.665          38.000    24144128.517    98866099.9880       2096.191          32.000  
E33  28708758.330   150865562.2930      -2796.123          29.000    28708764.258   115598262.8630      -2142.812          36.000  
E16  25649334.512   134788223.5570         53.571          44.000    25649334.534   103279244.9590         41.326          35.000  
G19  23146918.263   121637884.5420      -1383.881          33.000                                                                  
G22  25831199.254   135743868.0571      -3639.670          23.000                                                                  
E12  25671525.436   134904742.0740      -1061.587          29.000    25671521.380   103368551.9360       -813.096          36.000  
E25  28392101.757   149201501.6851       2053.564          24.000    28392117.758   114323275.0680       1573.124          28.000  
G11  22902615.880   120353980.0580        -30.076          42.000    22902610.502    93782415.3710        -23.669          42.000  
E11                                                                  25568218.562   102952617.4160        983.021          27.000  
> 2026  7 21 11 27 50.0080000  0 35                           
G13  23690929.047   124496506.1300       1471.117          41.000    23690909.522    97010313.7121       1146.319          25.000  
S35  40419983.479   212408439.3770       -362.547          34.000  
S33  40676056.597   213754115.7760       -363.412          33.000  
S31  39970514.511   210046488.3330       -364.872          39.000  
E10  26057951.415   136935396.6050        108.486          42.000    26057950.129   104924660.3070         82.936          39.000  
C39  25993970.523   135357435.7290      -2880.543          25.000  
C11  26712331.730   139098120.2641      -2249.199          22.000  
C29  24824022.358   129265303.9590      -1584.306          38.000  
C36  28626565.282   149066037.0431      -3591.294          18.000  
R12  22193193.218   118552058.3440      -2504.515          39.000    22193193.965    92207151.1370      -1947.870          28.000  
R11  25456584.745   136032254.1680      -4856.714          29.000                                                                  
R13  22949779.744   122550437.5880       1277.338          36.000                                                                  
R23  22760196.002   121751688.0140        250.168          32.000                                                                  
R22  22595853.707   120618074.8210      -1732.911          34.000    22595841.681    93814065.3240      -1348.091          30.000  
R06  25558169.021   136383233.4430      -1179.919          27.000                                                                  
G12  23894719.643   125567563.0180       1757.626          41.000    23894718.714    97844878.3871       1366.552          25.000  
E31  27213792.991   143009386.5490      -2595.136          32.000    27213813.242   109578748.5931      -1987.389          21.000  
G06  23567188.950   123846382.0630      -2241.993          36.000    23567196.788    96503743.3070      -1746.091          30.000  
G17  25969429.404   136470272.5551      -2364.702          23.000    25969425.593   106340455.9711      -1842.547          24.000  
C35  24957781.641   129961676.3240        564.080          37.000  
C26  26061559.751   135709379.8181        -96.658          26.000  
C12  26174405.059   136296985.4690       1476.636          27.000  
C32  29090705.328   151482936.0841      -1942.349          18.000  
C20  26762237.259   139358007.2930        650.974          34.000  
R07  24679966.796   132113828.8580       2219.414          34.000                                                                  
R21  26684404.139   142793635.7311      -3144.495          17.000                                                                  
G21  24139007.614   126851297.6790       2686.546          38.000    24139012.094    98845154.4550       2093.430          32.000  
E33  28714078.848   150893523.3460      -2795.805          30.000    28714085.293   115619687.5110      -2142.278          36.000  
E16  25649236.099   134787705.8450         49.943          44.000    25649236.115   103278848.3190         37.945          35.000  
G19  23149557.299   121651743.3520      -1387.195          33.000                                                                  
G22  25838132.673   135780302.8251      -3645.597          23.000                                                                  
E12  25673546.389   134915365.8100      -1063.721          28.000    25673542.792   103376692.1610       -814.867          36.000  
E25  28388197.828   149180986.0591       2051.420          25.000    28388212.114   114307549.2970       1571.741          28.000  
G11  22902676.898   120354300.7840        -33.878          42.000    22902671.800    93782665.2600        -26.339          42.000  
E11                                                                  25565780.655   102942797.1960        980.660          27.000  
> 2026  7 21 11 28  0.0080000  0 35                           
G13  23688134.610   124481820.2150       1465.306          41.000    23688120.197    96998892.1951       1142.169          26.000  
S35  40420673.024   212412063.4650       -363.311          34.000  
S33  40676748.050   213757749.2340       -363.198          33.000  
S31  39971208.746   210050135.0160       -364.833          39.000  
E10  26057748.188   136934329.8250        104.887          42.000    26057747.374   104923842.9040         80.158          40.000  
C39  25999506.706   135386253.7951      -2884.703          21.000  
C11  26716631.940   139120513.0931      -2246.225          18.000  
C29  24827065.457   129281151.1470      -1585.774          39.000  
C36  28633454.153   149101909.4141      -3591.789          18.000  
R12  22197888.858   118577144.0550      -2512.941          39.000    22197889.615    92226662.2340      -1953.482          30.000  
R11  25465675.114   136080827.6260      -4858.284          30.000                                                                  
R13  22947396.202   122537707.1320       1268.632          36.000                                                                  
R23  22759731.414   121749201.5060        247.055          33.000                                                                  
R22  22599102.599   120635412.8230      -1735.470          33.000    22599090.458    93827550.3550      -1349.596          30.000  
R06  25560387.078   136395075.1210      -1188.770          27.000                                                                  
G12  23891379.793   125550010.5450       1752.029          41.000    23891381.400    97831212.3901       1365.195          26.000  
E31  27218733.813   143035350.0020      -2598.269          32.000    27218753.815   109598642.4561      -1991.881          20.000  
G06  23571456.868   123868812.3580      -2244.290          37.000    23571463.509    96521221.5010      -1748.722          30.000  
G17  25973938.895   136493969.6931      -2365.254          24.000    25973930.659   106358903.3231      -1844.092          24.000  
C35  24956699.527   129956041.2430        562.253          37.000  
C26  26061759.438   135710414.5470       -101.539          28.000  
C12  26171572.613   136282241.3360       1472.113          26.000  
C32  29094446.407   151502417.3691      -1948.285          16.000  
C20  26760991.833   139351521.7370        645.923          33.000  
R07  24675825.495   132091659.7230       2214.435          34.000                                                                  
R21  26690272.363   142825038.3191      -3134.169          17.000                                                                  
G21  24133898.995   126824451.8960       2682.366          39.000    24133903.178    98824235.6340       2090.815          32.000  
E33  28719401.444   150921484.9940      -2796.250          30.000    28719406.198   115641112.6790      -2142.956          36.000  
E16  25649144.563   134787227.8080         45.477          44.000    25649145.014   103278482.0060         34.728          35.000  
G19  23152201.506   121665630.4410      -1390.363          34.000                                                                  
G22  25845076.398   135816792.9671      -3648.517          24.000                                                                  
E12  25675569.701   134926015.6730      -1066.983          26.000    25675569.170   103384852.4490       -817.255          36.000  
E25  28384290.728   149160454.4991       2049.786          24.000    28384308.889   114291835.7270       1570.004          28.000  
G11  22902745.364   120354659.5660        -38.253          42.000    22902740.166    93782944.8270        -29.842          42.000  
E11                                                                  25563346.802   102932997.2920        978.990          27.000  
> 2026  7 21 11 28 10.0080000  0 35                           
G13  23685351.227   124467193.6150       1460.126          41.000    23685337.812    96987498.3530       1138.351          27.000  
S35  40421363.473   212415690.8590       -363.150          34.000  
S33  40677440.218   213761387.2740       -363.238          33.000  
S31  39971903.358   210053785.3610       -364.838          39.000  
E10  26057551.595   136933298.1380        101.581          42.000    26057550.993   104923052.3660         77.868          40.000  
C39  26005041.557   135415075.3061      -2871.727          16.000  
C11  26720941.924   139142956.4451      -2250.637          16.000  
C29  24830110.805   129297012.2480      -1586.326          39.000  
C36  28640343.898   149137785.8421      -3595.073          17.000  
R12  22202600.122   118602311.6110      -2520.824          39.000    22202602.537    92246237.0150      -1960.096          31.000  
R11  25474767.700   136129413.6210      -4858.910          30.000                                                                  
R13  22945028.717   122525063.3700       1260.147          37.000                                                                  
R23  22759274.192   121746747.3640        244.273          34.000                                                                  
R22  22602355.777   120652772.1430      -1735.629          33.000    22602343.202    93841052.0820      -1350.908          30.000  
R06  25562622.324   136406999.7850      -1195.469          27.000                                                                  
G12  23888050.537   125532514.5870       1747.260          41.000    23888054.786    97817581.3820       1361.356          27.000  
E31  27223681.378   143061346.0910      -2600.632          31.000    27223700.845   109618561.9211      -1986.996          18.000  
G06  23575730.412   123891270.0550      -2247.284          37.000    23575736.180    96538720.9380      -1750.508          31.000  
G17  25978443.854   136517643.1191      -2370.749          22.000    25978436.105   106377352.5731      -1846.354          25.000  
C35  24955621.333   129950423.9360        560.950          37.000  
C26  26061961.084   135711459.2920       -107.069          30.000  
C12  26168748.221   136267537.7560       1468.244          24.000  
C32  29098196.705   151521945.8671      -1969.965          14.000  
C20  26759756.656   139345088.9090        641.078          32.000  
R07  24671694.946   132069543.9380       2209.126          34.000                                                                  
R21  26696137.127   142856422.1891      -3143.169          17.000                                                                  
G21  24128797.938   126797645.3650       2678.757          39.000    24128802.371    98803347.4260       2087.476          32.000  
E33  28724724.035   150949451.8930      -2796.608          30.000    28724728.171   115662541.8030      -2142.600          35.000  
E16  25649061.699   134786794.1630         41.439          43.000    25649062.342   103278149.7100         31.603          35.000  
G19  23154853.069   121679550.6040      -1393.311          35.000                                                                  
G22  25852019.574   135853279.4751      -3649.862          25.000                                                                  
E12  25677599.066   134936696.4560      -1069.888          26.000    25677601.205   103393036.3530       -819.344          36.000  
E25  28380393.304   149139972.7761       2048.534          25.000    28380410.931   114276138.0140       1569.253          28.000  
G11  22902821.782   120355061.0640        -41.967          41.000    22902816.339    93783257.6700        -32.697          42.000  
E11                                                                  25560917.228   102923221.3760        977.135          27.000  
> 2026  7 21 11 28 20.0080000  0 34                           
G13  23682578.801   124452624.2110       1454.190          41.000    23682567.774    96976145.5140       1134.883          28.000  
S35  40422054.432   212419320.9560       -363.018          34.000  
S33  40678132.705   213765026.9660       -364.113          33.000  
S31  39972598.295   210057438.3630       -365.052          39.000  
E10  26057361.258   136932299.3140         98.357          41.000    26057360.814   104922287.0330         75.362          40.000  
C39  26010595.501   135443996.2381      -2889.212          20.000  
C11  26725291.432   139165604.7081      -2249.126          23.000  
C29  24833158.948   129312885.0830      -1587.422          39.000  
C36  28647231.663   149173652.4651      -3568.789          17.000  
R12  22207326.405   118627558.7230      -2528.480          39.000    22207329.099    92265873.6270      -1965.165          31.000  
R11  25483862.219   136178009.8280      -4859.963          30.000                                                                  
R13  22942677.002   122512504.3030       1251.627          37.000                                                                  
R23  22758822.675   121744323.4190        241.250          35.000                                                                  
R22  22605612.048   120670150.6700      -1737.965          32.000    22605600.119    93854568.6690      -1352.312          31.000  
R06  25564871.013   136419005.4680      -1204.253          27.000                                                                  
G12  23884731.982   125515073.1600       1741.556          41.000    23884735.156    97803990.6550       1357.347          28.000  
E31  27228634.370   143087372.6980      -2604.170          31.000    27228656.512   109638516.3251      -1994.036          15.000  
G06  23580009.191   123913752.7840      -2249.924          38.000    23580014.715    96556239.9170      -1752.428          31.000  
G17  25982950.272   136541324.5281      -2365.691          22.000    25982946.413   106395822.0331      -1845.649          24.000  
E11  25558510.477   134310879.0641       1279.013          21.000    25558495.944   102913467.7940        974.405          27.000  
C35  24954545.818   129944822.2520        559.301          37.000  
C26  26062172.486   135712559.7080       -113.011          31.000  
C12  26165941.699   136252924.1001       1459.432          20.000  
C20  26758530.695   139338706.6440        635.516          30.000  
R07  24667573.355   132047479.6050       2203.796          35.000    24667982.626   102705276.6921       1626.778          14.000  
R21  26702003.369   142887813.7281      -3148.696          15.000                                                                  
G21  24123704.155   126770875.9760       2675.112          39.000    24123707.496    98782488.1420       2084.924          32.000  
E33  28730046.725   150977421.8140      -2796.823          30.000    28730050.665   115683973.2790      -2143.038          36.000  
E16  25648986.962   134786402.7700         37.228          43.000    25648987.909   103277849.7810         29.034          35.000  
G19  23157510.852   121693501.6960      -1395.837          35.000                                                                  
G22  25858969.966   135889803.4641      -3649.747          26.000                                                                  
E12  25679635.397   134947394.8001      -1073.537          25.000    25679638.636   103401242.1470       -821.211          35.000  
E25  28376497.813   149119501.5821       2046.669          25.000    28376515.792   114260454.5670       1568.469          27.000  
G11  22902905.588   120355503.0640        -46.114          41.000    22902900.552    93783602.0680        -35.854          42.000  
> 2026  7 21 11 28 30.0080000  0 33                           
G13  23679816.690   124438108.8490       1449.095          41.000    23679805.835    96964834.9020       1129.597          29.000  
S35  40422744.542   212422949.0640       -362.573          33.000  
S33  40678825.220   213768665.8290       -363.663          33.000  
S31  39973292.894   210061089.3900       -364.874          39.000  
E10  26057176.697   136931330.1300         95.565          41.000    26057176.588   104921544.4060         73.234          40.000  
C39  26016159.538   135472969.6471      -2891.807          21.000  
C11  26729625.998   139188173.1100      -2247.596          27.000  
C29  24836208.465   129328766.5340      -1588.628          38.000  
C36  28654123.326   149209538.5531      -3593.181          18.000  
R12  22212067.536   118652882.1610      -2535.976          39.000    22212069.155    92285569.6950      -1971.910          32.000  
R11  25492957.568   136226612.8770      -4860.482          29.000                                                                  
R13  22940340.455   122500026.7910       1244.036          37.000                                                                  
R23  22758374.704   121741926.3270        238.668          36.000                                                                  
R22  22608870.823   120687544.9630      -1740.432          31.000    22608860.249    93868097.4910      -1353.092          31.000  
R06  25567135.886   136431088.6710      -1211.493          27.000                                                                  
G12  23881422.831   125497683.0300       1736.728          42.000    23881427.230    97790439.8960       1353.010          28.000  
E31  27233592.459   143113426.4430      -2606.247          31.000    27233618.323   109658495.6301      -2002.723          14.000  
G06  23584292.502   123936257.2440      -2251.539          39.000    23584297.916    96573775.8540      -1753.839          32.000  
G17  25987467.820   136565064.9561      -2373.990          25.000    25987454.949   106414283.0221      -1847.973          24.000  
E11  25556096.390   134298192.0491       1262.918          21.000    25556078.395   102903734.1020        972.229          27.000  
C35  24953472.283   129939233.0100        558.499          36.000  
C26  26062393.982   135713712.5680       -117.824          31.000  
C20  26757312.524   139332371.8510        630.958          27.000  
R07  24663461.640   132025463.4800       2199.226          35.000                                                                  
R21  26707862.655   142919167.5911      -3146.238          15.000                                                                  
G21  24118616.003   126744140.6130       2671.798          39.000    24118619.091    98761655.3410       2082.489          33.000  
E33  28735369.965   151005391.4690      -2796.537          29.000    28735373.294   115705404.5600      -2142.721          35.000  
E16  25648919.305   134786050.4270         33.534          42.000    25648921.218   103277579.7980         25.812          35.000  
G19  23160173.250   121707480.5960      -1399.512          36.000                                                                  
G22  25865922.933   135926342.1531      -3652.832          26.000                                                                  
E12  25681675.628   134958115.4191      -1074.369          23.000    25681681.437   103409467.4050       -823.139          35.000  
E25  28372609.208   149099067.7061       2045.468          26.000    28372622.464   114244782.9820       1567.104          28.000  
G11  22902996.642   120355982.3010        -49.628          41.000    22902991.934    93783975.4950        -38.648          42.000  
> 2026  7 21 11 28 40.0080000  0 33                           
G13  23677064.462   124423643.9320       1444.287          41.000    23677055.308    96953563.5450       1125.816          31.000  
S35  40423434.332   212426573.0640       -362.368          34.000  
S33  40679516.631   213772299.3700       -363.629          33.000  
S31  39973986.608   210064736.0870       -364.799          39.000  
E10  26056996.714   136930386.8610         93.235          40.000    26056996.879   104920821.6400         71.307          40.000  
C39  26021712.860   135501886.6341      -2901.128          21.000  
C11  26733937.593   139210656.7720      -2248.170          28.000  
C29  24839258.789   129344652.8210      -1588.453          38.000  
C36  28661007.872   149245388.8721      -3581.331          17.000  
R12  22216822.407   118678277.9700      -2542.981          39.000    22216823.198    92305322.0220      -1979.138          32.000  
R11  25502053.372   136275218.3660      -4860.667          29.000    25502049.035   105991835.2951      -3774.267          16.000  
R13  22938018.666   122487626.9980       1236.272          36.000                                                                  
R23  22757931.002   121739552.3510        236.750          35.000                                                                  
R22  22612132.124   120704951.2090      -1741.023          31.000    22612121.672    93881635.6410      -1354.603          31.000  
R06  25569412.229   136443245.6980      -1218.900          26.000                                                                  
G12  23878122.594   125480340.6040       1732.175          42.000    23878128.323    97776926.3090       1349.388          29.000  
E31  27238555.268   143139503.7130      -2609.317          31.000                                                                  
G06  23588578.934   123958779.7410      -2253.049          40.000    23588584.287    96591325.8840      -1756.277          32.000  
G17  25991988.051   136588819.0761      -2374.567          25.000    25991973.006   106432784.1241      -1849.590          24.000  
E11  25553682.254   134285506.0441       1267.349          21.000    25553664.966   102894017.4310        970.411          27.000  
C35  24952400.536   129933652.5190        557.853          35.000  
C26  26062625.155   135714914.1930       -122.375          30.000  
C20  26756102.332   139326045.7481        608.842          22.000  
R07  24659358.470   132003491.9270       2194.716          36.000                                                                  
R21  26713722.434   142950524.2021      -3135.789          20.000                                                                  
G21  24113533.973   126717435.6670       2669.037          38.000    24113537.160    98740846.3080       2080.088          34.000  
E33  28740690.110   151033357.1880      -2795.771          29.000    28740694.675   115726832.8360      -2142.489          35.000  
E16  25648859.054   134785733.5010         29.936          42.000    25648860.901   103277336.9700         22.919          35.000  
G19  23162839.482   121721483.5490      -1401.721          36.000                                                                  
G22  25872875.355   135962864.2560      -3653.780          26.000                                                                  
E12  25683715.230   134968834.2721      -1070.254          21.000    25683727.927   103417709.2140       -825.048          35.000  
E25  28368723.651   149078648.9071       2043.884          27.000    28368732.500   114229120.5360       1565.809          27.000  
G11  22903094.401   120356495.0590        -52.654          41.000    22903089.442    93784375.0440        -41.076          42.000  
> 2026  7 21 11 28 50.0080000  0 34                           
G13  23674321.485   124409229.1330       1438.617          40.000    23674314.253    96942331.2180       1121.214          31.000  
S35  40424122.877   212430190.9040       -361.874          33.000  
S33  40680206.808   213775927.5830       -362.495          33.000  
S31  39974679.351   210068377.1470       -364.370          39.000  
E10  26056821.960   136929469.0580         90.454          40.000    26056822.266   104920118.3790         69.249          40.000  
C39  26027262.642   135530786.5941      -2896.583          22.000  
C11  26738247.141   139233138.8420      -2247.627          29.000  
C29  24842310.307   129360543.5910      -1589.354          38.000  
C36  28667883.579   149281191.8001      -3580.672          16.000  
R12  22221590.910   118703745.6510      -2550.327          39.000    22221590.190    92325130.2030      -1983.839          32.000  
R11  25511149.597   136323825.6980      -4860.783          29.000    25511150.484   106029662.7481      -3773.496          18.000  
R13  22935710.565   122475304.7410       1228.207          36.000                                                                  
R23  22757491.506   121737200.8090        234.186          35.000                                                                  
R22  22615395.169   120722368.9440      -1742.633          30.000    22615385.107    93895182.6850      -1355.879          31.000  
R06  25571705.521   136455476.1830      -1227.141          27.000                                                                  
G12  23874831.843   125463045.5660       1726.853          42.000    23874838.493    97763449.5900       1346.246          29.000  
E31  27243521.887   143165603.9250      -2611.522          31.000                                                                  
G06  23592868.367   123981319.7350      -2255.205          40.000    23592873.631    96608889.4850      -1757.278          32.000  
G17  25996509.057   136612576.1781      -2374.495          26.000    25996490.798   106451283.7151      -1850.420          24.000  
E11  25551271.547   134272837.4381       1262.283          21.000    25551256.338   102884317.4270        968.834          27.000  
C35  24951330.157   129928080.3390        556.790          34.000  
C26  26062864.746   135716164.3000       -127.227          29.000  
C32  29113295.820   151600571.0841      -1964.258          11.000  
C20  26754885.576   139319710.0211        618.962          14.000  
R07  24655263.628   131981564.7070       2190.461          36.000    24654759.040   102650220.1591       1621.180          14.000  
R21  26719577.072   142981853.8171      -3136.153          20.000                                                                  
G21  24108457.402   126690760.8130       2665.932          38.000    24108461.105    98720060.7090       2077.271          34.000  
E33  28746010.620   151061318.5140      -2795.929          29.000    28746015.433   115748257.7090      -2142.461          35.000  
E16  25648805.078   134785451.5780         26.377          42.000    25648807.538   103277120.9450         20.137          35.000  
G19  23165509.195   121735510.1030      -1404.218          35.000                                                                  
G22  25879830.010   135999407.3560      -3654.783          26.000                                                                  
E12  25685760.490   134979581.7721      -1078.365          19.000    25685778.662   103425967.2250       -826.842          34.000  
E25  28364837.980   149058240.5190       2042.259          28.000    28364844.392   114213466.8180       1564.768          27.000  
G11  22903198.205   120357040.8870        -56.122          41.000    22903193.294    93784800.3510        -43.830          41.000  
> 2026  7 21 11 29  0.0080000  0 33                           
G13  23671589.717   124394870.2950       1433.234          41.000    23671583.621    96931142.5220       1115.939          32.000  
S35  40424811.657   212433810.2390       -362.245          34.000  
S33  40680897.695   213779556.2410       -362.222          33.000  
S31  39975372.307   210072018.8850       -364.003          39.000  
E10  26056653.216   136928582.5050         87.355          40.000    26056653.357   104919439.0720         66.833          40.000  
C39  26032818.031   135559714.8081      -2896.554          22.000  
C11  26742560.625   139255624.7350      -2248.828          31.000  
C29  24845364.088   129376444.6080      -1590.871          38.000  
C36  28674764.023   149317020.7921      -3578.712          16.000  
R12  22226373.607   118729290.8810      -2558.165          39.000    22226371.885    92344998.7120      -1989.623          32.000  
R11  25520248.339   136372441.0190      -4861.788          29.000    25520251.503   106067488.7651      -3782.700          18.000  
R13  22933418.736   122463065.9930       1220.120          36.000                                                                  
R23  22757057.087   121734877.7210        231.291          34.000                                                                  
R22  22618661.129   120739804.0370      -1744.467          29.000    22618651.363    93908743.3060      -1356.940          31.000  
R06  25574009.764   136467785.8400      -1234.993          27.000    25574032.108   106141727.1881       -957.453          17.000  
G12  23871550.842   125445803.7960       1721.713          43.000    23871556.478    97750014.5070       1341.008          29.000  
E31  27248491.390   143191732.8990      -2613.402          30.000                                                                  
G06  23597162.409   124003882.9970      -2257.618          40.000    23597166.886    96626471.2080      -1758.460          32.000  
G17  26001030.503   136636336.4930      -2375.726          27.000    26001008.193   106469781.1801      -1852.711          23.000  
E11  25548868.383   134260209.0671       1267.758          22.000    25548851.716   102874638.5260        966.865          27.000  
C35  24950262.445   129922522.2250        555.526          33.000  
C26  26063114.394   135717468.4930       -132.825          28.000  
C20  26753709.369   139313585.0181        619.575          18.000  
R07  24651177.454   131959687.8130       2184.764          35.000                                                                  
R21  26725423.723   143013139.8811      -3127.071          17.000                                                                  
G21  24103388.127   126664121.9580       2662.633          37.000    24103391.696    98699303.1730       2074.256          35.000  
E33  28751331.659   151089281.1340      -2796.329          29.000    28751336.764   115769683.5910      -2142.498          35.000  
E16  25648759.218   134785210.5330         22.100          42.000    25648761.743   103276936.2450         16.953          35.000  
G19  23168184.350   121749566.1660      -1407.428          34.000                                                                  
G22  25886787.537   136035985.9841      -3657.686          25.000                                                                  
E12  25687811.950   134990362.6571      -1078.856          19.000    25687834.385   103434245.7760       -828.851          34.000  
E25  28360954.486   149037828.4690       2040.085          28.000    28360961.723   114197826.3870       1563.236          27.000  
G11  22903309.527   120357625.5630        -60.266          42.000    22903304.619    93785255.9410        -47.083          41.000  
> 2026  7 21 11 29 10.0080000  0 33                           
G13  23668868.040   124380566.7350       1427.297          41.000    23668862.681    96919996.8930       1111.823          33.000  
S35  40425500.159   212437428.3660       -362.127          34.000  
S33  40681588.160   213783185.0830       -362.796          33.000  
S31  39976065.351   210075660.1550       -364.712          39.000  
E10  26056490.247   136927726.3830         83.850          39.000    26056490.643   104918783.0760         64.190          40.000  
C39  26038394.107   135588750.0931      -2900.262          24.000  
C11  26746879.874   139278113.5540      -2249.216          32.000  
C29  24848419.501   129392355.0110      -1591.581          38.000  
C36  28681635.391   149352801.1811      -3568.696          17.000  
R12  22231171.240   118754912.7460      -2566.379          39.000    22231167.369    92364926.8030      -1996.175          31.000  
R11  25529347.828   136421063.1490      -4861.901          28.000    25529349.226   106105300.6201      -3786.546          18.000  
R13  22931141.418   122450909.9040       1211.223          36.000                                                                  
R23  22756627.279   121732582.1450        227.332          34.000                                                                  
R22  22621930.913   120757255.5520      -1746.497          30.000    22621921.133    93922316.6910      -1358.748          31.000  
R06  25576333.292   136480214.8421      -1242.623          25.000                                                                  
G12  23868279.661   125428614.6380       1716.223          43.000    23868285.112    97736620.3380       1336.769          30.000  
E31  27253464.750   143217889.8370      -2616.882          29.000                                                                  
G06  23601460.418   124026468.6390      -2259.917          40.000    23601465.684    96644070.4150      -1760.384          32.000  
G17  26005551.222   136660102.5610      -2377.687          27.000    26005531.600   106488304.0861      -1854.190          23.000  
E11  25546467.964   134247594.8791       1256.198          23.000    25546452.468   102864980.1690        964.828          27.000  
C35  24949197.060   129916977.4140        554.491          32.000  
C26  26063374.236   135718826.0310       -138.437          27.000  
C20  26752541.921   139307506.0741        618.719          24.000  
R07  24647100.852   131937860.8630       2179.701          35.000                                                                  
R21  26731276.133   143044458.2041      -3128.409          21.000                                                                  
G21  24098325.305   126637518.4380       2658.500          37.000    24098327.627    98678573.1380       2071.637          35.000  
E33  28756651.932   151117244.2800      -2796.690          28.000    28756657.977   115791109.8760      -2143.160          35.000  
E16  25648721.120   134785009.5720         17.785          42.000    25648723.717   103276782.2700         13.235          36.000  
G19  23170864.273   121763650.8680      -1410.193          33.000                                                                  
G22  25893746.585   136072556.6071      -3658.750          24.000                                                                  
E12  25689862.490   135001137.7791      -1083.680          18.000    25689894.963   103442544.3080       -831.005          34.000  
E25  28357068.609   149017432.9610       2038.667          28.000    28357080.988   114182198.6420       1562.122          27.000  
G11  22903427.901   120358248.2200        -64.425          42.000    22903422.774    93785741.1200        -50.068          41.000  
> 2026  7 21 11 29 20.0080000  0 33                           
G13  23666157.187   124366321.0080       1421.725          41.000    23666152.869    96908896.2640       1108.412          33.000  
S35  40426188.953   212441048.9930       -362.284          33.000  
S33  40682278.168   213786815.7750       -362.894          33.000  
S31  39976758.661   210079303.5600       -364.437          39.000  
E10  26056333.855   136926903.1600         80.867          39.000    26056333.830   104918152.2800         61.846          40.000  
C39  26043977.783   135617826.0891      -2905.894          26.000  
C11  26751199.568   139300607.8060      -2249.904          33.000  
C29  24851477.249   129408277.3410      -1592.768          38.000  
C36  28688515.880   149388629.6941      -3586.017          17.000  
R12  22235983.536   118780613.8300      -2574.099          39.000    22235977.549    92384916.5670      -2002.850          31.000  
R11  25538448.173   136469694.5740      -4863.355          28.000    25538453.935   106143142.0791      -3784.973          19.000  
R13  22928879.754   122438839.2840       1202.990          36.000                                                                  
R23  22756202.573   121730316.7090        225.344          34.000                                                                  
R22  22625203.255   120774726.1180      -1748.524          31.000    22625194.933    93935904.8000      -1358.958          32.000  
R06  25578665.714   136492660.9501      -1251.650          22.000                                                                  
G12  23865019.718   125411480.7750       1710.588          43.000    23865024.916    97723269.2930       1332.335          30.000  
E31  27258444.281   143244077.2500      -2620.290          27.000                                                                  
G06  23605763.348   124049079.1150      -2262.386          40.000    23605769.255    96661688.9570      -1762.467          32.000  
G17  26010073.958   136683885.6930      -2379.029          27.000    26010054.424   106506824.1841      -1853.570          22.000  
E11  25544075.100   134235020.6081       1258.529          22.000    25544059.201   102855344.2060        963.125          27.000  
C35  24948133.734   129911448.4190        551.886          29.000  
C26  26063644.266   135720239.4250       -144.179          26.000  
C20  26751372.467   139301410.4980        607.015          28.000  
R07  24643033.394   131916086.3990       2175.109          34.000                                                                  
R21  26737129.197   143075778.3791      -3131.988          21.000                                                                  
G21  24093269.767   126610952.8320       2654.894          36.000    24093271.282    98657872.6610       2068.602          35.000  
E33  28761972.442   151145210.3720      -2796.867          28.000    28761979.976   115812538.4270      -2143.361          35.000  
E16  25648691.400   134784851.2450         13.709          42.000    25648693.694   103276660.9410         10.371          36.000  
G19  23173549.402   121777766.7610      -1412.653          32.000                                                                  
G22  25900710.738   136109153.1671      -3662.609          23.000                                                                  
E12  25691932.243   135012014.5621      -1082.541          18.000    25691961.244   103450864.6880       -832.565          33.000  
E25  28353191.229   148997056.6130       2036.836          28.000    28353203.622   114166585.5740       1560.844          27.000  
G11  22903554.107   120358911.3500        -68.406          43.000    22903548.685    93786257.8370        -53.360          40.000  
> 2026  7 21 11 29 30.0080000  0 33                           
G13  23663457.639   124352133.0780       1415.972          41.000    23663453.356    96897840.7360       1103.149          33.000  
S35  40426878.398   212444671.3080       -362.733          34.000  
S33  40682969.977   213790448.1500       -363.619          33.000  
S31  39977452.420   210082949.2060       -364.720          39.000  
E10  26056183.540   136926112.6900         76.926          39.000    26056183.519   104917546.5840         59.130          40.000  
C39  26049564.967   135646907.9420      -2909.379          27.000  
C11  26755520.878   139323107.3540      -2250.900          34.000  
C29  24854537.441   129424211.4370      -1593.997          38.000  
C36  28695391.880   149424435.5601      -3585.007          16.000  
R12  22240810.331   118806393.7170      -2582.096          38.000    22240803.397    92404967.4800      -2007.065          32.000  
R11  25547550.161   136518335.2380      -4864.482          27.000    25547560.121   106180989.5421      -3787.345          19.000  
R13  22926634.702   122426853.8570       1194.604          36.000                                                                  
R23  22755784.362   121728081.2020        221.698          35.000                                                                  
R22  22628479.835   120792215.3320      -1749.300          32.000    22628471.430    93949507.5700      -1361.325          31.000  
R06  25581021.962   136505234.2211      -1264.685          21.000    25580863.085   106170078.2491       -977.864          17.000  
G12  23861769.941   125394402.0180       1704.948          44.000    23861774.764    97709961.1420       1328.513          30.000  
E31  27263431.842   143270294.9070      -2623.622          27.000                                                                  
G06  23610070.621   124071714.1940      -2264.766          40.000    23610076.464    96679326.6900      -1765.172          32.000  
G17  26014603.047   136707686.0600      -2381.270          27.000    26014581.622   106525362.5431      -1853.745          22.000  
E11  25541687.794   134222474.8281       1251.011          22.000    25541671.007   102845730.6670        960.575          27.000  
C35  24947072.295   129905934.9980        550.246          27.000  
C26  26063918.050   135721660.6291       -150.801          25.000  
C20  26750207.936   139295363.0570        601.379          30.000  
R07  24638975.557   131894364.5430       2169.124          34.000    24638971.707   102584490.1481       1687.469          26.000  
R21  26742973.238   143107050.9131      -3127.826          20.000                                                                  
G21  24088221.474   126584425.1220       2650.776          36.000    24088222.370    98637201.7130       2065.591          35.000  
E33  28767292.536   151173179.1820      -2796.672          27.000    28767302.323   115833969.0950      -2143.746          35.000  
E16  25648669.737   134784735.4540          9.341          42.000    25648671.827   103276572.2200          7.198          36.000  
G19  23176240.134   121791913.7510      -1416.071          32.000                                                                  
G22  25907680.864   136145781.5921      -3663.357          22.000                                                                  
E12  25694011.558   135022941.9051      -1095.910          19.000    25694032.938   103459206.8720       -835.941          33.000  
E25  28349316.735   148976699.4040       2034.579          29.000    28349328.351   114150987.2130       1559.103          27.000  
G11  22903688.341   120359614.7890        -72.492          43.000    22903682.395    93786805.9710        -56.611          40.000  
> 2026  7 21 11 29 40.0080000  0 33                           
G13  23660768.769   124338002.9150       1410.191          42.000    23660764.686    96886830.2180       1098.762          34.000  
S35  40427567.857   212448295.8290       -362.860          33.000  
S33  40683661.591   213794083.0350       -363.285          33.000  
S31  39978146.690   210086596.8200       -364.915          39.000  
E10  26056039.927   136925354.8060         74.277          40.000    26056039.235   104916965.8730         56.719          40.000  
C39  26055156.005   135676017.4730      -2912.372          29.000  
C11  26759842.197   139345612.0690      -2250.824          35.000  
C29  24857599.305   129440157.1900      -1595.139          38.000  
C36  28702263.094   149460215.3241      -3579.999          17.000  
R12  22245651.788   118832252.3140      -2589.873          37.000    22245644.331    92425079.7390      -2013.736          31.000  
R11  25556653.105   136566984.7980      -4865.062          27.000    25556667.601   106218841.3661      -3772.436          20.000  
R13  22924406.134   122414953.8330       1185.528          36.000                                                                  
R23  22755371.881   121725875.3800        219.089          35.000                                                                  
R22  22631759.340   120809723.3970      -1751.822          33.000    22631751.819    93963124.8870      -1362.461          31.000  
R06  25583385.035   136517844.5561      -1269.500          19.000                                                                  
G12  23858530.850   125377378.3750       1699.734          44.000    23858534.696    97696695.9840       1323.546          30.000  
E31  27268425.716   143296542.6550      -2626.013          26.000                                                                  
G06  23614382.334   124094373.7390      -2267.329          39.000    23614388.478    96696983.4430      -1766.730          31.000  
G17  26019135.618   136731503.3010      -2382.582          28.000    26019117.069   106543934.2901      -1858.705          22.000  
E11  25539301.388   134209934.5051       1253.944          21.000    25539290.064   102836139.3850        958.195          28.000  
C35  24945992.249   129900327.6321        548.968          22.000  
C26  26064211.478   135723188.2151       -155.773          25.000  
C20  26749060.806   139289366.5900        597.004          32.000  
R07  24634927.593   131872694.9880       2164.764          33.000    24634926.452   102567650.4410       1683.457          27.000  
R21  26748815.618   143138315.4661      -3122.889          20.000                                                                  
G21  24083180.374   126557935.3080       2647.478          36.000    24083180.730    98616560.2980       2062.861          36.000  
E33  28772612.892   151201150.7660      -2797.296          26.000    28772625.230   115855401.7970      -2143.378          35.000  
E16  25648656.476   134784662.1140          5.246          42.000    25648657.946   103276516.0320          4.165          36.000  
G19  23178936.047   121806091.8440      -1419.653          31.000                                                                  
G22  25914662.039   136182467.9671      -3665.927          23.000                                                                  
E12  25696091.973   135033874.7081      -1090.724          20.000    25696109.867   103467570.5660       -837.422          33.000  
E25  28345446.585   148956361.2110       2033.241          29.000    28345459.767   114135403.3700       1557.981          27.000  
G11  22903829.881   120360358.3940        -76.296          44.000    22903823.945    93787385.3950        -59.427          40.000  
> 2026  7 21 11 29 50.0080000  0 34                           
G13  23658090.324   124323926.1960       1404.592          42.000    23658086.519    96875861.3240       1094.317          34.000  
S35  40428257.123   212451918.3430       -362.250          34.000  
S33  40684353.183   213797715.5300       -363.507          33.000  
S31  39978840.339   210090242.1220       -364.860          39.000  
E10  26055901.087   136924625.1290         71.212          40.000    26055900.425   104916406.7570         54.607          40.000  
C39  26060755.325   135705191.7110      -2915.742          30.000  
C11  26764163.585   139368117.6480      -2250.793          35.000  
C29  24860662.708   129456110.2390      -1595.788          38.000  
C36  28709134.480   149495996.9251      -3572.494          16.000  
R12  22250507.283   118858185.0160      -2596.739          36.000    22250499.494    92445249.6590      -2021.609          31.000  
R11  25565757.542   136615638.5680      -4865.616          27.000    25565773.181   106256686.1711      -3782.541          20.000  
R13  22922192.862   122403134.6800       1177.727          35.000                                                                  
R23  22754963.935   121723694.7980        216.199          35.000                                                                  
R22  22635041.075   120827245.4380      -1753.010          34.000    22635033.571    93976753.0810      -1363.209          31.000  
R06  25585761.225   136530524.3451      -1273.260          15.000                                                                  
G12  23855301.008   125360405.5510       1694.507          44.000    23855303.844    97683470.3950       1320.624          31.000  
E31  27273426.749   143322816.1890      -2629.550          26.000                                                                  
G06  23618697.641   124117053.2330      -2269.239          39.000    23618703.635    96714655.7600      -1768.028          30.000  
G17  26023665.454   136755333.1290      -2383.905          28.000    26023653.433   106562509.9261      -1853.734          22.000  
C35  24944928.691   129894789.3031        546.878          14.000  
C26  26064514.849   135724768.1171       -160.895          26.000  
C12  26140879.089   136122416.7881       1431.550          25.000  
C20  26747917.785   139283416.7830        592.755          33.000  
R07  24630887.482   131851073.6890       2159.671          33.000    24630887.718   102550833.3490       1679.863          28.000  
R21  26754654.914   143169562.7691      -3122.449          21.000                                                                  
G21  24078146.140   126531479.0860       2644.076          35.000    24078145.684    98595945.0560       2060.378          36.000  
E33  28777932.981   151229120.5410      -2797.895          25.000    28777948.035   115876833.1570      -2143.469          35.000  
E16  25648649.926   134784626.8930          1.252          43.000    25648650.935   103276489.0310          0.976          36.000  
G19  23181637.665   121820296.6280      -1422.131          31.000                                                                  
G22  25921645.127   136219164.5071      -3668.050          22.000                                                                  
E12  25698167.456   135044780.5971      -1087.790          20.000    25698191.462   103475952.4690       -839.164          32.000  
E25  28341577.931   148936037.7320       2031.715          28.000    28341592.043   114119830.9150       1555.994          26.000  
G11  22903978.306   120361137.7550        -80.141          44.000    22903972.309    93787992.6970        -62.422          40.000  
E11                                                                  25536912.310   102826567.0170        955.839          28.000  
> 2026  7 21 11 30  0.0080000  0 32                           
G13  23655423.453   124309909.0840       1398.886          42.000    23655419.535    96864938.8540       1090.264          34.000  
S35  40428947.016   212455544.1340       -363.540          33.000  
S33  40685045.010   213801351.6850       -364.299          33.000  
S31  39979534.639   210093890.9120       -364.714          38.000  
E10  26055768.609   136923929.6880         68.019          40.000    26055768.137   104915873.8860         52.060          40.000  
C39  26066357.372   135734358.6090      -2918.127          31.000  
C11  26768486.756   139390630.1180      -2251.652          35.000  
C29  24863728.655   129472076.6390      -1597.354          38.000  
C36  28716000.788   149531751.0021      -3566.799          17.000  
R12  22255377.246   118884197.8190      -2604.840          35.000    22255369.251    92465481.7930      -2027.347          32.000  
R11  25574864.835   136664302.6190      -4866.529          27.000    25574879.178   106294532.9811      -3785.484          21.000  
R13  22919995.249   122391402.6480       1169.203          35.000                                                                  
R23  22754561.472   121721545.6450        213.544          35.000                                                                  
R22  22638326.416   120844787.7820      -1755.185          36.000    22638319.808    93990397.0840      -1364.100          30.000  
G12  23852082.190   125343489.7600       1688.828          44.000    23852083.979    97670289.2360       1316.293          31.000  
E31  27278431.390   143349121.3630      -2632.209          26.000    27278444.581   109838991.7351      -2017.936          25.000  
G06  23623018.160   124139758.7710      -2271.542          39.000    23623023.101    96732348.4400      -1770.615          28.000  
G17  26028206.948   136779181.6520      -2385.705          29.000    26028189.642   106581085.4581      -1866.788          21.000  
C26  26064831.610   135726412.1760       -166.384          28.000  
C12  26138128.530   136108093.5951       1428.646          26.000  
C20  26746784.415   139277519.7910        587.449          33.000  
R07  24626858.030   131829507.1190       2154.651          33.000    24626859.116   102534059.3610       1675.578          28.000  
R21  26760489.526   143200784.3961      -3134.235          19.000                                                                  
G21  24073118.490   126505062.7060       2639.690          34.000    24073118.653    98575360.8400       2057.185          37.000  
E33  28783254.167   151257094.4150      -2796.708          25.000    28783271.374   115898267.7330      -2143.283          35.000  
E16  25648651.867   134784635.8720         -2.819          43.000    25648652.418   103276495.9060         -2.021          36.000  
G19  23184345.244   121834534.2560      -1425.568          31.000                                                                  
G22  25928623.977   136255838.4871      -3665.368          21.000                                                                  
E25  28337712.114   148915735.1890       2029.007          28.000    28337728.672   114104274.3130       1555.572          26.000  
G11  22904134.877   120361958.8950        -84.181          44.000    22904128.824    93788632.5400        -65.509          40.000  
E11                                                                  25534540.851   102817018.1340        954.063          28.000  
E12                                                                  25700278.851   103484357.2140       -841.319          32.000  
> 2026  7 21 11 30 10.0080000  0 31                           
G13  23652767.585   124295950.8720       1393.111          42.000    23652764.371    96854062.3360       1085.367          34.000  
S35  40429637.628   212459172.2550       -362.951          34.000  
S33  40685737.492   213804990.0660       -363.143          33.000  
S31  39980229.506   210097542.2760       -365.103          39.000  
E10  26055643.366   136923267.6730         64.933          40.000    26055642.299   104915366.6260         49.841          40.000  
C39  26071965.392   135763556.8370      -2920.691          31.000  
C11  26772810.838   139413148.6720      -2251.975          35.000  
C29  24866796.785   129488055.5710      -1598.605          37.000  
C36  28722866.489   149567502.5871      -3571.783          17.000  
R12  22260262.152   118910289.8860      -2612.656          34.000    22260254.023    92485775.5640      -2032.047          31.000  
R11  25583972.614   136712975.9410      -4867.190          26.000    25583992.074   106332407.5801      -3789.867          22.000  
R13  22917814.556   122379757.1170       1160.359          35.000                                                                  
R23  22754165.276   121719427.0260        210.593          36.000                                                                  
R22  22641615.169   120862349.4650      -1756.531          37.000    22641610.374    94004056.2170      -1367.420          30.000  
G12  23848874.219   125326630.3210       1683.540          44.000    23848876.114    97657152.0280       1311.331          31.000  
E31  27283441.104   143375457.4470      -2634.650          26.000    27283455.486   109859169.3301      -2018.990          25.000  
G06  23627343.289   124162489.4660      -2274.301          39.000    23627347.284    96750060.6200      -1771.616          27.000  
G17  26032745.680   136803048.0480      -2386.545          29.000    26032727.343   106599666.5491      -1859.924          21.000  
C26  26065152.130   135728101.8010       -171.523          28.000  
C12  26135389.526   136093831.6781       1424.369          26.000  
C20  26745661.446   139271674.9100        581.671          34.000  
R07  24622838.224   131807994.2990       2148.856          32.000    24622840.124   102517327.1690       1671.585          29.000  
R21  26766330.915   143232042.7951      -3113.721          18.000                                                                  
G21  24068098.806   126478685.3760       2635.854          34.000    24068098.934    98554807.0990       2054.011          37.000  
E33  28788574.500   151284979.8781      -2797.459          24.000    28788595.167   115919704.9440      -2143.402          35.000  
E16  25648662.245   134784688.3260         -6.993          43.000    25648662.522   103276536.1250         -5.678          36.000  
G19  23187059.197   121848803.8190      -1428.021          32.000                                                                  
E12  25702339.507   135066705.0731      -1095.192          19.000    25702371.785   103492784.1290       -843.220          32.000  
E25  28333851.451   148895452.6940       2027.652          28.000    28333868.358   114088733.2200       1553.876          26.000  
G11  22904298.747   120362820.9710        -87.769          44.000    22904293.012    93789304.2860        -68.273          40.000  
E11                                                                  25532175.921   102807492.3110        951.628          28.000  
> 2026  7 21 11 30 20.0080000  0 30                           
G13  23650120.970   124282044.1820       1387.818          42.000    23650117.824    96843225.9320       1081.712          34.000  
S35  40430327.773   212462796.5430       -362.282          33.000  
S33  40686428.878   213808624.3010       -362.735          33.000  
S31  39980923.677   210101189.9500       -364.387          38.000  
E10  26055522.248   136922631.6440         62.073          40.000    26055521.098   104914879.2640         47.770          40.000  
C39  26077576.729   135792778.4660      -2924.075          32.000  
C11  26777134.650   139435665.9110      -2251.267          36.000  
C29  24869865.982   129504039.6350      -1598.806          37.000  
C36  28729724.931   149603216.6691      -3568.432          16.000  
R12  22265160.406   118936453.5140      -2621.000          33.000    22265151.852    92506124.9930      -2038.250          31.000  
R11  25593081.160   136761650.7470      -4868.066          26.000    25593100.207   106370263.4731      -3801.924          22.000  
R13  22915648.534   122368190.5730       1152.270          35.000                                                                  
R23  22753773.539   121717331.3530        208.368          36.000                                                                  
R22  22644905.987   120879922.9710      -1758.488          38.000    22644902.345    94017724.4130      -1367.174          28.000  
G12  23845675.172   125309819.7900       1678.501          44.000    23845676.316    97644052.9150       1307.732          31.000  
E31  27288455.157   143401816.9720      -2636.664          25.000    27288472.295   109879369.9041      -2020.588          26.000  
G06  23631671.903   124185237.7810      -2276.192          38.000    23631674.942    96767786.6180      -1774.562          25.000  
G17  26037290.578   136826924.9600      -2388.307          30.000    26037273.448   106618281.3551      -1860.848          20.000  
C26  26065486.030   135729840.5520       -176.576          28.000  
C12  26132659.722   136079611.8050       1420.862          27.000  
C20  26744547.470   139265874.7140        577.628          34.000  
R07  24618826.877   131786528.0960       2143.678          31.000    24618830.309   102500631.2330       1668.132          29.000  
G21  24063084.511   126452339.8150       2632.750          33.000    24063085.264    98534278.0950       2051.295          37.000  
E33  28793894.841   151312938.1941      -2798.444          23.000    28793918.458   115941139.1000      -2143.716          35.000  
E16  25648679.583   134784776.8380        -11.037          43.000    25648679.197   103276603.9100         -8.148          35.000  
G19  23189777.516   121863098.0810      -1430.518          33.000                                                                  
E12  25704436.691   135077725.8731      -1098.460          19.000    25704468.902   103501227.4890       -845.573          33.000  
E25  28329994.060   148875182.9690       2026.270          29.000    28330012.707   114073201.8720       1552.939          26.000  
G11  22904469.010   120363716.5500        -91.358          45.000    22904463.419    93790002.1540        -70.982          40.000  
E11                                                                  25529814.274   102797983.6570        949.646          28.000  
> 2026  7 21 11 30 30.0080000  0 30                           
G13  23647485.185   124268194.1370       1381.857          41.000    23647481.609    96832433.6510       1077.356          34.000  
S35  40431017.163   212466420.8580       -362.343          33.000  
S33  40687120.644   213812259.4360       -363.535          33.000  
S31  39981617.554   210104836.9140       -364.959          39.000  
E10  26055406.977   136922026.5570         58.683          41.000    26055406.118   104914415.6190         45.167          40.000  
C39  26083193.525   135822028.2780      -2926.709          32.000  
C11  26781459.087   139458186.8800      -2252.177          36.000  
C29  24872936.535   129520033.8310      -1600.290          36.000  
C36  28736594.557   149638988.3901      -3574.019          18.000  
R12  22270073.399   118962693.6750      -2627.033          31.000    22270063.710    92526534.0710      -2044.189          30.000  
R11  25602188.847   136810334.3651      -4868.650          26.000    25602210.251   106408126.8471      -3789.080          22.000  
R13  22913498.321   122356708.2100       1143.593          35.000                                                                  
R23  22753386.448   121715263.4890        205.105          36.000                                                                  
R22  22648200.272   120897513.3110      -1760.154          39.000    22648197.332    94031405.7970      -1368.797          27.000  
G12  23842486.424   125293063.3130       1672.803          44.000    23842488.009    97630995.8880       1303.556          31.000  
E31  27293468.389   143428143.9921      -2641.263          25.000    27293494.287   109899587.3430      -2023.385          27.000  
G06  23636004.546   124208008.6860      -2278.521          38.000    23636005.897    96785492.9461      -1773.487          22.000  
G17  26041837.391   136850817.4140      -2390.073          30.000    26041822.720   106636910.1001      -1861.070          20.000  
C26  26065829.018   135731633.3520       -181.668          29.000  
C12  26129934.424   136065423.3280       1416.718          28.000  
C20  26743442.494   139260124.3200        572.323          34.000  
R07  24614825.711   131765113.5810       2139.088          30.000    24614830.744   102483975.5380       1663.424          30.000  
G21  24058077.218   126426031.1660       2628.675          31.000    24058078.812    98513777.8470       2048.123          38.000  
E33  28799223.985   151340942.5301      -2797.328          23.000    28799241.681   115962573.9280      -2143.577          34.000  
E16  25648704.267   134784906.4530        -15.287          43.000    25648703.610   103276703.2430        -11.546          35.000  
G19  23192503.665   121877421.9970      -1434.009          33.000                                                                  
E12  25706547.883   135088819.9741      -1105.284          20.000    25706570.802   103509691.0950       -848.114          32.000  
E25  28326148.072   148854931.1250       2024.136          30.000    28326158.768   114057684.2380       1551.125          26.000  
G11  22904646.321   120364650.5960        -95.583          45.000    22904640.744    93790729.9910        -74.315          39.000  
E11                                                                  25527457.933   102788496.1080        947.736          29.000  
> 2026  7 21 11 30 40.0080000  0 30                           
G13  23644860.329   124254402.0220       1376.463          41.000    23644856.982    96821686.5640       1072.817          34.000  
S35  40431707.198   212470047.1930       -362.751          33.000  
S33  40687812.477   213815895.4970       -363.730          33.000  
S31  39982311.957   210108486.6520       -364.713          38.000  
E10  26055297.847   136921453.6290         56.022          40.000    26055297.151   104913976.6350         42.848          40.000  
C39  26088815.735   135851307.4690      -2928.998          33.000  
C11  26785784.689   139480712.7600      -2252.424          36.000  
C29  24876009.521   129536039.3720      -1601.088          35.000  
C36  28743454.530   149674709.6081      -3573.616          18.000  
R12  22275000.417   118989011.4710      -2635.729          30.000    22274989.793    92547003.4190      -2049.656          29.000  
R11  25611298.819   136859014.7231      -4868.164          25.000    25611325.180   106446010.6101      -3780.205          22.000  
R13  22911364.554   122345311.4620       1135.842          36.000                                                                  
R23  22753005.845   121713224.7650        202.698          37.000                                                                  
R22  22651498.373   120915121.7030      -1761.484          40.000    22651495.447    94045101.1840      -1370.250          26.000  
G12  23839308.521   125276362.2260       1667.526          44.000    23839310.203    97617981.9890       1299.978          32.000  
E31  27298502.660   143454599.6081      -2644.267          26.000    27298520.161   109919829.3930      -2025.921          27.000  
G06  23640342.192   124230803.3580      -2280.650          38.000    23640333.960    96803215.2081      -1778.063          15.000  
G17  26046387.090   136874726.6480      -2391.261          30.000    26046372.421   106655540.2511      -1866.055          20.000  
E11  25525112.579   134135370.9761       1238.156          22.000    25525107.902   102779030.5830        945.641          29.000  
C26  26066188.686   135733481.5210       -188.046          30.000  
C12  26127222.572   136051274.1180       1413.177          29.000  
C20  26742347.918   139254424.9600        567.670          34.000  
R07  24610834.402   131743752.5330       2133.652          30.000    24610840.515   102467361.3840       1659.393          30.000  
G21  24053077.816   126399760.7650       2623.984          31.000    24053080.018    98493307.3850       2046.028          38.000  
E33  28804547.488   151368918.4631      -2801.036          23.000    28804565.471   115984010.4000      -2143.930          34.000  
E16  25648737.294   134785078.4500        -19.217          43.000    25648736.065   103276835.0430        -14.955          35.000  
G19  23195236.392   121891776.7810      -1436.743          34.000                                                                  
E12  25708660.584   135099923.1541      -1108.704          21.000    25708678.249   103518175.8190       -848.946          32.000  
E25  28322298.196   148834698.4570       2022.330          31.000    28322308.580   114042181.2070       1550.333          26.000  
G11  22904831.108   120365624.2960        -99.096          44.000    22904826.122    93791488.7400        -77.386          39.000  
> 2026  7 21 11 30 50.0080000  0 30                           
G13  23642245.888   124240663.6510       1370.953          41.000    23642242.388    96810981.2950       1068.982          34.000  
S35  40432396.597   212473670.4350       -362.374          33.000  
S33  40688504.089   213819529.6270       -363.021          33.000  
S31  39983005.609   210112132.5520       -364.857          39.000  
E10  26055193.910   136920908.5570         53.281          40.000    26055193.416   104913558.9900         40.609          40.000  
C39  26094443.153   135880611.7280      -2931.818          33.000  
C11  26790110.716   139503239.2960      -2252.853          37.000  
C29  24879083.877   129552052.0250      -1601.745          34.000  
C36  28750313.036   149710424.3871      -3561.064          17.000  
R12  22279940.161   119015402.5300      -2642.797          29.000    22279930.014    92567529.7710      -2055.288          29.000  
R11  25620403.801   136907669.0691      -4868.894          25.000    25620432.270   106483860.8261      -3787.289          23.000  
R13  22909245.855   122333995.8090       1127.450          36.000                                                                  
R23  22752629.648   121711210.9110        199.951          37.000                                                                  
R22  22654799.056   120932743.6560      -1762.758          41.000    22654799.667    94058890.0741      -1370.924          26.000  
G12  23836140.111   125259712.3240       1662.346          44.000    23836141.486    97605008.1020       1294.595          32.000  
E31  27303542.705   143481059.5480      -2645.697          28.000    27303553.371   109940090.8000      -2026.825          28.000  
G06  23644683.777   124253617.4340      -2282.607          38.000                                                                  
G17  26050939.331   136898648.3730      -2393.990          30.000    26050925.308   106674183.2821      -1866.850          21.000  
E11  25522767.951   134123049.8661       1237.348          25.000    25522762.408   102769583.8050        944.161          29.000  
C26  26066554.414   135735380.6500       -192.445          30.000  
C12  26124519.867   136037160.0400       1409.631          30.000  
C20  26741261.634   139248772.5090        563.082          34.000  
R07  24606852.435   131722440.2490       2128.514          30.000    24606858.830   102450785.6680       1655.620          29.000  
G21  24048084.917   126373524.3070       2621.771          31.000    24048087.461    98472863.4680       2042.961          39.000  
E33  28809869.454   151396885.4701      -2789.733          24.000    28809888.684   116005445.1340      -2143.064          34.000  
E16  25648777.507   134785288.5420        -22.844          43.000    25648775.949   103276995.9900        -17.245          35.000  
G19  23197974.822   121906158.2100      -1439.697          35.000                                                                  
E12  25710767.436   135110993.8781      -1108.213          22.000    25710789.799   103526678.4570       -850.971          32.000  
E25  28318452.883   148814480.6150       2021.274          32.000    28318461.169   114026689.7060       1548.152          26.000  
G11  22905022.930   120366633.3470       -102.730          44.000    22905017.851    93792275.0060        -79.634          38.000  
> 2026  7 21 11 31  0.0080000  0 31                           
G13  23639641.557   124226978.9340       1365.497          40.000    23639637.957    96800317.9020       1064.121          34.000  
S35  40433085.365   212477291.0230       -362.755          33.000  
S33  40689195.310   213823163.8020       -363.423          33.000  
S31  39983699.207   210115776.7560       -364.783          39.000  
E10  26055095.377   136920391.1850         50.027          40.000    26055095.103   104913162.5330         38.417          40.000  
C39  26100075.698   135909940.7790      -2934.674          34.000  
C11  26794436.792   139525766.3540      -2253.396          37.000  
C29  24882159.611   129568071.6290      -1602.410          34.000  
C36  28757170.404   149746132.6461      -3575.228          18.000  
R12  22284894.000   119041866.5380      -2650.356          28.000    22284883.406    92588112.9550      -2061.860          28.000  
R11  25629521.858   136956393.1161      -4870.607          25.000    25629546.249   106521740.2761      -3785.759          23.000  
R13  22907142.442   122322761.4280       1119.397          36.000                                                                  
R23  22752258.228   121709221.6190        197.465          37.000                                                                  
R22  22658102.596   120950379.0500      -1764.486          41.000    22658096.772    94072579.4341      -1374.885          23.000  
R06  25602837.730   136621647.5711      -1328.073          16.000                                                                  
G12  23832981.637   125243113.5530       1656.871          44.000    23832982.896    97592073.9710       1290.997          32.000  
E31  27308585.505   143507527.6490      -2648.566          29.000    27308589.844   109960371.5190      -2029.428          28.000  
G06  23649028.949   124276450.7030      -2284.459          38.000                                                                  
G17  26055493.050   136922582.4280      -2394.226          30.000    26055475.671   106692817.1211      -1867.899          20.000  
E11  25520428.810   134110757.9411       1229.896          27.000    25520420.247   102760155.8020        941.645          29.000  
C26  26066929.062   135737330.6890       -197.742          29.000  
C12  26121817.285   136023081.0280       1405.402          31.000  
C20  26740184.957   139243166.8180        557.622          33.000  
R07  24602879.256   131701177.1050       2123.965          31.000    24602881.511   102434227.2390       1651.402          29.000  
G21  24043098.715   126347321.9420       2617.987          31.000    24043101.580    98452446.0430       2040.142          39.000  
E33  28815196.580   151424879.2061      -2797.552          25.000    28815211.625   116026878.0910      -2143.460          34.000  
E16  25648825.050   134785536.6670        -27.087          43.000    25648822.625   103277186.1410        -20.820          35.000  
G19  23200718.872   121920566.1710      -1442.896          34.000                                                                  
E12  25712883.565   135122114.8101      -1115.325          22.000    25712906.132   103535198.7490       -853.146          32.000  
E25  28314607.695   148794277.6850       2019.099          32.000    28314616.361   114011209.5270       1546.683          26.000  
G11  22905221.516   120367677.5570       -106.625          44.000    22905215.851    93793088.6750        -83.215          37.000  
> 2026  7 21 11 31 10.0080000  0 32                           
G13  23637048.159   124213351.4770       1360.784          39.000    23637044.361    96789699.0830       1060.890          34.000  
S35  40433774.484   212480912.5180       -361.249          33.000  
S33  40689886.397   213826795.5900       -361.887          33.000  
S31  39984392.930   210119421.1130       -363.426          38.000  
E10  26055002.517   136919904.9760         47.718          40.000    26055002.750   104912789.9850         36.768          40.000  
C39  26105713.834   135939298.0650      -2936.164          35.000  
C11  26798763.235   139548297.4380      -2252.555          37.000  
C29  24885237.706   129584101.6840      -1602.730          33.000  
C36  28764021.011   149781805.5171      -3562.890          20.000  
R12  22289862.306   119068407.0360      -2657.052          26.000    22289851.765    92608755.4710      -2066.704          27.000  
R11  25638636.746   137005100.7021      -4869.738          26.000    25638661.706   106559625.9791      -3789.790          23.000  
R13  22905054.828   122311611.7460       1111.672          36.000                                                                  
R23  22751892.052   121707260.4700        195.413          37.000                                                                  
R22  22661408.956   120968031.3870      -1765.198          41.000                                                                  
R06  25605343.960   136635021.3261      -1334.214          22.000                                                                  
G12  23829833.581   125226569.4640       1652.428          44.000    23829833.868    97579182.4560       1286.781          32.000  
E31  27313633.316   143534024.3560      -2650.543          29.000    27313631.311   109980674.1410      -2030.434          28.000  
G06  23653378.491   124299306.6200      -2285.879          38.000                                                                  
G17  26060049.872   136946532.3440      -2394.171          30.000    26060035.708   106711489.0781      -1875.027          20.000  
E11  25518093.138   134098488.6810       1226.956          27.000    25518085.618   102750749.0120        940.669          29.000  
C35  24936626.990   129851547.7050        537.806          27.000  
C26  26067313.234   135739335.1430       -202.301          29.000  
C12  26119121.546   136009040.6540       1402.893          32.000  
C20  26739117.288   139237611.4690        553.816          33.000  
R07  24598916.391   131679966.4340       2119.948          31.000    24598919.404   102417730.0730       1648.196          28.000  
G21  24038121.287   126321157.2160       2614.696          31.000    24038122.610    98432057.9370       2038.269          39.000  
E33  28820525.753   151452884.1321      -2796.422          26.000    28820535.120   116048311.8790      -2142.779          34.000  
E16  25648879.915   134785826.3530        -30.127          42.000    25648877.832   103277408.1070        -23.101          35.000  
G19  23203467.085   121935004.1470      -1444.244          34.000                                                                  
E12  25715012.329   135133301.0241      -1119.124          25.000    25715027.684   103543739.4820       -854.516          33.000  
E25  28310766.941   148774093.1420       2018.009          32.000    28310774.801   113995743.4400       1546.252          26.000  
G11  22905427.443   120368760.4250       -109.522          45.000    22905421.285    93793932.4710        -85.212          36.000  
> 2026  7 21 11 31 20.0080000  0 33                           
G13  23634463.831   124199773.4850       1355.251          38.000    23634460.733    96779118.8260       1056.777          35.000  
S35  40434462.287   212484526.9070       -360.392          33.000  
S33  40690575.591   213830420.0010       -362.298          33.000  
S31  39985084.947   210123058.9990       -363.163          39.000  
E10  26054914.019   136919442.0330         45.309          40.000    26054914.724   104912435.2810         34.627          40.000  
C39  26111356.091   135968675.6430      -2938.373          35.000  
C11  26803089.290   139570824.6970      -2252.334          37.000  
C29  24888316.213   129600134.3320      -1603.790          32.000  
C36  28770871.138   149817475.9861      -3569.688          20.000  
R12  22294839.130   119095028.2931      -2663.944          24.000    22294833.116    92629451.0850      -2071.599          27.000  
R11  25647749.983   137053799.5121      -4870.757          25.000    25647775.028   106597502.8381      -3788.513          24.000  
R13  22902981.713   122300538.9750       1103.521          36.000                                                                  
R23  22751529.831   121705319.3200        193.375          37.000                                                                  
R22  22664717.240   120985692.6710      -1766.633          40.000    22664698.717    94099989.3291      -1361.746          20.000  
R06  25607865.535   136648476.8011      -1341.928          24.000                                                                  
G12  23826694.162   125210072.3890       1647.472          44.000    23826694.307    97566327.5470       1284.245          32.000  
E31  27318677.415   143560541.7600      -2652.826          29.000    27318677.255   110000992.6900      -2032.574          29.000  
G06  23657731.090   124322177.2650      -2287.962          37.000                                                                  
G17  26064607.936   136970490.3060      -2395.739          31.000    26064596.308   106730163.7821      -1869.309          20.000  
E11  25515760.581   134086232.0930       1224.301          28.000    25515753.461   102741357.6310        938.199          29.000  
C35  24935601.350   129846174.9330        536.635          29.000  
C26  26067705.717   135741386.1020       -207.084          29.000  
C12  26116431.291   135995031.1960       1399.408          33.000  
C20  26738058.499   139232098.6610        549.275          33.000  
R07  24594962.503   131658800.6920       2115.011          32.000    24594966.001   102401271.7730       1644.847          29.000  
G21  24033149.302   126295022.2620       2611.962          31.000    24033149.348    98411693.0890       2035.474          39.000  
G22  25984589.299   136549938.2391      -3685.602          18.000                                                                  
E33  28825853.837   151480871.9500      -2795.993          27.000    28825857.008   116069740.3870      -2142.089          34.000  
E16  25648941.562   134786149.7490        -33.888          42.000    25648939.381   103277655.9180        -26.061          35.000  
G19  23206219.873   121949464.4210      -1447.510          33.000                                                                  
E12  25717137.341   135144468.0971      -1117.018          25.000    25717152.422   103552294.4350       -856.019          33.000  
E25  28306927.408   148753919.2130       2016.505          32.000    28306937.038   113980304.6431       1545.482          26.000  
G11  22905639.283   120369874.0240       -112.891          45.000    22905632.442    93794800.2250        -87.982          35.000  
> 2026  7 21 11 31 30.0080000  0 32                           
G13  23631890.222   124186252.3900       1349.645          36.000    23631887.853    96768582.9340       1051.681          35.000  
S35  40435150.465   212488142.0950       -361.557          33.000  
S33  40691265.577   213834044.9880       -362.226          33.000  
S31  39985777.408   210126696.7820       -363.775          39.000  
E10  26054831.440   136919009.7180         41.811          40.000    26054832.660   104912104.0280         31.952          40.000  
C39  26117003.644   135998080.8140      -2941.943          35.000  
C11  26807415.664   139593355.4770      -2253.207          36.000  
C29  24891396.729   129616176.9250      -1605.512          32.000  
C36  28777713.519   149853105.8771      -3562.890          19.000  
R12  22299827.574   119121675.7711      -2671.122          27.000    22299829.202    92650205.6590      -2078.691          28.000  
R11  25656864.165   137102503.0331      -4869.745          25.000    25656884.933   106635366.3691      -3787.454          24.000  
R13  22900924.499   122289550.7440       1094.691          36.000                                                                  
R23  22751173.157   121703405.6380        190.063          37.000                                                                  
R22  22668028.381   121003370.2790      -1768.627          40.000    22668011.245    94113742.3261      -1361.485          19.000  
R06  25610398.644   136661993.9791      -1352.123          27.000                                                                  
G12  23823565.119   125193629.7370       1641.470          44.000    23823564.871    97553515.0750       1279.058          31.000  
E31  27323725.097   143587087.2420      -2656.104          29.000    27323728.088   110021332.6860      -2034.973          29.000  
G06  23662088.049   124345069.8840      -2290.355          37.000                                                                  
G17  26069169.196   136994463.7210      -2397.769          30.000    26069153.744   106748825.7791      -1873.100          19.000  
E11  25513436.410   134074002.7740       1221.236          29.000    25513426.256   102731987.1380        936.038          29.000  
C35  24934568.795   129840815.8570        534.971          31.000  
C26  26068107.500   135743490.9990       -213.219          29.000  
C12  26113748.363   135981060.0650       1394.946          34.000  
C20  26737009.458   139226635.7750        544.274          33.000  
R07  24591019.805   131637687.8920       2108.075          32.000    24591022.556   102384850.6970       1640.041          29.000  
G21  24028183.627   126268924.6550       2609.131          32.000    24028183.251    98391357.3530       2032.106          39.000  
E33  28831173.869   151508838.5520      -2796.897          26.000    28831178.703   116091169.3430      -2143.175          34.000  
E16  25649010.734   134786514.2800        -38.391          42.000    25649008.420   103277935.2430        -29.587          35.000  
G19  23208976.116   121963954.2010      -1450.446          32.000                                                                  
E12  25719267.697   135155663.0311      -1120.900          26.000    25719282.119   103560869.3500       -858.787          33.000  
E25  28303092.769   148733763.2780       2014.836          33.000    28303101.452   113964860.5201       1544.038          26.000  
G11  22905858.281   120371025.7130       -117.076          46.000    22905850.744    93795697.6570        -91.902          34.000  
> 2026  7 21 11 31 40.0080000  0 33                           
G13  23629326.866   124172787.2300       1343.425          34.000    23629324.971    96758090.5900       1047.173          35.000  
S35  40435838.136   212491755.4780       -362.326          33.000  
S33  40691955.582   213837669.2740       -362.474          33.000  
S31  39986469.363   210130333.6720       -363.834          39.000  
E10  26054754.677   136918606.9220         38.296          39.000    26054756.052   104911795.3970         29.275          40.000  
C39  26122655.832   136027512.3600      -2944.739          36.000  
C11  26811743.149   139615888.7150      -2253.990          37.000  
C29  24894479.019   129632228.3430      -1605.908          33.000  
C36  28784562.334   149888769.4351      -3557.850          19.000  
R12  22304840.298   119148437.3050      -2679.176          30.000    22304838.647    92671018.0650      -2084.172          28.000  
R11  25665976.566   137151196.1331      -4872.550          25.000    25665997.420   106673239.2111      -3788.771          25.000  
R13  22898882.710   122278645.9200       1086.056          36.000                                                                  
R23  22750820.400   121701518.3420        187.565          36.000                                                                  
R22  22671341.993   121021063.0310      -1769.885          40.000    22671326.899    94127507.8921      -1383.663          18.000  
R06  25612943.494   136675555.3200      -1360.346          27.000                                                                  
G12  23820446.358   125177240.5580       1635.897          44.000    23820446.063    97540744.2900       1274.976          32.000  
E31  27328783.538   143613659.6570      -2659.088          29.000    27328784.887   110041693.3510      -2036.981          29.000  
G06  23666448.714   124367983.3940      -2292.793          36.000                                                                  
G17  26073733.142   137018451.4580      -2399.745          30.000    26073711.872   106767490.9461      -1872.326          18.000  
E11  25511110.860   134061799.7750       1218.568          29.000    25511104.944   102722636.8090        933.607          28.000  
C35  24933543.259   129835469.4860        532.881          31.000  
C26  26068519.874   135745648.6690       -218.702          28.000  
C12  26111072.688   135967126.2600       1390.900          34.000  
C20  26735969.513   139221221.9000        538.009          32.000  
R07  24587086.763   131616626.5100       2102.634          33.000    24587086.344   102368469.6680       1636.102          28.000  
R21  26818699.968   143512279.8701      -3100.379          16.000                                                                  
G21  24023225.052   126242863.5380       2603.986          32.000    24023224.242    98371049.9370       2028.949          39.000  
E33  28836496.150   151536809.4930      -2796.471          25.000    28836500.123   116112597.7970      -2142.915          33.000  
E16  25649087.193   134786918.8830        -42.768          42.000    25649085.524   103278245.2380        -32.197          35.000  
G19  23211737.811   121978472.5210      -1453.162          32.000                                                                  
E12  25721402.678   135166884.7570      -1122.723          26.000    25721417.086   103569463.2850       -860.737          33.000  
E25  28299262.225   148713624.3820       2012.623          33.000    28299270.618   113949435.3441       1541.750          26.000  
G11  22906084.823   120372214.3630       -120.968          46.000    22906076.076    93796623.8750        -94.721          32.000  
> 2026  7 21 11 31 50.0080000  0 33                           
G13  23626773.450   124159374.6060       1338.966          31.000    23626772.778    96747639.2370       1042.442          35.000  
S35  40436525.100   212495365.0510       -360.680          34.000  
S33  40692644.750   213841288.7930       -362.778          33.000  
S31  39987160.495   210133966.7690       -363.143          39.000  
E10  26054682.479   136918230.1720         36.315          39.000    26054684.619   104911506.7250         27.654          40.000  
C39  26128312.725   136056966.8200      -2946.741          36.000  
C11  26816069.763   139638420.9930      -2253.030          36.000  
C29  24897562.829   129648285.2210      -1605.747          33.000  
C36  28791405.023   149924401.2421      -3555.940          19.000  
R12  22309864.315   119175286.0510      -2687.281          33.000    22309862.107    92691885.6130      -2089.951          28.000  
R11  25675092.017   137199906.3831      -4870.537          25.000    25675119.187   106711150.9681      -3787.616          25.000  
R13  22896855.327   122267821.0960       1078.603          36.000                                                                  
R23  22750471.743   121699654.0070        185.131          35.000                                                                  
R22  22674658.355   121038767.3910      -1771.026          39.000    22674639.140    94141259.9741      -1374.157          16.000  
R06  25615493.231   136689191.3440      -1367.081          28.000                                                                  
G12  23817336.779   125160901.4440       1631.304          44.000    23817336.965    97528012.5270       1270.690          32.000  
E31  27333843.630   143640255.5790      -2660.992          28.000    27333846.054   110062072.0220      -2039.014          29.000  
G06  23670812.877   124390914.2510      -2293.924          36.000                                                                  
G17  26078299.914   137042450.1710      -2400.458          30.000    26078282.437   106786206.4251      -1866.102          20.000  
E11  25508795.096   134049619.6380       1216.030          30.000    25508786.382   102713303.9330        932.290          28.000  
C35  24932519.646   129830132.3780        532.656          32.000  
C26  26068942.406   135747855.7400       -223.426          29.000  
C12  26108403.446   135953226.4730       1388.117          35.000  
C20  26734938.012   139215853.5200        535.321          32.000  
R07  24583162.938   131595613.2440       2098.967          33.000    24583166.126   102352126.0520       1632.224          27.000  
R21  26824518.928   143543418.4631      -3110.386          19.000                                                                  
G21  24018272.354   126216835.3790       2600.712          32.000    24018271.143    98350768.2610       2026.566          40.000  
E33  28841815.221   151564771.4550      -2796.094          26.000    28841820.998   116134023.1780      -2142.894          33.000  
E16  25649170.986   134787360.1640        -45.946          41.000    25649169.486   103278583.4100        -35.372          35.000  
G19  23214505.106   121993015.9480      -1455.853          33.000                                                                  
E12  25723546.239   135178122.0010      -1125.107          27.000    25723555.226   103578073.6010       -861.935          33.000  
E25  28295432.472   148693499.1530       2011.710          34.000    28295441.748   113934016.5360       1541.548          27.000  
G11  22906317.656   120373436.5190       -123.969          46.000    22906307.853    93797576.1530        -96.773          31.000  
> 2026  7 21 11 32  0.0080000  0 33                           
G13  23624230.305   124146018.8630       1332.480          29.000    23624230.903    96737232.1060       1038.334          35.000  
S35  40437211.597   212498974.1870       -361.555          34.000  
S33  40693333.163   213844909.9040       -361.933          33.000  
S31  39987851.883   210137599.3910       -363.699          39.000  
E10  26054616.438   136917883.6910         32.776          39.000    26054618.517   104911241.2370         25.202          40.000  
C39  26133974.458   136086448.2940      -2949.609          37.000  
C11  26820396.945   139660956.5500      -2254.628          35.000  
C29  24900648.659   129664351.7760      -1607.388          33.000  
C36  28798244.630   149960016.7431      -3559.305          17.000  
R12  22314901.334   119202190.8300      -2694.719          36.000    22314899.268    92712811.4550      -2094.383          28.000  
R11  25684209.058   137248625.7431      -4871.622          25.000    25684233.542   106749032.7991      -3788.487          24.000  
R13  22894843.895   122257080.7160       1069.425          36.000                                                                  
R23  22750127.670   121697816.7220        182.129          33.000                                                                  
R22  22677977.659   121056487.7020      -1772.871          39.000    22677960.733    94155050.9311      -1377.339          16.000  
R06  25618061.134   136702905.7130      -1375.749          29.000                                                                  
G12  23814238.072   125144616.7850       1625.416          44.000    23814237.925    97515323.1480       1266.655          32.000  
E31  27338910.356   143666879.1410      -2663.953          29.000    27338912.382   110082471.8680      -2041.022          29.000  
G06  23675180.494   124413866.6500      -2296.800          35.000                                                                  
G17  26082869.634   137066464.1560      -2402.344          31.000    26082850.561   106804912.5621      -1868.569          19.000  
E11  25506481.579   134037466.5510       1212.868          30.000    25506472.887   102703991.8590        929.995          28.000  
C35  24931498.594   129824808.6900        531.428          34.000  
C26  26069376.560   135750116.4110       -229.391          29.000  
C12  26105741.669   135939364.9840       1384.399          35.000  
C20  26733916.630   139210535.0230        529.321          32.000  
R07  24579248.070   131574652.9460       2092.719          34.000    24579244.945   102335831.6280       1627.715          27.000  
R21  26830340.412   143574570.3351      -3104.504          19.000    26830300.828   111668945.8121      -2418.948          16.000  
G21  24013327.485   126190844.5810       2597.673          32.000    24013325.379    98330515.7090       2023.540          39.000  
E33  28847138.297   151592733.5660      -2796.827          25.000    28847142.085   116155448.6290      -2143.042          33.000  
E16  25649262.411   134787842.3990        -50.521          41.000    25649260.960   103278952.9020        -38.646          35.000  
G19  23217280.427   122007588.8580      -1458.856          34.000                                                                  
E12  25725691.898   135189384.7680      -1127.737          29.000    25725698.808   103586703.4960       -863.912          33.000  
E25  28291604.396   148673391.8970       2009.504          34.000    28291614.817   113918609.6930       1539.367          27.000  
G11  22906557.747   120374696.3600       -128.187          46.000    22906541.518    93798557.8990        -99.793          30.000  
> 2026  7 21 11 32 10.0080000  0 33                           
G13  23621698.583   124132728.2570       1326.307          27.000    23621701.498    96726875.7820       1032.933          35.000  
S35  40437900.214   212502592.0600       -361.671          33.000  
S33  40694023.479   213848538.0810       -363.082          33.000  
S31  39988544.931   210141240.7530       -363.994          39.000  
E10  26054557.862   136917575.6210         29.093          39.000    26054559.900   104911005.1960         22.275          40.000  
C39  26139642.733   136115964.8070      -2952.893          37.000  
C11  26824726.263   139683503.3860      -2254.346          35.000  
C29  24903737.804   129680436.0750      -1608.987          34.000  
C36  28805076.122   149995589.9641      -3548.945          18.000  
R12  22319953.983   119229178.8260      -2702.676          37.000                                                                  
R11  25693331.530   137297372.6481      -4874.345          25.000    25693350.126   106786923.2531      -3789.412          24.000  
R13  22892850.159   122246433.0630       1060.226          36.000                                                                  
R23  22749789.809   121696014.8230        178.045          32.000                                                                  
R22  22681301.684   121074232.2210      -1775.300          39.000    22681274.294    94168807.9361      -1374.583          16.000  
R06  25620648.085   136716706.6630      -1384.238          28.000                                                                  
G12  23811151.108   125128394.8160       1619.253          43.000    23811151.094    97502682.6540       1261.372          32.000  
E31  27343983.351   143693538.5070      -2667.450          28.000    27343985.451   110102899.1680      -2043.842          29.000  
G06  23679553.060   124436848.6780      -2299.825          33.000                                                                  
G17  26087444.789   137090501.5380      -2404.321          31.000    26087422.604   106823634.3541      -1863.170          20.000  
E11  25504175.164   134025348.6740       1209.824          30.000    25504167.573   102694706.7830        927.113          27.000  
C35  24930482.015   129819506.5680        529.072          34.000  
C26  26069823.034   135752438.7440       -234.267          31.000  
C12  26103088.518   135925549.9790       1379.321          36.000  
C20  26732905.998   139205274.4770        523.892          32.000  
R07  24575345.514   131553753.7690       2086.629          34.000    24575341.892   102319576.6780       1622.836          27.000  
R21  26836151.633   143605668.1721      -3098.863          16.000    26836114.953   111693144.7091      -2413.771          17.000  
G21  24008390.057   126164899.4440       2592.766          31.000    24008388.306    98310298.7450       2019.983          39.000  
E33  28852461.440   151620707.9131      -2796.879          25.000    28852464.600   116176880.3700      -2142.789          32.000  
E16  25649363.157   134788373.7980        -55.433          41.000    25649362.201   103279360.0970        -42.458          35.000  
G19  23220061.845   122022199.3340      -1462.280          36.000                                                                  
E12  25727840.512   135200681.2460      -1131.127          29.000    25727848.404   103595359.2420       -866.530          33.000  
E25  28287782.397   148653310.7780       2007.480          34.000    28287792.575   113903222.8580       1538.153          27.000  
G11  22906806.531   120376002.0440       -132.600          46.000    22906784.994    93799575.3600       -103.215          29.000  
