     3.05           O: OBSERVATION      M: MIXED            RINEX VERSION / TYPE
PYRINEXCONV 0.1.2 ALDELTUNES            20260721 102142 UTC PGM / RUN BY / DATE
UNKN                                                        MARKER NAME
NONE                                                        MARKER TYPE
                                                            OBSERVER / AGENCY
                                                            REC # / TYPE / VERS
                                                            ANT # / TYPE
   114761.7845 -5422065.2724  3559603.6153                  APPROX POSITION XYZ
        0.0000        0.0000        0.0000                  ANTENNA: DELTA H/E/N
G    8 C1C L1C D1C S1C C2L L2L D2L S2L                      SYS / # / OBS TYPES
S    4 C1C L1C D1C S1C                                      SYS / # / OBS TYPES
E    8 C1C L1C D1C S1C C7Q L7Q D7Q S7Q                      SYS / # / OBS TYPES
C    4 C2I L2I D2I S2I                                      SYS / # / OBS TYPES
R    8 C1C L1C D1C S1C C2C L2C D2C S2C                      SYS / # / OBS TYPES
DBHZ                                                        SIGNAL STRENGTH UNIT
    10.000                                                  INTERVAL
  2026     7    21    10    12    0.0060000     GPS         TIME OF FIRST OBS
  2026     7    21    10    22    0.0070000     GPS         TIME OF LAST OBS
  9 R05  1 R06 -4 R10 -7 R11  0 R12 -1 R13 -2 R21  4 R22 -3 GLONASS SLOT / FRQ
    R23  3                                                  GLONASS SLOT / FRQ
 C1C    0.000 C1P    0.000 C2C    0.000 C2P    0.000        GLONASS COD/PHS/BIS
    18        2428     2GPS                                 LEAPSECONDS
    39                                                      # OF SATELLITES
                                                            END OF HEADER
> 2026  7 21 10 12  0.0060000  0 35                           
G13  25765481.615   135398489.0920       2982.965          28.000    25765469.634   105505320.8330       2323.834          26.000  
S35  40092912.181   210689677.4460       -401.505          33.000  
S33  40348543.070   212033022.5240       -401.664          33.000  
S31  39642020.901   208320250.9080       -402.812          39.000  
G24  25055322.186   131666606.3411      -1572.960          20.000                                                                  
E10  26794790.194   140807604.0070       1596.043          37.000    26794788.056   107891541.5140       1222.747          39.000  
C32  28357157.916   147663161.8771        257.139          23.000  
C11  24833723.455   129315838.4360      -1993.569          40.000  
C29  23664780.784   123228732.0460      -1001.090          32.000  
C30  26322122.045   137066159.5780      -2682.046          33.000  
C36  25500939.139   132790033.8550      -3300.122          39.000  
R12  21712595.749   115984783.3800       1348.688          27.000    21712573.812    90210259.2880       1049.318          35.000  
R11  21898252.552   117017669.9400      -3026.113          38.000    21898258.391    91013690.7990      -2353.488          37.000  
R23  23628998.332   126399200.0650       1890.763          26.000                                                                  
R22  21634946.523   115488860.8690       -279.828          43.000    21634930.762    89824567.4231       -218.988          25.000  
G12  26142036.724   137377332.1880       3085.729          27.000    26142027.855   107047233.7211       2422.739          14.000  
E31  25578789.475   134417463.4680      -1161.217          33.000    25578794.966   102995214.1690       -890.197          37.000  
G06  22287604.101   117122224.6330       -480.964          38.000    22287603.038    91264020.4980       -374.856          41.000  
E23  28970553.720   152241286.9171      -2792.910          15.000    28970519.840   116652278.5411      -2143.691          23.000  
G17  24158757.053   126955090.7930      -1872.424          39.000    24158742.235    98926010.7181      -1459.640          23.000  
C35  25747197.595   134072414.2381       1287.964          22.000  
C39  24264279.621   126350505.2560       -892.094          32.000  
C26  26959838.737   140386964.4090       1990.002          31.000  
C20  28051055.356   146069205.3971       1986.290          24.000  
R21  23815204.151   127439984.9470      -3482.602          31.000    23815206.450    99119997.8010      -2708.766          27.000  
R05  26341749.515   140811747.6551       -271.508          14.000                                                                  
E33  26451363.366   139002846.0890      -2244.194          30.000    26451360.715   106508671.7950      -1719.651          30.000  
E16  26340702.463   138421367.1610       1365.960          33.000    26340698.068   106063060.2530       1046.613          39.000  
G14  24014179.956   126195367.3051      -3331.526          22.000    24014169.244    98334008.3071      -2595.457          25.000  
G19  22438788.794   117916616.4520       -329.001          31.000                                                                  
E12  25386112.084   133404944.2690        498.184          28.000    25386105.539   102219345.7110        381.408          29.000  
G11  23685868.817   124470149.2880       1854.669          33.000    23685854.317    96989607.5960       1445.286          28.000  
G22  23263815.329   122252113.6730      -2137.001          39.000                                                                  
E11                                                                  27164786.376   109381337.9701       1785.388          24.000  
G03                                                                  25885789.323   105997979.4591      -1989.240          19.000  
> 2026  7 21 10 12 10.0060000  0 36                           
G13  25759807.457   135368670.1700       2981.110          28.000    25759795.671   105482085.2930       2322.766          26.000  
S35  40093676.522   210693694.3840       -401.849          33.000  
S33  40349307.234   212037039.9040       -402.451          33.000  
S31  39642787.519   208324278.0480       -402.580          39.000  
G24  25058329.689   131682410.3461      -1587.429          18.000                                                                  
E10  26791757.285   140791661.5690       1592.477          37.000    26791754.283   107879325.8970       1220.239          39.000  
C32  28356661.040   147660574.4241        253.123          22.000  
C11  24837553.651   129335781.2590      -1995.029          40.000  
C29  23666704.779   123238750.8030      -1003.025          33.000  
C30  26327272.940   137092978.2630      -2682.295          33.000  
C36  25507279.095   132823046.2680      -3302.533          39.000  
R12  21710075.820   115971329.4370       1341.483          26.000    21710054.691    90199795.0550       1043.663          35.000  
R11  21903922.910   117047966.4340      -3033.318          39.000    21903927.964    91037254.7550      -2359.179          36.000  
R23  23625466.426   126380309.2010       1886.676          28.000                                                                  
R22  21635475.838   115491685.6010       -285.068          43.000    21635460.438    89826767.5180       -221.642          27.000  
G12  26136166.450   137346475.6740       3085.006          27.000    26136155.938   107023188.5161       2403.254          17.000  
E31  25581003.070   134429093.3310      -1165.013          33.000    25581008.057   103004125.3280       -892.495          37.000  
G06  22288524.996   117127060.8910       -486.736          39.000    22288523.763    91267789.0090       -379.029          42.000  
G17  24162320.452   126973817.6000      -1873.150          40.000    24162303.126    98940591.6641      -1454.569          23.000  
C35  25744731.002   134059570.0841       1280.031          25.000  
C39  24265997.769   126359450.2150       -897.186          31.000  
C26  26956022.283   140367087.1330       1985.640          31.000  
C20  28047243.208   146049354.6831       1984.138          23.000  
R21  23821714.967   127474815.3300      -3483.161          31.000    23821715.287    99147088.0880      -2709.261          26.000  
R05  26342268.926   140814523.7411       -272.810          15.000                                                                  
G03  25890626.256   136056158.9551      -2543.941          15.000    25890637.938   106017833.5301      -1980.862          21.000  
E33  26455637.214   139025307.5000      -2248.135          30.000    26455634.737   106525882.4600      -1722.040          30.000  
E16  26338106.021   138407716.9210       1363.759          33.000    26338100.845   106052600.9910       1045.060          39.000  
G14  24020527.813   126228725.4491      -3331.355          20.000    24020511.643    98359979.3291      -2599.019          24.000  
G19  22439418.941   117919921.0220       -331.617          32.000                                                                  
E12  25385167.042   133399987.5560        493.564          27.000    25385162.075   102215547.7010        378.410          29.000  
G11  23682346.195   124451626.1440       1849.897          31.000    23682331.363    96975173.9960       1441.590          28.000  
G22  23267886.207   122273505.7600      -2141.847          39.000                                                                  
E11                                                                  27160349.642   109363472.8181       1784.881          25.000  
E23                                                                  28975847.583   116673731.1681      -2147.541          22.000  
R06                                                                  25965854.254   107767934.2631       1440.254          25.000  
> 2026  7 21 10 12 20.0060000  0 35                           
G13  25754135.728   135338863.1330       2980.194          28.000    25754124.479   105458834.0361       2321.211          26.000  
S35  40094441.014   210697710.5590       -401.639          33.000  
S33  40350072.037   212041056.2410       -401.596          33.000  
S31  39643553.556   208328303.7550       -402.177          39.000  
G24  25061342.143   131698241.7911      -1588.787          17.000                                                                  
E10  26788730.423   140775750.6190       1590.103          37.000    26788726.499   107867134.4080       1218.198          38.000  
C32  28356179.033   147658064.4381        244.373          20.000  
C11  24841385.688   129355735.6110      -1995.917          40.000  
C29  23668633.073   123248788.5240      -1004.008          33.000  
C30  26332423.474   137119796.6770      -2681.110          34.000  
C36  25513623.636   132856083.0680      -3304.523          39.000  
R12  21707570.886   115957946.5711       1335.950          25.000    21707549.928    90189389.2330       1038.314          35.000  
R11  21909606.610   117078332.6800      -3039.830          40.000    21909609.927    91060872.9440      -2363.955          36.000  
R23  23621944.721   126361459.1600       1883.257          28.000                                                                  
R22  21636014.490   115494558.7540       -289.525          43.000    21636003.403    89829002.2530       -225.570          29.000  
G12  26130296.181   137315628.5280       3084.968          27.000    26130290.578   106999171.2681       2408.436          18.000  
E31  25583220.796   134440754.7650      -1167.439          34.000    25583227.352   103013060.7280       -894.616          37.000  
G06  22289454.981   117131950.4110       -491.168          39.000    22289454.497    91271599.0640       -382.868          42.000  
G17  24165885.660   126992552.7810      -1873.688          40.000    24165872.182    98955206.1211      -1456.490          25.000  
C35  25742267.386   134046740.8601       1277.303          26.000  
C39  24267726.096   126368448.7000       -901.909          29.000  
C26  26952211.936   140347243.1560       1983.310          31.000  
C20  28043430.352   146029500.4741       1982.490          23.000  
R21  23828226.192   127509650.4070      -3484.085          32.000    23828225.006    99174181.9170      -2708.736          25.000  
R05  26342795.364   140817337.8101       -282.965          13.000                                                                  
G03  25895488.885   136081711.9881      -2554.765          19.000    25895493.220   106037715.2221      -1999.810          19.000  
E33  26459917.981   139047794.4660      -2249.630          30.000    26459913.825   106543112.7150      -1723.740          30.000  
E16  26335511.948   138394083.9190       1362.381          33.000    26335506.541   106042154.9070       1044.306          39.000  
G14  24026874.649   126262078.3061      -3335.994          19.000    24026859.389    98385971.7091      -2601.966          23.000  
G19  22440052.342   117923245.3350       -332.881          33.000                                                                  
E12  25384229.645   133395070.4950        489.804          26.000    25384226.749   102211780.0470        375.688          29.000  
G11  23678830.921   124433143.1710       1846.886          30.000    23678814.813    96960771.6660       1438.816          27.000  
G22  23271965.080   122294939.9990      -2145.072          39.000                                                                  
E11                                                                  27155917.087   109345624.6781       1783.442          25.000  
E23                                                                  28981178.502   116695196.4761      -2152.658          21.000  
> 2026  7 21 10 12 30.0060000  0 36                           
G13  25748466.707   135309068.2280       2978.699          29.000    25748453.966   105435614.3191       2320.365          26.000  
S35  40095205.196   210701726.1410       -401.463          33.000  
S33  40350836.184   212045071.8730       -401.937          33.000  
S31  39644319.497   208332329.6500       -402.962          39.000  
G24  25064370.553   131714155.8171      -1588.353          18.000    25064357.306   102634352.8301      -1243.500          24.000  
E10  26785709.380   140759871.3540       1586.112          37.000    26785704.869   107854967.1960       1215.095          38.000  
C32  28355697.015   147655555.3791        239.379          20.000  
C11  24845220.105   129375701.5770      -1997.450          40.000  
C29  23670564.433   123258845.4590      -1006.749          34.000  
C30  26337573.979   137146615.0060      -2681.688          35.000  
C36  25519972.563   132889144.3240      -3307.751          39.000  
R12  21705087.372   115944679.9661       1325.656          25.000    21705059.380    90179041.9700       1031.448          35.000  
R11  21915303.418   117108768.8770      -3047.476          40.000    21915304.942    91084545.5470      -2370.228          35.000  
R23  23618422.073   126342650.1210       1878.859          28.000                                                                  
R22  21636561.870   115497480.4620       -294.971          43.000    21636555.413    89831310.6720       -229.388          30.000  
G12  26124426.449   137284787.6360       3083.193          27.000    26124419.463   106975130.1251       2397.592          18.000  
E31  25585444.977   134452448.0520      -1171.388          34.000    25585452.536   103022020.4900       -897.511          37.000  
G06  22290395.419   117136893.3770       -497.292          39.000    22290395.501    91275450.7360       -387.586          42.000  
G17  24169452.388   127011296.4640      -1875.309          41.000    24169444.686    98969835.4921      -1461.052          25.000  
C35  25739811.341   134033965.7200       1276.257          27.000  
C39  24269464.574   126377500.7920       -908.474          26.000  
C26  26948408.274   140327432.7980       1978.010          32.000  
C20  28039623.756   146009678.3931       1981.901          23.000  
R21  23834738.323   127544490.2000      -3485.004          32.000    23834735.260    99201263.5701      -2711.466          25.000  
R05  26343329.463   140820192.7721       -287.131          14.000                                                                  
G03  25900363.593   136107329.2141      -2556.830          22.000    25900361.965   106057651.8411      -2000.676          17.000  
E33  26464202.056   139070307.1840      -2252.617          30.000    26464197.842   106560362.6600      -1725.652          30.000  
E16  26332921.117   138380468.3170       1360.060          33.000    26332915.692   106031722.2150       1042.239          39.000  
G14  24033214.660   126295394.9761      -3339.907          19.000    24033220.571    98412019.9251      -2610.242          23.000  
G19  22440689.862   117926589.6090       -335.552          33.000                                                                  
E12  25383301.261   133390193.0530        485.268          25.000    25383298.805   102208042.8290        371.912          30.000  
G11  23675323.682   124414700.6870       1841.841          28.000    23675307.180    96946400.7830       1435.401          27.000  
G22  23276051.845   122316416.6030      -2150.048          39.000                                                                  
E11                                                                  27151487.417   109327788.6791       1782.552          25.000  
E23                                                                  28986511.056   116716668.3841      -2140.279          21.000  
R13                                                                  25244341.320   104847068.7541       2735.156          14.000  
> 2026  7 21 10 12 40.0060000  0 35                           
G13  25742800.235   135279289.8280       2976.624          29.000    25742788.554   105412415.4061       2319.484          25.000  
S35  40095970.309   210705745.5780       -402.469          33.000  
S33  40351600.603   212049091.4830       -402.061          33.000  
S31  39645085.882   208336358.8110       -403.470          39.000  
G24  25067409.722   131730127.1621      -1592.663          18.000    25067395.047   102646792.1811      -1245.793          25.000  
E10  26782695.283   140744027.9990       1582.739          37.000    26782689.913   107842827.4930       1212.461          38.000  
C32  28355231.741   147653131.7991        241.035          19.000  
C11  24849057.855   129395683.3480      -1999.240          40.000  
C29  23672500.661   123268925.7120      -1009.422          35.000  
C30  26342725.047   137173437.3660      -2682.401          36.000  
C36  25526327.126   132922234.1250      -3310.236          39.000  
R12  21702609.303   115931443.3050       1317.776          26.000    21702583.952    90168756.7840       1025.522          35.000  
R11  21921014.028   117139278.8370      -3054.743          40.000    21921014.144    91108275.5210      -2376.090          34.000  
R23  23614910.112   126323886.4870       1874.385          29.000                                                                  
R22  21637119.030   115500454.7870       -300.392          42.000    21637112.262    89833624.0650       -233.562          32.000  
G12  26118557.938   137253959.6430       3081.803          27.000    26118554.041   106951112.0451       2398.510          19.000  
E31  25587676.735   134464177.3000      -1174.312          34.000    25587684.392   103031007.8450       -900.308          37.000  
G06  22291346.609   117141893.9150       -502.915          38.000    22291347.316    91279347.2610       -392.066          42.000  
G17  24173021.786   127030052.8770      -1876.415          41.000    24173015.874    98984457.6320      -1461.926          26.000  
C35  25737360.979   134021213.4110       1273.389          27.000  
C39  24271205.571   126386536.1671       -915.381          22.000  
C26  26944612.237   140307660.1790       1975.157          32.000  
C20  28035822.368   145989884.1401       1981.748          23.000  
R21  23841252.119   127579338.6900      -3485.051          33.000                                                                  
R05  26343878.428   140823127.2561       -306.400          13.000                                                                  
G03  25905241.610   136132962.8771      -2567.194          25.000    25905242.406   106077636.8831      -2004.695          16.000  
E33  26468489.543   139092849.7920      -2256.033          30.000    26468487.726   106577635.5360      -1728.039          30.000  
E16  26330332.810   138366874.4740       1358.140          33.000    26330328.814   106021306.1450       1040.564          40.000  
G14  24039568.282   126328783.3361      -3348.082          23.000    24039583.086    98438073.7201      -2609.527          23.000  
G19  22441331.549   117929958.0180       -338.073          34.000                                                                  
E12  25382379.901   133385359.5660        480.621          25.000    25382379.540   102204339.2280        368.951          30.000  
G11  23671823.974   124396302.8030       1837.579          27.000    23671807.329    96932064.7270       1431.853          27.000  
G22  23280147.671   122337939.7670      -2154.857          39.000                                                                  
E11                                                                  27147061.322   109309966.0941       1780.974          25.000  
E23                                                                  28991851.274   116738170.6461      -2160.427          20.000  
> 2026  7 21 10 12 50.0060000  0 34                           
G13  25737136.454   135249529.6890       2975.262          29.000    25737124.276   105389220.6721       2318.456          26.000  
S35  40096736.726   210709770.3820       -402.361          33.000  
S33  40352366.682   212053116.3350       -402.608          33.000  
S31  39645853.808   208340393.1180       -403.449          39.000  
G24  25070462.141   131746167.2501      -1605.079          20.000    25070443.106   102659273.4041      -1250.378          25.000  
E10  26779688.418   140728222.2980       1578.824          37.000    26779682.480   107830716.6310       1209.890          38.000  
C32  28354769.839   147650726.4481        236.692          19.000  
C11  24852898.238   129415682.5310      -2000.211          40.000  
C29  23674441.148   123279030.8880      -1011.600          36.000  
C30  26347877.220   137200265.4340      -2682.724          36.000  
C36  25532687.701   132955354.1230      -3313.324          39.000  
R12  21700130.797   115918301.0590       1310.402          28.000    21700123.049    90158535.0030       1019.766          34.000  
R11  21926738.278   117169864.4570      -3061.937          40.000    21926736.713    91132064.2880      -2381.360          33.000  
R23  23611410.233   126305170.0050       1868.941          30.000                                                                  
R22  21637686.122   115503483.6010       -305.393          42.000    21637680.305    89835979.8270       -237.812          32.000  
G12  26112698.060   137223145.8530       3080.837          27.000    26112686.499   106927085.6701       2395.386          20.000  
E31  25589917.050   134475944.3600      -1178.726          35.000    25589923.698   103040024.1250       -902.832          38.000  
G06  22292308.794   117146953.6840       -508.909          38.000    22292310.460    91283289.9570       -396.511          42.000  
G17  24176593.912   127048823.8150      -1877.534          41.000    24176590.160    98999084.3420      -1463.153          27.000  
C35  25734915.676   134008486.4600       1271.484          27.000  
C26  26940823.106   140287927.1450       1971.948          32.000  
C20  28032021.675   145970092.6801       1980.071          24.000  
R21  23847767.180   127614197.9630      -3486.705          32.000    23847763.656    99255488.7141      -2711.298          25.000  
R05  26344457.519   140826223.3041       -306.400          13.000                                                                  
G03  25910130.272   136158653.5301      -2571.875          26.000    25910130.935   106097654.7541      -2009.806          16.000  
E33  26472785.370   139115423.8780      -2258.727          30.000    26472783.401   106594932.5450      -1730.981          30.000  
E16  26327750.707   138353304.0120       1356.342          33.000    26327746.556   106010908.0390       1039.266          40.000  
G14  24045944.901   126362292.9240      -3350.286          27.000    24045957.886    98464177.3641      -2609.691          22.000  
G19  22441978.287   117933352.2320       -340.173          34.000                                                                  
E12  25381470.963   133380529.7961        476.838          25.000    25381468.565   102200670.6930        366.047          31.000  
G11  23668330.486   124377951.3940       1832.768          28.000    23668316.623    96917764.8960       1428.225          28.000  
G22  23284252.380   122359511.0830      -2159.369          38.000                                                                  
E11                                                                  27142639.593   109292162.1901       1779.798          25.000  
E23                                                                  28997193.979   116759684.2601      -2143.575          20.000  
> 2026  7 21 10 13  0.0060000  0 35                           
G13  25731475.405   135219781.2320       2973.907          28.000    25731463.116   105366039.0621       2316.849          25.000  
S35  40097502.218   210713793.5070       -402.659          34.000  
S33  40353132.064   212057140.1300       -402.269          33.000  
S31  39646621.521   208344426.5600       -403.638          39.000  
G24  25073518.053   131762225.8351      -1614.523          21.000    25073501.007   102671794.9331      -1254.710          25.000  
E10  26776687.063   140712447.5880       1575.935          36.000    26776680.596   107818629.5370       1207.690          38.000  
C32  28354319.845   147648383.6921        223.807          19.000  
C11  24856741.304   129435692.5340      -2001.744          40.000  
C29  23676385.308   123289154.4080      -1013.698          37.000  
C30  26353029.180   137227092.5900      -2683.046          36.000  
C36  25539052.746   132988497.6070      -3315.503          39.000  
R12  21697681.986   115905233.8120       1302.466          31.000    21697676.682    90148371.5660       1013.487          34.000  
R11  21932474.923   117200518.9010      -3068.598          39.000    21932472.136    91155906.5750      -2386.146          32.000  
R23  23607921.434   126286493.7310       1865.041          30.000                                                                  
R22  21638262.273   115506559.9710       -310.125          42.000    21638257.326    89838372.5120       -240.292          33.000  
G12  26106837.104   137192339.4650       3080.671          27.000    26106826.573   106903090.4601       2390.940          20.000  
E31  25592165.619   134487742.5100      -1181.590          35.000    25592168.719   103049064.2800       -905.375          38.000  
G06  22293280.706   117152065.9700       -513.654          38.000    22293283.229    91287273.5700       -400.522          42.000  
G17  24180167.581   127067602.4880      -1878.200          41.000    24180165.346    99013717.0770      -1463.707          28.000  
C35  25732474.497   133995777.9010       1269.745          28.000  
C26  26937040.503   140268227.2110       1968.730          33.000  
C20  28028221.760   145950305.2051       1978.144          25.000  
R21  23854283.465   127649060.7230      -3486.578          32.000                                                                  
R05  26345036.085   140829315.6771       -307.442          10.000                                                                  
G03  25915034.768   136184425.9461      -2577.767          27.000    25915035.732   106117738.7171      -2013.461          14.000  
E33  26477085.635   139138022.7740      -2260.844          30.000    26477084.032   106612248.6030      -1732.554          30.000  
E16  26325171.307   138339750.4760       1354.148          33.000    26325167.675   106000522.8540       1037.920          40.000  
G14  24052337.339   126395811.4350      -3353.315          28.000    24052339.409    98490308.7311      -2622.335          23.000  
G19  22442627.755   117936765.6660       -342.767          34.000                                                                  
E12  25380568.393   133375786.9311        472.836          25.000    25380565.118   102197032.0240        362.129          31.000  
G11  23664842.730   124359639.6990       1829.578          30.000    23664833.127    96903495.9750       1425.044          28.000  
G22  23288365.181   122381123.9930      -2163.428          38.000                                                                  
E11                                                                  27138221.478   109274371.9631       1778.206          26.000  
E23                                                                  29002534.775   116781188.5041      -2155.112          19.000  
R13                                                                  25224792.524   104765876.5211       2733.294          10.000  
> 2026  7 21 10 13 10.0060000  0 34                           
G13  25725816.623   135190043.2190       2973.383          29.000    25725805.095   105342870.6161       2316.978          25.000  
S35  40098267.107   210717813.8990       -401.856          33.000  
S33  40353897.000   212061161.0620       -401.101          33.000  
S31  39647388.166   208348457.1300       -402.920          39.000  
G24  25076581.687   131778325.2851      -1611.371          25.000    25076572.307   102684370.9321      -1259.421          25.000  
E10  26773690.921   140696702.6360       1573.130          35.000    26773684.419   107806565.2560       1205.285          38.000  
C32  28353878.590   147646086.1621        227.786          19.000  
C11  24860585.975   129455711.9860      -2002.420          40.000  
C29  23678332.890   123299294.9160      -1014.852          37.000  
C30  26358180.481   137253917.4770      -2682.080          36.000  
C36  25545422.159   133021663.2500      -3317.261          39.000  
R12  21695250.869   115892240.1260       1296.031          33.000    21695243.763    90138265.3710       1008.094          34.000  
R11  21938224.063   117231240.4610      -3074.865          37.000    21938220.126    91179801.1670      -2392.594          31.000  
R23  23604437.691   126267856.4230       1861.797          31.000                                                                  
R22  21638847.132   115509682.5360       -314.311          41.000    21638843.583    89840801.2010       -245.010          34.000  
G12  26100976.496   137161539.6520       3079.980          28.000    26100966.216   106879092.9591       2406.410          20.000  
E31  25594417.539   134499570.4730      -1184.098          36.000    25594419.355   103058127.2690       -907.469          38.000  
G06  22294262.130   117157229.4850       -518.525          37.000    22294265.892    91291297.0930       -403.978          42.000  
G17  24183742.793   127086387.5910      -1878.572          41.000    24183738.117    99028354.7890      -1463.979          28.000  
C35  25730036.184   133983086.3590       1268.805          28.000  
C39  24276570.522   126414472.5021       -925.297          12.000  
C26  26933263.638   140248559.1270       1965.332          33.000  
C20  28024426.666   145930542.8621       1978.317          25.000  
R21  23860799.732   127683925.9000      -3486.849          32.000    23860800.504    99309748.9641      -2706.092          22.000  
G03  25919949.426   136210233.9930      -2582.830          27.000    25919956.198   106137886.7531      -2020.199          13.000  
E33  26481388.647   139160645.1310      -2262.841          30.000    26481389.479   106629582.5220      -1733.305          31.000  
E16  26322596.141   138326212.5680       1352.806          34.000    26322591.328   105990149.6490       1036.919          40.000  
G14  24058722.356   126429363.0080      -3356.619          30.000    24058726.285    98516462.0571      -2619.346          23.000  
G19  22443281.096   117940196.9730       -343.390          33.000                                                                  
E12  25379671.165   133371071.8671        468.090          26.000    25379668.670   102193422.2130        359.628          31.000  
G11  23661361.924   124341366.4830       1825.730          32.000    23661356.738    96889257.0720       1422.200          28.000  
G22  23292485.864   122402777.1320      -2167.092          39.000                                                                  
E11                                                                  27133804.646   109256587.4811       1776.023          26.000  
E23                                                                  29007882.531   116802721.8051      -2152.128          18.000  
> 2026  7 21 10 13 20.0060000  0 33                           
G13  25720160.021   135160316.8760       2972.162          29.000    25720148.334   105319707.2811       2315.536          26.000  
S35  40099031.848   210721833.1080       -401.629          33.000  
S33  40354662.190   212065180.7190       -401.439          33.000  
S31  39648154.880   208352486.3500       -403.127          39.000  
G24  25079650.684   131794453.6311      -1619.393          25.000    25079646.989   102696961.0291      -1261.732          24.000  
E10  26770700.476   140680988.5150       1569.633          34.000    26770694.081   107794524.5710       1203.051          38.000  
C32  28353456.663   147643888.8321        220.097          21.000  
C11  24864432.456   129475741.9070      -2003.406          40.000  
C29  23680283.635   123309453.4290      -1016.740          38.000  
C30  26363331.839   137280741.2060      -2682.313          36.000  
C36  25551795.617   133054852.0340      -3320.172          38.000  
R12  21692833.437   115879321.3430       1287.924          35.000    21692825.074    90128217.4200       1001.606          33.000  
R11  21943986.088   117262030.7270      -3082.606          35.000    21943981.373    91203749.0440      -2396.816          31.000  
R23  23600961.495   126249259.1390       1857.907          31.000                                                                  
R22  21639440.875   115512852.2570       -319.162          41.000    21639438.155    89843266.5500       -248.046          34.000  
G12  26095114.895   137130747.4490       3079.244          28.000    26095107.994   106855104.0451       2395.687          19.000  
E31  25596674.179   134511429.3480      -1187.442          36.000    25596676.114   103067213.9350       -909.764          38.000  
G06  22295254.200   117162445.2330       -524.486          37.000    22295258.144    91295361.3020       -408.350          42.000  
G17  24187319.087   127105180.2170      -1879.794          40.000    24187314.611    99042998.3710      -1464.137          29.000  
C35  25727600.094   133970412.9690       1266.620          29.000  
C26  26929492.801   140228924.0310       1961.744          32.000  
C20  28020626.297   145910753.5911       1977.900          24.000  
R21  23867316.869   127718794.4050      -3486.848          32.000    23867318.344    99336876.0211      -2716.430          21.000  
G03  25924865.806   136236094.8060      -2589.032          27.000                                                                  
E33  26485698.982   139183291.9470      -2265.938          31.000    26485699.228   106646935.3210      -1736.985          31.000  
E16  26320022.715   138312691.3520       1351.396          34.000    26320018.679   105979789.2650       1035.405          40.000  
G14  24065113.023   126462948.5190      -3359.936          31.000    24065113.606    98542617.3071      -2607.293          22.000  
G19  22443937.197   117943647.2920       -345.527          33.000                                                                  
E12  25378779.600   133366386.5641        466.438          26.000    25378779.859   102189842.1380        356.207          32.000  
G11  23657889.000   124323132.8500       1821.550          33.000    23657887.530    96875048.9960       1419.350          29.000  
G22  23296614.332   122424471.5860      -2171.409          39.000                                                                  
E11                                                                  27129393.053   109238823.5831       1775.970          26.000  
E23                                                                  29013235.312   116824275.5931      -2154.595          18.000  
> 2026  7 21 10 13 30.0060000  0 34                           
G13  25714505.703   135130602.8710       2971.344          28.000    25714494.314   105296555.5501       2315.139          26.000  
S35  40099796.474   210725851.1560       -402.045          33.000  
S33  40355426.937   212069198.7580       -402.313          33.000  
S31  39648921.618   208356514.7810       -402.704          39.000  
G24  25082734.356   131810657.9131      -1624.143          26.000    25082735.984   102709610.6991      -1265.747          23.000  
E10  26767715.340   140665305.9030       1565.999          32.000    26767709.985   107782508.0290       1200.668          38.000  
C32  28353040.160   147641719.6001        214.516          21.000  
C11  24868281.481   129495782.9620      -2004.597          40.000  
C29  23682237.957   123319630.6030      -1018.658          39.000  
C30  26368482.933   137307564.3490      -2681.757          36.000  
C36  25558173.808   133088064.5260      -3322.736          38.000  
R12  21690429.384   115866478.2150       1280.483          36.000    21690420.244    90118228.3180        996.398          33.000  
R11  21949759.995   117292889.7860      -3089.727          33.000    21949755.851    91227750.5450      -2402.239          31.000  
R23  23597493.013   126230702.7070       1852.975          31.000                                                                  
R22  21640043.234   115516069.8160       -323.983          41.000    21640041.008    89845769.1010       -252.291          34.000  
G12  26089255.859   137099963.5940       3078.015          28.000    26089249.426   106831115.0201       2400.940          21.000  
E31  25598936.923   134523319.8040      -1190.277          36.000    25598938.871   103076324.8110       -912.103          38.000  
G06  22296256.258   117167713.7640       -529.383          37.000    22296260.740    91299466.6860       -412.623          41.000  
G17  24190896.856   127123981.0970      -1880.453          40.000    24190896.116    99057648.4000      -1465.149          30.000  
C35  25725162.256   133957758.3090       1264.423          31.000  
C26  26925728.311   140209322.5660       1958.904          32.000  
C20  28016828.696   145890978.6181       1974.665          23.000  
R21  23873834.533   127753666.8900      -3487.107          32.000    23873837.570    99364009.4141      -2711.004          21.000  
G03  25929794.062   136262008.9880      -2593.934          27.000                                                                  
E33  26490011.490   139205963.7690      -2268.777          30.000    26490013.974   106664307.2050      -1738.038          31.000  
E16  26317454.091   138299187.5930       1349.972          35.000    26317448.962   105969442.2270       1034.352          40.000  
G14  24071510.418   126496568.7120      -3364.504          32.000    24071511.584    98568815.0181      -2617.626          22.000  
G19  22444596.653   117947117.2230       -347.928          33.000                                                                  
E12  25377901.332   133361761.5620        461.268          27.000    25377898.483   102186292.2180        353.369          32.000  
G11  23654423.426   124304939.5220       1817.006          33.000    23654426.962    96860872.3320       1416.419          29.000  
G22  23300750.899   122446207.9890      -2175.754          39.000                                                                  
E11                                                                  27124984.516   109221071.7251       1775.624          26.000  
E23                                                                  29018588.046   116845828.4741      -2153.263          18.000  
R13                                                                  25201691.729   104669932.4951       2751.235          11.000  
> 2026  7 21 10 13 40.0060000  0 33                           
G13  25708853.932   135100901.9440       2969.116          28.000    25708840.039   105273403.8850       2313.916          27.000  
S35  40100561.042   210729869.3530       -401.448          34.000  
S33  40356191.629   212073217.3430       -402.238          33.000  
S31  39649688.042   208360542.4880       -402.749          39.000  
G24  25085829.835   131826925.3351      -1629.895          27.000    25085829.986   102722279.3621      -1270.002          23.000  
E10  26764737.931   140649655.2090       1564.036          29.000    26764731.630   107770516.0270       1197.994          38.000  
C32  28352630.338   147639586.2031        213.831          21.000  
C11  24872132.575   129515835.5450      -2005.580          39.000  
C29  23684196.118   123329826.8800      -1020.483          39.000  
C30  26373633.861   137334387.4570      -2682.332          36.000  
C36  25564556.527   133121301.0870      -3324.744          38.000  
R12  21688039.191   115853711.4350       1273.065          36.000    21688030.044    90108298.6060        989.762          33.000  
R11  21955547.433   117323774.4680      -3095.825          30.000    21955542.954    91251805.8200      -2407.484          31.000  
R23  23594032.776   126212187.4580       1850.299          32.000                                                                  
R22  21640654.805   115519335.5820       -328.532          41.000    21640652.904    89848309.1190       -255.374          35.000  
G12  26083400.418   137069188.6310       3077.330          29.000    26083395.689   106807144.3661       2400.128          21.000  
E31  25601205.772   134535242.3910      -1193.709          36.000    25601207.518   103085460.2930       -915.048          38.000  
G06  22297268.798   117173035.5830       -534.915          37.000    22297273.555    91303613.5460       -416.780          41.000  
G17  24194475.764   127142790.6960      -1881.024          39.000    24194475.727    99072305.2690      -1466.375          30.000  
C35  25722736.390   133945122.8510       1262.708          31.000  
C26  26921969.471   140189755.4160       1954.899          31.000  
C20  28013030.353   145871200.1421       1977.401          22.000  
R21  23880352.942   127788543.5240      -3486.975          31.000    23880364.269    99391174.4261      -2709.327          20.000  
G03  25934735.879   136287977.2030      -2599.855          26.000                                                                  
E33  26494328.404   139228661.0290      -2271.195          29.000    26494333.137   106681698.6000      -1739.948          31.000  
E16  26314887.848   138285701.8680       1347.427          35.000    26314882.588   105959109.0000       1032.702          40.000  
G14  24077914.943   126530223.8060      -3367.188          32.000    24077913.535    98595030.7971      -2617.903          21.000  
G19  22445260.043   117950607.3830       -349.821          32.000                                                                  
E12  25377026.097   133357174.5420        457.316          27.000    25377024.352   102182772.8920        350.337          33.000  
G11  23650966.099   124286786.9550       1813.208          33.000    23650972.807    96846727.4810       1413.306          29.000  
G22  23304895.932   122467986.7930      -2180.419          39.000                                                                  
E11                                                                  27120579.591   109203335.3941       1773.443          26.000  
E23                                                                  29023946.961   116867407.4111      -2150.951          17.000  
> 2026  7 21 10 13 50.0060000  0 36                           
G13  25703205.134   135071215.1640       2967.810          28.000    25703194.082   105250271.3630       2312.689          28.000  
S35  40101325.418   210733887.8970       -401.492          33.000  
S33  40356956.028   212077236.0970       -401.379          33.000  
S31  39650454.922   208364571.5650       -402.556          39.000  
G24  25088936.481   131843261.0410      -1635.091          27.000    25088934.822   102734993.5941      -1275.449          23.000  
E10  26761764.635   140634037.7290       1560.692          25.000    26761759.802   107758549.4950       1195.616          37.000  
C32  28352234.425   147637524.1901        208.683          19.000  
C11  24875985.941   129535900.8380      -2006.603          38.000  
C29  23686158.152   123340043.3850      -1022.389          39.000  
C30  26378784.580   137361211.5890      -2681.713          36.000  
C36  25570944.057   133154562.8940      -3327.057          38.000  
R12  21685663.614   115841022.2250       1265.156          37.000    21685654.676    90098429.1960        983.944          33.000  
R11  21961341.552   117354772.3620      -3103.622          28.000    21961342.795    91275915.7640      -2414.303          31.000  
R23  23590580.359   126193714.7110       1845.396          31.000                                                                  
R22  21641275.985   115522650.7410       -333.832          41.000    21641274.184    89850887.6090       -259.816          34.000  
G12  26077545.568   137038423.8860       3075.803          29.000    26077538.039   106783158.4411       2410.262          21.000  
E31  25603480.459   134547198.2630      -1197.183          35.000    25603482.729   103094621.2510       -917.110          39.000  
G06  22298291.752   117178411.8190       -540.221          37.000    22298296.196    91307802.8200       -420.613          41.000  
G17  24198056.831   127161610.1840      -1882.175          38.000    24198056.241    99086969.7340      -1465.829          31.000  
C35  25720314.036   133932507.8160       1259.827          32.000  
C26  26918218.080   140170223.7380       1951.488          31.000  
C20  28009237.888   145851451.2291       1971.901          22.000  
R21  23886870.653   127823425.7210      -3487.562          30.000    23886878.991    99418288.8871      -2712.082          21.000  
G21  26754102.198   140593755.2471       3139.633          20.000                                                                  
G03  25939682.180   136313952.3580      -2604.620          26.000                                                                  
E33  26498649.840   139251384.9040      -2273.816          29.000    26498657.936   106699110.4210      -1742.584          31.000  
E16  26312325.958   138272235.3430       1345.865          35.000    26312319.892   105948790.5150       1031.176          40.000  
G14  24084326.043   126563915.1890      -3370.960          31.000    24084325.823    98621287.5211      -2626.833          22.000  
G19  22445926.666   117954118.7740       -350.086          31.000                                                                  
E12  25376161.923   133352622.6100        453.002          28.000    25376158.257   102179285.0390        347.061          33.000  
G11  23647516.835   124268676.4570       1809.171          33.000    23647526.799    96832615.3960       1409.922          30.000  
G22  23309048.841   122489809.1050      -2184.443          39.000                                                                  
E11                                                                  27116177.112   109185608.4771       1772.259          26.000  
E23                                                                  29029306.049   116888985.7641      -2160.641          17.000  
R10                                                                  26242585.233   108801580.2841      -3781.815          10.000  
R05                                                                  26348288.012   109547432.9751       -280.749          15.000  
> 2026  7 21 10 14  0.0060000  0 33                           
G13  25697558.609   135041542.7250       2966.986          28.000    25697547.454   105227150.0110       2312.097          28.000  
S35  40102090.792   210737907.3580       -401.927          33.000  
S33  40357721.075   212081256.3020       -402.117          33.000  
S31  39651221.651   208368600.8890       -402.619          39.000  
G24  25092055.653   131859639.0350      -1639.898          28.000    25092049.619   102747748.4201      -1274.869          22.000  
E10  26758798.467   140618434.4771       1556.991          21.000    26758794.277   107746608.4710       1193.220          37.000  
C32  28351837.263   147635456.4011        199.985          15.000  
C11  24879841.622   129555978.8420      -2008.130          38.000  
C29  23688124.122   123350280.1300      -1024.593          39.000  
C30  26383935.610   137388036.8270      -2682.420          36.000  
C36  25577336.527   133187849.8640      -3329.620          38.000  
R12  21683302.696   115828410.7250       1258.037          37.000    21683294.058    90088620.2230        978.438          33.000  
R11  21967156.038   117385840.8980      -3109.704          28.000    21967156.528    91300080.2500      -2419.404          32.000  
R23  23587135.289   126175284.3100       1841.472          31.000                                                                  
R22  21641906.451   115526015.2570       -338.578          41.000    21641904.940    89853504.4530       -263.175          34.000  
G12  26071691.936   137007669.4160       3075.150          29.000    26071681.957   106759179.0461       2389.003          21.000  
E31  25605762.047   134559187.4750      -1200.640          35.000    25605764.204   103103807.7900       -919.945          39.000  
G06  22299325.650   117183842.4560       -545.660          38.000    22299329.544    91312034.4910       -424.995          41.000  
G17  24201639.640   127180439.6820      -1883.410          38.000    24201639.859    99101642.1070      -1467.613          31.000  
C35  25717895.403   133919913.1030       1259.167          31.000  
C26  26914474.401   140150727.7300       1947.592          31.000  
C20  28005446.547   145831709.3091       1974.951          23.000  
R21  23893389.002   127858313.3280      -3488.254          29.000    23893401.901    99445437.5031      -2714.610          22.000  
G03  25944647.473   136340042.3801      -2610.859          26.000                                                                  
E33  26502978.308   139274135.3220      -2276.050          28.000    26502987.644   106716542.5150      -1743.894          31.000  
E16  26309766.218   138258788.1310       1344.337          34.000    26309761.040   105938486.8190       1029.823          40.000  
G14  24090743.669   126597642.6110      -3374.092          31.000    24090744.036    98647569.5501      -2633.262          22.000  
G19  22446596.578   117957651.6730       -354.460          30.000                                                                  
E12  25375304.502   133348111.7550        449.329          28.000    25375299.916   102175828.7110        343.950          33.000  
G11  23644076.102   124250608.0210       1804.934          33.000    23644088.039    96818536.1640       1406.256          29.000  
G22  23313210.034   122511675.0590      -2188.540          38.000                                                                  
E11                                                                  27111780.551   109167905.0711       1770.675          26.000  
E23                                                                  29034668.794   116910579.5841      -2143.553          16.000  
> 2026  7 21 10 14 10.0060000  0 34                           
G13  25691914.817   135011883.6660       2965.186          28.000    25691902.641   105204039.1050       2310.150          27.000  
S35  40102855.722   210741926.2480       -402.052          33.000  
S33  40358486.180   212085275.7390       -402.442          33.000  
S31  39651988.381   208372630.6090       -403.207          39.000  
G24  25095181.529   131876068.0400      -1645.491          28.000    25095178.575   102760561.1701      -1283.445          22.000  
E10  26755846.786   140602923.1631       1554.069          26.000    26755834.721   107734692.1210       1190.476          37.000  
C11  24883699.291   129576068.3650      -2009.632          38.000  
C29  23690094.033   123360535.9440      -1026.983          40.000  
C30  26389086.875   137414861.9680      -2682.351          36.000  
C36  25583733.408   133221160.8080      -3332.343          37.000  
R12  21680956.322   115815875.9860       1249.588          35.000    21680947.983    90078871.0290        971.515          33.000  
R11  21972984.329   117416978.5820      -3117.413          29.000    21972983.149    91324298.4450      -2425.467          32.000  
R23  23583698.664   126156895.3080       1836.499          33.000                                                                  
R22  21642545.948   115529427.9840       -343.988          41.000    21642543.972    89856158.8100       -267.546          34.000  
G12  26065841.160   136976924.1580       3073.949          30.000    26065831.866   106735223.4861       2388.671          20.000  
E31  25608049.940   134571208.9250      -1204.386          34.000    25608051.812   103113019.0170       -922.545          39.000  
G06  22300369.632   117189326.3270       -551.153          39.000    22300372.964    91316307.6350       -429.714          41.000  
G17  24205223.746   127199277.9770      -1884.989          37.000    24205224.522    99116321.3190      -1468.831          31.000  
C35  25715479.530   133907337.7550       1255.902          31.000  
C26  26910737.012   140131266.2390       1944.804          31.000  
C20  28001662.206   145812002.2941       1972.481          24.000  
R21  23899908.338   127893205.1120      -3489.399          28.000    23899923.472    99472580.2971      -2713.567          23.000  
G03  25949616.516   136366154.2771      -2616.134          25.000                                                                  
E33  26507311.998   139296911.0710      -2278.538          28.000    26507321.812   106733994.1520      -1747.153          31.000  
E16  26307211.329   138245359.1990       1342.032          35.000    26307205.595   105928197.1140       1028.125          40.000  
G14  24097167.900   126631405.0500      -3378.369          31.000    24097170.419    98673883.8641      -2635.993          21.000  
G19  22447270.866   117961204.7190       -356.834          31.000                                                                  
E12  25374451.256   133343640.8330        445.166          28.000    25374449.137   102172402.9040        341.061          33.000  
G11  23640644.793   124232580.5640       1800.525          34.000    23640657.298    96804488.7540       1402.952          29.000  
G22  23317379.288   122533583.4700      -2193.297          38.000                                                                  
E11                                                                  27107384.901   109150205.3151       1768.310          26.000  
E23                                                                  29040040.891   116932210.2251      -2162.619          17.000  
R13                                                                  25176133.394   104563781.2481       2755.413          11.000  
R10                                                                  26261016.225   108877994.8101      -3858.630          13.000  
> 2026  7 21 10 14 20.0060000  0 33                           
G13  25686273.947   134982240.0160       2963.348          27.000    25686262.637   105180940.1570       2309.161          28.000  
S35  40103620.740   210745946.9120       -401.696          33.000  
S33  40359251.970   212089297.4960       -402.990          33.000  
S31  39652755.202   208376661.5190       -402.992          39.000  
G24  25098322.642   131892550.0570      -1650.783          29.000    25098314.199   102773400.8261      -1296.121          23.000  
E10  26752890.187   140587407.9620       1550.271          28.000    26752881.871   107722801.9870       1187.926          37.000  
C11  24887559.873   129596171.3980      -2010.693          37.000  
C29  23692068.052   123370812.8000      -1028.583          40.000  
C30  26394238.696   137441689.0320      -2682.557          36.000  
C36  25590134.995   133254497.6430      -3334.400          37.000  
R12  21678624.315   115803420.1000       1241.286          33.000    21678616.513    90069183.0690        966.339          32.000  
R11  21978826.687   117448187.3970      -3124.125          29.000    21978823.959    91348571.9810      -2430.150          33.000  
R23  23580269.644   126138549.7050       1832.184          33.000                                                                  
R22  21643195.119   115532890.8110       -348.622          40.000    21643192.544    89858852.1320       -270.938          34.000  
G12  26059992.815   136946190.2240       3072.262          31.000    26059983.725   106711276.3791       2397.556          20.000  
E31  25610344.037   134583264.5960      -1207.503          34.000    25610346.080   103122256.4940       -925.018          39.000  
G06  22301424.628   117194865.3750       -556.823          39.000    22301427.037    91320623.7610       -433.668          41.000  
G17  24208809.851   127218127.1760      -1885.194          36.000    24208811.405    99131008.9700      -1468.459          31.000  
C35  25713068.373   133894783.6090       1254.248          30.000  
C26  26907006.888   140111841.4520       1940.714          32.000  
C20  27997875.779   145792285.8231       1962.355          25.000  
R21  23906429.858   127928103.0520      -3490.149          28.000    23906439.855    99499701.8571      -2714.900          25.000  
G03  25954607.883   136392384.3641      -2621.120          25.000                                                                  
E33  26511653.682   139319714.2510      -2281.507          29.000    26511661.546   106751466.6260      -1748.092          31.000  
E16  26304659.632   138231950.5430       1340.266          35.000    26304653.742   105917922.9690       1026.561          40.000  
G14  24103598.738   126665204.3400      -3382.185          31.000    24103608.160    98700245.6741      -2632.480          21.000  
G19  22447950.763   117964780.0860       -359.146          32.000                                                                  
E12  25373608.926   133339211.9520        441.023          28.000    25373606.072   102169009.3320        338.227          33.000  
G11  23637223.015   124214596.1430       1796.767          35.000    23637234.032    96790474.9240       1399.988          29.000  
G22  23321556.893   122555536.3430      -2197.869          38.000                                                                  
E11                                                                  27102993.953   109132524.7691       1767.408          26.000  
E23                                                                  29045410.988   116953834.0401      -2175.899          16.000  
R10                                                                  26270275.571   108916384.4941      -3858.631          11.000  
> 2026  7 21 10 14 30.0060000  0 35                           
G13  25680635.963   134952609.9820       2962.402          26.000    25680624.824   105157851.8230       2308.319          28.000  
S35  40104385.493   210749967.5400       -401.708          33.000  
S33  40360017.258   212093317.9050       -401.613          33.000  
S31  39653522.458   208380692.6970       -402.779          39.000  
G24  25101465.921   131909083.0350      -1655.081          30.000    25101462.660   102786293.4101      -1290.369          23.000  
E10  26749943.892   140571922.6620       1546.759          30.000    26749934.967   107710936.6720       1185.308          36.000  
C11  24891422.248   129616286.0010      -2011.739          37.000  
C29  23694045.704   123381108.8170      -1030.420          40.000  
C30  26399390.497   137468516.1410      -2682.500          36.000  
C36  25596541.374   133287858.4590      -3336.768          36.000  
R12  21676307.497   115791041.2230       1234.414          32.000    21676298.779    90059555.1020        960.348          32.000  
R11  21984682.339   117479464.8620      -3130.891          29.000    21984677.472    91372898.9290      -2435.758          34.000  
R23  23576849.175   126120245.6430       1829.011          34.000                                                                  
R22  21643853.151   115536401.6860       -352.937          40.000    21643849.955    89861582.8330       -274.606          34.000  
G12  26054145.851   136915465.8680       3072.184          31.000    26054135.300   106687328.6111       2399.736          21.000  
E31  25612644.650   134595352.7010      -1210.846          34.000    25612646.403   103131518.7910       -927.337          39.000  
G06  22302489.627   117200457.6890       -561.626          39.000    22302491.565    91324981.4180       -437.781          41.000  
G17  24212397.662   127236985.3880      -1886.193          35.000    24212399.203    99145703.7270      -1469.368          31.000  
C35  25710660.227   133882248.8980       1252.466          30.000  
C26  26903283.736   140092451.4860       1936.834          31.000  
C20  27994089.674   145772570.8051       1969.993          25.000  
R21  23912951.841   127963005.1250      -3490.616          28.000    23912961.587    99526845.9891      -2714.684          26.000  
G21  26730151.749   140467895.2331       3154.436          22.000                                                                  
G03  25959600.742   136418622.6361      -2627.442          24.000                                                                  
E33  26516000.585   139342542.7790      -2283.750          30.000    26516006.063   106768958.6220      -1750.096          31.000  
E16  26302111.902   138218560.4250       1338.294          35.000    26302105.789   105907662.9880       1025.488          40.000  
G14  24110036.862   126699038.5700      -3384.725          30.000    24110047.379    98726612.6961      -2633.211          20.000  
G19  22448634.444   117968375.8140       -360.751          33.000                                                                  
E12  25372778.374   133334823.1980        436.657          27.000    25372771.021   102165646.5540        334.596          34.000  
G11  23633812.095   124196652.9200       1792.267          35.000    23633819.239    96776493.2380       1396.501          28.000  
G22  23325743.161   122577531.7530      -2201.400          38.000                                                                  
E11                                                                  27098605.884   109114856.1021       1765.303          26.000  
E23                                                                  29050787.890   116975483.8411      -2156.289          16.000  
R13                                                                  25164605.728   104515903.5111       2752.960          13.000  
R10                                                                  26279460.698   108954465.4531      -3785.982          11.000  
> 2026  7 21 10 14 40.0060000  0 34                           
G13  25675003.090   134923051.5071       2958.590          26.000    25674991.011   105134774.5360       2307.050          28.000  
S35  40105150.820   210753988.4630       -401.858          33.000  
S33  40360782.091   212097339.5700       -402.288          33.000  
S31  39654289.877   208384724.0050       -403.712          39.000  
G24  25104621.928   131925667.4260      -1660.916          30.000    25104617.766   102799212.3141      -1291.210          22.000  
E10  26746999.971   140556470.2930       1543.231          30.000    26746994.587   107699096.5000       1182.609          36.000  
C11  24895287.291   129636412.6660      -2013.801          36.000  
C29  23696026.607   123391424.4300      -1032.723          41.000  
C30  26404542.697   137495343.7030      -2682.829          36.000  
C36  25602952.282   133321243.6230      -3339.978          35.000  
R12  21674004.576   115778740.0620       1226.094          29.000    21673995.214    90049987.5210        954.056          31.000  
R11  21990550.393   117510812.0650      -3138.596          29.000    21990544.119    91397279.9930      -2440.947          35.000  
R23  23573435.724   126101983.6600       1823.468          35.000                                                                  
R22  21644520.301   115539961.1920       -358.183          40.000    21644516.775    89864351.3950       -279.519          34.000  
R13  25157268.702   134338411.2051       3633.516          14.000                                                                  
G12  26048301.175   136884751.7020       3070.930          31.000    26048292.215   106663401.5631       2390.973          21.000  
E31  25614951.067   134607473.6650      -1214.125          34.000    25614952.938   103140806.2910       -930.278          40.000  
G06  22303564.889   117206103.6990       -567.938          40.000    22303565.939    91329380.8890       -442.182          41.000  
G17  24215985.738   127255853.0530      -1887.464          35.000    24215988.641    99160405.8030      -1470.495          31.000  
C35  25708254.887   133869733.9920       1250.781          30.000  
C26  26899567.025   140073096.8910       1933.252          31.000  
C20  27990307.603   145752876.7001       1967.698          25.000  
R21  23919474.620   127997911.7060      -3491.005          28.000    23919482.006    99553983.4911      -2714.076          26.000  
G21  26724154.588   140436380.0881       3142.977          22.000                                                                  
G03  25964608.638   136444938.5941      -2630.902          24.000                                                                  
E33  26520352.338   139365397.0920      -2287.551          30.000    26520355.124   106786470.3640      -1752.706          31.000  
E16  26299567.759   138205189.2860       1335.864          36.000    26299561.142   105897417.5850       1023.651          40.000  
G14  24116481.368   126732908.1400      -3388.902          29.000    24116493.927    98753011.1331      -2646.536          18.000  
G19  22449324.013   117971992.5120       -363.117          34.000                                                                  
E12  25371950.029   133330474.9780        432.618          27.000    25371943.613   102162314.7630        331.463          34.000  
G11  23630407.838   124178751.3510       1787.740          36.000    23630411.538    96762543.9470       1393.183          27.000  
G22  23329937.522   122599570.1590      -2206.637          38.000                                                                  
E11                                                                  27094223.029   109097206.6570       1763.543          26.000  
E23                                                                  29056162.786   116997126.7361      -2166.312          17.000  
> 2026  7 21 10 14 50.0060000  0 34                           
G13  25669371.506   134893457.4361       2958.907          26.000    25669357.454   105111711.1440       2305.664          28.000  
S35  40105917.005   210758013.4930       -402.662          33.000  
S33  40361548.299   212101365.2630       -402.690          33.000  
S31  39655057.806   208388758.9310       -403.612          39.000  
G24  25107788.195   131942306.6190      -1665.765          30.000    25107787.147   102812190.8261      -1296.171          23.000  
E10  26744065.307   140541054.2180       1539.987          31.000    26744061.117   107687284.2220       1179.855          36.000  
C11  24899155.108   129656554.7480      -2015.055          36.000  
C29  23698012.307   123401763.0090      -1034.956          41.000  
C30  26409695.459   137522175.2120      -2683.746          36.000  
C36  25609368.461   133354656.4860      -3342.639          34.000  
R12  21671716.905   115766520.1280       1217.943          28.000    21671707.662    90040483.2010        947.040          32.000  
R11  21996432.051   117542231.7960      -3145.182          29.000    21996424.337    91421717.5780      -2446.420          36.000  
R23  23570030.905   126083767.0360       1818.964          35.000                                                                  
R22  21645196.943   115543572.7030       -363.659          39.000    21645193.168    89867160.3610       -283.824          34.000  
R13  25150459.836   134302052.0151       3627.526          16.000                                                                  
G12  26042459.236   136854051.2080       3068.693          31.000    26042454.618   106639497.2421       2389.998          21.000  
E31  25617265.019   134619630.9900      -1217.193          34.000    25617266.584   103150121.6650       -932.868          40.000  
G06  22304650.863   117211806.8130       -573.139          40.000    22304651.359    91333824.8970       -446.625          41.000  
G17  24219577.465   127274733.6690      -1888.433          35.000    24219580.736    99175117.9900      -1471.892          31.000  
C35  25705854.427   133857242.5100       1246.881          30.000  
C26  26895857.346   140053781.2640       1929.399          30.000  
C20  27986529.111   145733200.4491       1966.563          26.000  
R21  23925999.382   128032826.3810      -3491.823          28.000    23926005.901    99581136.3591      -2715.584          26.000  
G21  26718158.270   140404868.7151       3151.007          22.000                                                                  
G03  25969618.427   136471265.2881      -2640.294          22.000                                                                  
E33  26524710.400   139388280.6460      -2290.391          30.000    26524709.762   106804004.5020      -1754.855          31.000  
E16  26297027.538   138191840.7120       1333.947          36.000    26297020.751   105887189.4490       1022.135          40.000  
G14  24122933.235   126766816.5050      -3392.646          29.000    24122949.885    98779447.1531      -2648.263          16.000  
G19  22450018.236   117975633.6780       -365.306          35.000                                                                  
E12  25371129.405   133326170.8070        428.570          26.000    25371124.728   102159016.7890        328.008          34.000  
G11  23627011.149   124160894.9760       1783.141          36.000    23627012.942    96748629.9550       1389.701          27.000  
G22  23334140.765   122621655.0100      -2210.684          38.000                                                                  
E11                                                                  27089842.816   109079571.0200       1762.590          26.000  
E23                                                                  29061546.140   117018803.0471      -2174.127          16.000  
> 2026  7 21 10 15  0.0060000  0 34                           
G13  25663739.078   134863869.3060       2957.422          26.000    25663727.872   105088660.4390       2304.791          28.000  
S35  40106683.220   210762040.5940       -403.447          33.000  
S33  40362314.678   212105395.6900       -403.387          33.000  
S31  39655825.930   208392796.4830       -403.869          39.000  
G24  25110964.367   131958999.0700      -1671.980          29.000    25110961.801   102825190.0241      -1305.755          22.000  
E10  26741136.901   140525673.0920       1536.891          31.000    26741134.301   107675498.7040       1176.641          36.000  
C39  24296781.914   126519719.0691       -991.335          26.000  
C11  24903025.611   129676710.7980      -2016.585          35.000  
C29  23700002.452   123412123.1140      -1037.092          42.000  
C30  26414848.668   137549009.1100      -2684.092          35.000  
C36  25615789.460   133388095.5480      -3344.971          33.000  
R12  21669443.835   115754380.1390       1210.132          27.000    21669434.841    90031041.0110        940.902          32.000  
R11  22002325.973   117573722.9250      -3152.530          28.000    22002317.701    91446210.6310      -2452.364          37.000  
R23  23566633.825   126065594.5150       1814.598          35.000                                                                  
R22  21645883.082   115547234.7390       -369.004          39.000    21645878.964    89870008.5770       -286.631          33.000  
G12  26036618.886   136823362.9990       3067.554          31.000    26036613.937   106615580.8771       2389.921          21.000  
E31  25619585.691   134631823.3050      -1221.207          34.000    25619586.820   103159463.8200       -935.635          40.000  
G06  22305746.839   117217565.5500       -578.750          40.000    22305747.077    91338312.2350       -451.440          41.000  
G17  24223171.929   127293625.8280      -1890.313          35.000    24223174.152    99189839.1310      -1472.899          31.000  
C35  25703458.466   133844772.6960       1245.978          30.000  
C26  26892154.721   140034503.1140       1925.986          29.000  
C20  27982755.405   145713550.0681       1965.940          26.000  
R21  23932525.776   128067747.6130      -3492.380          28.000    23932528.638    99608284.2641      -2716.985          25.000  
G21  26712159.587   140373346.0381       3151.951          23.000                                                                  
G03  25974652.503   136497719.2701      -2650.176          23.000                                                                  
E33  26529072.593   139411191.8690      -2292.690          31.000    26529069.844   106821559.8400      -1756.766          31.000  
E16  26294491.422   138178513.2780       1331.719          36.000    26294484.396   105876977.5250       1020.314          39.000  
G14  24129392.110   126800762.1330      -3396.356          28.000    24129403.902    98805874.5791      -2644.791          11.000  
G19  22450715.767   117979297.7930       -367.524          35.000                                                                  
E12  25370310.412   133321909.1780        423.838          23.000    25370313.857   102155751.4080        324.453          34.000  
G11  23623622.086   124143082.3440       1779.054          36.000    23623622.964    96734750.0360       1386.012          27.000  
G22  23338352.527   122643784.9150      -2215.524          38.000                                                                  
E11                                                                  27085467.316   109061952.1861       1762.369          26.000  
E23                                                                  29066935.765   117040505.1171      -2169.612          15.000  
> 2026  7 21 10 15 10.0060000  0 35                           
G13  25658112.007   134834301.1420       2957.043          26.000    25658103.580   105065620.3650       2303.412          29.000  
S35  40107448.916   210766066.2390       -402.269          33.000  
S33  40363080.720   212109422.6000       -402.453          33.000  
S31  39656594.286   208396833.1080       -403.459          39.000  
G24  25114149.177   131975741.7170      -1676.460          28.000    25114147.327   102838234.2661      -1305.543          22.000  
E10  26738215.249   140510324.0460       1532.654          31.000    26738213.681   107663737.7010       1174.697          36.000  
C39  24298692.997   126529652.4630       -995.312          29.000  
C11  24906898.463   129696877.8430      -2017.377          34.000  
C29  23701995.783   123422501.7910      -1038.287          42.000  
C30  26420001.912   137575842.5030      -2682.927          35.000  
C36  25622214.630   133421557.8360      -3347.577          32.000  
R12  21667185.502   115742317.1720       1203.431          28.000    21667176.871    90021658.7050        935.256          32.000  
R11  22008231.085   117605281.9750      -3159.297          29.000    22008223.731    91470756.4960      -2457.107          38.000  
R23  23563244.810   126047462.9880       1811.755          35.000                                                                  
R22  21646578.120   115550944.1510       -373.031          39.000    21646574.193    89872893.6780       -289.845          33.000  
G12  26030781.238   136792684.1720       3067.685          32.000    26030777.559   106591681.8311       2386.698          21.000  
E31  25621912.658   134644047.5870      -1223.935          35.000    25621913.136   103168830.4890       -937.792          40.000  
G06  22306852.878   117223376.9160       -583.614          39.000    22306852.963    91342840.5460       -454.559          40.000  
G17  24226768.373   127312526.5290      -1890.134          34.000    24226769.809    99204566.9430      -1472.726          31.000  
C35  25701065.945   133832321.8390       1244.562          31.000  
C26  26888458.764   140015259.6380       1923.270          29.000  
C20  27978979.185   145693885.8931       1967.602          26.000  
R21  23939052.895   128102671.9670      -3492.510          28.000    23939058.200    99635460.6571      -2716.435          25.000  
G21  26706151.305   140341771.9411       3150.816          22.000                                                                  
G03  25979693.777   136524211.7131      -2644.347          22.000                                                                  
E33  26533440.838   139434127.7510      -2294.786          31.000    26533434.078   106839134.1520      -1759.055          31.000  
E16  26291958.848   138165204.1020       1330.165          35.000    26291951.675   105866779.5890       1019.189          39.000  
G14  24135857.836   126834742.0330      -3399.228          28.000                                                                  
G19  22451417.823   117982982.0550       -368.976          36.000                                                                  
E12  25369506.057   133317654.0461        419.028          22.000    25369510.478   102152516.3870        322.199          34.000  
G11  23620240.705   124125310.5630       1775.337          36.000    23620241.432    96720901.8950       1383.550          27.000  
G22  23342572.038   122665956.8200      -2218.782          38.000                                                                  
E11                                                                  27081095.039   109044344.1130       1759.621          26.000  
E23                                                                  29072324.071   117062201.2211      -2164.866          16.000  
R13                                                                  25138950.526   104409349.6791       2752.275          13.000  
> 2026  7 21 10 15 20.0060000  0 34                           
G13  25652486.943   134804743.4990       2954.712          26.000    25652478.534   105042588.4090       2302.527          29.000  
S35  40108214.630   210770089.3440       -402.218          33.000  
S33  40363846.594   212113446.0230       -402.925          33.000  
S31  39657361.812   208400866.3470       -403.132          39.000  
G24  25117343.002   131992531.3390      -1681.527          27.000    25117342.929   102851319.7771      -1311.702          21.000  
E10  26735298.021   140495003.7520       1530.907          31.000    26735298.503   107651998.7790       1172.871          36.000  
C39  24300612.935   126539630.7840      -1001.124          31.000  
C11  24910772.259   129717052.7340      -2018.066          34.000  
C29  23703992.002   123432895.8690      -1040.274          42.000  
C30  26425154.198   137602672.2590      -2682.770          34.000  
C36  25628643.107   133455040.0810      -3349.579          30.000  
R12  21664941.518   115730328.1680       1194.986          29.000    21664932.996    90012333.8580        929.155          33.000  
R11  22014148.276   117636905.7780      -3165.779          30.000    22014141.738    91495352.7610      -2462.126          38.000  
R23  23559862.745   126029369.2050       1807.743          35.000                                                                  
R22  21647281.115   115554697.7360       -377.857          38.000    21647277.530    89875813.1300       -293.747          33.000  
G12  26024944.694   136762011.7530       3066.873          31.000    26024940.340   106567779.4451       2392.810          20.000  
E31  25624244.776   134656300.7270      -1227.140          35.000    25624244.983   103178219.2610       -939.838          40.000  
G06  22307968.489   117229237.7060       -588.678          39.000    22307967.967    91347407.3840       -458.643          40.000  
E23  29077708.897   152804391.5741      -2827.959          15.000    29077717.698   117083918.9501      -2180.347          16.000  
G17  24230366.135   127331432.6360      -1891.067          34.000    24230367.063    99219298.9860      -1472.950          31.000  
C35  25698677.320   133819886.7460       1242.700          32.000  
C26  26884769.350   139996047.8850       1919.096          28.000  
C20  27975204.833   145674236.8730       1964.603          26.000  
R21  23945579.605   128137596.3910      -3492.021          28.000    23945579.928    99662604.1371      -2715.627          26.000  
G21  26700149.159   140310230.4321       3155.607          23.000                                                                  
G03  25984742.463   136550742.4001      -2647.661          19.000                                                                  
E33  26537812.166   139457085.0820      -2296.565          32.000    26537802.973   106856724.7750      -1759.729          31.000  
E16  26289429.092   138151910.0710       1328.132          35.000    26289421.938   105856593.2390       1018.078          39.000  
G14  24142331.241   126868752.9580      -3402.897          28.000                                                                  
G19  22452122.786   117986683.0210       -371.324          37.000                                                                  
E12  25368712.626   133313484.3861        421.042          22.000    25368713.885   102149309.2690        319.575          34.000  
G11  23616866.102   124107576.4680       1771.589          35.000    23616866.881    96707083.1670       1380.370          26.000  
G22  23346799.335   122688167.5850      -2223.064          37.000                                                                  
E11                                                                  27076724.721   109026750.0561       1759.337          25.000  
> 2026  7 21 10 15 30.0060000  0 36                           
G13  25646863.850   134775200.9600       2953.381          26.000    25646857.371   105019568.2920       2301.044          29.000  
S35  40108980.300   210774112.6340       -402.486          33.000  
S33  40364612.418   212117470.1750       -401.680          33.000  
S31  39658129.129   208404899.9160       -403.477          39.000  
G24  25120546.643   132009372.5380      -1687.125          27.000    25120549.612   102864450.4761      -1319.238          19.000  
E10  26732388.464   140479717.0080       1527.136          31.000    26732389.632   107640285.5630       1170.204          36.000  
C39  24302540.652   126549663.8300      -1006.270          32.000  
C11  24914648.846   129737239.9440      -2019.001          33.000  
C29  23705992.432   123443309.8680      -1042.059          42.000  
C30  26430306.705   137629502.9080      -2683.068          34.000  
C36  25635076.196   133488546.8190      -3351.398          28.000  
R12  21662711.768   115718417.8520       1188.145          30.000    21662703.707    90003070.2370        923.623          33.000  
R11  22020077.956   117668599.1020      -3172.389          32.000    22020072.433    91520003.1290      -2467.480          39.000  
R23  23556487.761   126011318.0140       1803.406          33.000                                                                  
R22  21647993.177   115558500.0360       -382.242          38.000    21647990.036    89878770.5010       -297.304          32.000  
G12  26019109.339   136731350.3970       3065.284          31.000    26019104.420   106543882.0621       2396.331          20.000  
E31  25626583.447   134668587.3410      -1229.803          36.000    25626583.185   103187633.6930       -942.525          41.000  
G06  22309094.114   117235152.4780       -594.205          38.000    22309093.289    91352016.2850       -462.868          40.000  
E23  29083113.964   152832795.0641      -2838.992          18.000    29083109.993   117105631.8721      -2168.447          16.000  
G17  24233966.162   127350348.7730      -1891.640          34.000    24233966.412    99234038.8130      -1473.689          31.000  
C35  25696292.917   133807471.9310       1240.375          32.000  
C26  26881086.537   139976872.2950       1916.061          28.000  
C20  27971434.354   145654606.5290       1962.985          26.000  
R21  23952108.989   128172525.6150      -3493.196          28.000    23952106.665    99689769.3111      -2716.088          26.000  
G21  26694144.066   140278673.6351       3158.357          23.000                                                                  
G03  25989800.645   136577323.8811      -2666.205          14.000                                                                  
E33  26542186.844   139480068.4110      -2298.930          32.000    26542176.504   106874335.3630      -1761.293          30.000  
E16  26286903.080   138138635.8090       1326.593          35.000    26286895.726   105846422.0760       1016.356          39.000  
G14  24148811.802   126902799.4650      -3406.242          29.000                                                                  
G19  22452832.073   117990405.3720       -373.083          37.000                                                                  
E12  25367921.659   133309327.8391        418.600          23.000    25367925.360   102146133.6280        315.867          34.000  
G11  23613499.355   124089884.7350       1767.074          34.000    23613501.790    96693297.4500       1377.404          27.000  
G22  23351034.613   122710421.7630      -2227.581          36.000                                                                  
E11                                                                  27072359.926   109009174.8321       1757.354          25.000  
R13                                                                  25125065.020   104351678.9561       2754.875          11.000  
R10                                                                  26332638.048   109174937.9961      -3837.631          11.000  
> 2026  7 21 10 15 40.0060000  0 33                           
G13  25641243.756   134745644.5201       2952.458          25.000    25641237.936   104996556.3990       2300.543          28.000  
S35  40109745.228   210778132.1370       -402.435          33.000  
S33  40365377.274   212121490.4660       -402.097          33.000  
S31  39658896.179   208408930.4600       -403.154          39.000  
G24  25123759.747   132026260.3710      -1691.268          26.000    25123768.290   102877630.6611      -1319.972          20.000  
E10  26729485.990   140464459.1400       1524.030          32.000    26729486.628   107628594.4790       1167.512          36.000  
C39  24304477.741   126559747.0580      -1011.241          33.000  
C11  24918526.995   129757434.8960      -2020.280          33.000  
C29  23707995.592   123453739.1880      -1044.099          42.000  
C30  26435458.611   137656329.8470      -2683.282          34.000  
C36  25641513.290   133522073.3720      -3353.693          27.000  
R12  21660495.250   115706581.6430       1180.041          30.000    21660487.565    89993864.3280        917.851          33.000  
R11  22026020.256   117700356.8880      -3178.943          34.000    22026015.627    91544703.6170      -2473.118          39.000  
R23  23553119.729   125993304.5330       1799.710          32.000                                                                  
R22  21648713.117   115562346.3170       -387.452          38.000    21648710.667    89881762.0910       -302.113          31.000  
G12  26013275.849   136700695.4960       3065.304          31.000    26013269.862   106519990.7831       2380.574          20.000  
E31  25628927.061   134680902.8230      -1233.027          36.000    25628926.853   103197070.2370       -945.075          41.000  
G06  22310229.199   117241116.4930       -599.160          37.000    22310227.986    91356663.5830       -466.964          40.000  
E23  29088520.500   152861206.8961      -2836.503          19.000    29088504.634   117127353.6921      -2166.868          14.000  
G17  24237567.445   127369270.2560      -1892.708          34.000    24237566.919    99248782.7990      -1473.853          32.000  
C35  25693912.441   133795072.7680       1238.885          33.000  
C26  26877410.216   139957728.5100       1911.993          27.000  
C20  27967663.089   145634976.2970       1962.802          26.000  
R21  23958637.149   128207504.7160      -3493.260          27.000    23958633.297    99716933.3551      -2717.156          26.000  
G21  26688134.143   140247090.7191       3164.367          22.000                                                                  
E33  26546567.040   139503073.0720      -2301.229          32.000    26546554.493   106891962.3390      -1763.535          30.000  
E16  26284379.825   138125376.7800       1325.049          35.000    26284372.355   105836262.5580       1015.277          39.000  
G14  24155298.021   126936876.9020      -3409.740          28.000                                                                  
G19  22453543.741   117994144.5240       -375.519          38.000                                                                  
E12  25367146.388   133305253.4831        409.882          25.000    25367143.443   102142985.9050        312.957          34.000  
G11  23610139.249   124072230.7350       1762.598          34.000    23610143.614    96679541.1070       1374.138          27.000  
G22  23355277.088   122732714.6800      -2231.490          35.000                                                                  
E11                                                                  27067996.774   108991605.9281       1755.966          26.000  
> 2026  7 21 10 15 50.0060000  0 35                           
G13  25635624.551   134716115.9911       2950.947          25.000    25635620.613   104973554.9590       2299.756          28.000  
S35  40110510.158   210782150.8870       -402.132          33.000  
S33  40366141.901   212125509.7980       -401.867          33.000  
S31  39659663.047   208412958.8540       -402.882          39.000  
G24  25126982.232   132043197.7760      -1696.809          27.000    25126990.837   102890827.0571      -1327.548          19.000  
E10  26726590.442   140449232.9250       1521.299          32.000    26726589.373   107616927.6300       1165.656          36.000  
C39  24306424.793   126569883.1050      -1015.953          34.000  
C11  24922406.693   129777640.3070      -2021.299          33.000  
C29  23710002.030   123464186.4940      -1045.826          42.000  
C30  26440610.110   137683155.7160      -2682.421          33.000  
C36  25647957.887   133555646.4431      -3356.119          25.000  
R12  21658293.708   115694822.4230       1172.819          31.000    21658285.645    89984718.2470        911.537          33.000  
R11  22031976.699   117732182.1660      -3185.835          35.000    22031971.713    91569456.5810      -2477.902          39.000  
R23  23549759.041   125975331.7440       1794.792          30.000                                                                  
R22  21649442.066   115566239.3920       -391.660          37.000    21649438.767    89884789.9740       -303.286          30.000  
G12  26007443.814   136670049.9540       3064.284          31.000    26007436.267   106496103.2911       2383.428          18.000  
E31  25631277.234   134693249.9550      -1236.427          36.000    25631276.349   103206531.0010       -947.212          41.000  
G06  22311374.088   117247132.5300       -604.366          36.000    22311372.847    91361351.3860       -470.794          40.000  
E23  29093921.476   152889588.6671      -2843.007          19.000    29093909.077   117149115.4461      -2185.665          15.000  
G17  24241170.090   127388199.8760      -1893.788          34.000    24241169.370    99263533.2020      -1475.992          32.000  
C35  25691536.922   133782692.0260       1237.311          34.000  
C26  26873740.111   139938619.2420       1908.920          27.000  
C20  27963893.395   145615356.3480       1960.703          26.000  
R21  23965165.909   128242436.4810      -3493.069          27.000    23965162.624    99744108.5501      -2715.598          25.000  
G21  26682125.948   140215517.4091       3160.969          23.000                                                                  
E33  26550949.437   139526101.7950      -2304.843          31.000    26550936.891   106909607.6920      -1765.670          29.000  
E16  26281860.598   138112135.8020       1323.350          35.000    26281852.577   105826116.8510       1013.968          38.000  
G14  24161790.269   126970987.8690      -3412.615          28.000                                                                  
G19  22454259.658   117997903.2420       -376.669          38.000                                                                  
E12  25366372.523   133301176.0940        405.145          26.000    25366369.253   102139868.1820        310.099          34.000  
G11  23606787.011   124054617.2020       1759.546          32.000    23606793.421    96665816.2790       1372.195          27.000  
G22  23359528.051   122755049.1240      -2235.349          33.000                                                                  
E11                                                                  27063635.691   108974045.3361       1753.320          25.000  
R13                                                                  25110379.874   104290687.3031       2764.945          12.000  
R10                                                                  26351036.251   109251216.9791      -3838.673          10.000  
> 2026  7 21 10 16  0.0060000  0 34                           
G13  25630005.204   134686585.4601       2949.813          24.000    25630005.477   104950562.0840       2298.633          28.000  
S35  40111273.965   210786165.6060       -402.193          33.000  
S33  40366906.356   212129525.5770       -401.818          33.000  
S31  39660429.429   208416985.0770       -402.718          39.000  
G24  25130214.621   132060181.8370      -1701.187          28.000    25130223.235   102904062.5071      -1326.453          19.000  
E10  26723701.376   140434035.7180       1518.289          32.000    26723697.786   107605283.0330       1163.336          36.000  
C39  24308381.709   126580069.4540      -1021.013          34.000  
C11  24926288.152   129797853.4880      -2022.137          33.000  
C29  23712011.694   123474649.1250      -1047.343          42.000  
C30  26445761.153   137709977.9620      -2681.781          33.000  
C36  25654411.539   133589252.7391      -3356.343          22.000  
R12  21656106.253   115683137.7090       1165.310          31.000    21656097.247    89975630.1380        905.777          33.000  
R11  22037943.915   117764071.7210      -3192.365          35.000    22037939.633    91594259.5720      -2483.115          39.000  
R23  23546405.504   125957396.8580       1791.114          29.000                                                                  
R22  21650179.456   115570176.3980       -396.304          38.000    21650176.142    89887852.0970       -307.582          28.000  
G12  26001613.009   136639411.2080       3063.115          31.000    26001608.140   106472237.7221       2376.052          18.000  
E31  25633632.385   134705626.0940      -1239.335          37.000    25633631.598   103216014.0220       -949.718          41.000  
G06  22312528.295   117253197.8680       -609.147          36.000    22312526.960    91366077.6180       -474.720          40.000  
E23  29099320.221   152917959.7621      -2843.472          17.000                                                                  
G17  24244774.229   127407135.0010      -1894.657          33.000    24244773.149    99278287.8210      -1476.161          32.000  
C35  25689163.501   133770327.1460       1235.815          36.000  
C26  26870072.545   139919529.5110       1905.775          26.000  
C20  27960128.790   145595727.7801       1960.281          25.000  
R21  23971695.363   128277368.0780      -3494.102          24.000                                                                  
G21  26676105.617   140183880.2621       3166.970          22.000                                                                  
G03  26004998.580   136657188.9211      -2679.550          14.000                                                                  
E33  26555335.692   139549151.7760      -2306.385          31.000    26555323.131   106927269.3780      -1767.286          29.000  
E16  26279344.043   138098910.2660       1321.950          35.000    26279335.738   105815983.0250       1012.669          38.000  
G14  24168288.728   127005129.7610      -3416.156          27.000                                                                  
G19  22454978.631   118001678.9180       -378.624          38.000                                                                  
E12  25365610.602   133297143.6870        401.199          28.000    25365602.070   102136778.4180        307.233          34.000  
G11  23603441.250   124037041.6290       1755.485          32.000    23603449.723    96652121.2010       1367.697          27.000  
G22  23363785.329   122777422.4740      -2240.004          31.000                                                                  
E11                                                                  27059279.337   108956504.2051       1754.572          25.000  
> 2026  7 21 10 16 10.0060000  0 34                           
G13  25624397.510   134657117.3451       2949.260          24.000    25624393.729   104927579.6430       2297.443          28.000  
S35  40112037.434   210790179.3890       -401.918          33.000  
S33  40367669.945   212133539.5830       -401.787          33.000  
S31  39661194.891   208421008.7580       -402.780          39.000  
G24  25133456.236   132077214.9760      -1706.102          29.000    25133463.441   102917330.3611      -1324.297          20.000  
E10  26720815.873   140418870.0590       1514.860          32.000    26720812.497   107593662.6140       1160.406          36.000  
C39  24310348.318   126590308.4370      -1026.599          34.000  
C11  24930171.619   129818076.8010      -2022.935          33.000  
C29  23714024.739   123485129.4800      -1049.218          42.000  
C30  26450911.786   137736798.9540      -2681.697          33.000  
C36  25660859.028   133622826.5061      -3362.953          20.000  
R12  21653933.494   115671529.9620       1156.970          31.000    21653923.088    89966601.8710        899.437          34.000  
R11  22043923.674   117796028.5020      -3199.035          35.000    22043919.960    91619114.8200      -2487.845          38.000  
R23  23543059.618   125939502.2780       1787.537          27.000                                                                  
R22  21650925.727   115574159.8100       -401.044          38.000    21650921.174    89890956.2281       -313.094          24.000  
G12  25995784.865   136608781.5880       3062.558          31.000    25995782.295   106448382.7361       2380.035          18.000  
E31  25635993.439   134718033.6620      -1242.555          37.000    25635992.673   103225521.1200       -951.966          41.000  
G06  22313692.286   117259314.9000       -614.960          35.000    22313691.262    91370844.1290       -478.682          40.000  
E23  29104726.905   152946371.8211      -2843.952          19.000                                                                  
G17  24248379.508   127426078.0460      -1894.700          34.000    24248378.135    99293048.7020      -1476.796          32.000  
C35  25686792.819   133757980.4330       1233.441          37.000  
C26  26866416.064   139900486.1920       1902.852          26.000  
C20  27956360.290   145576103.3471       1960.234          25.000  
R21  23978221.063   128312304.2151      -3490.494          22.000    23978215.919    99798437.1731      -2718.104          25.000  
G21  26670088.314   140152259.7991       3172.188          21.000                                                                  
G03  26010088.426   136683936.3681      -2673.723          18.000                                                                  
E33  26559727.491   139572225.4260      -2308.620          29.000    26559713.957   106944949.2050      -1769.194          29.000  
E16  26276831.329   138085702.6670       1319.652          35.000    26276822.375   105805862.9010       1011.318          38.000  
G14  24174792.744   127039304.8720      -3419.077          27.000                                                                  
G19  22455700.820   118005474.0660       -380.586          38.000                                                                  
E12  25364854.669   133293150.2220        397.594          29.000    25364842.040   102133718.5150        304.268          34.000  
G11  23600103.435   124019506.4320       1750.905          31.000    23600112.710    96638457.4300       1365.352          27.000  
G22  23368049.513   122799836.9960      -2244.027          29.000                                                                  
E11                                                                  27054925.673   108938974.3281       1752.875          24.000  
> 2026  7 21 10 16 20.0060000  0 35                           
G13  25618787.164   134627634.9011       2944.062          24.000    25618783.841   104904607.6130       2296.484          29.000  
S35  40112801.143   210794191.3900       -401.828          33.000  
S33  40368434.021   212137552.7210       -401.812          33.000  
S31  39661960.420   208425032.1430       -402.713          39.000  
G24  25136706.624   132094296.9270      -1710.694          29.000    25136712.979   102930637.0961      -1341.247          19.000  
E10  26717935.807   140403735.6760       1511.634          31.000    26717932.469   107582066.1220       1158.573          36.000  
C39  24312324.536   126600599.8290      -1031.941          34.000  
C11  24934057.083   129838310.0050      -2023.708          33.000  
C29  23716040.964   123495627.3630      -1050.739          41.000  
C30  26456062.489   137763618.4870      -2682.128          32.000  
C36  25667304.761   133656390.5831      -3369.596          18.000  
R12  21651774.711   115659999.1140       1149.335          29.000    21651763.939    89957633.4220        893.396          34.000  
R11  22049915.791   117828051.6040      -3206.174          36.000    22049912.130    91644021.6700      -2493.806          38.000  
R23  23539716.845   125921611.7091       1784.002          25.000                                                                  
R22  21651680.901   115578189.2640       -405.245          38.000    21651670.573    89894067.6101       -324.711          20.000  
G12  25989958.516   136578161.2840       3061.090          32.000    25989955.675   106424522.9441       2385.893          18.000  
E31  25638360.160   134730472.5350      -1245.707          37.000    25638359.652   103235052.1860       -954.251          41.000  
G06  22314864.650   117265483.3380       -619.389          34.000    22314865.527    91375650.7260       -482.574          40.000  
E23  29110133.983   152974785.7401      -2845.435          18.000    29110156.787   117214537.7911      -2180.438          14.000  
G17  24251986.534   127445028.9270      -1895.893          34.000    24251985.008    99307815.6060      -1477.523          32.000  
C35  25684425.952   133745651.7200       1231.488          37.000  
C26  26862763.645   139881464.8460       1898.988          26.000  
C20  27952594.823   145556495.9641       1959.270          26.000  
R21  23984746.543   128347222.9171      -3493.612          21.000    23984749.319    99825629.4371      -2718.133          25.000  
G21  26664071.270   140120640.1901       3166.770          21.000                                                                  
G03  26015195.484   136710774.2761      -2688.000          20.000                                                                  
E33  26564121.377   139595322.4940      -2311.121          28.000    26564109.693   106962646.9110      -1770.560          28.000  
E16  26274321.654   138072512.8500       1318.040          34.000    26274312.152   105795756.4220       1009.801          38.000  
G14  24181302.611   127073512.9930      -3422.276          26.000                                                                  
G19  22456426.588   118009288.4560       -382.532          38.000                                                                  
E12  25364098.315   133289195.5760        392.914          30.000    25364089.692   102130688.2910        301.780          34.000  
G11  23596773.885   124002011.4560       1746.429          32.000    23596783.978    96624825.0660       1361.679          27.000  
G22  23372321.987   122822292.6020      -2247.404          27.000                                                                  
E11                                                                  27050574.932   108921455.5751       1749.714          23.000  
R13                                                                  25090780.627   104209286.2431       2776.195          11.000  
> 2026  7 21 10 16 30.0060000  0 35                           
G13  25613182.980   134598184.7931       2946.294          24.000    25613177.184   104881650.1020       2294.910          28.000  
S35  40113565.720   210798207.6870       -402.322          33.000  
S33  40369198.764   212141569.4970       -401.815          33.000  
S31  39662726.684   208429058.3500       -403.250          39.000  
G24  25139966.787   132111432.8100      -1716.748          29.000    25139973.257   102943987.6751      -1335.294          19.000  
E10  26715062.484   140388637.8320       1508.269          31.000    26715059.991   107570497.6680       1155.842          35.000  
C39  24314311.923   126610948.8010      -1038.002          34.000  
C11  24937945.650   129858558.3290      -2025.916          32.000  
C29  23718061.474   123506147.8870      -1053.072          41.000  
C30  26461213.194   137790441.7160      -2682.470          32.000  
C36  25673758.788   133689999.0201      -3370.116          15.000  
R12  21649631.003   115648550.6260       1140.378          28.000    21649620.253    89948729.0100        886.906          34.000  
R11  22055920.890   117860146.3540      -3213.178          36.000    22055918.101    91668984.2430      -2498.824          38.000  
R23  23536382.364   125903774.9031       1777.086          24.000                                                                  
R22  21652445.715   115582270.0620       -410.776          38.000    21652427.630    89897210.8731       -332.163          15.000  
G12  25984135.101   136547555.4560       3059.594          32.000    25984129.559   106400666.7501       2382.154          17.000  
E31  25640734.321   134742947.8780      -1249.345          37.000    25640733.730   103244611.2240       -957.327          42.000  
G06  22316048.273   117271708.4440       -625.720          34.000    22316050.541    91380501.4560       -487.372          41.000  
E23  29115548.711   153003240.8571      -2850.545          19.000                                                                  
G17  24255596.022   127463992.7700      -1897.611          35.000    24255593.489    99322592.6440      -1479.063          32.000  
C35  25682063.782   133733346.1490       1229.333          37.000  
C26  26859122.354   139862496.0840       1894.600          26.000  
C20  27948835.346   145536919.7361       1957.120          26.000  
R21  23991278.735   128382178.0941      -3491.703          20.000    23991283.596    99852825.2791      -2716.850          25.000  
G21  26658053.163   140089014.0811       3158.745          21.000                                                                  
G03  26020316.798   136737686.9331      -2689.519          23.000                                                                  
E33  26568522.528   139618448.1250      -2314.248          26.000    26568510.216   106980366.5890      -1772.913          28.000  
E16  26271816.228   138059346.1030       1315.443          34.000    26271806.512   105785667.6130       1007.991          38.000  
G14  24187819.233   127107759.2800      -3426.362          25.000                                                                  
G19  22457156.414   118013127.3430       -384.978          37.000                                                                  
E12  25363357.713   133285284.7650        388.897          30.000    25363345.410   102127691.7250        298.020          34.000  
G11  23593454.216   123984561.8470       1742.858          33.000    23593463.114    96611228.0270       1358.568          27.000  
G22  23376605.292   122844889.0391      -2250.966          24.000                                                                  
E11                                                                  27046227.715   108903951.1531       1749.495          24.000  
R13                                                                  25084103.524   104181554.8021       2772.550          13.000  
> 2026  7 21 10 16 40.0060000  0 33                           
G13  25607583.822   134568760.6441       2943.729          24.000    25607574.536   104858708.0580       2293.378          28.000  
S35  40114330.775   210802228.5440       -402.682          33.000  
S33  40369963.841   212145591.2730       -402.188          33.000  
S31  39663493.907   208433090.1940       -403.814          39.000  
G24  25143238.120   132128623.6130      -1721.375          28.000    25143247.393   102957394.4891      -1347.657          21.000  
E10  26712195.765   140373577.7750       1504.365          31.000    26712194.253   107558958.1630       1152.571          36.000  
C39  24316310.130   126621356.5060      -1044.439          34.000  
C11  24941836.976   129878822.8140      -2027.412          33.000  
C29  23720086.576   123516692.1470      -1055.783          40.000  
C30  26466365.132   137817269.7680      -2683.577          31.000  
C36  25680232.908   133723711.2311      -3385.428          13.000  
R12  21647504.274   115637185.7400       1132.487          27.000    21647492.191    89939889.6200        880.781          34.000  
R11  22061940.069   117892313.7060      -3219.893          36.000    22061937.409    91694003.2890      -2504.944          37.000  
R23  23533067.987   125886044.7401       1773.752          24.000                                                                  
R22  21653219.820   115586403.4140       -415.886          37.000                                                                  
G12  25978314.706   136516965.4070       3057.584          31.000    25978308.406   106376829.7641       2377.398          16.000  
E31  25643115.259   134755460.9030      -1253.100          37.000    25643114.979   103254199.1380       -960.338          42.000  
G06  22317243.404   117277991.1890       -631.303          34.000    22317246.554    91385397.1350       -491.741          41.000  
E23  29120967.894   153031718.3331      -2848.714          17.000                                                                  
G17  24259208.482   127482970.7310      -1898.719          36.000    24259204.409    99337380.6310      -1479.513          32.000  
C35  25679706.281   133721064.8510       1227.087          37.000  
C26  26855487.943   139843568.1420       1890.141          25.000  
C20  27945078.879   145517358.0641       1955.169          27.000  
R21  23997805.102   128417102.2101      -3489.902          17.000    23997810.624    99879991.6201      -2719.801          26.000  
G21  26652032.297   140057374.5501       3158.646          20.000                                                                  
G03  26025445.224   136764636.9571      -2698.046          24.000                                                                  
E33  26572927.279   139641674.5071      -2317.041          23.000    26572916.731   106998109.0080      -1775.955          27.000  
E16  26269315.204   138046203.6420       1313.038          33.000    26269305.376   105775597.4240       1006.065          38.000  
G14  24194340.038   127142114.7331      -3429.657          23.000                                                                  
G19  22457891.240   118016991.8150       -387.793          37.000                                                                  
E12  25362621.018   133281419.1110        384.738          30.000    25362609.787   102124729.7600        294.295          33.000  
G11  23590143.855   123967158.9340       1738.113          34.000    23590151.707    96597667.3410       1354.399          26.000  
G22  23380898.729   122867451.5511      -2250.129          18.000                                                                  
> 2026  7 21 10 16 50.0060000  0 33                           
G13  25601983.173   134539329.3271       2941.476          25.000    25601975.571   104835782.4280       2291.675          28.000  
S35  40115096.915   210806255.1010       -403.116          33.000  
S33  40370730.063   212149618.5520       -403.288          33.000  
S31  39664261.920   208437127.1880       -403.804          39.000  
G24  25146519.751   132145870.4360      -1727.153          27.000    25146525.039   102970815.8851      -1344.357          21.000  
E10  26709337.344   140358556.5050       1500.280          31.000    26709335.625   107547448.3710       1149.685          35.000  
C39  24318319.600   126631823.8790      -1049.316          33.000  
C11  24945731.807   129899104.4270      -2029.022          33.000  
C29  23722116.060   123527261.1480      -1057.902          40.000  
C30  26471518.199   137844103.5750      -2682.848          31.000  
C36  25686710.729   133757442.4521      -3366.345          18.000  
R12  21645392.931   115625801.6170       1123.481          27.000    21645380.353    89931116.1460        873.758          34.000  
R11  22067973.810   117924555.0990      -3227.692          37.000    22067970.807    91719079.9270      -2510.592          37.000  
R23  23529753.815   125868315.8751       1769.157          25.000                                                                  
R22  21654003.955   115590590.1970       -421.169          37.000                                                                  
G12  25972497.565   136486392.1620       3057.677          31.000    25972488.910   106352999.7241       2382.885          16.000  
E31  25645503.533   134768012.6790      -1256.960          37.000    25645503.630   103263816.7240       -963.091          42.000  
G06  22318449.840   117284332.7210       -636.998          34.000    22318453.708    91390338.5810       -496.240          41.000  
E23  29126388.900   153060205.7941      -2853.122          19.000                                                                  
G17  24262823.893   127501963.9390      -1900.113          36.000    24262818.350    99352180.5560      -1481.040          32.000  
C35  25677353.561   133708808.8840       1224.609          37.000  
C26  26851859.925   139824680.5961       1886.028          24.000  
C20  27941325.911   145497812.0440       1952.908          27.000  
G21  26646007.314   140025712.6361       3160.084          19.000                                                                  
G03  26030580.104   136791620.9521      -2701.773          26.000                                                                  
E33  26577337.042   139664848.6661      -2319.753          21.000    26577329.551   107015874.8060      -1777.409          27.000  
E16  26266818.755   138033086.5580       1310.444          33.000    26266809.300   105765546.6680       1003.910          38.000  
G14  24200867.638   127176416.8481      -3430.767          23.000                                                                  
G19  22458631.357   118020882.9580       -390.791          36.000                                                                  
E12  25361893.915   133277599.6100        380.190          30.000    25361882.873   102121803.0910        291.425          33.000  
G11  23586841.889   123949803.7720       1733.017          35.000    23586848.187    96584143.8700       1350.457          26.000  
R21                                                                  24004342.171    99907176.1071      -2718.471          24.000  
R13                                                                  25065950.048   104106157.9011       2772.328          12.000  
> 2026  7 21 10 17  0.0060000  0 33                           
G13  25596395.819   134509967.0371       2940.055          24.000    25596380.166   104812870.7260       2290.588          29.000  
S35  40115863.931   210810284.8170       -402.781          33.000  
S33  40371496.731   212153649.1870       -403.019          33.000  
S31  39665030.995   208441167.7920       -403.844          39.000  
G24  25149811.342   132163169.9520      -1732.585          26.000    25149816.618   102984294.5011      -1349.776          23.000  
E10  26706482.685   140343570.9320       1496.814          30.000    26706484.157   107535965.8930       1147.044          35.000  
C39  24320339.053   126642347.8690      -1054.895          33.000  
C11  24949629.551   129919399.9950      -2029.321          34.000  
C29  23724149.956   123537851.7100      -1059.772          39.000  
C30  26476671.812   137870940.0660      -2682.861          31.000  
C36  25693201.510   133791242.3711      -3375.118          22.000  
R12  21643297.859   115614603.0870       1115.959          26.000    21643283.528    89922406.1570        867.910          33.000  
R11  22074020.469   117956867.0290      -3234.166          37.000    22074017.314    91744211.4080      -2515.496          36.000  
R23  23526451.683   125850651.8191       1765.311          26.000                                                                  
R22  21654797.538   115594827.0450       -425.146          36.000                                                                  
G12  25966682.605   136455832.7820       3056.688          31.000    25966679.069   106329209.9731       2385.756          17.000  
E31  25647899.065   134780599.9850      -1260.083          37.000    25647898.889   103273461.5510       -965.566          42.000  
G06  22319667.603   117290729.6710       -642.140          35.000    22319671.293    91395323.2540       -500.398          42.000  
E23  29131813.508   153088713.2211      -2849.551          19.000                                                                  
G17  24266441.022   127520969.1530      -1900.572          36.000    24266434.438    99366989.7980      -1481.198          32.000  
C35  25675004.950   133696575.0350       1222.290          36.000  
C26  26848242.947   139805846.4001       1882.693          25.000  
C20  27937577.558   145478283.4750       1952.673          27.000  
G21  26639984.794   139994064.9201       3164.740          20.000                                                                  
G03  26035727.763   136818672.1861      -2707.047          25.000                                                                  
E33  26581747.266   139688023.8671      -2320.923          18.000    26581747.706   107033661.7070      -1779.605          27.000  
E16  26264325.921   138019991.6850       1308.977          32.000    26264317.414   105755512.9260       1003.027          38.000  
G14  24207414.363   127210820.5351      -3437.905          25.000                                                                  
G19  22459375.408   118024797.6130       -392.200          35.000                                                                  
E12  25361175.301   133273823.0470        375.452          29.000    25361164.001   102118909.3560        288.230          33.000  
G11  23583548.185   123932493.0780       1729.340          35.000    23583553.777    96570711.0090       1347.646          26.000  
R21                                                                  24010879.875    99934385.8101      -2719.354          24.000  
R13                                                                  25063828.373   104097345.4701       2773.742          13.000  
> 2026  7 21 10 17 10.0060000  0 33                           
G13  25590799.996   134480561.2811       2938.602          25.000    25590787.515   104789968.8960       2289.874          29.000  
S35  40116630.198   210814311.8370       -402.500          33.000  
S33  40372263.126   212157676.9380       -402.953          33.000  
S31  39665799.409   208445205.6160       -403.655          39.000  
G24  25153109.308   132180481.5061      -1735.330          22.000    25153119.571   102997819.3991      -1353.754          25.000  
E10  26703633.206   140328615.5680       1494.244          29.000    26703638.052   107524506.6210       1145.050          35.000  
C39  24322368.922   126652923.0590      -1060.492          33.000  
C11  24953528.928   129939704.2270      -2030.574          35.000  
C29  23726187.176   123548458.4640      -1061.703          38.000  
C30  26481824.681   137897773.9050      -2682.941          31.000  
C36  25699692.070   133825040.4411      -3374.615          25.000  
R12  21641216.416   115603492.9141       1109.130          26.000    21641201.206    89913755.4920        862.262          33.000  
R11  22080078.854   117989243.5500      -3240.715          37.000    22080075.981    91769393.1290      -2520.438          36.000  
R23  23523162.563   125833054.5550       1760.742          27.000                                                                  
R22  21655599.557   115599108.5730       -430.529          36.000                                                                  
G12  25960869.689   136425281.9790       3054.332          31.000    25960863.590   106305396.2541       2380.646          16.000  
E31  25650299.478   134793217.5440      -1263.410          37.000    25650299.822   103283129.5310       -967.866          42.000  
G06  22320895.042   117297176.7310       -647.230          35.000    22320898.238    91400346.9370       -504.303          42.000  
E23  29137245.623   153117258.6831      -2862.977          21.000                                                                  
G17  24270058.862   127539981.0610      -1901.456          37.000    24270051.620    99381804.2330      -1481.261          32.000  
C35  25672659.233   133684358.0050       1220.538          35.000  
C26  26844632.689   139787046.8581       1879.069          26.000  
C20  27933829.959   145458764.3730       1951.033          28.000  
G21  26633964.848   139962429.8271       3179.883          18.000                                                                  
G03  26040884.075   136845769.3031      -2708.987          24.000                                                                  
E33  26586173.795   139711286.0781      -2329.701          13.000    26586169.799   107051465.3450      -1781.296          26.000  
E16  26261836.147   138006913.7850       1307.082          31.000    26261828.619   105745492.1680       1001.982          37.000  
G14  24213962.858   127245232.8311      -3442.016          25.000    24213953.826    99152092.7131      -2680.994          24.000  
G19  22460122.741   118028730.3900       -393.554          34.000                                                                  
E12  25360462.623   133270084.0240        371.900          28.000    25360452.654   102116044.4080        285.031          33.000  
G11  23580262.221   123915221.6520       1725.153          36.000    23580266.424    96557252.7870       1344.606          25.000  
G22  23393820.077   122935353.8561      -2270.055          21.000                                                                  
R21                                                                  24017415.286    99961586.3381      -2720.287          23.000  
> 2026  7 21 10 17 20.0060000  0 33                           
G13  25585202.697   134451146.8341       2937.100          25.000    25585196.379   104767075.7950       2289.130          29.000  
S35  40117395.628   210818334.9720       -402.102          33.000  
S33  40373028.586   212161700.7790       -402.863          33.000  
S31  39666567.110   208449239.1340       -403.428          39.000  
G24  25156404.604   132197797.8471      -1739.098          18.000    25156432.723   103011385.8521      -1357.200          26.000  
E10  26700790.762   140313689.0440       1491.429          28.000    26700797.571   107513069.4370       1142.433          34.000  
C39  24324408.270   126663547.8900      -1064.600          32.000  
C11  24957429.536   129960015.5260      -2031.770          35.000  
C29  23728226.760   123559079.8770      -1062.974          37.000  
C30  26486976.333   137924603.4880      -2682.606          30.000  
C36  25706175.807   133858809.5470      -3377.930          26.000  
R12  21639141.175   115592412.4110       1101.322          26.000    21639132.547    89905163.0220        855.746          33.000  
R11  22086149.340   118021683.4510      -3247.458          37.000    22086146.278    91794624.1760      -2525.438          35.000  
R23  23519869.476   125815461.1400       1757.613          28.000                                                                  
R22  21656409.947   115603433.1530       -435.107          37.000    21656404.744    89913723.0561       -340.679          18.000  
G12  25955057.645   136394738.1820       3053.225          31.000    25955051.536   106281596.7161       2379.049          17.000  
E31  25652705.917   134805863.7920      -1266.405          36.000    25652706.425   103292819.4970       -969.993          42.000  
G06  22322132.375   117303672.2810       -652.275          35.000    22322134.748    91405408.3870       -507.725          42.000  
E23  29142680.611   153145819.3391      -2851.038          21.000                                                                  
G17  24273677.690   127558998.1080      -1902.746          37.000    24273670.016    99396622.7440      -1482.372          32.000  
C35  25670316.239   133672156.2370       1218.829          35.000  
C26  26841027.036   139768270.5111       1877.312          25.000  
C20  27930087.776   145439253.1460       1950.374          28.000  
R21  24023944.151   128556977.4881      -3499.671          15.000    24023953.179    99988797.9891      -2719.984          23.000  
G21  26627939.656   139930766.4031       3163.776          19.000                                                                  
G03  26046046.865   136872899.1581      -2712.337          22.000                                                                  
E16  26259347.020   137993851.3490       1304.817          30.000    26259342.950   105735483.2780       1000.194          37.000  
G14  24220511.292   127279645.0811      -3444.397          25.000    24220505.869    99178921.8181      -2683.419          25.000  
G19  22460872.641   118032679.7600       -395.779          34.000                                                                  
E12  25359752.352   133266398.0081        368.545          23.000    25359747.611   102113207.0460        282.236          32.000  
G11  23576982.517   123897987.9180       1721.319          36.000    23576986.905    96543819.9421       1340.524          26.000  
G22  23398151.630   122958116.5421      -2275.744          24.000                                                                  
E33                                                                  26590596.493   107069312.5271      -1782.289          26.000  
> 2026  7 21 10 17 30.0070000  0 33                           
G13  25579609.980   134421757.1281       2934.864          25.000    25579607.874   104744191.1530       2287.211          28.000  
S35  40118161.019   210822356.3820       -402.591          33.000  
S33  40373794.217   212165723.6980       -402.113          33.000  
S31  39667334.453   208453271.8890       -403.160          39.000  
G24  25159726.612   132215255.2271      -1749.937          19.000    25159750.903   103024973.1011      -1363.219          26.000  
E10  26697952.050   140298792.3270       1487.533          26.000    26697962.897   107501655.0430       1139.760          34.000  
C39  24326458.827   126674225.9260      -1069.960          33.000  
C11  24961332.211   129980338.3250      -2032.967          35.000  
C29  23730270.185   123569719.4280      -1065.132          36.000  
C30  26492128.408   137951433.9230      -2682.833          29.000  
C36  25712662.492   133892594.9080      -3379.573          26.000  
R12  21637077.193   115581441.3410       1092.556          27.000    21637078.492    89896629.8470        850.210          32.000  
R11  22092232.642   118054191.6610      -3254.164          38.000    22092229.267    91819908.3340      -2530.963          34.000  
R23  23516590.900   125797905.9340       1753.364          29.000                                                                  
R22  21657228.732   115607803.4740       -439.384          37.000    21657224.491    89917126.4631       -353.510          20.000  
G12  25949247.115   136364200.8660       3053.351          31.000    25949239.302   106257796.9631       2385.057          17.000  
E31  25655118.130   134818542.4340      -1269.626          36.000    25655118.913   103302534.3320       -972.886          42.000  
G06  22323378.975   117310219.3760       -657.622          35.000    22323380.344    91410510.0390       -512.351          42.000  
E23  29148111.524   153174359.8351      -2845.643          21.000                                                                  
G17  24277297.587   127578024.5890      -1902.788          37.000    24277290.413    99411448.5870      -1482.620          32.000  
C35  25667976.396   133659970.9580       1218.060          34.000  
C26  26837428.587   139749532.4201       1872.569          23.000  
C20  27926343.716   145419750.4450       1949.170          29.000  
R21  24030479.187   128591947.2511      -3496.400          17.000    24030485.876   100015987.1791      -2718.830          23.000  
G21  26621909.793   139899079.7151       3165.178          18.000                                                                  
G03  26051227.965   136900126.8991      -2727.026          24.000                                                                  
E33  26595017.092   139757757.9801      -2326.639          19.000    26595028.641   107087159.0431      -1785.694          25.000  
E16  26256864.461   137980805.5190       1303.632          30.000    26256860.419   105725487.1610        998.506          37.000  
G14  24227066.992   127314096.1281      -3447.706          26.000    24227063.403    99205773.7591      -2686.938          25.000  
G19  22461626.615   118036648.6640       -398.099          34.000                                                                  
E12  25359040.101   133262654.6601        380.464          21.000    25359050.225   102110398.9030        278.740          32.000  
G11  23573710.224   123880792.6470       1717.526          36.000    23573714.696    96530420.0671       1338.143          26.000  
G22  23402484.391   122980884.9251      -2277.581          25.000                                                                  
> 2026  7 21 10 17 40.0070000  0 33                           
G13  25574035.828   134392464.5291       2933.453          26.000    25574023.067   104721322.0420       2286.757          28.000  
S35  40118926.282   210826379.3490       -402.701          33.000  
S33  40374559.879   212169747.5360       -402.655          33.000  
S31  39668101.890   208457305.1070       -403.322          39.000  
G24  25163066.866   132232808.5621      -1753.804          22.000    25163076.642   103038602.5950      -1365.039          26.000  
E10  26695118.613   140283794.4031       1483.349          24.000    26695134.791   107490268.2830       1137.010          34.000  
C39  24328519.090   126684958.2010      -1075.768          33.000  
C11  24965237.114   130000671.7490      -2034.218          35.000  
C29  23732317.004   123580378.1730      -1066.601          36.000  
C30  26497279.224   137978263.1690      -2683.326          28.000  
C36  25719151.910   133926401.7390      -3381.837          26.000  
R12  21635039.079   115570552.1280       1085.167          29.000    21635040.769    89888160.4290        843.611          32.000  
R11  22098327.997   118086765.8370      -3260.708          38.000    22098324.866    91845243.8160      -2536.393          33.000  
R23  23513319.793   125780395.7620       1748.626          29.000                                                                  
R22  21658056.678   115612222.1640       -444.061          37.000    21658051.319    89920559.5521       -343.027          21.000  
G12  25943439.248   136333679.6340       3051.599          31.000    25943435.200   106234029.6331       2375.510          16.000  
E31  25657536.469   134831254.2760      -1272.612          35.000    25657537.984   103312274.5780       -975.375          41.000  
G06  22324635.456   117316819.8990       -662.694          35.000    22324636.543    91415653.3190       -516.433          42.000  
E23  29153550.655   153202942.4001      -2854.603          21.000                                                                  
G17  24280918.816   127597060.1470      -1903.854          37.000    24280913.521    99426281.5000      -1484.062          32.000  
C35  25665640.971   133647807.8700       1215.159          35.000  
C26  26833839.368   139730842.3361       1869.331          22.000  
C20  27922600.498   145400263.5040       1948.072          29.000  
R21  24037015.858   128626926.3901      -3493.769          16.000    24037017.893   100043173.4801      -2726.874          22.000  
G21  26615883.197   139867409.3561       3171.537          19.000                                                                  
G03  26056416.507   136927392.5351      -2727.892          24.000                                                                  
E33  26599460.354   139781106.8861      -2331.283          19.000    26599463.374   107105015.7741      -1788.666          23.000  
E16  26254384.409   137967782.3690       1301.104          29.000    26254382.179   105715508.3160        997.176          38.000  
G14  24233629.008   127348577.1170      -3450.609          27.000    24233624.195    99232639.7791      -2688.228          24.000  
G19  22462386.009   118040639.6000       -399.634          35.000                                                                  
E12  25358341.644   133258983.9571        362.737          18.000    25358360.833   102107623.0080        275.823          32.000  
G11  23570446.322   123863642.6260       1712.489          36.000    23570452.463    96517059.3560       1334.352          26.000  
G22  23406818.786   123003667.5670      -2282.444          27.000                                                                  
> 2026  7 21 10 17 50.0070000  0 33                           
G13  25568454.894   134363136.6261       2930.588          27.000    25568441.243   104698466.8800       2284.691          28.000  
S35  40119692.027   210830404.2500       -402.826          33.000  
S33  40375325.959   212173773.2170       -403.060          33.000  
S31  39668870.085   208461341.5970       -403.768          39.000  
G24  25166415.553   132250405.7291      -1754.373          25.000    25166418.024   103052272.5940      -1369.542          27.000  
E10  26692293.484   140268948.7301       1479.638          21.000    26692313.758   107478908.4380       1134.673          33.000  
C39  24330590.404   126695746.3630      -1082.055          33.000  
C11  24969144.384   130021018.3650      -2035.505          35.000  
C29  23734367.808   123591057.7630      -1069.685          35.000  
C30  26502430.499   138005094.3160      -2683.250          27.000  
C36  25725645.843   133960233.3400      -3384.467          26.000  
R12  21633020.751   115559744.5030       1075.892          32.000    21633017.575    89879754.4450        837.282          32.000  
R11  22104436.653   118119408.8930      -3267.884          38.000    22104433.215    91870632.8180      -2541.445          32.000  
R23  23510052.454   125762929.4420       1743.830          29.000                                                                  
R22  21658893.470   115616689.9760       -449.554          37.000    21658883.215    89924013.6651       -355.142          21.000  
G12  25937633.529   136303171.9650       3049.792          31.000    25937630.219   106210259.0931       2374.212          17.000  
E31  25659961.487   134844001.1690      -1276.587          35.000    25659963.339   103322041.6650       -978.148          41.000  
G06  22325902.250   117323475.0640       -668.201          35.000    22325902.827    91420839.1890       -520.958          42.000  
E23  29158991.463   153231533.4331      -2863.009          21.000                                                                  
G17  24284542.388   127616107.1910      -1905.354          37.000    24284538.728    99441123.3480      -1484.950          32.000  
C35  25663309.562   133635666.2710       1213.086          34.000  
C26  26830249.478   139712149.4131       1861.977          19.000  
C20  27918860.267   145380791.0370       1946.334          28.000  
R21  24043553.713   128661912.5981      -3504.667          19.000    24043554.458   100070378.9911      -2732.330          21.000  
G21  26609846.964   139835688.6891       3171.330          16.000                                                                  
G03  26061606.615   136954666.4751      -2731.089          23.000                                                                  
E33  26603896.689   139804420.0031      -2327.634          22.000    26603901.414   107122886.1081      -1794.259          21.000  
E16  26251910.006   137954781.1010       1298.937          29.000    26251908.130   105705546.3020        995.061          37.000  
G14  24240200.063   127383105.3640      -3455.005          28.000    24240197.235    99259554.8911      -2690.519          25.000  
G19  22463149.671   118044653.5580       -403.022          35.000                                                                  
E12  25357651.393   133255356.4951        351.087          15.000    25357679.002   102104879.5230        272.251          31.000  
G11  23567190.810   123846536.6180       1708.497          36.000    23567197.391    96503732.8551       1332.039          25.000  
G22  23411167.491   123026517.7920      -2287.676          29.000                                                                  
> 2026  7 21 10 18  0.0070000  0 34                           
G13  25562878.364   134333831.3510       2930.530          27.000    25562862.966   104675626.9390       2283.337          27.000  
S35  40120459.008   210834433.4890       -403.188          33.000  
S33  40376093.296   212177803.3460       -403.235          33.000  
S31  39669638.603   208465380.9630       -403.712          39.000  
G24  25169765.685   132268010.4201      -1761.980          26.000    25169764.227   103065984.0600      -1372.465          26.000  
E10  26689481.263   140254169.8601       1478.755          17.000    26689499.301   107467576.8760       1131.663          33.000  
C39  24332672.290   126706592.0520      -1087.495          32.000  
C11  24973054.424   130041379.8700      -2036.329          36.000  
C29  23736422.945   123601759.7320      -1070.894          35.000  
C30  26507583.405   138031929.0810      -2683.012          28.000  
C36  25732151.581   133994064.9231      -3387.524          26.000  
R12  21631014.398   115549020.1550       1068.500          33.000    21631010.009    89871413.2450        831.705          32.000  
R11  22110558.441   118152123.0430      -3274.697          38.000    22110554.324    91896077.1690      -2547.199          31.000  
R23  23506793.982   125745508.6990       1740.152          29.000                                                                  
R22  21659739.939   115621208.6230       -454.186          37.000    21659732.289    89927538.6071       -366.479          23.000  
G12  25931829.497   136272679.7230       3048.657          31.000    25931821.875   106186475.5321       2379.136          16.000  
E31  25662393.938   134856784.8150      -1279.904          34.000    25662396.026   103331836.9180       -980.590          41.000  
G06  22327180.738   117330186.5430       -673.217          36.000    22327179.831    91426068.9300       -525.068          42.000  
E23  29164437.952   153260155.3091      -2861.746          22.000                                                                  
G17  24288168.878   127635167.4120      -1906.756          37.000    24288166.500    99455975.4910      -1486.722          33.000  
C35  25660982.419   133623547.8670       1211.007          33.000  
C26  26826668.552   139693502.3711       1849.407          14.000  
C20  27915124.369   145361334.8460       1945.233          29.000  
R21  24050089.102   128696884.6901      -3502.775          19.000    24050091.729   100097587.7151      -2716.075          21.000  
G21  26603822.293   139804029.1871       3172.697          17.000                                                                  
G03  26066819.565   136982060.5091      -2740.279          22.000                                                                  
E33  26608339.949   139827769.7311      -2337.469          23.000    26608344.229   107140775.4551      -1797.499          20.000  
E16  26249436.534   137941803.4830       1297.147          29.000    26249438.486   105695602.4070        993.723          38.000  
G14  24246780.299   127417671.2420      -3457.827          29.000    24246773.422    99286483.3341      -2694.985          25.000  
G19  22463918.565   118048692.1060       -404.106          36.000                                                                  
E12  25356968.689   133251768.9851        347.299          17.000    25357006.033   102102169.7440        269.484          31.000  
G11  23563944.717   123829476.4870       1703.931          36.000    23563950.519    96490438.2261       1328.487          24.000  
G22  23415524.598   123049410.7160      -2291.208          31.000                                                                  
R13                                                                  25019716.496   103914135.9901       2790.097          12.000  
> 2026  7 21 10 18 10.0070000  0 32                           
G13  25557300.197   134304538.5980       2928.491          27.000    25557288.476   104652801.3990       2281.527          27.000  
S35  40121225.918   210838465.4170       -403.173          33.000  
S33  40376859.956   212181832.0500       -402.743          33.000  
S31  39670407.981   208469423.9830       -404.473          39.000  
G24  25173124.440   132285660.8591      -1767.469          25.000    25173125.089   103079736.1150      -1377.194          26.000  
C39  24334764.753   126717494.1030      -1092.712          33.000  
C11  24976967.381   130061755.0370      -2038.610          35.000  
C29  23738482.570   123612483.0370      -1074.078          35.000  
C30  26512737.053   138058766.2950      -2683.490          28.000  
C36  25738657.008   134027940.9411      -3391.012          26.000  
R12  21629023.660   115538378.1590       1059.872          34.000    21629017.471    89863136.1190        824.719          31.000  
R11  22116693.770   118184906.7470      -3281.640          39.000    22116688.750    91921575.5980      -2553.123          30.000  
R23  23503537.433   125728132.4080       1735.688          28.000                                                                  
R22  21660595.847   115625776.9620       -459.145          38.000    21660588.746    89931094.1311       -358.294          23.000  
G12  25926028.748   136242201.7820       3046.533          30.000    25926025.856   106162741.6271       2379.004          15.000  
E31  25664833.387   134869604.0540      -1283.831          35.000    25664835.387   103341659.4530       -983.726          41.000  
G06  22328469.855   117336953.0800       -679.630          36.000    22328467.338    91431341.5500       -529.514          42.000  
E23  29169885.310   153288781.6591      -2864.065          22.000                                                                  
G17  24291797.822   127654239.6310      -1907.894          37.000    24291797.045    99470836.9110      -1486.427          33.000  
C35  25658659.027   133611451.4250       1208.660          33.000  
C20  27911388.918   145341893.7890       1943.177          28.000  
R21  24056626.609   128731868.0991      -3496.781          21.000    24056630.501   100124802.1781      -2726.854          22.000  
G21  26597787.132   139772314.6121       3172.493          18.000                                                                  
G03  26072039.175   137009490.3431      -2747.444          20.000                                                                  
E33  26612789.565   139851152.5571      -2338.190          24.000    26612790.408   107158678.3901      -1789.040          20.000  
E16  26246968.344   137928848.5000       1293.971          29.000    26246973.089   105685675.7980        991.900          38.000  
G14  24253366.272   127452273.6520      -3462.101          29.000    24253359.077    99313450.2251      -2697.235          25.000  
G19  22464692.551   118052754.2370       -407.349          37.000                                                                  
E12  25356316.803   133248343.2651        345.916          18.000    25356341.040   102099492.7850        265.729          31.000  
G11  23560707.186   123812460.9830       1699.277          37.000    23560711.667    96477175.3311       1324.695          25.000  
G22  23419890.843   123072351.6250      -2295.917          32.000                                                                  
E10                                                                  26686691.741   107456272.6880       1128.875          33.000  
> 2026  7 21 10 18 20.0070000  0 32                           
G13  25551732.922   134275263.2050       2926.904          27.000    25551716.963   104629989.3550       2280.914          27.000  
S35  40121993.290   210842498.4970       -403.565          33.000  
S33  40377628.271   212185866.2320       -403.263          33.000  
S31  39671177.335   208473467.6120       -404.171          39.000  
G24  25176488.063   132303337.5251      -1771.653          25.000    25176490.809   103093527.5960      -1380.262          26.000  
E10  26683900.939   140224845.0571       1466.829          15.000    26683890.846   107444994.8910       1126.546          32.000  
C39  24336869.066   126728451.2590      -1097.690          34.000  
C11  24980882.781   130082142.5720      -2038.947          35.000  
C29  23740545.789   123623226.2170      -1074.860          35.000  
C30  26517890.981   138085604.7360      -2683.583          29.000  
C36  25745167.293   134061841.8871      -3392.213          25.000  
R12  21627047.087   115527817.2160       1052.164          35.000    21627040.731    89854922.0140        818.953          31.000  
R11  22122841.117   118217758.6220      -3288.186          38.000    22122835.279    91947127.0320      -2557.705          29.000  
R23  23500293.932   125710799.3580       1731.695          27.000                                                                  
R22  21661461.145   115630393.5510       -463.737          38.000    21661449.893    89934670.2711       -363.599          22.000  
G12  25920230.982   136211736.9900       3046.265          30.000                                                                  
E31  25667279.397   134882457.6650      -1286.694          34.000    25667281.336   103351508.2980       -985.825          41.000  
G06  22329769.108   117343773.3730       -684.113          36.000    22329764.981    91436656.0640       -533.333          41.000  
E23  29175338.256   153317436.6311      -2868.891          22.000                                                                  
G17  24295429.337   127673322.5840      -1908.728          38.000    24295428.414    99485706.7300      -1486.723          33.000  
C35  25656339.966   133599375.7510       1206.935          33.000  
C20  27907660.426   145322466.7810       1942.542          28.000  
R21  24063168.905   128766876.5761      -3501.708          23.000    24063168.683   100152014.6741      -2725.540          23.000  
G21  26591752.857   139740603.8271       3181.155          19.000                                                                  
G03  26077266.452   137036959.6721      -2747.751          16.000                                                                  
E33  26617246.099   139874571.3611      -2341.636          25.000    26617239.765   107176593.9131      -1802.688          21.000  
E16  26244502.804   137915914.7990       1292.627          29.000    26244512.031   105675765.5610        990.387          38.000  
G14  24259957.578   127486911.1780      -3465.223          29.000    24259951.262    99340444.5091      -2700.241          25.000  
G19  22465470.825   118056838.6620       -409.315          37.000                                                                  
E12  25355676.540   133244978.5721        343.247          22.000    25355684.393   102096847.6850        263.151          31.000  
G11  23557477.726   123795488.9310       1695.483          37.000    23557482.615    96463952.3521       1320.028          24.000  
G22  23424265.095   123095336.8270      -2300.483          32.000                                                                  
> 2026  7 21 10 18 30.0070000  0 31                           
G13  25546163.910   134246002.2940       2925.826          26.000    25546148.403   104607188.7010       2279.344          27.000  
S35  40122760.638   210846529.6780       -403.069          33.000  
S33  40378395.297   212189898.8780       -403.247          32.000  
S31  39671946.730   208477510.4740       -404.550          39.000  
G24  25179869.557   132321107.4221      -1776.622          25.000    25179865.053   103107337.3511      -1384.658          25.000  
E10  26681126.733   140210267.1391       1470.971          22.000    26681096.200   107433741.3890       1123.709          32.000  
C39  24338984.332   126739460.6700      -1103.990          34.000  
C11  24984800.354   130102539.6380      -2039.982          36.000  
C29  23742612.526   123633986.5950      -1077.104          34.000  
C30  26523044.691   138112441.4850      -2683.424          28.000  
C36  25751679.211   134095750.7671      -3393.988          25.000  
R12  21625085.303   115517334.5650       1044.707          35.000    21625078.040    89846768.9050        811.172          31.000  
R11  22129000.969   118250676.1160      -3295.469          38.000    22128994.204    91972729.4950      -2563.031          29.000  
R23  23497058.435   125693506.4030       1727.512          28.000                                                                  
R22  21662334.938   115635055.3620       -468.740          38.000    21662312.962    89938253.6251       -367.950          22.000  
G12  25914435.030   136181282.5700       3044.867          29.000                                                                  
E31  25669731.655   134895342.7620      -1290.022          35.000    25669733.145   103361381.3050       -988.710          41.000  
G06  22331077.862   117350644.5710       -689.900          35.000    22331072.139    91442010.2150       -537.361          41.000  
E23  29180795.185   153346112.7001      -2864.712          23.000                                                                  
G17  24299062.434   127692413.4550      -1909.571          38.000    24299061.621    99500582.7620      -1488.200          33.000  
C35  25654024.098   133587318.0000       1204.839          33.000  
C20  27903929.965   145303051.1110       1941.151          28.000  
R21  24069705.482   128801855.1601      -3497.863          25.000    24069708.353   100179232.6161      -2717.097          22.000  
G21  26585717.548   139708887.7981       3170.917          19.000                                                                  
E33  26621704.533   139898000.6751      -2344.462          25.000    26621697.699   107194544.7421      -1790.314          22.000  
E16  26242044.884   137902999.6630       1290.799          29.000    26242054.440   105665869.5640        988.809          38.000  
G14  24266555.126   127521580.9460      -3468.386          30.000    24266548.394    99367458.8821      -2702.691          25.000  
G19  22466252.762   118060942.5300       -411.350          37.000                                                                  
E12  25355034.627   133241605.8951        337.745          25.000    25355034.907   102094232.2210        259.994          31.000  
G11  23554256.025   123778557.4900       1690.170          36.000    23554257.963    96450748.0241       1316.830          24.000  
G22  23428646.981   123118363.0460      -2304.264          32.000                                                                  
> 2026  7 21 10 18 40.0070000  0 33                           
G13  25540597.236   134216756.8010       2923.810          24.000    25540583.408   104584399.9880       2278.094          27.000  
S35  40123527.587   210850560.9320       -403.146          32.000  
S33  40379162.311   212193931.0430       -402.994          33.000  
S31  39672715.879   208481552.6950       -404.259          39.000  
G24  25183257.729   132338911.6871      -1781.118          26.000    25183249.664   103121196.7381      -1388.220          23.000  
E10  26678345.695   140195652.0121       1461.618          22.000    26678307.855   107422512.6400       1121.797          32.000  
C39  24341109.905   126750522.9880      -1109.108          34.000  
C11  24988719.680   130122946.9160      -2041.595          35.000  
C29  23744682.458   123644764.7340      -1078.651          34.000  
C30  26528198.865   138139277.3200      -2684.025          29.000  
C36  25758202.107   134129717.5201      -3394.585          24.000  
R12  21623137.643   115506930.9820       1036.449          36.000    21623129.708    89838677.0860        806.884          31.000  
R11  22135172.597   118283659.0470      -3301.404          38.000    22135166.493    91998382.8840      -2567.956          29.000  
R23  23493836.099   125676254.3910       1723.312          28.000                                                                  
R22  21663217.199   115639763.1850       -473.225          38.000    21663193.562    89941909.5741       -365.139          23.000  
G12  25908641.905   136150839.3490       3043.829          29.000                                                                  
E31  25672190.907   134908260.0810      -1293.512          36.000    25672191.268   103371278.9730       -990.932          41.000  
G06  22332395.345   117357567.2150       -694.620          34.000    22332389.261    91447404.4870       -541.293          41.000  
E23  29186252.915   153374793.4251      -2861.504          23.000                                                                  
G17  24302696.888   127711512.9650      -1910.329          38.000    24302696.188    99515465.4880      -1488.406          33.000  
C35  25651711.817   133575278.7880       1203.107          33.000  
C20  27900202.737   145283647.5310       1939.841          28.000  
R21  24076245.373   128836841.0080      -3499.909          27.000    24076244.160   100206435.3871      -2725.568          23.000  
G21  26579678.184   139677151.2941       3173.583          18.000                                                                  
E33  26626170.830   139921471.2171      -2346.670          26.000    26626161.824   107212520.1021      -1795.260          24.000  
E16  26239591.233   137890103.8420       1288.496          30.000    26239600.334   105655988.3300        987.340          38.000  
G14  24273158.535   127556283.5960      -3472.043          30.000    24273156.503    99394517.8731      -2705.650          25.000  
G19  22467038.182   118065066.4770       -413.560          37.000                                                                  
E12  25354396.109   133238250.4521        335.306          26.000    25354393.141   102091646.9550        256.827          31.000  
G11  23551041.768   123761667.3630       1686.448          35.000    23551046.260    96437596.8921       1315.668          24.000  
G22  23433036.093   123141430.7370      -2308.884          33.000                                                                  
R13                                                                  24997287.963   103820984.4891       2788.867          11.000  
R05                                                                  26373619.571   109652752.6101       -444.375          15.000  
> 2026  7 21 10 18 50.0070000  0 32                           
G13  25535033.737   134187528.7170       2921.319          22.000    25535021.421   104561624.8260       2277.081          27.000  
S35  40124295.095   210854593.5390       -403.519          33.000  
S33  40379929.407   212197964.5970       -403.182          33.000  
S31  39673485.133   208485595.7720       -404.503          39.000  
G24  25186661.190   132356797.0451      -1786.345          25.000    25186643.291   103135093.2071      -1395.400          22.000  
E10  26675557.062   140180997.9381       1460.149          25.000    26675525.227   107411310.2550       1118.716          31.000  
C39  24343245.664   126761640.1360      -1114.848          34.000  
C11  24992641.129   130143366.2730      -2042.993          35.000  
C29  23746756.264   123655562.5550      -1080.457          33.000  
C30  26533353.015   138166113.9540      -2683.518          29.000  
C36  25764732.308   134163721.7801      -3396.964          23.000  
R12  21621205.523   115496608.6630       1028.348          35.000    21621196.807    89830648.6370        799.712          31.000  
R11  22141356.816   118316709.8500      -3308.299          37.000    22141351.588    92024089.0240      -2572.731          30.000  
R23  23490627.277   125659045.3960       1719.790          28.000                                                                  
R22  21664108.441   115644518.8930       -478.202          38.000    21664083.328    89945603.7821       -369.660          24.000  
G12  25902850.923   136120409.3640       3042.572          29.000                                                                  
E31  25674655.905   134921211.6090      -1296.791          36.000    25674655.890   103381202.8650       -993.668          41.000  
G06  22333722.910   117364543.2990       -699.908          32.000    22333716.141    91452840.3910       -545.661          41.000  
E23  29191718.272   153403514.1211      -2867.292          23.000                                                                  
G17  24306333.443   127730623.0470      -1911.458          39.000    24306332.639    99530356.4590      -1489.812          33.000  
C35  25649403.249   133563260.1420       1201.463          33.000  
C20  27896482.282   145264258.0850       1938.522          28.000  
R21  24082788.931   128871839.9030      -3499.678          27.000    24082784.955   100233658.2541      -2726.699          23.000  
G21  26573634.473   139645391.4861       3166.048          17.000                                                                  
E33  26630636.010   139944939.7700      -2349.244          27.000    26630630.892   107230514.8641      -1801.971          25.000  
E16  26237143.573   137877229.3650       1286.334          31.000    26237150.571   105646123.4530        985.739          38.000  
G14  24279768.813   127591021.0140      -3475.411          29.000    24279766.781    99421585.9431      -2708.478          24.000  
G19  22467827.726   118069212.5170       -415.730          37.000                                                                  
E12  25353763.427   133234919.8250        331.746          28.000    25353759.678   102089093.3620        253.570          31.000  
G11  23547835.117   123744820.5310       1683.184          35.000    23547838.845    96424463.5201       1310.682          25.000  
G22  23437435.429   123164541.8960      -2314.139          33.000                                                                  
E11                                                                  26985796.769   108660620.3541       1729.375          14.000  
> 2026  7 21 10 19  0.0070000  0 31                           
G13  25529481.113   134158328.0771       2914.158          21.000    25529462.045   104538860.3890       2275.571          27.000  
S35  40125062.008   210858623.3500       -404.027          33.000  
S33  40380696.869   212201995.3130       -402.260          33.000  
S31  39674254.079   208489637.0110       -404.057          39.000  
G24  25190067.543   132374697.8171      -1791.833          25.000    25190050.357   103149044.9241      -1391.921          22.000  
E10  26672770.776   140166354.6980       1456.390          27.000    26672749.066   107400131.3070       1116.205          31.000  
C39  24345391.133   126772808.3730      -1119.161          34.000  
C11  24996564.080   130163793.9480      -2043.651          35.000  
C29  23748833.424   123666376.3270      -1082.654          33.000  
C30  26538507.361   138192947.8660      -2683.781          29.000  
C36  25771262.185   134197724.6001      -3400.854          22.000  
R12  21619287.086   115486363.8550       1020.978          35.000    21619278.569    89822680.4900        792.999          31.000  
R11  22147553.863   118349824.4570      -3314.710          38.000    22147548.571    92049844.8820      -2578.392          32.000  
R23  23487423.727   125641875.5670       1714.890          29.000                                                                  
R22  21665007.448   115649318.4730       -481.999          38.000    21664983.917    89949342.9631       -374.930          26.000  
G12  25897062.168   136089988.8760       3041.321          29.000                                                                  
E31  25677126.795   134934193.5800      -1299.958          37.000    25677126.182   103391150.0890       -996.143          41.000  
G06  22335059.432   117371569.0180       -705.634          31.000    22335052.969    91458314.9270       -549.451          40.000  
E23  29197179.908   153432215.4281      -2874.081          24.000                                                                  
G17  24309971.037   127749739.9610      -1912.243          39.000    24309970.685    99545252.7510      -1490.199          33.000  
C35  25647097.637   133551258.2540       1199.224          33.000  
C20  27892760.240   145244879.2030       1936.423          28.000  
R21  24089319.616   128906838.5200      -3499.833          27.000    24089321.685   100260864.1331      -2720.896          23.000  
G21  26567586.109   139613606.8641       3169.687          18.000                                                                  
E33  26635107.727   139968443.8830      -2351.398          28.000    26635104.266   107248527.5351      -1801.308          26.000  
E16  26234696.377   137864372.4700       1284.855          31.000    26234703.854   105636272.0690        984.281          38.000  
G14  24286385.094   127625789.4210      -3478.695          28.000    24286383.723    99448681.1891      -2710.622          23.000  
G19  22468620.859   118073376.9330       -417.498          37.000                                                                  
E12  25353133.419   133231624.7840        327.243          29.000    25353132.928   102086568.5320        251.291          31.000  
G11  23544635.930   123728013.3020       1678.596          34.000    23544637.641    96411354.9611       1306.769          25.000  
G22  23441841.736   123187692.5980      -2317.163          33.000                                                                  
> 2026  7 21 10 19 10.0070000  0 34                           
G13  25523924.398   134129127.9371       2919.668          19.000    25523906.284   104516108.0480       2273.862          27.000  
S35  40125828.610   210862651.8620       -403.304          33.000  
S33  40381463.942   212206025.3070       -403.082          33.000  
S31  39675022.577   208493676.4620       -403.798          39.000  
G24  25193483.499   132392648.6161      -1796.998          22.000    25193462.847   103163018.7751      -1395.644          21.000  
E10  26669997.851   140151797.4330       1453.574          28.000    26669978.627   107388977.1230       1113.451          30.000  
C39  24347546.525   126784029.3990      -1124.759          35.000  
C11  25000489.285   130184231.5750      -2044.722          36.000  
C29  23750913.726   123677207.6600      -1084.545          32.000  
C30  26543661.399   138219780.5850      -2684.193          30.000  
C36  25777791.578   134231725.0251      -3404.545          21.000  
R12  21617383.327   115476198.2670       1012.042          36.000    21617374.470    89814773.8600        787.549          30.000  
R11  22153763.565   118383004.3790      -3322.043          39.000    22153757.907    92075651.4610      -2583.039          34.000  
R23  23484223.007   125624746.4420       1710.475          29.000                                                                  
R22  21665915.190   115654163.7230       -487.342          37.000    21665897.784    89953122.5420       -379.033          27.000  
G12  25891275.232   136059579.7060       3040.155          28.000                                                                  
E31  25679603.507   134947207.6970      -1303.716          37.000    25679602.901   103401121.9340       -998.619          41.000  
G06  22336404.138   117378645.8990       -711.013          28.000    22336399.402    91463829.4000       -553.667          40.000  
E23  29202647.132   153460946.2281      -2869.510          24.000                                                                  
G17  24313610.676   127768865.4480      -1913.471          39.000    24313609.788    99560155.7220      -1491.135          33.000  
C35  25644795.792   133539274.7750       1197.988          32.000  
C26  26801819.359   139564105.9621       1835.766          25.000  
C20  27889043.165   145225512.5860       1935.422          27.000  
R21  24095869.212   128941838.3600      -3500.752          29.000    24095861.930   100288084.8071      -2721.709          22.000  
G21  26561544.107   139581855.6961       3182.882          19.000                                                                  
G03  26103542.314   137175040.5371      -2783.390          18.000                                                                  
E33  26639585.863   139991971.0700      -2354.321          29.000    26639581.393   107266551.9090      -1803.872          28.000  
E16  26232253.550   137851534.9710       1282.466          32.000    26232260.989   105626435.5200        982.600          38.000  
G14  24293007.821   127660590.3240      -3481.743          27.000    24293008.267    99475807.8271      -2713.973          22.000  
G19  22469417.437   118077561.3890       -419.959          37.000                                                                  
E12  25352513.053   133228368.8390        324.074          30.000    25352513.715   102084073.7520        248.534          30.000  
G11  23541444.294   123711247.3360       1674.829          33.000    23541444.533    96398279.5471       1306.109          25.000  
G22  23446255.182   123210884.6990      -2322.037          32.000                                                                  
R13                                                                  24972701.050   103718867.8271       2783.203          13.000  
> 2026  7 21 10 19 20.0070000  0 34                           
G13  25518377.422   134099977.5251       2931.969          18.000    25518354.867   104493374.2500       2272.864          27.000  
S35  40126596.510   210866688.9710       -403.312          33.000  
S33  40382232.453   212210062.8790       -404.636          33.000  
S31  39675792.983   208497724.4660       -404.399          39.000  
G24  25196906.140   132410634.8481      -1802.213          22.000    25196885.408   103177033.6011      -1403.916          21.000  
E10  26667231.908   140137280.8300       1449.614          29.000    26667216.279   107377854.0230       1111.106          29.000  
C39  24349714.086   126795311.3250      -1130.939          35.000  
C11  25004417.797   130204687.3290      -2046.218          37.000  
C29  23752998.941   123688064.6350      -1086.251          30.000  
C30  26548816.287   138246620.3100      -2683.683          31.000  
C36  25784328.666   134265764.9011      -3398.773          20.000  
R12  21615496.289   115466120.3320       1003.740          36.000    21615486.721    89806935.4340        781.174          30.000  
R11  22159988.307   118416257.9760      -3328.505          39.000    22159982.478    92101515.3930      -2588.581          35.000  
R23  23481030.911   125607666.6700       1705.972          28.000                                                                  
R22  21666832.583   115659062.7820       -492.153          38.000    21666818.148    89956932.8990       -382.742          28.000  
G12  25885491.926   136029190.2870       3038.538          28.000                                                                  
E31  25682088.112   134960262.1810      -1307.021          38.000    25682087.196   103411124.7610      -1001.792          41.000  
G06  22337759.798   117385782.2030       -716.416          27.000    22337756.962    91469390.1690       -558.009          40.000  
E23  29208121.347   153489713.1351      -2869.741          25.000                                                                  
G17  24317252.860   127788007.7800      -1914.856          39.000    24317253.019    99575071.8120      -1492.154          33.000  
C35  25642499.056   133527317.9370       1194.709          33.000  
C26  26798300.728   139545783.8171       1830.536          26.000  
C20  27885324.427   145206166.5600       1933.389          27.000  
R21  24102412.053   128976847.9570      -3501.269          29.000    24102404.456   100315315.2451      -2717.702          21.000  
G21  26555494.438   139550064.5001       3169.839          20.000                                                                  
G03  26108829.647   137202825.0421      -2776.035          21.000                                                                  
E33  26644069.001   140015529.4260      -2357.594          29.000    26644064.925   107284603.1020      -1806.001          28.000  
E16  26229817.091   137838725.1310       1279.851          32.000    26229823.511   105616620.1830        980.740          38.000  
G14  24299638.049   127695459.2891      -3485.479          25.000    24299637.037    99502951.1811      -2716.206          21.000  
G19  22470219.160   118081774.1330       -422.159          37.000                                                                  
E12  25351903.973   133225160.4880        318.382          31.000    25351903.472   102081615.3800        244.617          31.000  
G11  23538261.835   123694531.0270       1669.427          32.000    23538259.759    96385238.7941       1300.843          26.000  
G22  23450677.809   123234126.2740      -2325.865          32.000                                                                  
R13                                                                  24970419.634   103709392.2091       2790.344          13.000  
> 2026  7 21 10 19 30.0070000  0 34                           
G13  25512832.676   134070840.0061       2922.630          19.000    25512806.280   104470653.3850       2271.716          27.000  
S35  40127364.615   210870724.7770       -403.654          33.000  
S33  40383001.178   212214100.8030       -403.705          32.000  
S31  39676563.205   208501771.9500       -404.727          39.000  
G24  25200330.954   132428632.6571      -1800.655          21.000    25200320.594   103191099.5641      -1409.606          21.000  
E10  26664475.834   140122797.4570       1447.475          30.000    26664459.914   107366756.4060       1108.884          28.000  
C39  24351891.335   126806646.8670      -1136.031          36.000  
C11  25008348.501   130225153.8980      -2047.340          37.000  
C29  23755088.323   123698940.1050      -1087.975          28.000  
C30  26553971.607   138273459.7660      -2683.704          31.000  
C36  25790871.584   134299836.3391      -3395.871          21.000  
R12  21613624.978   115456122.8920        996.162          37.000    21613613.864    89799159.7280        774.368          30.000  
R11  22166225.838   118449577.7800      -3335.533          40.000    22166219.579    92127430.8110      -2594.146          36.000  
R23  23477846.115   125590628.5750       1702.094          27.000                                                                  
R22  21667758.804   115664008.3950       -496.982          38.000    21667740.472    89960779.5390       -386.673          28.000  
G12  25879711.348   135998809.7980       3037.061          27.000                                                                  
E31  25684578.380   134973349.8200      -1310.429          38.000    25684577.660   103421152.9160      -1004.117          41.000  
G06  22339124.150   117392889.4421       -722.233          24.000    22339124.413    91474991.4820       -561.995          40.000  
E23  29213597.232   153518489.4321      -2876.627          24.000                                                                  
G17  24320897.644   127807159.5680      -1915.728          39.000    24320897.485    99589995.2920      -1492.196          32.000  
C35  25640206.253   133515380.3850       1192.792          34.000  
C26  26794789.381   139527494.5910       1827.334          27.000  
C20  27881608.268   145186833.8750       1932.562          26.000  
R21  24108954.329   129011859.6380      -3501.324          28.000    24108948.772   100342552.7581      -2722.462          21.000  
G21  26549449.526   139518298.7441       3178.448          19.000                                                                  
G03  26114128.037   137230668.6661      -2786.752          22.000                                                                  
E33  26648555.160   140039111.5450      -2359.246          29.000    26648552.044   107302672.5780      -1808.242          29.000  
E16  26227384.225   137825935.6660       1277.202          33.000    26227389.807   105606820.4700        979.001          38.000  
G14  24306274.736   127730335.7611      -3489.960          25.000    24306274.571    99530130.7311      -2707.611          21.000  
G19  22471024.644   118086007.9940       -424.946          36.000                                                                  
E12  25351300.644   133221992.2570        315.140          31.000    25351301.170   102079187.8000        241.031          31.000  
G11  23535088.073   123677856.9020       1665.693          31.000    23535088.129    96372247.1360       1297.449          27.000  
G22  23455108.540   123257410.2330      -2330.824          32.000                                                                  
R13                                                                  24963735.765   103681631.8341       2784.094          12.000  
> 2026  7 21 10 19 40.0070000  0 33                           
G13  25507292.064   134041724.4391       2905.583          18.000    25507260.731   104447944.8660       2270.362          26.000  
S35  40128132.819   210874761.2020       -404.327          33.000  
S33  40383769.552   212218137.9480       -404.073          33.000  
S31  39677333.362   208505819.1060       -404.749          39.000  
G24  25203769.490   132446702.6011      -1815.877          22.000    25203762.533   103205193.3351      -1414.009          21.000  
E10  26661725.364   140108346.5190       1443.168          30.000    26661709.332   107355683.6800       1105.600          27.000  
C39  24354078.620   126818035.1030      -1141.880          36.000  
C11  25012281.122   130245630.2850      -2047.920          37.000  
C29  23757180.606   123709869.9890      -1090.026          27.000  
C30  26559126.810   138300298.0160      -2684.319          31.000  
C36  25797413.847   134333902.7321      -3405.851          20.000  
R12  21611768.134   115446204.9650        987.647          38.000    21611756.989    89791445.7250        768.334          30.000  
R11  22172474.625   118482962.2810      -3341.870          40.000    22172469.026    92153396.5330      -2599.356          36.000  
R23  23474665.555   125573630.9691       1697.448          25.000                                                                  
R22  21668693.792   115668999.3080       -501.305          38.000    21668672.396    89964661.3770       -390.016          28.000  
G12  25873935.387   135968443.8160       3035.986          27.000                                                                  
E31  25687074.883   134986469.5800      -1313.789          38.000    25687074.371   103431205.7360      -1006.919          41.000  
G06  22340496.600   117400101.3991       -725.857          23.000    22340502.046    91480632.5740       -565.729          40.000  
E23  29219077.023   153547285.2291      -2878.419          24.000                                                                  
G17  24324544.162   127826319.9320      -1916.631          39.000    24324543.802    99604925.4350      -1493.122          32.000  
C35  25637917.486   133503461.2110       1191.405          35.000  
C26  26791285.606   139509240.1420       1823.704          28.000  
C20  27877896.811   145167523.8761       1932.189          25.000  
R21  24115497.257   129046872.5400      -3501.322          28.000    24115491.594   100369784.3431      -2731.885          22.000  
G21  26543396.668   139486490.8061       3175.848          18.000                                                                  
G03  26119434.471   137258553.7821      -2791.713          23.000                                                                  
E33  26653047.853   140062716.4770      -2361.708          30.000    26653048.115   107320759.4490      -1809.668          30.000  
E16  26224952.604   137813165.6630       1276.037          33.000    26224959.620   105597035.6560        977.821          38.000  
G14  24312920.745   127765260.2031      -3492.319          25.000    24312917.801    99557333.4461      -2723.711          20.000  
G19  22471834.624   118090261.8540       -426.764          35.000                                                                  
E12  25350705.841   133218863.1940        310.870          32.000    25350706.669   102076790.2170        238.352          31.000  
G11  23531923.628   123661224.1110       1661.466          30.000    23531921.143    96359286.5350       1294.525          27.000  
G22  23459547.416   123280735.4400      -2334.658          31.000                                                                  
> 2026  7 21 10 19 50.0070000  0 33                           
G13  25501756.149   134012632.9661       2912.873          19.000    25501717.685   104425248.4960       2268.526          26.000  
S35  40128900.671   210878795.8170       -403.675          33.000  
S33  40384537.330   212222173.3210       -403.964          33.000  
S31  39678103.449   208509864.8870       -404.508          39.000  
G24  25207219.301   132464831.4781      -1816.474          24.000    25207207.868   103219302.3921      -1423.776          21.000  
E10  26658980.641   140093927.6500       1440.470          30.000    26658964.703   107344635.4170       1103.521          26.000  
C39  24356275.881   126829475.7220      -1147.013          36.000  
C11  25016215.082   130266116.2540      -2049.428          37.000  
C29  23759277.422   123720780.0140      -1091.691          25.000  
C30  26564281.067   138327134.6700      -2682.850          32.000  
C36  25803961.119   134367996.0681      -3409.994          21.000  
R12  21609927.080   115436366.4470        979.761          39.000    21609914.005    89783793.5620        762.032          30.000  
R11  22178735.155   118516411.4190      -3348.224          40.000    22178730.053    92179412.5130      -2604.156          36.000  
R23  23471491.485   125556652.0711       1696.500          21.000                                                                  
R22  21669637.135   115674035.2180       -505.989          39.000    21669616.005    89968578.1330       -393.112          29.000  
G12  25868161.281   135938104.1371       3035.457          26.000                                                                  
E31  25689577.730   134999621.2550      -1316.996          38.000    25689577.233   103441282.9790      -1008.949          41.000  
G06  22341888.876   117407418.4671       -734.441          22.000    22341889.493    91486313.2350       -570.417          41.000  
E23  29224555.337   153576074.1721      -2879.662          23.000                                                                  
G17  24328191.914   127845488.5750      -1917.465          39.000    24328190.554    99619862.0500      -1493.977          32.000  
C35  25635632.238   133491560.1740       1189.197          36.000  
C26  26787788.092   139491022.4440       1819.686          29.000  
C20  27874189.973   145148221.1441       1929.074          25.000  
R21  24122039.749   129081886.1840      -3501.859          27.000    24122034.236   100397015.1871      -2719.818          21.000  
G21  26537347.457   139454701.9161       3180.511          19.000                                                                  
G03  26124749.149   137286482.7471      -2782.575          23.000                                                                  
E33  26657543.146   140086343.9370      -2363.858          30.000    26657544.315   107338863.5700      -1811.120          30.000  
E16  26222526.991   137800415.0000       1274.325          33.000    26222533.265   105587265.6660        976.090          38.000  
G14  24319579.384   127800251.7411      -3496.825          24.000    24319573.513    99584587.4221      -2722.358          19.000  
G19  22472648.521   118094535.5690       -428.663          35.000                                                                  
E12  25350117.281   133215773.0950        307.167          33.000    25350118.989   102074422.5090        234.499          31.000  
G11  23528766.608   123644632.4610       1657.183          29.000    23528766.486    96346357.9790       1290.833          28.000  
G22  23463993.708   123304101.6450      -2338.630          29.000                                                                  
> 2026  7 21 10 20  0.0070000  0 34                           
G13  25496216.794   133983523.2941       2902.033          20.000    25496177.321   104402562.7100       2267.336          26.000  
S35  40129667.752   210882826.8680       -403.658          33.000  
S33  40385304.748   212226206.3450       -402.707          33.000  
S31  39678872.794   208513907.7980       -404.351          39.000  
G24  25210671.369   132482971.3521      -1821.958          25.000    25210667.760   103233469.3641      -1414.990          22.000  
E10  26656240.487   140079538.8130       1436.899          30.000    26656225.342   107333610.2180       1101.339          24.000  
C39  24358482.352   126840966.6090      -1152.059          37.000  
C11  25020150.553   130286609.6390      -2050.133          37.000  
C29  23761393.024   123731808.2831      -1084.307          24.000  
C30  26569435.047   138353967.8100      -2682.892          32.000  
C36  25810518.144   134402140.4241      -3406.954          22.000  
R12  21608099.723   115426605.2610        971.919          39.000    21608086.146    89776201.4640        756.003          29.000  
R11  22185006.613   118549923.1680      -3354.618          40.000    22185002.070    92205477.2070      -2609.162          37.000  
R23  23468323.310   125539704.7611       1680.322          15.000                                                                  
R22  21670588.990   115679114.1080       -510.516          39.000    21670571.361    89972528.4240       -396.848          29.000  
G12  25862384.415   135907746.4041       3034.150          26.000                                                                  
E31  25692085.960   135012802.7640      -1320.166          38.000    25692085.694   103451383.1010      -1011.454          41.000  
G06  22343283.219   117414745.0221       -732.474          20.000    22343286.241    91492031.7060       -573.895          41.000  
E23  29230043.281   153604913.2561      -2887.336          23.000                                                                  
G17  24331840.875   127864663.4080      -1918.014          38.000    24331838.388    99634803.4890      -1495.146          31.000  
C35  25633350.393   133479675.1360       1187.490          36.000  
C26  26784295.422   139472838.8960       1815.811          31.000  
C20  27870484.258   145128924.3721       1926.383          22.000  
R21  24128583.563   129116898.3400      -3501.607          27.000    24128577.265   100424248.3111      -2718.997          21.000  
G21  26531294.939   139422895.1041       3168.495          18.000                                                                  
G03  26130075.981   137314475.4461      -2798.745          22.000                                                                  
E33  26662043.437   140109991.6740      -2366.594          30.000    26662044.012   107356983.2750      -1812.863          31.000  
E16  26220104.158   137787681.5660       1272.333          34.000    26220110.199   105577508.8920        974.436          38.000  
G14  24326230.812   127835205.5791      -3499.222          24.000    24326227.510    99611834.7931      -2733.996          17.000  
G19  22473465.906   118098827.0440       -430.568          34.000                                                                  
E12  25349536.156   133212719.7830        302.873          33.000    25349538.132   102072082.9270        232.609          30.000  
G11  23525616.090   123628079.8460       1652.877          27.000    23525615.253    96333459.7930       1288.332          28.000  
G22  23468446.906   123327506.7520      -2342.386          28.000                                                                  
R13                                                                  24938940.345   103578649.2701       2809.469          14.000  
> 2026  7 21 10 20 10.0070000  0 33                           
G13  25490677.638   133954414.1431       2902.150          19.000    25490640.400   104379890.3540       2266.485          25.000  
S35  40130435.161   210886858.9740       -403.323          33.000  
S33  40386072.289   212230239.5930       -403.584          33.000  
S31  39679642.098   208517950.9400       -404.035          39.000  
G24  25214144.046   132501220.6631      -1825.991          26.000    25214139.733   103247686.3221      -1425.859          22.000  
E10  26653506.616   140065183.5510       1434.227          30.000    26653511.581   107322645.6161       1099.869          27.000  
C39  24360699.219   126852511.3080      -1157.119          38.000  
C11  25024087.831   130307113.9810      -2050.962          37.000  
C29  23763505.189   123742806.8581      -1098.726          21.000  
C30  26574589.160   138380800.8230      -2682.984          33.000  
C36  25817078.865   134436304.4921      -3416.935          22.000  
R12  21606287.702   115416925.1030        964.059          39.000    21606273.627    89768672.4690        749.639          30.000  
R11  22191290.350   118583500.9370      -3361.058          39.000    22191286.578    92231593.2330      -2614.354          37.000  
R22  21671549.499   115684239.3260       -514.637          39.000    21671531.629    89976514.7150       -400.012          29.000  
G12  25856614.200   135877423.7331       3034.094          25.000                                                                  
E31  25694600.189   135026017.6490      -1322.685          38.000    25694600.362   103461508.8110      -1013.818          41.000  
G06  22344705.880   117422221.4661       -742.696          22.000    22344692.945    91497790.8060       -577.840          41.000  
E23  29235528.835   153633740.3381      -2882.132          23.000                                                                  
G17  24335491.549   127883848.2200      -1918.642          38.000    24335488.280    99649752.7080      -1496.298          31.000  
C35  25631072.584   133467809.6380       1186.032          37.000  
C26  26780810.957   139454693.1550       1813.077          31.000  
C20  27866778.258   145109626.8881       1931.557          21.000  
R21  24135124.477   129151926.0621      -3500.347          23.000    24135119.565   100451477.1881      -2714.148          21.000  
G21  26525233.109   139391040.5661       3176.277          19.000                                                                  
G03  26135412.239   137342517.4151      -2803.401          22.000                                                                  
E33  26666546.046   140133663.2120      -2368.216          30.000    26666548.920   107375121.2200      -1814.217          31.000  
E16  26217686.484   137774969.0230       1270.218          34.000    26217690.913   105567768.0910        973.150          38.000  
G14  24332883.675   127870166.2391      -3503.076          26.000    24332883.895    99639091.4111      -2727.718          14.000  
G19  22474287.175   118103139.7450       -432.459          33.000                                                                  
E12  25348963.553   133209706.8680        299.417          34.000    25348964.772   102069774.3000        229.502          30.000  
G11  23522469.423   123611410.9041       1649.858          27.000    23522473.467    96320594.8530       1284.940          28.000  
G22  23472909.114   123350954.2160      -2346.838          27.000                                                                  
R13                                                                  24932184.002   103550588.7491       2804.000          12.000  
> 2026  7 21 10 20 20.0070000  0 32                           
G13  25485142.630   133925328.2381       2903.461          18.000    25485104.827   104357243.9811       2265.377          26.000  
S35  40131201.746   210890889.1060       -403.117          33.000  
S33  40386839.085   212234271.2090       -403.531          33.000  
S31  39680411.079   208521992.5410       -404.390          39.000  
G24  25217625.516   132519503.8040      -1830.927          28.000    25217620.212   103261938.4761      -1428.621          22.000  
E10  26650779.058   140050860.1450       1429.754          30.000    26650785.867   107311669.4800       1096.137          27.000  
C39  24362926.230   126864107.9260      -1162.979          38.000  
C11  25028027.045   130327627.3330      -2051.742          36.000  
C29  23765600.704   123753718.8061      -1098.282          20.000  
C30  26579742.810   138407631.8730      -2683.231          33.000  
C36  25823636.584   134470451.7791      -3416.699          22.000  
R12  21604489.824   115407324.1600        955.855          39.000    21604475.700    89761205.0400        743.342          29.000  
R11  22197585.732   118617142.3490      -3367.977          39.000    22197582.627    92257758.7360      -2619.115          37.000  
R22  21672518.582   115689408.9540       -519.372          39.000    21672500.942    89980535.5620       -404.261          30.000  
G12  25850843.269   135847097.9101       3031.833          22.000                                                                  
E31  25697120.236   135039264.1080      -1326.504          37.000    25697121.151   103471658.6850      -1016.373          41.000  
G06  22346147.709   117429798.2021       -748.172          26.000    22346109.278    91503588.9780       -582.006          42.000  
E23  29241018.253   153662587.2401      -2883.525          23.000                                                                  
G17  24339143.651   127903040.9250      -1919.801          38.000    24339140.319    99664708.0220      -1496.507          31.000  
C35  25628798.316   133455961.8170       1183.761          37.000  
C26  26777334.055   139436583.4650       1808.377          32.000  
C20  27863080.334   145090370.9731       1927.438          22.000  
R21  24141659.019   129186893.7071      -3502.282          20.000    24141662.698   100478710.3311      -2730.491          22.000  
G21  26519171.132   139359184.7701       3182.846          18.000                                                                  
G03  26140755.362   137370595.8041      -2811.461          21.000                                                                  
E33  26671055.534   140157356.6810      -2370.895          30.000    26671057.606   107393275.9410      -1816.084          31.000  
E16  26215270.314   137762275.5420       1267.798          34.000    26215275.445   105558041.8790        972.077          38.000  
G14  24339550.153   127905194.2220      -3504.837          27.000    24339546.034    99666372.0501      -2738.745          14.000  
G19  22475111.856   118107471.8930       -434.369          32.000                                                                  
E12  25348398.012   133206732.3600        295.425          34.000    25348398.635   102067495.1850        226.391          30.000  
G11  23519328.097   123594896.5660       1644.788          27.000    23519337.833    96307761.6550       1281.931          28.000  
G22  23477379.809   123374442.2290      -2351.256          27.000                                                                  
> 2026  7 21 10 20 30.0070000  0 32                           
G13  25479608.805   133896247.8031       2907.155          16.000    25479574.605   104334598.4241       2263.805          26.000  
S35  40131968.299   210894917.7570       -403.031          33.000  
S33  40387605.916   212238300.7500       -402.862          33.000  
S31  39681179.985   208526032.7090       -403.802          39.000  
G24  25221110.854   132537829.7420      -1834.736          28.000    25221103.682   103276202.6431      -1422.117          21.000  
E10  26648057.693   140036567.9510       1428.054          31.000    26648066.980   107300718.3740       1093.861          28.000  
C39  24365163.515   126875755.9700      -1167.740          38.000  
C11  25031967.800   130348149.2170      -2052.344          35.000  
C29  23767687.134   123764583.0581      -1094.674          22.000  
C30  26584895.490   138434460.4650      -2682.909          33.000  
C36  25830198.432   134504620.9161      -3407.478          21.000  
R12  21602706.950   115397802.1380        948.221          39.000    21602693.796    89753799.0010        737.225          30.000  
R11  22203892.895   118650847.3190      -3373.773          39.000    22203890.352    92283973.6970      -2623.828          36.000  
R22  21673495.385   115694622.4580       -523.727          39.000    21673479.350    89984590.5130       -407.757          31.000  
G12  25845071.456   135816766.7541       3030.473          22.000                                                                  
E31  25699647.221   135052541.6470      -1329.409          37.000    25699647.839   103481832.3950      -1018.522          41.000  
G06  22347573.233   117437300.8640       -751.287          28.000    22347534.677    91509425.8360       -585.569          42.000  
E23  29246508.745   153691440.6001      -2889.063          23.000                                                                  
G17  24342797.343   127922241.0670      -1920.342          37.000    24342794.141    99679669.1840      -1497.166          30.000  
C35  25626527.307   133444131.2030       1182.183          37.000  
C26  26773863.944   139418509.4070       1805.962          32.000  
C20  27859379.205   145071097.4001       1916.090          21.000  
R21  24148203.830   129221915.8711      -3503.802          25.000    24148202.248   100505927.5221      -2726.049          21.000  
G21  26513108.614   139327325.7791       3187.093          17.000                                                                  
G03  26146110.238   137398736.3761      -2820.135          19.000    26146111.695   107063955.9941      -2204.130          18.000  
E33  26675567.397   140181071.4940      -2372.561          29.000    26675570.186   107411447.0350      -1817.707          32.000  
E16  26212856.975   137749600.6290       1267.077          34.000    26212863.668   105548329.9960        970.251          38.000  
G14  24346220.676   127940259.1230      -3507.025          28.000                                                                  
G19  22475940.026   118111823.1200       -436.190          29.000                                                                  
E12  25347839.632   133203795.8970        291.431          34.000    25347839.547   102065245.1730        223.572          30.000  
G11  23516196.621   123578467.6920       1640.804          26.000    23516211.502    96294959.9330       1278.462          28.000  
G22  23481858.187   123397970.1310      -2355.021          29.000                                                                  
> 2026  7 21 10 20 40.0070000  0 32                           
G13  25474075.476   133867169.7971       2906.747          17.000    25474044.819   104311954.1271       2262.251          26.000  
S35  40132734.357   210898943.3840       -402.644          33.000  
S33  40388372.689   212242327.8010       -402.670          33.000  
S31  39681948.175   208530069.4890       -403.684          39.000  
G24  25224607.754   132556201.0210      -1839.330          29.000    25224594.422   103290496.7661      -1423.951          19.000  
E10  26645343.013   140022306.4730       1424.838          31.000    26645353.375   107289790.7950       1090.870          28.000  
C39  24367410.331   126887454.7390      -1172.498          39.000  
C11  25035909.612   130368678.9840      -2053.277          34.000  
C29  23769790.004   123775533.9551      -1102.798          24.000  
C30  26590047.244   138461285.9420      -2682.125          34.000  
C36  25836768.404   134538832.1511      -3424.589          22.000  
R12  21600938.830   115388358.3610        940.201          39.000    21600927.239    89746453.7750        730.835          30.000  
R11  22210211.601   118684614.6100      -3380.083          38.000    22210209.641    92310237.1350      -2628.607          36.000  
R22  21674479.687   115699879.0940       -527.750          39.000    21674466.197    89988679.0120       -410.997          31.000  
G12  25839308.106   135786479.6791       3026.477          19.000                                                                  
E31  25702179.522   135065849.6080      -1332.309          38.000    25702180.481   103492029.4110      -1021.007          41.000  
G06  22348989.368   117444840.4030       -756.026          31.000    22348969.770    91515300.8210       -589.335          42.000  
E23  29252005.151   153720323.9691      -2895.827          23.000                                                                  
G17  24346452.039   127941447.9450      -1920.843          36.000    24346448.765    99694635.5110      -1496.653          30.000  
C35  25624259.230   133432317.0830       1180.054          36.000  
C26  26770399.828   139400470.3960       1801.615          32.000  
C20  27855679.982   145051835.1961       1921.157          21.000  
R21  24154749.927   129256946.0061      -3501.190          25.000    24154743.703   100533153.6371      -2719.085          21.000  
G21  26507044.848   139295460.6961       3179.438          18.000                                                                  
G03  26151462.679   137426863.6001      -2816.914          17.000    26151475.510   107085919.6641      -2196.350          18.000  
E33  26680086.961   140204805.9060      -2374.710          30.000    26680086.926   107429633.9160      -1819.829          32.000  
E16  26210449.700   137736943.8010       1264.634          34.000    26210455.222   105538631.8650        969.201          38.000  
G14  24352897.989   127975354.4250      -3512.027          29.000                                                                  
G19  22476772.413   118116192.5360       -437.041          26.000                                                                  
E12  25347288.985   133200896.7140        287.940          34.000    25347287.220   102063023.7540        220.468          30.000  
G11  23513073.069   123562040.4260       1637.110          27.000    23513090.931    96282189.0260       1275.856          29.000  
G22  23486343.237   123421537.2770      -2359.175          31.000                                                                  
> 2026  7 21 10 20 50.0070000  0 33                           
G13  25468546.945   133838116.7561       2892.480          16.000    25468519.524   104289328.9551       2261.146          26.000  
S35  40133500.986   210902970.0360       -403.209          33.000  
S33  40389139.273   212246355.7080       -402.887          33.000  
S31  39682716.686   208534107.8210       -403.886          39.000  
G24  25228114.010   132574620.9690      -1844.473          29.000    25228094.960   103304831.4721      -1442.603          18.000  
E10  26642635.788   140008079.1180       1420.815          32.000    26642645.546   107278889.2540       1088.759          28.000  
C39  24369667.298   126899207.6480      -1177.814          39.000  
C11  25039853.983   130389219.9290      -2054.625          33.000  
C29  23771901.381   123786527.7621      -1103.138          25.000  
C30  26595198.802   138488111.6640      -2682.106          33.000  
C36  25843340.360   134573054.2941      -3425.391          22.000  
R12  21599186.075   115378996.4180        932.318          39.000    21599175.729    89739172.2570        725.081          30.000  
R11  22216543.110   118718447.7290      -3386.799          37.000    22216540.821    92336551.7440      -2633.655          36.000  
R23  23452635.745   125455786.9041       1674.859          18.000                                                                  
R22  21675472.894   115705182.3250       -532.920          38.000    21675460.162    89992803.6920       -413.494          31.000  
G12  25833540.791   135756172.2481       3025.791          17.000                                                                  
E31  25704717.879   135079191.4220      -1335.854          38.000    25704719.261   103502252.3660      -1023.629          41.000  
G06  22350433.432   117452432.2630       -761.875          33.000    22350414.733    91521216.5540       -593.663          42.000  
E23  29257506.533   153749234.5421      -2891.870          24.000                                                                  
G17  24350108.676   127960664.9700      -1922.330          35.000    24350106.850    99709609.8130      -1497.681          30.000  
C35  25621994.475   133420522.8410       1178.072          36.000  
C26  26766943.095   139382469.8580       1797.987          32.000  
C20  27851987.314   145032605.9761       1924.819          20.000  
R21  24161304.470   129292020.0601      -3502.162          23.000    24161286.916   100560386.7191      -2726.787          21.000  
G21  26500983.888   139263609.7101       3187.502          19.000                                                                  
G03  26156844.422   137455144.9651      -2830.616          16.000    26156853.715   107107942.5371      -2198.758          18.000  
E33  26684608.696   140228565.2550      -2376.775          29.000    26684608.105   107447839.1400      -1821.246          32.000  
E16  26208046.243   137724308.4430       1262.454          35.000    26208050.827   105528950.2570        967.041          38.000  
G14  24359582.131   128010482.9960      -3514.526          28.000                                                                  
G19  22477614.706   118120661.6221       -445.657          22.000                                                                  
E12  25346744.173   133198038.3120        283.282          34.000    25346742.436   102060833.5190        218.147          30.000  
G11  23509959.754   123545694.3750       1632.133          28.000    23509984.216    96269451.8520       1272.161          30.000  
G22  23490835.313   123445147.1720      -2362.606          31.000                                                                  
> 2026  7 21 10 21  0.0070000  0 35                           
G13  25463019.913   133809072.0481       2895.318          18.000    25462997.511   104266717.4141       2260.398          25.000  
S35  40134267.384   210906997.9330       -403.223          33.000  
S33  40389905.676   212250385.1630       -403.779          33.000  
S31  39683485.115   208538146.8310       -403.972          39.000  
G24  25231625.038   132593090.0880      -1849.064          29.000    25231613.565   103319239.1481      -1438.143          18.000  
E10  26639935.052   139993886.4780       1417.776          32.000    26639943.701   107268014.3930       1085.826          29.000  
C39  24371934.854   126911015.2870      -1183.782          39.000  
C11  25043801.202   130409772.6950      -2056.007          31.000  
C29  23774021.974   123797570.8130      -1103.524          27.000  
C30  26600350.745   138514938.2600      -2683.186          33.000  
C36  25849919.513   134607313.9801      -3435.960          22.000  
R12  21597448.452   115369717.0800        923.600          39.000    21597440.379    89731954.9600        719.251          31.000  
R11  22222886.848   118752347.1170      -3393.728          37.000    22222884.636    92362917.9150      -2639.530          36.000  
R23  23449520.409   125439121.6921       1663.922          22.000                                                                  
R22  21676474.609   115710532.6200       -537.483          37.000    21676463.675    89996965.0810       -418.244          31.000  
G12  25827782.482   135725912.7751       3028.415          17.000                                                                  
E31  25707262.914   135092567.7550      -1339.511          37.000    25707264.839   103512501.7420      -1026.214          42.000  
G06  22351887.113   117460076.9770       -767.717          33.000    22351869.458    91527173.4860       -598.112          42.000  
E23  29263010.242   153778156.6251      -2898.062          24.000                                                                  
G17  24353766.216   127979892.9130      -1923.734          34.000    24353766.165    99724592.5960      -1498.708          29.000  
C35  25619733.430   133408749.0860       1175.854          35.000  
C26  26763493.261   139364508.5080       1793.584          31.000  
C20  27848295.582   145013382.3111       1923.007          20.000  
R21  24167850.035   129327046.4861      -3511.219          21.000    24167829.148   100587616.5201      -2721.530          21.000  
G21  26494930.892   139231801.5611       3184.116          21.000                                                                  
G03  26162221.697   137483402.2041      -2816.532          18.000    26162238.159   107129991.2151      -2211.956          16.000  
E33  26689134.018   140252349.2420      -2379.565          28.000    26689133.726   107466063.2160      -1823.688          32.000  
E16  26205646.310   137711695.2410       1260.869          35.000    26205650.608   105519285.6060        965.427          38.000  
G14  24366269.816   128045645.7250      -3517.266          28.000                                                                  
G19  22478481.366   118125215.9591       -443.418          17.000                                                                  
E12  25346208.559   133195221.2270        279.651          34.000    25346205.363   102058675.0420        214.409          29.000  
G11  23506871.399   123529392.0330       1627.902          30.000    23506884.339    96256748.6990       1268.804          30.000  
G22  23495335.228   123468800.4390      -2368.535          30.000                                                                  
R13                                                                  24901147.426   103421684.3761       2786.867          12.000  
R10                                                                  26628179.944   110400253.2521      -3806.060          12.000  
> 2026  7 21 10 21 10.0070000  0 34                           
G13  25457505.796   133780095.6171       2892.875          18.000    25457479.712   104244123.7321       2258.800          25.000  
S35  40135033.942   210911026.4120       -402.437          34.000  
S33  40390672.357   212254415.0100       -403.120          33.000  
S31  39684254.084   208542186.7910       -404.195          39.000  
G24  25235148.591   132611607.3250      -1854.034          29.000    25235142.748   103333690.6211      -1443.666          20.000  
E10  26637241.561   139979727.6540       1413.778          31.000    26637247.943   107257165.4060       1083.307          29.000  
C39  24374212.581   126922876.6230      -1188.892          39.000  
C11  25047750.614   130430336.1630      -2056.306          31.000  
C29  23776150.895   123808619.3560      -1105.440          29.000  
C30  26605502.489   138541764.7080      -2683.430          33.000  
C36  25856498.277   134641571.6491      -3429.484          22.000  
R12  21595726.370   115360519.4500        915.563          39.000    21595719.317    89724801.2950        711.381          31.000  
R11  22229243.084   118786311.8550      -3399.541          35.000    22229239.996    92389334.8900      -2644.183          35.000  
R23  23446417.311   125422522.5861       1666.217          23.000                                                                  
R22  21677484.861   115715928.9500       -541.901          35.000    21677475.192    90001162.1990       -421.245          31.000  
G12  25822016.781   135695613.9721       3023.480          16.000                                                                  
E31  25709814.491   135105977.5840      -1342.665          37.000    25709816.653   103522776.8330      -1028.858          42.000  
G06  22353348.836   117467773.4550       -772.399          33.000    22353334.135    91533170.7810       -601.639          42.000  
E23  29268517.806   153807098.3641      -2895.430          24.000                                                                  
G17  24357425.949   127999130.8480      -1924.556          33.000    24357427.016    99739583.1800      -1499.660          28.000  
C35  25617476.248   133396994.8240       1174.665          35.000  
C26  26760051.233   139346585.4160       1790.656          31.000  
C20  27844608.702   144994184.2781       1918.483          21.000  
R21  24174394.589   129362068.5361      -3497.292          21.000    24174372.873   100614850.9691      -2720.487          21.000  
G21  26488866.143   139199930.5511       3189.221          22.000                                                                  
G03  26167614.130   137511739.8331      -2834.500          18.000    26167641.288   107152115.7061      -2216.394          14.000  
E33  26693662.188   140276156.6820      -2382.024          27.000    26693664.068   107484305.2720      -1825.554          32.000  
E16  26203254.467   137699103.3440       1258.273          35.000    26203254.646   105509637.2620        963.747          38.000  
G14  24372973.514   128080841.5500      -3521.248          28.000                                                                  
G19  22479340.176   118129729.3121       -429.837          17.000                                                                  
E12  25345680.267   133192444.4870        275.791          34.000    25345676.707   102056547.4610        210.750          29.000  
G11  23503779.507   123513132.4680       1623.484          32.000    23503790.577    96244078.9690       1264.967          30.000  
G22  23499842.612   123492495.8990      -2371.890          30.000                                                                  
E11                                                                  26926076.996   108420154.2871       1706.416          25.000  
> 2026  7 21 10 21 20.0070000  0 35                           
G13  25451985.196   133751084.6701       2902.977          19.000    25451965.486   104221542.9611       2255.879          25.000  
S35  40135800.811   210915057.8670       -403.714          33.000  
S33  40391439.881   212258447.6230       -403.312          33.000  
S31  39685023.321   208546229.7420       -404.788          39.000  
G24  25238682.215   132630175.1470      -1860.041          29.000    25238680.353   103348176.3431      -1449.448          19.000  
E10  26634553.175   139965605.0650       1410.586          31.000    26634559.640   107246344.1920       1080.428          29.000  
C39  24376501.449   126934794.1250      -1195.156          38.000  
C11  25051703.995   130450912.8930      -2057.732          32.000  
C29  23778273.224   123819688.6730      -1107.628          30.000  
C30  26610654.689   138568593.4180      -2683.212          33.000  
C36  25863082.174   134675855.2491      -3424.663          21.000  
R12  21594020.546   115351406.0100        906.858          39.000    21594013.833    89717713.0500        705.501          31.000  
R11  22235613.112   118820344.6700      -3406.745          33.000    22235608.015    92415804.8310      -2649.554          35.000  
R23  23443322.306   125405966.1781       1653.285          23.000                                                                  
R22  21678504.165   115721373.8420       -547.178          35.000    21678495.790    90005397.0930       -425.513          31.000  
G12  25816257.829   135665349.7381       3029.039          18.000                                                                  
E31  25712372.869   135119423.4710      -1346.793          37.000    25712375.151   103533079.5160      -1031.789          42.000  
G06  22354819.693   117475524.2400       -777.974          34.000    22354809.197    91539210.3860       -606.288          42.000  
E23  29274026.367   153836046.3261      -2897.703          24.000                                                                  
G17  24361087.820   128018381.0790      -1926.112          32.000    24361089.365    99754583.3180      -1500.643          27.000  
C35  25615223.649   133385262.5780       1171.862          35.000  
C26  26756617.237   139328703.2030       1785.720          31.000  
C20  27840924.492   144974999.3731       1918.894          21.000  
R21  24180938.469   129397085.2881      -3499.548          22.000    24180916.648   100642086.7391      -2724.636          20.000  
G21  26482804.159   139168074.2541       3185.428          22.000                                                                  
G03  26173015.674   137540125.2081      -2842.620          17.000                                                                  
E33  26698198.936   140299990.0410      -2384.927          26.000    26698199.521   107502567.2020      -1828.023          32.000  
E16  26200863.666   137686535.2160       1255.351          35.000    26200863.035   105500007.1310        961.972          38.000  
G14  24379676.899   128116072.7680      -3525.123          29.000                                                                  
G19  22480179.341   118134139.6771       -448.550          19.000                                                                  
E12  25345160.315   133189710.6320        270.957          33.000    25345155.373   102054452.6750        207.632          29.000  
G11  23500696.207   123496918.2330       1618.556          33.000    23500705.389    96231444.4760       1262.108          31.000  
G22  23504358.624   123516236.1520      -2377.076          30.000                                                                  
E11                                                                  26921839.197   108403090.2281       1705.555          26.000  
R10                                                                  26646493.508   110476180.8961      -3735.495          11.000  
> 2026  7 21 10 21 30.0070000  0 34                           
G13  25446470.066   133722102.4761       2897.641          16.000    25446454.304   104198975.8171       2255.718          25.000  
S35  40136568.847   210919091.6160       -403.791          33.000  
S33  40392207.862   212262483.4420       -403.306          33.000  
S31  39685793.142   208550275.2130       -404.591          39.000  
G24  25242221.619   132648792.8460      -1864.012          28.000    25242227.495   103362701.1421      -1448.972          21.000  
E10  26631872.423   139951518.3870       1407.750          30.000    26631878.606   107235550.4980       1077.400          30.000  
C39  24378801.135   126946767.3210      -1200.017          39.000  
C11  25055660.685   130471502.4270      -2059.437          32.000  
C29  23780402.572   123830778.4470      -1109.649          29.000  
C30  26615807.747   138595424.0070      -2683.068          33.000  
C36  25869669.232   134710155.7271      -3434.000          19.000  
R12  21592330.066   115342376.6330        898.788          40.000    21592324.026    89710690.2160        698.982          31.000  
R11  22241995.075   118854444.6320      -3413.429          31.000    22241988.586    92442326.9870      -2654.829          35.000  
R23  23440232.911   125389439.5001       1652.140          25.000                                                                  
R22  21679532.570   115726866.6870       -551.628          34.000    21679525.957    90009669.3130       -428.790          31.000  
G12  25810511.430   135635152.3781       3023.853          20.000                                                                  
E31  25714937.527   135132904.9190      -1349.786          37.000    25714940.643   103543409.4790      -1034.434          42.000  
G06  22356302.491   117483328.8020       -783.205          35.000    22356294.047    91545291.8760       -610.219          42.000  
E23  29279543.998   153865041.9101      -2896.771          23.000                                                                  
G17  24364751.278   128037643.2510      -1926.331          30.000    24364754.498    99769592.8200      -1501.043          25.000  
C35  25612974.527   133373551.8460       1170.152          35.000  
C26  26753190.711   139310861.3960       1782.313          30.000  
C20  27837249.387   144955861.9101       1918.069          21.000  
R21  24187483.684   129432110.8551      -3504.779          24.000    24187461.952   100669328.3031      -2731.169          20.000  
G21  26476739.387   139136204.1781       3192.429          24.000                                                                  
G03  26178423.821   137568545.1841      -2834.577          16.000                                                                  
E33  26702737.430   140323831.9201      -2387.591          24.000    26702739.913   107520848.5950      -1829.041          32.000  
E16  26198476.630   137673990.4980       1253.540          35.000    26198476.077   105490394.9580        959.979          38.000  
G14  24386387.380   128151338.9640      -3528.567          29.000                                                                  
G19  22481000.138   118138452.4171       -449.016          25.000                                                                  
E12  25344647.520   133187019.1440        267.151          33.000    25344643.514   102052390.3830        204.475          29.000  
G11  23497621.731   123480748.9040       1614.766          34.000    23497628.918    96218845.0410       1258.323          30.000  
G22  23508882.632   123540020.7340      -2380.753          30.000                                                                  
E11                                                                  26917605.849   108386044.1511       1702.875          26.000  
> 2026  7 21 10 21 40.0070000  0 35                           
G13  25440964.455   133693170.4891       2892.856          17.000    25440949.086   104176433.5901       2254.101          25.000  
S35  40137337.296   210923129.4340       -404.319          33.000  
S33  40392976.793   212266522.6160       -404.262          33.000  
S31  39686563.730   208554324.3920       -405.067          39.000  
G24  25245777.558   132667461.9610      -1869.638          29.000    25245778.652   103377242.6291      -1454.746          21.000  
E10  26629197.667   139937469.1110       1403.240          29.000    26629204.345   107224785.4210       1075.141          29.000  
C39  24381111.677   126958797.6720      -1206.146          38.000  
C11  25059618.531   130492106.1520      -2061.833          33.000  
C29  23782536.328   123841890.0010      -1112.233          29.000  
C30  26620961.285   138622257.8960      -2683.810          33.000  
C36  25876261.413   134744483.4511      -3440.385          19.000  
R12  21590655.514   115333432.7610        890.197          40.000    21590650.508    89703733.8980        692.166          31.000  
R11  22248390.529   118888612.8640      -3420.084          26.000    22248382.128    92468902.2580      -2660.318          35.000  
R23  23437147.666   125372936.2651       1646.750          27.000                                                                  
R22  21680570.513   115732408.8850       -556.570          35.000    21680564.180    90013979.9340       -433.522          31.000  
G12  25804767.661   135604969.0811       3024.088          20.000                                                                  
E31  25717509.728   135146423.4820      -1353.472          36.000    25717513.344   103553767.8420      -1037.271          42.000  
G06  22357795.873   117491188.5150       -788.410          37.000    22357789.470    91551416.3690       -614.526          42.000  
E23  29285059.077   153894023.3461      -2902.793          23.000                                                                  
G17  24368417.288   128056918.8730      -1928.484          29.000    24368421.938    99784612.8380      -1503.103          24.000  
C35  25610729.798   133361864.0980       1167.516          36.000  
C26  26749772.510   139293061.6480       1777.662          30.000  
C20  27833572.412   144936714.9951       1918.156          23.000  
R21  24194025.860   129467118.7951      -3496.938          25.000    24194001.890   100696548.6541      -2730.720          19.000  
G21  26470674.662   139104334.1061       3195.254          24.000                                                                  
G03  26183845.057   137597034.1151      -2856.918          15.000                                                                  
E33  26707287.506   140347742.5661      -2390.085          23.000    26707284.707   107539150.5620      -1831.197          32.000  
E16  26196094.407   137661470.7250       1250.823          35.000    26196093.630   105480801.8730        958.042          38.000  
G14  24393101.436   128186641.4800      -3531.878          29.000    24393088.496    99885618.9791      -2752.276          25.000  
G19  22481843.508   118142880.4260       -451.856          28.000                                                                  
E12  25344142.632   133184371.5000        262.073          33.000    25344139.208   102050361.6620        201.127          29.000  
G11  23494554.939   123464625.9860       1609.849          35.000    23494561.544    96206281.7940       1253.400          30.000  
G22  23513416.042   123563850.9600      -2384.146          30.000                                                                  
E11                                                                  26913378.110   108369023.6710       1701.189          27.000  
R13                                                                  24874097.039   103309336.0581       2803.047          13.000  
> 2026  7 21 10 21 50.0070000  0 34                           
G13  25435467.561   133664283.5281       2891.719          19.000    25435449.204   104153912.0191       2252.598          25.000  
S35  40138105.645   210927167.0560       -403.019          33.000  
S33  40393745.271   212270561.0480       -403.853          33.000  
S31  39687334.108   208558373.2790       -405.193          39.000  
G24  25249341.784   132686178.0310      -1873.824          29.000    25249341.629   103391832.6371      -1453.270          21.000  
E10  26626528.860   139923452.8680       1400.222          29.000    26626536.810   107214045.6630       1073.332          29.000  
C39  24383432.475   126970880.8590      -1210.991          38.000  
C11  25063578.566   130512719.6730      -2062.081          33.000  
C29  23784672.999   123853019.0200      -1113.477          28.000  
C30  26626114.069   138649090.8010      -2683.455          33.000  
C36  25882862.463   134778856.7811      -3433.814          19.000  
R12  21588996.390   115324570.0610        882.399          39.000    21588991.594    89696840.6960        685.906          31.000  
R11  22254792.707   118922864.2261      -3427.099          17.000    22254787.857    92495527.4810      -2664.757          34.000  
R23  23434076.017   125356484.2400       1643.305          28.000                                                                  
R22  21681616.696   115737995.9990       -560.984          35.000    21681611.759    90018325.4480       -436.503          31.000  
G12  25799027.323   135574803.0561       3022.064          21.000                                                                  
E31  25720087.567   135159974.8240      -1356.534          36.000    25720091.942   103564151.3450      -1039.459          42.000  
G06  22359300.150   117499099.0980       -793.320          38.000    22359294.768    91557580.4790       -618.337          41.000  
E23  29290577.530   153923023.6461      -2904.091          23.000                                                                  
G17  24372085.114   128076203.5830      -1928.901          27.000    24372090.792    99799637.3781      -1501.736          21.000  
C35  25608488.525   133350195.0350       1166.235          36.000  
C26  26746360.715   139275299.6070       1774.695          29.000  
C20  27829897.113   144917576.6831       1907.745          24.000  
R21  24200572.469   129502150.8620      -3503.218          27.000    24200550.604   100723804.1421      -2721.378          20.000  
G21  26464606.603   139072445.9741       3188.810          25.000                                                                  
G03  26189280.332   137625596.6091      -2850.927          18.000                                                                  
E33  26711837.632   140371653.7251      -2398.318          22.000    26711833.992   107557469.7510      -1832.254          31.000  
E16  26193716.106   137648971.6040       1249.296          36.000    26193715.447   105471224.6380        957.159          39.000  
G14  24399824.706   128221976.0040      -3535.109          29.000    24399815.738    99913166.4101      -2754.156          26.000  
G19  22482701.414   118147408.7460       -453.804          30.000                                                                  
E12  25343644.860   133181763.3360        258.500          32.000    25343642.884   102048363.2220        198.545          29.000  
G11  23491495.989   123448545.2130       1605.667          35.000    23491502.174    96193751.3240       1251.572          30.000  
G22  23517958.210   123587722.7640      -2390.067          31.000                                                                  
E11                                                                  26909154.169   108352012.8060       1700.411          27.000  
> 2026  7 21 10 22  0.0070000  0 34                           
G13  25429972.547   133635407.1151       2890.796          19.000    25429946.738   104131380.7381       2249.806          25.000  
S35  40138872.919   210931200.9210       -403.999          33.000  
S33  40394512.932   212274596.7570       -403.087          33.000  
S31  39688104.094   208562419.3560       -404.406          39.000  
G24  25252908.784   132704938.0660      -1878.196          29.000    25252911.297   103406449.5791      -1467.801          21.000  
E10  26623866.591   139909466.7780       1396.904          28.000    26623874.966   107203329.0340       1070.972          29.000  
C39  24385763.039   126983013.9650      -1215.883          38.000  
C11  25067539.568   130533340.1650      -2062.283          33.000  
C29  23786812.422   123864162.6830      -1115.760          27.000  
C30  26631266.636   138675919.7790      -2682.962          33.000  
C36  25889463.419   134813229.5871      -3433.306          18.000  
R12  21587351.801   115315785.7690        874.390          39.000    21587347.002    89690008.4860        679.802          31.000  
R11  22261187.156   118957034.1861      -3434.925          24.000    22261204.309    92522200.1070      -2669.744          34.000  
R23  23431003.508   125340067.5060       1639.185          28.000                                                                  
R22  21682671.120   115743625.0980       -565.199          35.000    21682666.328    90022703.6780       -439.847          31.000  
G12  25793280.540   135544603.5551       3016.874          22.000                                                                  
E31  25722671.782   135173556.0490      -1359.702          36.000    25722676.092   103574557.7340      -1041.871          42.000  
G06  22360814.151   117507057.5370       -798.433          39.000    22360808.937    91563781.8740       -622.209          41.000  
E23  29296098.898   153952038.0661      -2896.304          22.000                                                                  
G17  24375754.072   128095494.4420      -1929.670          27.000    24375762.255    99814671.5721      -1504.466          18.000  
C35  25606250.242   133338541.7640       1164.237          36.000  
C26  26742955.216   139257572.6160       1770.500          29.000  
C20  27826227.806   144898470.2921       1912.535          25.000  
R21  24207119.354   129537181.2380      -3503.023          28.000    24207106.114   100751088.5851      -2719.974          21.000  
G21  26458538.815   139040559.5901       3189.137          26.000                                                                  
G03  26194724.549   137654206.4401      -2861.434          19.000                                                                  
E33  26716399.325   140395625.3101      -2392.341          21.000    26716387.582   107575803.8880      -1834.747          32.000  
E16  26191341.089   137636490.3250       1247.064          36.000    26191340.330   105461661.0750        955.472          39.000  
G14  24406554.352   128257339.5130      -3538.739          29.000    24406542.377    99940712.4390      -2756.533          27.000  
G19  22483564.844   118151954.7830       -455.357          32.000                                                                  
E12  25343152.882   133179191.8180        255.045          31.000    25343153.656   102046392.8640        195.594          30.000  
G11  23488444.315   123432503.6130       1602.189          35.000    23488450.478    96181251.4110       1248.306          29.000  
G22  23522509.722   123611633.0000      -2392.479          32.000                                                                  
E11                                                                  26904931.980   108335014.7080       1698.898          27.000  
