     3.05           O: OBSERVATION      M: MIXED            RINEX VERSION / TYPE
PYRINEXCONV 0.1.2 ALDELTUNES            20260721 024010 UTC PGM / RUN BY / DATE
UNKN                                                        MARKER NAME
NONE                                                        MARKER TYPE
                                                            OBSERVER / AGENCY
                                                            REC # / TYPE / VERS
                                                            ANT # / TYPE
   114610.6619 -5414881.9638  3554857.3997                  APPROX POSITION XYZ
        0.0000        0.0000        0.0000                  ANTENNA: DELTA H/E/N
S    4 C1C L1C D1C S1C                                      SYS / # / OBS TYPES
G    8 C1C L1C D1C S1C C2L L2L D2L S2L                      SYS / # / OBS TYPES
E    8 C1C L1C D1C S1C C7Q L7Q D7Q S7Q                      SYS / # / OBS TYPES
C    4 C2I L2I D2I S2I                                      SYS / # / OBS TYPES
R    8 C1C L1C D1C S1C C2C L2C D2C S2C                      SYS / # / OBS TYPES
DBHZ                                                        SIGNAL STRENGTH UNIT
    10.000                                                  INTERVAL
  2026     7    21     2    30   30.9990000     GPS         TIME OF FIRST OBS
  2026     7    21     2    40   20.9990000     GPS         TIME OF LAST OBS
  9 R05  1 R06 -4 R07  5 R09 -2 R15  0 R16 -1 R17  4 R18 -3 GLONASS SLOT / FRQ
    R24  2                                                  GLONASS SLOT / FRQ
 C1C    0.000 C1P    0.000 C2C    0.000 C2P    0.000        GLONASS COD/PHS/BIS
    18        2428     2GPS                                 LEAPSECONDS
    37                                                      # OF SATELLITES
                                                            END OF HEADER
> 2026  7 21  2 30 30.9990000  0 34                           
S35  37906006.299   199197406.7400       -423.613          33.000  
S33  38168785.833   200578324.7000       -421.132          33.000  
S31  37466874.987   196889754.6650       -419.974          39.000  
G08  22090218.181   116084831.6490       2988.289          33.000                                                                  
E21  23209351.750   121966012.8580       -372.937          39.000    23209356.706    93454437.7300       -285.732          33.000  
C23  23861015.531   124250566.6460      -2508.285          36.000  
C13  25367564.251   132095579.5590       1234.529          28.000  
C12  22968986.785   119605504.5500       1049.445          36.000  
C32  23273511.078   121191294.8810      -3187.602          37.000  
C37  21935189.994   114222387.3810       -630.720          33.000  
R06  19192867.114   102416901.4050        320.744          44.000    19192867.622    79657462.1670        249.371          42.000  
R09  21917806.878   117039862.3850       1864.961          26.000    21917815.794    91031025.0980       1450.487          29.000  
R16  19566415.544   104520293.1720       -933.000          26.000    19566422.668    81293585.1780       -725.335          38.000  
R05  20087754.344   107380522.1950      -3578.675          34.000    20087760.580    83518139.9100      -2783.689          33.000  
G27  21028101.237   110503371.7290       1498.257          35.000    21028110.144    86106590.2630       1167.424          32.000  
G26  22533384.927   118413745.2930      -3514.297          27.000                                                                  
G03  23472384.955   123348215.3011      -3710.705          25.000    23472405.065    96115573.9881      -2889.960          24.000  
G07  23740418.134   124756724.6380       1599.819          27.000                                                                  
G31  23595451.701   123994911.4340      -2889.642          27.000    23595446.745    96619391.2600      -2251.312          28.000  
C20  22446637.003   116885526.1040        -68.157          28.000  
C38  25288076.505   131681649.0470        181.195          28.000  
C19  25383704.964   132179614.3360       2216.964          27.000  
R15  21640363.697   115639608.7850      -3339.239          33.000                                                                  
R17  23334454.116   124867377.1561       1644.750          14.000                                                                  
R07  23105758.569   123686914.1720       3683.114          31.000                                                                  
G04  19939914.455   104784991.3240        158.050          33.000    19939915.402    81650573.5610        122.756          43.000  
G16  20181355.328   106053658.4790      -2418.231          31.000                                                                  
E28  24993997.693   131344383.3250       1727.083          27.000    24994014.458   100640542.7680       1323.369          29.000  
E19  22386398.856   117641319.3871        627.751          26.000    22386392.247    90140724.4670        480.716          27.000  
G09  21199936.289   111406413.2220       2071.154          27.000    21199937.631    86810207.5200       1613.890          25.000  
E27  25574302.142   134393883.7400      -2682.990          37.000    25574308.006   102977152.6430      -2055.553          29.000  
E29  23892169.635   125554159.4090      -1802.615          40.000    23892169.842    96203876.9400      -1381.539          38.000  
E23  25373680.944   133339598.1380       1875.835          32.000    25373688.281   102169314.7610       1437.490          35.000  
E04                                                                  27153565.281   109336154.7021       1694.402          23.000  
> 2026  7 21  2 30 40.9990000  0 34                           
S35  37906812.903   199201646.3590       -423.696          34.000  
S33  38169588.375   200582541.1770       -420.938          33.000  
S31  37467674.396   196893955.9320       -419.990          39.000  
G08  22084534.596   116054962.2510       2985.840          32.000                                                                  
E21  23210065.774   121969764.5190       -376.583          39.000    23210071.016    93457312.3710       -288.722          34.000  
C23  23865833.391   124275653.4680      -2508.956          35.000  
C13  25365195.106   132083243.8210       1231.936          27.000  
C12  22966976.573   119595036.3480       1044.552          36.000  
C32  23279635.466   121223185.7930      -3190.220          36.000  
C37  21936404.194   114228708.2610       -632.736          34.000  
R06  19192274.678   102413740.8690        311.969          44.000    19192275.251    79655003.9710        242.626          42.000  
R09  21914316.633   117021227.4801       1862.493          25.000    21914325.718    91016530.5250       1448.337          28.000  
R16  19568164.336   104529640.8810       -936.798          28.000    19568171.652    81300855.6310       -728.856          38.000  
R05  20094455.356   107416341.2330      -3584.964          35.000    20094461.463    83545999.1170      -2787.859          32.000  
G27  21025260.370   110488421.6980       1492.035          36.000    21025265.412    86094940.8790       1163.065          32.000  
G26  22540075.862   118448895.1300      -3516.030          27.000                                                                  
G03  23479444.845   123385314.8911      -3709.817          24.000    23479460.783    96144466.8941      -2890.980          23.000  
G07  23737376.854   124740753.8140       1600.307          27.000    23737375.254    97200582.8201       1246.386          25.000  
G31  23600941.695   124023812.4870      -2890.485          26.000    23600947.245    96641911.5650      -2251.929          28.000  
C20  22446776.534   116886237.6950        -73.785          30.000  
C38  25287732.347   131679856.5710        177.229          28.000  
C19  25379449.501   132157459.6380       2213.827          27.000  
R15  21646613.510   115673001.8120      -3339.360          33.000    21646608.034    89967818.9801      -2605.061          13.000  
R17  23331385.623   124850956.9071       1629.933          17.000                                                                  
R07  23098882.194   123650100.6180       3680.320          31.000                                                                  
G04  19939620.235   104783447.3110        151.318          33.000    19939622.093    81649370.4110        118.356          43.000  
G16  20185961.122   106077870.2400      -2423.069          28.000                                                                  
E28  24990714.027   131327122.3610       1725.301          26.000    24990729.684   100627316.8310       1321.923          29.000  
E19  22385211.734   117635081.4941        624.610          25.000    22385201.063    90135928.6390        478.993          27.000  
G09  21196005.513   111385722.7070       2067.657          29.000    21195996.721    86794062.9891       1610.326          25.000  
E27  25579409.256   134420722.6890      -2684.364          37.000    25579415.600   102997717.5460      -2057.317          29.000  
E29  23895603.692   125572204.7380      -1805.916          40.000    23895603.917    96217703.8750      -1383.778          38.000  
E23  25370114.518   133320852.2330       1873.682          32.000    25370121.188   102154951.0500       1435.425          35.000  
E04                                                                  27149357.941   109319214.0851       1692.941          24.000  
> 2026  7 21  2 30 50.9990000  0 35                           
S35  37907620.396   199205888.0550       -424.162          33.000  
S33  38170390.921   200586760.4550       -421.831          33.000  
S31  37468474.663   196898160.6840       -420.789          39.000  
G08  22078856.139   116025120.3060       2983.322          32.000                                                                  
E21  23210787.606   121973556.3860       -381.596          39.000    23210792.240    93460217.8350       -291.958          34.000  
C23  23870652.294   124300746.2210      -2509.516          35.000  
C13  25362832.043   132070940.4110       1227.968          27.000  
C12  22964976.363   119584620.5150       1039.657          36.000  
C32  23285766.676   121255111.4350      -3194.488          37.000  
C37  21937622.864   114235052.4320       -635.658          35.000  
R06  19191699.504   102410671.1690        302.503          44.000    19191700.063    79652616.4410        235.251          43.000  
R09  21910840.324   117002664.4591       1858.534          25.000    21910842.230    91002062.3380       1444.863          28.000  
R16  19569921.434   104539030.0340       -941.232          29.000    19569928.285    81308158.3500       -731.891          36.000  
R05  20101168.561   107452226.1900      -3591.403          35.000    20101174.598    83573909.6430      -2793.686          32.000  
G27  21022429.353   110473532.9950       1485.913          36.000    21022431.448    86083339.3110       1157.723          31.000  
G26  22546764.310   118484059.4100      -3517.406          27.000                                                                  
G03  23486508.403   123422434.4631      -3710.363          25.000    23486522.243    96173382.1021      -2892.719          24.000  
G07  23734337.418   124724760.7680       1598.856          27.000    23734332.982    97188125.6661       1245.896          26.000  
G31  23606450.822   124052723.8360      -2891.357          27.000    23606450.503    96664439.9390      -2253.266          29.000  
C20  22446927.051   116887009.2910        -79.838          31.000  
C38  25287396.909   131678110.7110        172.485          27.000  
C19  25375203.468   132135339.1100       2210.031          27.000  
R15  21652864.199   115706400.1700      -3340.469          32.000    21652862.610    89993813.9361      -2592.057          18.000  
R17  23328334.717   124834630.5801       1636.622          16.000                                                                  
R07  23092009.571   123613312.2530       3677.386          30.000                                                                  
R18  24075495.309   128516628.2091       2850.750          14.000                                                                  
G04  19939337.629   104781964.8310        145.552          33.000    19939340.124    81648215.2540        113.134          44.000  
G16  20190576.939   106102130.6020      -2428.246          28.000                                                                  
E28  24987430.876   131309877.9280       1722.871          26.000    24987447.266   100614103.5580       1320.757          29.000  
E19  22384027.649   117628858.2451        622.212          22.000    22384016.227    90131157.1830        475.574          26.000  
G09  21192079.175   111365075.4940       2062.625          30.000    21192069.616    86777982.2781       1607.638          25.000  
E27  25584519.889   134447579.7210      -2686.753          37.000    25584525.022   103018296.3120      -2058.780          29.000  
E29  23899044.432   125590285.2870      -1809.813          40.000    23899044.238    96231557.7880      -1386.831          38.000  
E23  25366553.442   133302133.6480       1870.296          32.000    25366559.037   102140608.2130       1433.465          35.000  
E04                                                                  27145150.166   109302270.3211       1693.378          24.000  
> 2026  7 21  2 31  0.9990000  0 34                           
S35  37908427.537   199210132.3530       -424.303          33.000  
S33  38171194.142   200590982.1900       -422.164          33.000  
S31  37469275.273   196902367.4330       -421.095          39.000  
G08  22073182.760   115995305.4410       2979.996          31.000                                                                  
E21  23211516.691   121977387.9040       -385.507          38.000    23211521.450    93463153.6740       -295.435          34.000  
C23  23875471.988   124325844.3560      -2510.198          35.000  
C13  25360475.155   132058668.8180       1225.255          27.000  
C12  22962986.091   119574256.6750       1033.505          36.000  
C32  23291904.402   121287071.1460      -3198.399          36.000  
C37  21938845.906   114241419.3540       -637.952          35.000  
R06  19191140.996   102407691.8690        293.153          44.000    19191141.573    79650299.2140        228.121          43.000  
R09  21907361.090   116984085.1881       1837.949          21.000    21907366.106    90987620.2420       1442.620          28.000  
R16  19571684.809   104548460.0730       -945.329          29.000    19571692.491    81315492.8480       -735.396          36.000  
R05  20107894.548   107488176.6080      -3598.815          36.000    20107900.227    83601871.0420      -2798.225          31.000  
G27  21019608.857   110458705.3880       1479.358          36.000    21019609.966    86071785.3600       1152.479          31.000  
G26  22553453.544   118519237.6670      -3519.388          27.000                                                                  
G03  23493570.235   123459544.4281      -3712.963          25.000    23493586.749    96202310.1131      -2893.342          24.000  
G07  23731293.807   124708767.8820       1599.069          27.000    23731294.249    97175682.7111       1245.639          26.000  
G31  23611952.761   124081645.0510      -2891.986          26.000    23611955.364    96686975.9410      -2254.163          29.000  
C20  22447087.509   116887840.4910        -86.787          32.000  
C38  25287069.830   131676411.0550        167.300          26.000  
C19  25370961.106   132113252.3400       2206.829          27.000  
R15  21659116.527   115739803.4300      -3340.871          33.000    21659112.600    90019790.5111      -2599.912          18.000  
R17  23325290.260   124818339.6261       1628.597          15.000                                                                  
R07  23085140.940   123576549.0880       3675.551          29.000                                                                  
G04  19939066.899   104780543.5130        138.514          33.000    19939069.671    81647107.7300        108.187          44.000  
G16  20195201.087   106126438.7800      -2432.936          28.000                                                                  
E28  24984152.591   131292607.6541       1721.569          25.000    24984169.944   100600902.6770       1319.711          29.000  
E19  22382842.765   117622632.2931        619.677          19.000    22382837.063    90126409.6370        473.253          25.000  
G09  21188158.781   111344471.1020       2059.242          31.000    21188149.959    86761932.0071       1604.114          25.000  
E27  25589633.559   134474454.2700      -2688.461          36.000    25589638.701   103038888.4770      -2059.624          29.000  
E29  23902491.738   125608400.5400      -1813.534          40.000    23902491.853    96245438.3110      -1389.681          38.000  
E23  25362997.704   133283441.8500       1867.792          32.000    25363002.186   102126286.0000       1430.873          35.000  
E04                                                                  27140947.104   109285346.9061       1693.039          25.000  
> 2026  7 21  2 31 10.9990000  0 34                           
S35  37909234.279   199214373.2560       -424.312          33.000  
S33  38171997.150   200595199.9610       -421.562          33.000  
S31  37470075.213   196906570.5750       -420.272          39.000  
G08  22067512.731   115965511.9810       2977.840          30.000                                                                  
E21  23212252.225   121981253.2620       -388.375          38.000    23212257.207    93466115.4720       -297.751          34.000  
C23  23880291.903   124350942.1550      -2509.535          35.000  
C13  25358122.916   132046423.4290       1223.496          27.000  
C12  22961005.136   119563939.0510       1029.947          36.000  
C32  23298047.695   121319059.1370      -3200.193          37.000  
C37  21940071.879   114247803.2620       -639.079          36.000  
R06  19190598.702   102404797.1570        285.203          44.000    19190599.008    79648047.7840        221.813          43.000  
R09  21903888.567   116965542.5821       1853.051          20.000    21903895.382    90973229.3710       1441.470          27.000  
R16  19573455.358   104557924.8810       -948.502          32.000    19573463.165    81322854.4050       -737.915          34.000  
R05  20114630.991   107524186.3930      -3604.263          36.000    20114637.685    83629878.6540      -2803.646          31.000  
G27  21016798.445   110443933.0890       1474.141          36.000    21016799.705    86060274.4240       1149.831          30.000  
G26  22560151.094   118554423.8590      -3518.966          27.000                                                                  
G03  23500633.992   123496665.0001      -3712.044          25.000    23500656.246    96231258.3411      -2892.571          25.000  
G07  23728248.869   124692769.4170       1600.246          27.000    23728254.407    97163221.1320       1247.288          27.000  
G31  23617460.225   124110570.4130      -2892.664          27.000    23617460.143    96709515.1340      -2253.699          29.000  
C20  22447257.832   116888725.4030        -91.063          32.000  
C38  25286750.571   131674751.7580        163.865          26.000  
C19  25366726.723   132091193.6870       2204.368          27.000  
R15  21665367.601   115773205.5910      -3340.529          33.000    21665361.069    90045760.4831      -2600.740          19.000  
R17  23322252.746   124802084.8381       1637.197          15.000                                                                  
R07  23078276.072   123539805.2190       3674.083          30.000                                                                  
G04  19938806.574   104779177.5530        133.840          33.000    19938809.603    81646043.3450        104.479          44.000  
G16  20199831.355   106150789.0890      -2437.266          28.000                                                                  
E28  24980877.739   131275397.7471       1721.774          25.000    24980893.601   100587709.7630       1319.102          29.000  
E19  22381668.322   117616460.6861        618.963          17.000    22381662.012    90121677.7591        472.051          23.000  
G09  21184245.388   111323904.0100       2055.133          31.000    21184234.664    86745898.6671       1600.579          24.000  
E27  25594749.166   134501340.5270      -2689.187          35.000    25594754.423   103059489.6250      -2060.564          29.000  
E29  23905944.724   125626544.7080      -1815.733          40.000    23905944.345    96259340.9720      -1391.442          38.000  
E23  25359446.667   133264771.1350       1866.524          32.000    25359449.455   102111979.8840       1429.786          35.000  
E04                                                                  27136738.914   109268402.5011       1694.379          25.000  
> 2026  7 21  2 31 20.9990000  0 34                           
S35  37910041.763   199218612.6620       -424.404          33.000  
S33  38172799.754   200599417.0750       -421.919          33.000  
S31  37470874.783   196910772.9430       -420.516          39.000  
G08  22061846.593   115935742.1200       2975.756          29.000                                                                  
E21  23212995.121   121985154.5800       -392.092          38.000    23212999.147    93469104.7750       -300.357          34.000  
C23  23885112.301   124376041.7250      -2510.760          35.000  
C13  25355775.876   132034206.5220       1219.943          26.000  
C12  22959033.123   119553669.8920       1024.069          36.000  
C32  23304196.646   121351077.5060      -3203.990          37.000  
C37  21941302.040   114254206.2330       -641.734          37.000  
R06  19190072.615   102401989.3250        276.130          43.000    19190072.789    79645863.9240        214.861          43.000  
R09  21900418.731   116947013.7321       1854.248          22.000                                                                  
R16  19575234.775   104567426.4520       -951.671          35.000    19575240.112    81330244.5450       -740.645          33.000  
R05  20121378.850   107560257.8960      -3610.735          35.000    20121386.295    83657934.2460      -2808.106          30.000  
G27  21013998.257   110429218.3590       1467.898          35.000    21013999.633    86048808.5390       1142.167          30.000  
G26  22566851.859   118589620.2720      -3520.697          27.000                                                                  
G03  23507698.265   123533787.2221      -3712.038          26.000    23507721.697    96260190.4161      -2891.707          25.000  
G07  23725203.240   124676767.6020       1599.916          28.000    23725211.366    97150752.2940       1246.940          28.000  
G31  23622962.116   124139501.9080      -2893.939          27.000    23622966.265    96732059.1860      -2255.353          29.000  
C20  22447439.711   116889666.3370        -96.818          33.000  
C38  25286432.537   131673089.1461        158.759          25.000  
C19  25362494.447   132069165.2750       2201.436          28.000  
R15  21671618.809   115806608.6110      -3339.908          33.000    21671616.889    90071760.3141      -2599.452          23.000  
R17  23319223.102   124785872.5931       1623.264          17.000                                                                  
R07  23071416.117   123503083.1620       3670.743          30.000                                                                  
G04  19938557.533   104777869.1870        128.011          34.000    19938560.457    81645023.8570         99.504          44.000  
G16  20204470.944   106175183.3140      -2441.824          30.000                                                                  
E28  24977600.925   131258178.4181       1718.639          25.000    24977620.070   100574526.4990       1317.708          29.000  
E19  22380495.835   117610298.7821        622.438          17.000    22380494.719    90116977.9311        470.332          22.000  
G09  21180339.846   111303376.2820       2051.467          32.000    21180326.748    86729897.0811       1598.927          25.000  
E27  25599868.449   134528240.5250      -2690.901          35.000    25599872.958   103080101.2900      -2061.942          29.000  
E29  23909403.243   125644719.9150      -1819.296          39.000    23909403.027    96273267.4330      -1393.994          38.000  
E23  25355900.098   133246123.6810       1863.290          33.000    25355900.944   102097691.5890       1427.625          35.000  
E04                                                                  27132532.466   109251464.8351       1691.932          25.000  
> 2026  7 21  2 31 30.9990000  0 34                           
S35  37910848.850   199222852.8530       -423.046          33.000  
S33  38173602.039   200603634.8280       -421.418          33.000  
S31  37471674.567   196914975.2360       -420.216          39.000  
G08  22056185.229   115905997.9180       2973.174          29.000                                                                  
E21  23213744.294   121989093.7430       -395.664          38.000    23213748.792    93472123.1240       -303.423          34.000  
C23  23889933.674   124401144.8210      -2509.683          35.000  
C13  25353435.054   132022019.9380       1217.115          26.000  
C12  22957070.808   119543451.0220       1019.743          35.000  
C32  23310352.102   121383127.9460      -3206.846          37.000  
C37  21942536.027   114260630.1030       -643.061          37.000  
R06  19189562.661   102399270.2660        267.637          43.000    19189563.336    79643749.1230        208.162          43.000  
R09  21896957.881   116928532.8181       1851.737          16.000    21896973.263    90944475.8330       1435.912          25.000  
R16  19577023.200   104576966.9660       -956.022          37.000    19577024.652    81337664.9990       -744.081          33.000  
R05  20128138.120   107596392.5540      -3616.015          35.000    20128146.533    83686038.9390      -2812.703          30.000  
G27  21011209.027   110414563.1150       1462.316          35.000    21011210.882    86037388.8110       1139.629          29.000  
G26  22573550.576   118624828.5410      -3521.359          27.000                                                                  
G03  23514767.921   123570938.6991      -3713.091          27.000    23514786.887    96289120.6051      -2893.070          25.000  
G07  23722162.867   124660764.2650       1600.462          28.000    23722167.148    97138282.2480       1247.181          28.000  
G31  23628471.227   124168441.4640      -2894.153          27.000    23628474.445    96754609.5010      -2255.566          29.000  
C20  22447632.136   116890665.0940       -102.998          34.000  
C38  25286119.474   131671459.1611        155.659          24.000  
C19  25358268.173   132047169.2640       2197.535          27.000  
R15  21677869.995   115840014.5160      -3340.479          33.000    21677869.155    90097746.6751      -2595.009          23.000  
R17  23316199.948   124769695.4921       1606.650          19.000                                                                  
R07  23064560.226   123466384.6920       3667.759          30.000                                                                  
G04  19938319.915   104776620.3530        122.445          34.000    19938322.625    81644050.7410         94.990          44.000  
G16  20209120.457   106199623.4190      -2446.246          32.000                                                                  
E28  24974331.614   131240997.7011       1717.683          25.000    24974348.491   100561354.3630       1316.695          29.000  
E19  22379334.132   117604194.3631        609.088          18.000    22379329.592    90112286.0371        471.636          20.000  
G09  21176441.783   111282890.0220       2046.986          32.000    21176432.460    86713950.7391       1595.192          25.000  
E27  25604990.866   134555156.1260      -2692.315          35.000    25604994.661   103100724.9300      -2063.001          29.000  
E29  23912867.990   125662928.0890      -1822.562          39.000    23912867.949    96287219.1250      -1396.491          38.000  
E23  25352358.604   133227501.3350       1861.246          33.000    25352357.347   102083422.5480       1425.989          35.000  
E04                                                                  27128326.401   109234528.2301       1693.912          25.000  
> 2026  7 21  2 31 40.9990000  0 34                           
S35  37911654.582   199227090.2820       -423.783          34.000  
S33  38174404.186   200607849.7250       -421.330          33.000  
S31  37472473.980   196919175.5590       -419.978          39.000  
G08  22050528.244   115876276.3250       2971.169          29.000                                                                  
E21  23214500.140   121993067.5400       -398.974          37.000    23214504.694    93475167.9990       -306.031          34.000  
C23  23894754.353   124426248.4060      -2510.136          35.000  
C13  25351099.183   132009825.2121       1214.941          25.000  
C12  22955117.472   119533279.5020       1014.475          35.000  
C32  23316512.829   121415207.3100      -3209.628          38.000  
C37  21943773.804   114267071.7520       -645.128          38.000  
R06  19189069.006   102396636.8370        258.984          42.000    19189069.765    79641700.9090        201.315          44.000  
R09  21893498.329   116910058.6351       1846.827          12.000                                                                  
R16  19578818.473   104586543.0080       -959.473          38.000    19578815.039    81345113.0150       -746.205          32.000  
R05  20134908.978   107632587.0290      -3622.603          35.000    20134918.224    83714190.1810      -2816.572          30.000  
G27  21008431.878   110399964.2600       1457.277          34.000    21008433.257    86026013.1470       1134.297          29.000  
G26  22580251.415   118660045.5610      -3522.518          26.000                                                                  
G03  23521836.659   123608060.8500      -3713.037          28.000    23521850.660    96318045.4141      -2890.511          25.000  
G07  23719115.948   124644756.2340       1600.973          29.000    23719119.255    97125808.5040       1247.225          28.000  
G31  23633980.613   124197385.9660      -2894.580          27.000    23633982.987    96777163.6530      -2255.743          29.000  
C20  22447835.507   116891718.5580       -107.905          36.000  
C38  25285827.663   131669939.4581        151.591          25.000  
C19  25354052.495   132025202.3930       2195.135          28.000  
R15  21684120.877   115873419.8970      -3340.540          33.000    21684119.098    90123722.2431      -2595.552          25.000  
R17  23313195.067   124753615.4491       1613.697          20.000                                                                  
R07  23057708.611   123429706.9890       3666.537          29.000                                                                  
G04  19938092.611   104775427.9420        116.131          35.000    19938095.376    81643121.5840         90.691          44.000  
G16  20213778.121   106224106.1090      -2450.257          33.000                                                                  
E28  24971060.320   131223807.3281       1717.459          25.000    24971079.653   100548190.9900       1315.895          29.000  
E19  22378178.663   117598121.8151        610.457          20.000    22378168.823    90107612.3081        471.254          20.000  
G09  21172550.748   111262442.1310       2042.679          33.000    21172542.173    86698020.3621       1592.426          24.000  
E27  25610114.784   134582084.0910      -2693.581          35.000    25610118.884   103121358.0510      -2064.103          30.000  
E29  23916338.348   125681166.0060      -1825.366          38.000    23916338.579    96301193.6190      -1398.404          38.000  
E23  25348820.607   133208901.0530       1859.129          33.000    25348817.908   102069170.4010       1424.071          35.000  
E04                                                                  27124119.634   109217589.4821       1693.415          25.000  
> 2026  7 21  2 31 50.9990000  0 34                           
E04  27119902.659   142516050.3081       2209.899          25.000    27119913.357   109200653.0951       1695.937          25.000  
S35  37912461.494   199231331.0850       -424.441          33.000  
S33  38175206.737   200612067.2150       -421.998          33.000  
S31  37473273.455   196923378.4060       -420.244          39.000  
G08  22044877.171   115846583.3440       2968.030          29.000                                                                  
E21  23215263.626   121997081.8290       -403.678          37.000    23215268.344    93478243.9030       -309.283          34.000  
C23  23899576.820   124451358.1880      -2510.940          35.000  
C13  25348770.366   131997698.4281       1204.115          23.000  
C12  22953174.543   119523161.0770       1009.272          35.000  
C32  23322680.281   121447321.2960      -3213.229          38.000  
C37  21945016.259   114273536.9300       -647.774          38.000  
R06  19188592.100   102394095.0730        249.611          42.000    19188593.459    79639723.9810        194.271          44.000  
R16  19580621.528   104596160.3640       -963.825          39.000    19580613.290    81352593.1910       -749.049          31.000  
R05  20141691.704   107668847.0160      -3629.349          36.000    20141702.116    83742392.4040      -2822.934          30.000  
G27  21005666.864   110385427.8590       1450.355          34.000    21005667.488    86014686.0330       1130.014          29.000  
G26  22586955.653   118695252.1101      -3523.786          26.000                                                                  
G03  23528904.359   123645195.2520      -3713.721          29.000    23528919.324    96346991.2601      -2893.059          24.000  
G07  23716062.984   124628766.4320       1600.500          30.000    23716073.192    97113335.6770       1247.108          28.000  
G31  23639494.470   124226341.2510      -2895.795          27.000    23639492.448    96799726.2020      -2256.470          29.000  
C20  22448049.994   116892832.5580       -114.246          38.000  
C38  25285544.394   131668464.1521        146.133          26.000  
C19  25349838.978   132003270.5960       2191.408          28.000  
R15  21690373.790   115906830.7920      -3341.208          33.000    21690369.948    90149701.9371      -2600.229          26.000  
R17  23310198.781   124737582.0051       1595.465          20.000                                                                  
R07  23050861.546   123393056.1340       3663.863          29.000                                                                  
G04  19937877.599   104774297.8380        110.281          35.000    19937880.250    81642241.0130         85.463          44.000  
G16  20218446.430   106248637.1890      -2455.279          35.000                                                                  
E28  24967795.615   131206651.3561       1715.607          25.000    24967814.299   100535040.8940       1314.389          29.000  
E19  22377019.812   117592032.3511        609.624          22.000    22377016.562    90102972.7171        458.604          19.000  
G09  21168667.866   111242038.5760       2037.911          33.000    21168661.978    86682131.4851       1587.694          25.000  
E27  25615242.161   134609030.1970      -2695.227          35.000    25615246.470   103142005.0760      -2065.724          30.000  
E29  23919815.752   125699439.5740      -1828.870          37.000    23919816.078    96315195.4580      -1401.665          38.000  
E23  25345287.811   133190328.6250       1855.836          34.000    25345283.757   102054939.6290       1421.921          35.000  
R09                                                                  21890068.533    90915801.1971       1434.047          19.000  
> 2026  7 21  2 32  0.9990000  0 34                           
E04  27115695.176   142493939.5151       2211.916          25.000    27115707.300   109183716.6841       1696.241          25.000  
S35  37913268.608   199235572.0340       -424.331          34.000  
S33  38176009.629   200616285.9810       -421.645          33.000  
S31  37474073.447   196927582.4730       -420.718          39.000  
G08  22039230.589   115816916.1270       2965.230          30.000                                                                  
E21  23216034.692   122001133.5350       -407.007          37.000    23216039.211    93481348.4560       -311.922          34.000  
C23  23904400.227   124476471.2120      -2511.648          35.000  
C13  25346447.304   131985601.5651       1209.563          24.000  
C12  22951241.470   119513092.8640       1004.756          35.000  
C32  23328853.876   121479466.8670      -3216.243          38.000  
C37  21946262.323   114280022.6110       -649.670          38.000  
R06  19188131.721   102391641.9760        240.690          41.000    19188133.335    79637816.0370        187.159          44.000  
R16  19582431.358   104605816.0450       -967.452          40.000    19582419.296    81360103.2010       -752.393          32.000  
R05  20148486.510   107705169.8940      -3635.119          35.000    20148497.943    83770643.5200      -2827.792          29.000  
G27  21002913.359   110370950.9190       1444.807          33.000    21002913.281    86003405.2850       1125.808          29.000  
G26  22593668.787   118730530.0131      -3524.790          26.000                                                                  
G03  23535974.687   123682334.2800      -3713.745          30.000    23535985.913    96375927.8211      -2894.078          24.000  
G07  23713018.144   124612757.7330       1600.642          29.000    23713027.848    97100861.3740       1247.694          28.000  
G31  23645015.263   124255304.2960      -2896.814          28.000    23645004.146    96822294.8400      -2257.452          29.000  
C20  22448275.749   116894004.1650       -120.273          39.000  
C38  25285268.592   131667028.1611        141.466          27.000  
C19  25345632.986   131981371.0180       2188.186          29.000  
R15  21696626.651   115940244.0200      -3341.291          32.000    21696625.288    90175700.8910      -2598.980          27.000  
R17  23307215.755   124721619.0001       1589.374          18.000                                                                  
R07  23044018.158   123356429.0000       3661.338          29.000                                                                  
G04  19937674.159   104773227.1160        104.314          35.000    19937676.273    81641406.6890         80.921          44.000  
G16  20223124.868   106273213.5410      -2460.081          36.000                                                                  
E28  24964534.051   131189511.6731       1714.140          25.000    24964551.439   100521901.8250       1313.104          29.000  
E19  22375874.946   117586015.7361        602.006          25.000    22375865.686    90098338.6191        466.404          17.000  
G09  21164793.246   111221676.3980       2033.767          34.000    21164789.061    86666272.8701       1585.019          25.000  
E27  25620371.726   134635991.4740      -2696.851          34.000    25620377.411   103162663.7090      -2066.652          30.000  
E29  23923299.796   125717745.7930      -1832.084          36.000    23923299.659    96329222.2770      -1404.116          38.000  
E23  25341759.103   133171781.1310       1853.609          34.000    25341754.065   102040727.9500       1420.228          35.000  
R09                                                                  21886630.532    90901522.0761       1432.206          16.000  
> 2026  7 21  2 32 10.9990000  0 34                           
E04  27111490.130   142471842.1221       2211.478          25.000    27111500.662   109166778.6651       1693.297          24.000  
S35  37914075.391   199239812.3660       -424.032          33.000  
S33  38176812.370   200620503.0900       -422.456          33.000  
S31  37474873.202   196931784.9190       -420.515          39.000  
G08  22033589.046   115787273.7770       2963.338          31.000                                                                  
E21  23216812.401   122005221.7820       -411.034          36.000    23216816.960    93484480.9880       -314.659          34.000  
C23  23909223.607   124501586.5280      -2511.459          36.000  
C13  25344123.925   131973503.1601       1209.114          23.000  
C12  22949317.633   119503074.0500        999.555          36.000  
C32  23335033.565   121511643.0360      -3219.375          38.000  
C37  21947512.310   114286527.9140       -651.653          38.000  
R06  19187687.550   102389276.6550        232.239          40.000    19187689.906    79635976.3560        180.578          44.000  
R09  21883157.200   116854838.1391       1829.691          18.000    21883197.509    90887264.0421       1430.520          16.000  
R16  19584246.780   104615509.0300       -971.203          41.000    19584232.784    81367642.1690       -755.484          33.000  
R05  20155291.915   107741554.2480      -3641.530          35.000    20155304.728    83798942.4370      -2832.378          28.000  
G27  21000170.624   110356532.6170       1439.071          33.000    21000169.957    85992170.2930       1121.009          29.000  
G26  22600376.279   118765778.3451      -3527.101          25.000                                                                  
G03  23543046.335   123719477.0520      -3714.404          30.000    23543056.350    96404879.1771      -2892.987          23.000  
G07  23709970.777   124596746.3580       1601.145          29.000    23709981.857    97088385.0150       1247.883          28.000  
G31  23650520.512   124284274.1920      -2897.345          27.000    23650517.543    96844868.7030      -2257.373          28.000  
C20  22448512.301   116895232.4540       -125.864          39.000  
C38  25285004.825   131665654.6610        137.528          27.000  
C19  25341434.928   131959502.8190       2185.214          28.000  
R15  21702880.715   115973658.6180      -3341.361          33.000    21702885.622    90201690.0240      -2599.163          29.000  
R17  23304238.218   124705685.2271       1594.709          15.000                                                                  
R07  23037179.914   123319825.1240       3659.056          29.000                                                                  
G04  19937481.041   104772214.9240         97.792          35.000    19937483.676    81640617.9750         76.462          45.000  
G16  20227811.407   106297834.1810      -2464.505          37.000                                                                  
E28  24961280.867   131172415.6401       1713.496          26.000    24961291.446   100508773.1480       1312.333          28.000  
E19  22374737.818   117580039.9831        598.421          26.000    22374722.650    90093735.9771        459.371          17.000  
G09  21160926.601   111201354.8510       2029.689          35.000    21160923.368    86650442.9031       1581.803          25.000  
E27  25625504.911   134662966.9000      -2698.384          33.000    25625510.120   103183333.1430      -2067.233          30.000  
E29  23926789.712   125736083.7450      -1835.665          35.000    23926789.224    96343273.4060      -1406.355          38.000  
E23  25338235.033   133153257.7180       1851.148          34.000    25338229.220   102026534.7000       1418.193          35.000  
> 2026  7 21  2 32 20.9990000  0 34                           
E04  27107285.127   142449744.7421       2209.083          25.000    27107296.587   109149849.7321       1694.427          24.000  
S35  37914882.860   199244055.7730       -424.056          34.000  
S33  38177615.485   200624724.0820       -422.284          33.000  
S31  37475673.612   196935990.9040       -420.847          39.000  
G08  22027953.104   115757660.0410       2959.531          31.000                                                                  
E21  23217597.460   122009349.9730       -414.906          36.000    23217602.697    93487644.2100       -318.317          34.000  
C23  23914048.283   124526707.5860      -2512.364          36.000  
C13  25341810.432   131961456.6021       1203.130          24.000  
C12  22947404.112   119493108.1250        993.549          36.000  
C32  23341219.398   121543853.1890      -3222.673          39.000  
C37  21948766.698   114293056.2290       -654.236          38.000  
R06  19187260.658   102387002.7430        222.457          39.000    19187263.873    79634207.7700        173.078          44.000  
R09  21879732.071   116836548.0381       1827.660          21.000    21879764.695    90873005.9111       1429.427          18.000  
R16  19586069.477   104625242.6890       -975.328          41.000    19586054.652    81375212.8070       -758.506          34.000  
R05  20162110.132   107778003.5170      -3648.054          35.000    20162123.361    83827291.8360      -2837.490          27.000  
G27  20997439.554   110342176.7660       1431.206          31.000    20997438.433    85980983.8340       1116.421          29.000  
G26  22607086.549   118801041.4461      -3528.692          24.000                                                                  
G03  23550117.309   123756626.8730      -3715.558          31.000    23550126.136    96433829.1041      -2894.787          22.000  
G07  23706923.799   124580735.7210       1600.375          28.000    23706936.226    97075909.2860       1246.821          28.000  
G31  23656034.544   124313254.5650      -2899.097          28.000    23656032.273    96867450.7970      -2258.716          28.000  
C20  22448760.257   116896520.9140       -131.881          40.000  
C38  25284746.866   131664306.2660        132.053          27.000  
C28  25060796.529   130498143.2121       1936.429          23.000  
C19  25337241.421   131937669.4780       2181.725          28.000  
R15  21709135.290   116007077.9120      -3342.069          33.000    21709139.274    90227682.7760      -2599.441          28.000  
R07  23030346.619   123283247.9660       3656.177          29.000                                                                  
G04  19937300.245   104771264.7910         91.533          36.000    19937302.722    81639877.6210         71.632          45.000  
G16  20232505.704   106322502.5060      -2469.421          37.000                                                                  
E28  24958026.098   131155297.5000       1711.240          27.000    24958034.952   100495657.5070       1311.071          27.000  
E19  22373603.311   117574074.4270        595.003          27.000    22373586.864    90089162.1121        457.476          18.000  
G09  21157067.958   111181077.4560       2025.455          34.000    21157066.948    86634652.3531       1578.104          24.000  
E27  25630641.444   134689959.9320      -2700.272          33.000    25630646.354   103204016.1210      -2069.139          30.000  
E29  23930287.335   125754456.8830      -1839.146          35.000    23930285.604    96357351.5230      -1409.434          38.000  
E23  25334715.995   133134761.8540       1847.864          34.000    25334709.686   102012362.5740       1416.044          35.000  
> 2026  7 21  2 32 30.9990000  0 34                           
E04  27103079.224   142427642.5331       2208.085          26.000    27103091.831   109132919.2481       1693.327          24.000  
S35  37915690.725   199248301.0330       -424.463          34.000  
S33  38178419.069   200628946.5900       -421.556          33.000  
S31  37476474.198   196940198.3600       -420.535          39.000  
G08  22022323.083   115728073.9600       2957.748          31.000    22022312.398    90177687.6851       2304.270          25.000  
E21  23218390.421   122013517.1940       -418.621          36.000    23218395.293    93490837.2540       -320.548          34.000  
C23  23918873.416   124551833.4760      -2513.139          36.000  
C13  25339508.866   131949471.4861       1197.932          25.000  
C12  22945500.404   119483194.1710        989.018          36.000  
C32  23347411.466   121576096.3010      -3225.683          39.000  
C37  21950025.141   114299606.5980       -656.078          38.000  
R06  19186850.873   102384819.3920        213.862          39.000    19186854.649    79632509.6220        166.452          44.000  
R09  21876304.157   116818243.4211       1824.721          20.000    21876333.262    90858754.5441       1414.377          22.000  
R16  19587899.022   104635016.2200       -979.328          41.000    19587884.835    81382814.4400       -761.484          34.000  
R05  20168940.909   107814516.6840      -3654.398          36.000    20168953.763    83855690.9970      -2842.487          27.000  
G27  20994721.476   110327882.2060       1426.339          30.000    20994718.070    85969845.2450       1111.968          29.000  
G26  22613803.460   118836338.6981      -3526.759          22.000                                                                  
G03  23557189.152   123793782.6940      -3716.394          32.000    23557195.985    96462778.6181      -2897.322          23.000  
G07  23703876.424   124564724.7950       1601.319          27.000    23703888.774    97063433.2580       1247.730          28.000  
G31  23661549.194   124342244.2550      -2899.359          28.000    23661548.019    96890040.1680      -2259.241          28.000  
C20  22449019.983   116897868.6420       -137.698          41.000  
C38  25284500.714   131663003.9950        127.734          27.000  
C28  25057085.166   130478817.0001       1936.458          25.000  
C19  25333054.175   131915870.2500       2178.527          28.000  
R15  21715390.330   116040501.1070      -3343.093          33.000    21715392.474    90253678.5840      -2599.648          29.000  
R07  23023518.517   123246696.9520       3654.108          29.000                                                                  
G04  19937131.338   104770375.8490         86.083          36.000    19937133.726    81639184.9600         66.971          45.000  
G16  20237208.826   106347217.4230      -2473.812          37.000                                                                  
E28  24954774.181   131138196.7650       1709.486          27.000    24954780.076   100482553.3220       1309.845          27.000  
E19  22372475.877   117568141.7240        591.739          28.000    22372460.335    90084626.5291        451.040          18.000  
G09  21153217.692   111160843.4670       2020.814          34.000    21153218.611    86618893.6611       1574.321          25.000  
E27  25635781.673   134716969.5310      -2701.632          33.000    25635785.616   103224711.7300      -2069.818          29.000  
E29  23933791.006   125772864.3200      -1842.437          34.000    23933788.550    96371455.8960      -1411.695          38.000  
E23  25331201.686   133116292.6540       1845.513          33.000    25331194.995   101998210.8670       1414.567          35.000  
> 2026  7 21  2 32 40.9990000  0 34                           
E04  27098878.070   142405564.4391       2208.430          26.000    27098885.706   109115982.5691       1693.770          23.000  
S35  37916498.837   199252546.3700       -424.807          34.000  
S33  38179222.504   200633168.8950       -422.075          33.000  
S31  37477274.878   196944405.9910       -420.929          39.000  
G08  22016698.056   115698513.6550       2954.842          32.000    22016687.779    90154655.5031       2301.121          25.000  
E21  23219189.712   122017721.2660       -422.002          35.000    23219195.567    93494058.5930       -324.246          34.000  
C23  23923699.258   124576961.9880      -2512.393          36.000  
C13  25337212.090   131937510.8120       1195.324          27.000  
C12  22943606.406   119473330.2150        984.067          36.000  
C32  23353609.313   121608370.2050      -3228.864          39.000  
C37  21951286.788   114306176.9180       -658.070          37.000  
R06  19186458.024   102382724.4780        205.107          38.000    19186462.199    79630880.2630        159.445          44.000  
R09  21872880.781   116799962.4831       1831.720          21.000    21872918.702    90844572.9071       1420.564          23.000  
R16  19589735.691   104644826.9760       -982.739          41.000    19589722.515    81390445.0200       -764.337          35.000  
R05  20175783.519   107851091.3300      -3660.824          36.000                                                                  
G27  20992013.984   110313647.1470       1419.976          27.000    20992009.532    85958752.9630       1106.864          29.000  
G26  22620529.110   118871681.9291      -3529.708          20.000    22620523.826    92627262.9921      -2747.161          22.000  
G03  23564261.690   123830942.2350      -3716.016          32.000    23564266.679    96491732.0351      -2904.329          21.000  
G07  23700828.983   124548711.4680       1601.900          27.000    23700840.022    97050955.4000       1247.888          28.000  
G31  23667072.953   124371241.2940      -2900.213          29.000    23667065.317    96912635.2150      -2259.760          27.000  
C20  22449290.441   116899273.5490       -143.363          41.000  
C38  25284258.011   131661745.7560        123.610          27.000  
C28  25053376.808   130459507.4381       1931.783          26.000  
C19  25328875.200   131894103.0700       2175.499          29.000  
R15  21721645.521   116073925.9080      -3342.865          33.000    21721645.149    90279675.7150      -2599.894          30.000  
R07  23016695.302   123210169.6600       3651.537          30.000                                                                  
G04  19936973.915   104769546.0570         79.771          37.000    19936975.812    81638538.3560         62.333          45.000  
G16  20241920.435   106371976.7070      -2477.914          38.000                                                                  
E28  24951520.658   131121110.1130       1707.478          27.000    24951527.170   100469460.9780       1307.929          26.000  
E19  22371349.162   117562238.1940        588.863          29.000    22371337.316    90080104.9271        444.841          18.000  
G09  21149375.801   111140650.7960       2016.667          34.000    21149378.051    86603167.1331       1571.505          25.000  
E27  25640924.538   134743993.5440      -2702.797          33.000    25640927.562   103245418.4420      -2070.921          29.000  
E29  23937300.901   125791303.9030      -1845.521          34.000    23937297.736    96385584.9270      -1414.359          38.000  
E23  25327692.007   133097847.9710       1843.151          33.000    25327685.191   101984077.9980       1412.404          35.000  
> 2026  7 21  2 32 50.9990000  0 35                           
E04  27094673.057   142383474.1530       2208.362          26.000    27094681.825   109099055.3791       1692.346          23.000  
S35  37917305.799   199256789.7920       -425.023          34.000  
S33  38180025.668   200637390.9100       -422.321          33.000  
S31  37478075.166   196948613.1240       -421.156          39.000  
G08  22011078.094   115668978.7520       2952.003          32.000    22011071.335    90131657.3091       2299.906          25.000  
E21  23219996.724   122021961.7240       -426.445          35.000    23220002.692    93497307.7300       -326.351          34.000  
C23  23928525.270   124602092.7450      -2513.217          37.000  
C13  25334922.706   131925569.8440       1192.186          28.000  
C12  22941722.178   119463515.8090        978.807          37.000  
C32  23359813.066   121640674.3730      -3232.350          39.000  
C37  21952552.107   114312766.6690       -659.801          37.000  
R06  19186081.482   102380717.6040        196.109          38.000    19186086.187    79629319.3810        152.402          44.000  
R09  21869462.855   116781711.4251       1811.608          21.000    21869501.927    90830381.7951       1420.708          23.000  
R16  19591579.389   104654674.6350       -986.949          40.000    19591567.332    81398104.3380       -767.831          36.000  
R05  20182637.375   107887727.1410      -3667.177          36.000                                                                  
G27  20989316.647   110299471.1300       1414.520          24.000    20989311.972    85947706.8090       1101.982          29.000  
G26  22627251.932   118907010.4881      -3527.908          21.000    22627238.841    92654759.8081      -2749.170          22.000  
G03  23571333.704   123868105.0150      -3716.602          32.000    23571337.346    96520686.0541      -2894.608          20.000  
G07  23697781.457   124532695.4770       1601.116          27.000    23697790.627    97038475.4890       1247.680          29.000  
G31  23672591.976   124400245.2450      -2901.074          28.000    23672584.155    96935235.7060      -2260.681          27.000  
C20  22449571.620   116900735.2070       -149.169          41.000  
C38  25284024.744   131660531.2830        119.232          27.000  
C28  25049668.266   130440192.7820       1930.133          27.000  
C19  25324701.701   131872367.6150       2171.573          29.000  
R15  21727901.560   116107351.7970      -3343.494          32.000    21727901.923    90305673.5910      -2600.138          30.000  
R17  23292407.280   124642376.2231       1563.210          16.000                                                                  
R07  23009875.790   123173666.2880       3648.952          30.000                                                                  
G04  19936827.114   104768774.9220         73.974          37.000    19936829.001    81637937.4940         57.578          45.000  
G16  20246639.598   106396779.8970      -2482.782          38.000                                                                  
E28  24948268.850   131104037.1210       1706.201          27.000    24948278.830   100456379.1320       1306.776          26.000  
E19  22370228.521   117556363.5020        585.840          29.000    22370218.198    90075598.6931        453.090          19.000  
G09  21145540.196   111120499.0610       2012.953          33.000    21145546.633    86587478.5601       1569.812          24.000  
E27  25646069.816   134771031.5240      -2705.117          33.000    25646073.008   103266135.8550      -2072.687          29.000  
E29  23940816.376   125809775.2020      -1849.205          34.000    23940812.808    96399738.2180      -1416.698          38.000  
E23  25324186.547   133079427.4850       1840.405          33.000    25324179.882   101969963.6040       1410.380          34.000  
> 2026  7 21  2 33  0.9990000  0 35                           
E04  27090470.290   142361385.2330       2208.246          27.000                                                                  
S35  37918114.423   199261035.9580       -424.450          34.000  
S33  38180829.227   200641613.7470       -422.306          33.000  
S31  37478875.790   196952820.4670       -421.012          39.000  
G08  22005463.634   115639471.2260       2949.147          33.000    22005459.451    90108677.4591       2297.100          25.000  
E21  23220810.736   122026240.4150       -429.910          35.000    23220817.050    93500586.2400       -329.290          34.000  
C23  23933352.200   124627227.5500      -2514.011          37.000  
C13  25332638.178   131913660.6950       1188.925          30.000  
C12  22939847.699   119453752.8700        973.414          37.000  
C32  23366023.200   121673010.5320      -3235.131          39.000  
C37  21953821.534   114319377.7320       -662.505          35.000  
R06  19185722.286   102378800.7480        187.014          38.000    19185727.253    79627828.5150        145.574          44.000  
R09  21866060.526   116763543.1551       1820.803          23.000    21866093.312    90816225.1031       1413.027          25.000  
R16  19593429.699   104664560.9620       -990.718          40.000    19593419.975    81405793.7230       -770.450          37.000  
R05  20189503.235   107924425.6520      -3672.471          35.000    20189509.849    83941278.1471      -2856.852          23.000  
G27  20986628.332   110285475.7181       1401.590          19.000    20986625.398    85936708.0830       1097.474          29.000  
G26  22633974.620   118942338.6341      -3530.660          21.000    22633960.620    92682284.1321      -2744.890          23.000  
G03  23578406.866   123905272.7260      -3717.432          32.000    23578412.123    96549655.7641      -2888.675          19.000  
G07  23694733.011   124516678.5020       1601.560          26.000    23694742.449    97025994.7340       1248.407          29.000  
G31  23678112.464   124429257.8800      -2901.214          27.000    23678104.941    96957842.9680      -2260.993          27.000  
C20  22449863.756   116902255.4830       -154.915          40.000  
C38  25283799.276   131659362.4080        114.387          27.000  
C28  25045959.862   130420887.3660       1930.385          27.000  
C19  25320533.129   131850665.7590       2168.256          30.000  
R15  21734158.042   116140780.5670      -3342.529          31.000    21734157.610    90331673.7180      -2599.958          31.000  
R17  23289483.686   124626731.1021       1578.642          14.000                                                                  
R07  23003061.040   123137188.6470       3646.789          30.000                                                                  
G04  19936692.405   104768064.4560         67.941          38.000    19936693.946    81637383.8940         52.995          45.000  
G16  20251368.195   106421628.7300      -2487.220          38.000                                                                  
E28  24945020.573   131086979.8130       1704.895          26.000    24945033.181   100443309.2570       1305.892          25.000  
E19  22369117.891   117550519.5810        581.826          30.000    22369107.092    90071124.8081        452.348          20.000  
G09  21141713.884   111100390.3380       2008.699          33.000    21141720.228    86571809.4721       1565.346          25.000  
E27  25651218.602   134798085.1820      -2705.687          33.000    25651221.100   103286865.2420      -2073.180          29.000  
E29  23944337.839   125828280.0330      -1852.082          33.000    23944334.267    96413917.2570      -1419.184          38.000  
E23  25320686.492   133061032.9770       1838.456          32.000    25320679.730   101955869.1670       1408.609          34.000  
> 2026  7 21  2 33 10.9990000  0 35                           
E04  27086268.308   142339297.6340       2208.722          28.000                                                                  
S35  37918922.716   199265281.4170       -424.496          34.000  
S33  38181632.479   200645836.4470       -421.743          33.000  
S31  37479676.825   196957029.0080       -420.403          39.000  
G08  21999854.775   115609989.9160       2946.609          33.000    21999848.232    90085700.0251       2294.998          26.000  
E21  23221632.030   122030556.0160       -433.228          35.000    23221638.131    93503892.9870       -331.895          34.000  
C23  23938179.780   124652365.0730      -2513.690          38.000  
C13  25330357.705   131901782.0630       1186.741          31.000  
C12  22937982.931   119444040.1600        969.312          36.000  
C32  23372238.896   121705377.3940      -3237.827          39.000  
C37  21955094.633   114326008.7490       -663.868          33.000  
R06  19185379.999   102376972.6270        178.603          38.000    19185384.679    79626406.6710        138.833          44.000  
R09  21862664.159   116745406.6201       1816.297          25.000    21862687.770    90802080.6541       1411.882          25.000  
R16  19595287.265   104674484.8930       -994.070          39.000    19595279.807    81413512.3560       -773.263          38.000  
R05  20196380.036   107961185.5160      -3678.499          33.000    20196382.626    83969852.4641      -2852.963          22.000  
G27  20983953.750   110271420.6991       1400.248          17.000    20983949.815    85925756.0390       1092.835          28.000  
G26  22640693.160   118977645.0671      -3531.052          21.000    22640687.074    92709828.0411      -2756.567          23.000  
G03  23585480.208   123942444.0070      -3717.572          32.000    23585482.339    96578606.8341      -2893.679          18.000  
G07  23691684.702   124500659.2630       1602.758          27.000    23691693.810    97013512.2960       1248.677          29.000  
G31  23683635.100   124458278.0490      -2901.904          26.000    23683627.329    96980456.0410      -2261.169          26.000  
C20  22450166.562   116903833.1270       -160.634          40.000  
C38  25283583.437   131658237.9020        110.195          26.000  
C28  25042251.434   130401590.7090       1929.875          27.000  
C19  25316371.714   131828996.3210       2165.512          30.000  
R15  21740414.413   116174210.7460      -3342.655          30.000    21740412.866    90357674.9860      -2600.132          31.000  
R17  23286566.225   124611119.6621       1562.230          13.000                                                                  
R07  22996250.917   123100735.3760       3644.015          30.000                                                                  
G04  19936568.435   104767413.4100         62.221          38.000    19936570.045    81636876.6010         48.545          46.000  
G16  20256105.583   106446521.8480      -2491.345          38.000                                                                  
E28  24941770.955   131069936.9460       1703.733          27.000    24941789.253   100430250.3510       1305.933          24.000  
E19  22368011.557   117544704.9270        580.929          31.000    22368000.542    90066669.1291        440.831          20.000  
G09  21137894.479   111080323.3210       2005.029          32.000    21137902.198    86556175.8881       1562.651          25.000  
E27  25656369.609   134825153.2620      -2707.699          33.000    25656371.871   103307605.7340      -2074.428          29.000  
E29  23947863.329   125846817.1250      -1855.187          33.000    23947861.813    96428121.0220      -1421.510          38.000  
E23  25317190.644   133042663.2950       1835.902          31.000    25317183.926   101941793.7540       1406.273          34.000  
> 2026  7 21  2 33 20.9990000  0 35                           
E04  27082065.778   142317210.2030       2208.234          29.000                                                                  
S35  37919730.265   199269525.9240       -423.916          34.000  
S33  38182435.764   200650058.1560       -422.225          33.000  
S31  37480477.629   196961235.2590       -420.740          39.000  
G08  21994249.210   115580533.6990       2944.185          33.000    21994243.621    90062750.2001       2295.061          26.000  
E21  23222459.817   122034907.2370       -436.967          35.000    23222466.230    93507227.0480       -334.784          34.000  
C23  23943008.148   124677504.0460      -2514.170          38.000  
C13  25328082.711   131889932.8230       1183.915          32.000  
C12  22936127.111   119434376.5160        963.956          36.000  
C32  23378460.449   121737773.5970      -3241.100          39.000  
C37  21956371.053   114332658.4290       -665.108          31.000  
R06  19185053.918   102375231.9850        169.340          39.000    19185058.441    79625052.8380        131.829          44.000  
R09  21859271.914   116727292.2041       1810.289          26.000    21859294.535    90787987.1881       1409.206          26.000  
R16  19597151.489   104684444.6700       -997.580          38.000    19597146.089    81421258.8730       -776.200          39.000  
R05  20203266.960   107998005.3000      -3684.202          31.000    20203269.147    83998484.6121      -2867.678          22.000  
G27  20981296.653   110257457.3821       1403.236          19.000    20981285.542    85914849.6860       1088.408          27.000  
G26  22647419.216   119012990.8751      -3528.616          22.000    22647409.497    92737355.0251      -2751.616          23.000  
G03  23592554.561   123979617.4230      -3717.273          32.000    23592556.140    96607573.2321      -2895.973          18.000  
G07  23688636.748   124484636.7040       1602.502          28.000    23688643.833    97001027.2110       1248.774          28.000  
G31  23689158.042   124487364.8761      -2902.076          24.000    23689151.489    97003073.9270      -2261.587          26.000  
C20  22450480.531   116905466.8700       -165.980          39.000  
C38  25283379.866   131657156.4960        105.587          28.000  
C28  25038546.361   130382281.2281       1928.051          26.000  
C19  25312216.377   131807358.1220       2161.747          31.000  
R15  21746670.979   116207641.3320      -3343.141          29.000    21746668.889    90383676.4940      -2599.630          32.000  
R17  23283666.040   124595599.5611       1536.958          13.000                                                                  
R07  22989445.483   123064305.7530       3641.727          30.000                                                                  
G04  19936455.400   104766820.5470         56.427          38.000    19936456.992    81636414.6280         43.878          46.000  
G16  20260850.634   106471457.8300      -2495.719          37.000                                                                  
E28  24938532.869   131052907.2870       1702.708          28.000    24938548.255   100417199.6431       1303.950          22.000  
E19  22366911.857   117538918.7630        576.974          31.000    22366898.592    90062231.2201        444.013          21.000  
G09  21134083.208   111060296.9040       2001.628          32.000    21134092.571    86540575.9421       1557.804          25.000  
E27  25661523.143   134852234.3880      -2708.931          33.000    25661525.244   103328356.1830      -2075.680          29.000  
E29  23951394.233   125865385.2280      -1858.111          33.000    23951395.327    96442348.5540      -1424.018          38.000  
E23  25313699.400   133024317.1610       1833.025          30.000    25313692.677   101927736.2990       1404.881          33.000  
> 2026  7 21  2 33 30.9990000  0 34                           
E04  27077863.074   142295124.5660       2208.216          29.000                                                                  
S35  37920538.145   199273770.1020       -424.617          33.000  
S33  38183239.246   200654279.3510       -421.639          33.000  
S31  37481278.144   196965442.4060       -420.934          39.000  
G08  21988649.440   115551104.3400       2941.308          33.000    21988643.872    90039820.3011       2293.161          26.000  
E21  23223295.067   122039295.6640       -440.373          34.000    23223301.398    93510589.6360       -337.638          34.000  
C23  23947836.639   124702646.1080      -2514.448          38.000  
C13  25325814.807   131878114.7570       1180.260          33.000  
C12  22934281.085   119424763.6060        958.662          36.000  
C32  23384687.876   121770200.6920      -3244.037          39.000  
C37  21957652.438   114339328.4100       -668.066          28.000  
R06  19184745.024   102373580.5900        160.678          40.000    19184748.912    79623768.4400        124.949          44.000  
R09  21855888.683   116709197.0820       1808.624          28.000    21855904.412    90773906.9581       1405.929          25.000  
R16  19599023.196   104694442.0170      -1001.991          37.000    19599019.563    81429034.5810       -779.005          40.000  
R05  20210165.752   108034886.6350      -3691.183          27.000    20210160.761    84027137.7601      -2876.915          21.000  
G27  20978639.828   110243495.8191       1391.273          23.000    20978633.263    85903990.3840       1083.262          27.000  
G26  22654133.849   119048276.8331      -3542.039          25.000    22654131.366    92764880.1601      -2755.024          23.000  
G03  23599628.552   124016794.5630      -3718.146          32.000    23599628.559    96636533.1491      -2902.564          17.000  
G07  23685588.060   124468612.3560       1602.198          28.000    23685596.656    96988540.7090       1249.163          28.000  
G31  23694672.582   124516344.6211      -2905.857          19.000    23694676.556    97025698.0040      -2262.711          26.000  
C20  22450804.946   116907158.4010       -172.205          38.000  
C38  25283183.202   131656119.9700        101.223          28.000  
C28  25034839.869   130362980.4571       1927.345          26.000  
C19  25308067.377   131785752.8910       2159.612          31.000  
R15  21752928.318   116241053.3751      -3343.090          27.000    21752925.204    90409679.3460      -2599.962          33.000  
R07  22982644.698   123027901.4450       3639.320          30.000                                                                  
G04  19936354.288   104766287.5760         50.349          38.000    19936355.365    81635999.3350         39.000          46.000  
G16  20265603.899   106496438.3270      -2500.580          37.000                                                                  
E28  24935303.649   131035892.5860       1700.590          30.000    24935310.905   100404163.8891       1311.573          21.000  
E19  22365817.811   117533162.5920        574.163          32.000    22365804.900    90057827.7681        437.038          22.000  
G09  21130279.945   111040312.9560       1995.647          31.000    21130288.023    86524996.9511       1556.818          23.000  
E27  25666679.545   134879330.1760      -2710.544          32.000    25666681.232   103349117.8500      -2076.159          29.000  
E29  23954932.196   125883986.0080      -1861.451          34.000    23954935.064    96456601.1110      -1426.534          38.000  
E23  25310211.761   133005996.2020       1830.522          30.000    25310206.246   101913698.1870       1403.159          33.000  
> 2026  7 21  2 33 40.9990000  0 35                           
E04  27073658.153   142273040.5870       2208.318          30.000                                                                  
S35  37921346.065   199278014.7670       -424.200          34.000  
S33  38184042.862   200658501.6170       -422.076          33.000  
S31  37482078.919   196969649.3260       -420.490          39.000  
G08  21983054.121   115521701.7230       2939.136          33.000    21983046.919    90016902.2031       2289.819          26.000  
E21  23224137.469   122043721.1600       -444.403          34.000    23224143.712    93513980.5650       -340.323          34.000  
C23  23952665.696   124727791.0480      -2514.772          38.000  
C13  25323552.696   131866327.6480       1177.215          33.000  
C12  22932444.850   119415201.2530        953.669          36.000  
C32  23390920.929   121802658.4150      -3247.339          39.000  
C37  21958939.647   114346018.4260       -669.257          27.000  
R06  19184453.059   102372018.3370        151.909          41.000    19184456.275    79622553.3530        118.303          44.000  
R09  21852504.663   116691125.0430       1805.866          29.000    21852517.893    90759842.5021       1404.642          25.000  
R16  19600901.603   104704476.7410      -1005.378          36.000    19600899.563    81436839.3910       -781.503          41.000  
R05  20217067.384   108071811.2811      -3699.686          20.000    20217070.181    84055864.4311      -2876.966          22.000  
G27  20976007.290   110229660.7820       1384.875          27.000    20975990.560    85893178.0040       1079.269          26.000  
G26  22660859.328   119083619.3301      -3536.497          25.000    22660856.412    92792418.1421      -2754.556          22.000  
G03  23606703.917   124053975.0860      -3717.847          32.000    23606701.242    96665494.7691      -2895.157          16.000  
G07  23682538.507   124452585.8160       1602.832          28.000    23682544.778    96976052.5420       1249.347          28.000  
C20  22451140.437   116908907.4940       -177.620          38.000  
C38  25282994.376   131655128.1180         97.015          28.000  
C28  25031137.427   130343690.3120       1926.804          26.000  
C19  25303924.500   131764180.5590       2155.667          31.000  
R15  21759181.366   116274466.9481      -3345.502          21.000    21759182.182    90435683.5170      -2600.654          34.000  
R17  23277852.689   124564490.9931       1557.177          12.000                                                                  
R07  22975849.629   122991522.1660       3636.708          30.000                                                                  
G04  19936264.667   104765814.3240         44.367          38.000    19936265.081    81635630.5800         34.524          46.000  
G16  20270365.839   106521462.9630      -2504.486          37.000                                                                  
E28  24932065.502   131018892.6360       1699.615          31.000    24932069.413   100391112.0731       1307.137          19.000  
E19  22364727.972   117527436.2170        571.458          32.000    22364713.748    90053434.7431        440.856          21.000  
G09  21126484.507   111020426.6200       1992.015          31.000    21126493.012    86509456.8981       1552.214          23.000  
E27  25671838.972   134906440.3450      -2711.114          32.000    25671840.042   103369890.6480      -2077.987          29.000  
E29  23958476.735   125902619.2390      -1864.623          35.000    23958480.816    96470878.5380      -1428.940          38.000  
E23  25306730.905   132987700.2660       1828.339          29.000    25306724.549   101899679.2910       1400.774          33.000  
G31                                                                  23700203.823    97048371.9731      -2262.602          26.000  
> 2026  7 21  2 33 50.9990000  0 35                           
E04  27069457.848   142250960.7110       2207.647          30.000                                                                  
S35  37922153.846   199282262.0690       -424.469          34.000  
S33  38184846.633   200662726.0740       -423.118          33.000  
S31  37482879.928   196973858.9320       -421.005          39.000  
G08  21977464.737   115492328.4570       2935.459          32.000    21977463.055    89994036.9721       2286.906          26.000  
E21  23224987.291   122048186.0330       -448.680          34.000    23224993.769    93517401.7090       -343.929          34.000  
C23  23957495.461   124752941.1950      -2515.251          38.000  
C13  25321296.224   131854573.9890       1173.478          33.000  
C12  22930618.867   119405691.9540        948.044          36.000  
C32  23397160.371   121835149.0070      -3250.580          39.000  
C37  21960232.842   114352730.8890       -672.293          28.000  
R06  19184178.241   102370547.6290        142.422          43.000    19184180.509    79621409.4870        110.944          43.000  
R09  21849125.919   116673086.6190       1801.740          29.000    21849137.992    90745804.0841       1400.975          25.000  
R16  19602787.295   104714551.2580      -1009.419          35.000    19602786.098    81444675.1480       -785.302          41.000  
G27  20973373.048   110215847.8270       1378.249          28.000    20973360.346    85882414.6880       1073.612          26.000  
G26  22667592.369   119118988.7910      -3537.440          28.000    22667584.697    92819969.6621      -2761.131          22.000  
G03  23613779.659   124091161.2480      -3718.506          32.000    23613781.411    96694487.2961      -2898.766          16.000  
G07  23679489.100   124436559.6430       1602.521          28.000    23679493.258    96963564.7300       1248.486          28.000  
C20  22451486.939   116910716.5880       -184.083          38.000  
C38  25282816.245   131654183.3740         91.855          29.000  
C28  25027440.609   130324431.4830       1924.682          27.000  
C19  25299787.967   131742643.5360       2151.213          32.000  
R15  21765443.215   116307929.3591      -3346.442          19.000    21765439.972    90461690.7430      -2601.057          34.000  
R17  23274972.785   124549080.7921       1532.834          13.000                                                                  
R07  22969059.454   122955170.7460       3633.893          30.000                                                                  
G04  19936186.806   104765403.3060         37.787          39.000    19936186.751    81635310.2880         29.675          46.000  
G16  20275136.604   106546534.0540      -2509.216          37.000                                                                  
E28  24928836.261   131001909.9850       1696.523          32.000    24928832.694   100378078.9151       1306.302          20.000  
E19  22363643.387   117521742.1520        567.416          32.000    22363630.257    90049071.2671        442.322          21.000  
G09  21122697.320   111000529.0600       1987.371          31.000    21122701.608    86493931.1321       1548.925          21.000  
E27  25677001.567   134933567.2910      -2713.143          32.000    25677001.617   103390676.2030      -2079.446          28.000  
E29  23962028.943   125921287.3800      -1869.093          36.000    23962033.184    96485182.6810      -1431.877          38.000  
E23  25303254.459   132969431.8540       1825.236          29.000    25303248.188   101885681.3800       1399.269          33.000  
G31                                                                  23705730.780    97071003.7631      -2265.300          25.000  
R05                                                                  20223996.718    84084662.7681      -2884.364          20.000  
> 2026  7 21  2 34  0.9990000  0 35                           
E04  27065256.751   142228882.0150       2208.498          31.000                                                                  
S35  37922961.887   199286508.5510       -425.322          34.000  
S33  38185650.626   200666950.1700       -422.032          33.000  
S31  37483680.652   196978068.0630       -420.483          39.000  
G08  21971880.245   115462981.5660       2933.946          31.000    21971874.507    89971152.3251       2288.432          26.000  
E21  23225843.714   122052687.2210       -451.354          34.000    23225850.683    93520850.6950       -346.439          34.000  
C23  23962325.703   124778093.5500      -2515.273          38.000  
C13  25319045.566   131842850.8920       1169.957          34.000  
C12  22928802.287   119396232.6790        943.838          37.000  
C32  23403405.564   121867669.4950      -3253.497          39.000  
C37  21961529.052   114359462.7750       -674.043          28.000  
R06  19183920.071   102369165.5310        133.812          43.000    19183921.532    79620334.5410        104.089          43.000  
R09  21845755.007   116655078.7220       1799.364          30.000                                                                  
R16  19604680.151   104724662.3430      -1012.381          34.000    19604679.413    81452539.3690       -788.149          41.000  
R05  20230932.357   108145927.1511      -3706.065          19.000    20230933.001    84113501.5621      -2874.629          18.000  
G27  20970756.785   110202094.6690       1372.577          29.000    20970741.984    85871697.9270       1069.687          27.000  
G26  22674321.581   119154365.2690      -3537.752          29.000    22674316.289    92847534.5011      -2758.838          23.000  
G03  23620855.610   124128349.9770      -3718.335          32.000    23620848.732    96723426.5941      -2888.854          14.000  
G07  23676438.953   124420530.8840       1603.613          28.000    23676441.206    96951074.8400       1249.213          28.000  
C20  22451844.932   116912582.6730       -189.200          37.000  
C38  25282645.256   131653282.7700         88.196          31.000  
C28  25023746.191   130305181.3490       1924.670          28.000  
C19  25295657.596   131721138.8740       2149.030          32.000  
R15  21771699.833   116341362.1231      -3331.581           8.000    21771697.658    90487698.3060      -2600.490          35.000  
R17  23272113.994   124533782.2531       1512.440          14.000                                                                  
R07  22962272.898   122918844.3540       3631.438          29.000                                                                  
G04  19936120.518   104765051.4860         32.390          39.000    19936119.739    81635036.1520         25.218          46.000  
G16  20279915.082   106571648.4440      -2513.424          35.000                                                                  
E28  24925607.010   130984941.5450       1695.996          33.000    24925598.200   100365054.2561       1307.037          20.000  
E19  22362565.105   117516077.3220        565.376          32.000    22362552.046    90044729.8841        434.057          21.000  
G09  21118917.770   110980673.8450       1983.396          32.000    21118920.328    86478447.6291       1547.375          21.000  
E27  25682167.100   134960707.9420      -2714.281          32.000    25682165.889   103411472.2530      -2079.914          28.000  
E29  23965587.574   125939987.3050      -1871.542          36.000    23965591.721    96499511.2100      -1433.789          38.000  
E23  25299780.880   132951187.8680       1823.224          29.000    25299776.356   101871702.2650       1397.474          32.000  
G31                                                                  23711259.260    97093642.0181      -2265.243          24.000  
> 2026  7 21  2 34 10.9990000  0 34                           
E04  27061055.739   142206803.6840       2208.025          30.000                                                                  
S35  37923769.485   199290753.9370       -424.216          34.000  
S33  38186454.137   200671173.2010       -422.044          33.000  
S31  37484481.366   196982275.4670       -420.837          39.000  
G08  21966300.028   115433660.3470       2930.997          29.000    21966294.837    89948304.6951       2283.720          25.000  
E21  23226706.370   122057223.9510       -455.939          33.000    23226714.086    93524326.8500       -348.558          34.000  
C23  23967156.216   124803247.3020      -2515.440          39.000  
C13  25316800.232   131831157.5570       1168.104          34.000  
C12  22926994.838   119386822.7610        938.353          37.000  
C32  23409656.397   121900218.9050      -3256.244          39.000  
C37  21962827.275   114366213.1860       -675.708          29.000  
R06  19183677.667   102367871.2630        124.897          44.000    19183678.893    79619327.8750         97.259          43.000  
R09  21842388.531   116637100.3410       1796.134          28.000                                                                  
R16  19606579.841   104734809.0180      -1016.836          33.000    19606578.984    81460431.1640       -790.817          42.000  
R05  20237888.091   108183101.3400      -3715.564          27.000                                                                  
G27  20968152.287   110188400.6880       1366.396          29.000    20968135.183    85861027.2770       1065.051          27.000  
G26  22681047.777   119189750.6850      -3538.983          29.000    22681050.965    92875111.1921      -2752.397          23.000  
G03  23627931.383   124165540.3180      -3718.658          32.000    23627929.133    96752419.0441      -2887.804          16.000  
G07  23673387.648   124404498.6980       1603.729          29.000    23673389.428    96938582.2710       1249.408          28.000  
C20  22452213.966   116914505.0000       -195.306          37.000  
C38  25282481.480   131652425.5460         83.951          31.000  
C28  25020049.439   130285939.3050       1923.782          28.000  
C19  25291533.805   131699665.9300       2146.000          33.000  
R07  22955491.147   122882542.1950       3629.186          29.000                                                                  
G04  19936065.017   104764758.1520         26.151          40.000    19936063.774    81634807.5650         20.657          46.000  
G16  20284701.403   106596805.2850      -2518.221          33.000                                                                  
E28  24922380.741   130967986.6530       1694.260          33.000    24922373.318   100352069.1381       1291.702          21.000  
E19  22361492.509   117510441.0080        562.431          32.000    22361478.669    90040408.2701        425.373          20.000  
G09  21115145.681   110960859.7430       1978.920          32.000    21115146.242    86462993.9961       1546.594          23.000  
E27  25687334.328   134987861.3700      -2715.973          32.000    25687332.721   103432278.1080      -2080.680          28.000  
E29  23969152.509   125958718.2780      -1874.505          37.000    23969156.025    96513863.5090      -1436.366          38.000  
E23  25296313.792   132932967.5570       1821.332          30.000    25296309.264   101857741.3020       1395.450          32.000  
G31                                                                  23716791.470    97116296.1641      -2265.692          24.000  
R15                                                                  21777955.329    90513706.0510      -2601.105          35.000  
> 2026  7 21  2 34 20.9990000  0 34                           
E04  27056853.449   142184726.2370       2207.673          31.000                                                                  
S35  37924578.235   199294998.3960       -424.252          34.000  
S33  38187257.592   200675395.0140       -422.013          33.000  
S31  37485281.849   196986482.9030       -420.570          39.000  
G08  21960725.016   115404365.4350       2928.290          28.000    21960719.257    89925473.5261       2281.467          25.000  
E21  23227575.961   122061796.5110       -458.979          33.000    23227584.490    93527830.5590       -351.831          34.000  
C23  23971987.053   124828402.8220      -2515.369          39.000  
C13  25314560.987   131819494.6000       1164.974          34.000  
C12  22925197.441   119377462.5920        933.744          37.000  
C32  23415912.810   121932797.5990      -3259.296          39.000  
C37  21964129.108   114372982.6160       -677.569          29.000  
R06  19183451.595   102366665.2540        116.363          44.000    19183452.791    79618389.8790         90.677          43.000  
R09  21839027.201   116619152.0430       1793.150          28.000    21839039.282    90703862.0321       1395.627          26.000  
R16  19608486.131   104744991.6790      -1019.818          31.000    19608484.856    81468351.0120       -793.219          42.000  
R05  20244852.886   108220286.9170      -3721.491          29.000                                                                  
G27  20965560.566   110174766.3470       1360.348          30.000    20965540.684    85850403.1770       1060.481          28.000  
G26  22687781.464   119225145.3600      -3539.736          29.000    22687786.827    92902693.7511      -2753.972          24.000  
G03  23635007.766   124202732.5780      -3718.860          32.000    23634996.945    96781361.4241      -2891.650          14.000  
G07  23670336.194   124388463.5590       1603.155          31.000    23670338.135    96926087.3190       1249.646          29.000  
G31  23722301.675   124661536.1351      -2909.991          20.000    23722322.448    97138944.4901      -2266.080          23.000  
C20  22452594.042   116916483.9320       -200.833          36.000  
C38  25282325.984   131651612.1520         79.609          31.000  
C28  25016362.201   130266705.8350       1923.061          29.000  
C19  25287415.877   131678225.1560       2142.924          33.000  
R15  21784206.970   116408196.9591      -3340.360          19.000    21784213.682    90539714.0330      -2601.206          35.000  
R07  22948714.365   122846264.7560       3626.690          29.000                                                                  
G04  19936020.661   104764523.7400         20.509          40.000    19936019.361    81634624.9090         16.243          46.000  
G16  20289495.874   106622004.9300      -2522.741          32.000                                                                  
E28  24919157.707   130951045.6930       1693.802          33.000    24919147.959   100339082.3571       1298.133          22.000  
E19  22360424.269   117504833.8160        558.624          32.000    22360412.035    90036112.6571        429.986          22.000  
G09  21111382.061   110941087.2570       1975.325          33.000    21111377.737    86447561.8221       1536.342          22.000  
E27  25692503.228   135015028.0090      -2717.162          31.000    25692502.279   103453094.0990      -2081.739          27.000  
E29  23972723.746   125977480.6910      -1877.478          37.000    23972726.309    96528239.9150      -1438.720          38.000  
E23  25292851.587   132914771.4020       1818.749          31.000    25292846.596   101843798.8330       1393.124          32.000  
> 2026  7 21  2 34 30.9990000  0 34                           
E04  27052652.389   142162649.8290       2207.571          31.000                                                                  
S35  37925385.036   199299242.3390       -424.491          33.000  
S33  38188060.347   200679612.5270       -421.852          33.000  
S31  37486081.938   196990688.3910       -420.811          39.000  
G08  21955155.250   115375097.0680       2925.174          27.000    21955151.353    89902674.1131       2280.102          24.000  
E21  23228453.094   122066405.1400       -462.878          33.000    23228461.690    93531361.8340       -354.706          34.000  
C23  23976818.205   124853560.2840      -2515.885          39.000  
C13  25312327.490   131807862.2150       1161.943          33.000  
C12  22923409.716   119368152.4620        928.732          37.000  
C32  23422174.902   121965405.6610      -3262.280          39.000  
C37  21965433.656   114379771.1580       -680.630          29.000  
R06  19183242.236   102365547.8250        107.061          44.000    19183243.322    79617520.7730         83.278          43.000  
R09  21835672.052   116601233.8910       1790.300          28.000    21835687.276    90689939.7351       1393.133          26.000  
R16  19610398.125   104755210.4950      -1023.764          28.000    19610397.869    81476298.9570       -796.333          42.000  
R05  20251822.487   108257532.1390      -3727.449          30.000    20251795.932    84200242.7851      -2899.160          15.000  
G27  20962976.728   110161192.0150       1353.892          28.000    20962958.357    85839825.7860       1055.183          29.000  
G26  22694522.374   119260549.3360      -3540.163          30.000    22694524.126    92930282.2961      -2759.912          24.000  
G03  23642084.949   124239926.8310      -3719.262          32.000    23642078.552    96810359.1091      -2875.307          14.000  
G07  23667284.595   124372425.5310       1602.862          31.000    23667286.215    96913590.1230       1250.421          29.000  
C20  22452984.664   116918519.7050       -206.540          36.000  
C38  25282179.618   131650842.8760         74.967          31.000  
C28  25012667.748   130247481.2300       1921.896          29.000  
C19  25283304.582   131656816.8470       2139.289          34.000  
R15  21790477.866   116441706.1401      -3347.085          24.000    21790471.551    90565722.2300      -2600.883          36.000  
R07  22941942.376   122810012.3990       3623.751          27.000                                                                  
G04  19935987.247   104764348.4800         14.144          40.000    19935985.917    81634488.3410         11.227          46.000  
G16  20294298.493   106647247.3570      -2526.948          32.000                                                                  
E28  24915935.429   130934118.9770       1692.102          33.000    24915926.279   100326109.6841       1298.042          23.000  
E19  22359363.779   117499255.8200        556.232          32.000    22359351.411    90031842.5731        425.795          21.000  
G09  21107626.940   110921356.6770       1970.570          33.000    21107619.693    86432173.5451       1539.030          22.000  
E27  25697675.524   135042207.9440      -2719.449          32.000    25697674.750   103473920.2490      -2083.209          28.000  
E29  23976300.389   125996274.7160      -1880.874          38.000    23976302.677    96542640.5640      -1441.900          38.000  
E23  25289394.596   132896599.5610       1816.372          31.000    25289388.381   101829874.9520       1391.450          32.000  
G31                                                                  23727856.019    97161603.0581      -2265.929          23.000  
> 2026  7 21  2 34 40.9990000  0 34                           
E04  27048450.686   142140575.8840       2207.825          30.000                                                                  
S35  37926192.945   199303486.5280       -423.687          33.000  
S33  38188864.062   200683834.5550       -421.694          33.000  
S31  37486882.675   196994895.6360       -420.740          39.000  
G08  21949590.521   115345856.6710       2922.642          27.000    21949584.283    89879877.8671       2275.283          23.000  
E21  23229336.639   122071051.0880       -466.250          33.000    23229346.162    93534921.7180       -357.280          34.000  
C23  23981649.911   124878720.9530      -2516.012          38.000  
C13  25310100.018   131796261.7710       1159.099          33.000  
C12  22921631.729   119358893.6930        923.454          37.000  
C32  23428442.376   121998044.3490      -3265.143          38.000  
C37  21966742.330   114386579.9590       -681.531          29.000  
R06  19183049.727   102364520.2980         98.595          44.000    19183050.553    79616721.5890         76.715          43.000  
R09  21832321.053   116583375.5371       1787.632          26.000    21832339.204    90676034.5011       1391.501          25.000  
R16  19612316.719   104765466.6180      -1027.432          26.000    19612317.550    81484275.9500       -798.918          42.000  
R05  20258800.816   108294838.2720      -3733.641          31.000    20258792.687    84229332.5401      -2902.201          23.000  
G27  20960403.809   110147678.9520       1348.279          29.000    20960386.441    85829296.1690       1050.574          28.000  
G26  22701261.111   119295964.0270      -3542.349          30.000    22701265.351    92957886.0911      -2761.732          24.000  
G03  23649162.694   124277124.2350      -3719.196          31.000    23649166.169    96839381.8591      -2901.717          14.000  
G07  23664232.469   124356385.8910       1604.523          32.000    23664236.129    96901091.7740       1249.939          29.000  
C20  22453387.073   116920613.6210       -211.827          36.000  
C38  25282041.043   131650119.0700         70.201          31.000  
C28  25008978.146   130228266.8790       1920.860          29.000  
C19  25279199.997   131635442.3500       2136.426          34.000  
R15  21796734.331   116475139.4781      -3348.042          24.000    21796729.932    90591731.6860      -2600.716          36.000  
R07  22935174.924   122773786.4460       3621.625          26.000                                                                  
G04  19935965.728   104764233.7280          8.841          40.000    19935964.051    81634398.9230          6.974          46.000  
G16  20299109.040   106672533.8550      -2531.306          31.000                                                                  
E28  24912716.655   130917207.8760       1690.531          34.000    24912709.474   100313156.7781       1297.937          23.000  
E19  22358308.664   117493708.4570        552.834          32.000    22358297.169    90027597.5401        419.142          22.000  
G09  21103880.455   110901669.3750       1967.358          34.000    21103876.101    86416844.4691       1531.969          23.000  
E27  25702851.628   135069402.3900      -2720.386          32.000    25702849.354   103494757.5490      -2083.932          27.000  
E29  23979883.265   126015101.6880      -1884.081          38.000    23979885.440    96557066.3870      -1443.651          38.000  
E23  25285941.122   132878453.4260       1813.488          31.000    25285935.373   101815970.7990       1389.363          31.000  
G31                                                                  23733393.827    97184279.9901      -2266.768          22.000  
> 2026  7 21  2 34 50.9990000  0 34                           
E04  27044249.826   142118504.9110       2206.784          30.000                                                                  
S35  37927000.761   199307732.4220       -424.225          33.000  
S33  38189667.406   200688057.2900       -422.329          33.000  
S31  37487683.142   196999103.0780       -420.854          39.000  
G08  21944032.105   115316644.8280       2920.493          27.000    21944023.560    89857107.4081       2271.420          22.000  
E21  23230227.706   122075734.8410       -470.194          33.000    23230237.814    93538510.5730       -360.282          34.000  
C23  23986482.464   124903885.3230      -2516.488          38.000  
C13  25307877.986   131784693.9740       1154.858          33.000  
C12  22919863.818   119349686.8520        918.167          37.000  
C32  23434715.560   122030714.0710      -3268.713          38.000  
C37  21968054.305   114393409.6630       -683.948          27.000  
R06  19182873.850   102363583.2550         89.423          44.000    19182874.844    79615992.7790         69.420          43.000  
R09  21828972.880   116565496.9181       1783.677          23.000                                                                  
R16  19614241.373   104775760.5450      -1031.773          27.000    19614244.422    81492282.3170       -802.016          42.000  
R05  20265790.606   108332205.9300      -3739.832          31.000                                                                  
G27  20957842.830   110134227.9950       1342.032          29.000    20957826.151    85818814.9580       1045.526          29.000  
G26  22708001.099   119331389.6310      -3543.129          30.000    22708008.490    92985498.3811      -2759.332          24.000  
G03  23656241.507   124314325.2860      -3720.276          31.000    23656250.619    96868391.7001      -2908.939          14.000  
G07  23661180.420   124340345.2210       1605.133          33.000    23661182.632    96888592.5970       1250.116          29.000  
G31  23738920.421   124748868.7361      -2906.308          25.000    23738932.305    97206958.7061      -2267.328          23.000  
C20  22453800.738   116922766.2240       -218.201          36.000  
C38  25281910.364   131649441.1910         65.728          31.000  
C28  25005290.653   130209063.2790       1920.070          29.000  
C19  25275101.354   131614102.2670       2132.739          35.000  
R15  21802984.785   116508539.1661      -3343.192          23.000    21802988.923    90617742.9120      -2600.939          36.000  
R07  22928410.957   122737579.0221       3618.228          25.000                                                                  
G04  19935955.549   104764180.0650          2.341          40.000    19935953.821    81634357.1180          1.836          46.000  
G16  20303925.807   106697864.8550      -2535.365          30.000                                                                  
E28  24909501.091   130900312.9100       1688.524          34.000    24909496.619   100300220.4951       1296.014          23.000  
E19  22357258.473   117488192.1780        550.087          32.000    22357250.986    90023384.6581        421.347          22.000  
G09  21100142.497   110882026.0910       1961.472          35.000    21100138.386    86401539.1291       1527.522          23.000  
E27  25708030.169   135096611.8120      -2721.266          32.000    25708027.298   103515606.3680      -2085.603          27.000  
E29  23983472.454   126033962.0710      -1887.303          38.000    23983474.468    96571517.8590      -1446.283          38.000  
E23  25282491.989   132860333.4640       1810.860          32.000    25282487.144   101802086.7430       1387.189          31.000  
> 2026  7 21  2 35  0.9990000  0 34                           
E04  27040049.640   142096437.4710       2207.186          29.000                                                                  
S35  37927808.812   199311979.3820       -425.210          33.000  
S33  38190471.433   200692282.0510       -422.396          33.000  
S31  37488484.621   197003313.1450       -420.925          39.000  
G08  21938479.037   115287462.3560       2916.715          27.000    21938468.048    89834358.2931       2270.286          22.000  
E21  23231125.691   122080456.8620       -474.103          32.000    23231136.667    93542128.7460       -363.446          34.000  
C23  23991315.850   124929053.8640      -2516.727          38.000  
C13  25305662.530   131773159.1670       1152.320          32.000  
C12  22918105.872   119340532.4990        912.963          37.000  
C32  23440994.868   122063415.1740      -3271.216          37.000  
C37  21969370.463   114400260.5540       -685.827          26.000  
R06  19182715.289   102362737.2520         80.157          44.000    19182716.019    79615334.7730         62.296          43.000  
R09  21825635.766   116547676.7521       1782.267          25.000    21825655.119    90648272.9781       1379.960          21.000  
R16  19616174.198   104786092.7990      -1035.335          28.000    19616178.652    81500318.5290       -805.015          43.000  
R05  20272791.603   108369635.1550      -3745.732          31.000    20272789.315    84287530.7430      -2913.611          28.000  
G27  20955293.288   110120839.6060       1336.172          29.000    20955278.012    85808382.3980       1041.177          29.000  
G26  22714743.314   119366826.6850      -3543.664          29.000    22714752.494    93013114.1611      -2757.792          24.000  
G03  23663321.376   124351530.2100      -3720.770          32.000    23663325.865    96897363.4911      -2900.606          15.000  
G07  23658128.936   124324303.9980       1603.790          33.000    23658130.437    96876092.9530       1250.171          29.000  
G31  23744461.899   124777988.5581      -2910.453          26.000    23744470.123    97229635.0081      -2260.366          23.000  
C20  22454225.781   116924977.9660       -224.319          36.000  
C38  25281788.476   131648809.7840         61.770          31.000  
C28  25001605.333   130189871.1270       1918.767          30.000  
C19  25271009.532   131592797.1820       2128.993          34.000  
R15  21809239.835   116541964.9821      -3345.538          22.000    21809247.520    90643756.0910      -2601.634          36.000  
R07  22921655.307   122701415.4741       3615.073          25.000                                                                  
G04  19935957.557   104764188.0150         -3.744          40.000    19935955.197    81634363.3050         -2.978          46.000  
G16  20308753.346   106723240.7600      -2539.319          31.000                                                                  
E28  24906288.805   130883434.6360       1687.256          35.000    24906284.501   100287286.1401       1289.216          25.000  
E19  22356214.634   117482707.6590        547.288          32.000    22356209.747    90019192.1991        418.231          21.000  
G09  21096414.060   110862427.2200       1957.686          35.000    21096409.740    86386270.7261       1524.809          24.000  
E27  25713211.027   135123836.7210      -2722.203          32.000    25713207.804   103536467.0240      -2086.969          27.000  
E29  23987067.491   126052856.3890      -1890.841          38.000    23987070.050    96585995.3170      -1449.052          38.000  
E23  25279048.007   132842240.2000       1808.478          32.000    25279044.061   101788223.0790       1385.734          30.000  
> 2026  7 21  2 35 10.9990000  0 35                           
E04  27035849.514   142074370.2300       2207.009          30.000                                                                  
S35  37928616.904   199316224.3230       -424.175          33.000  
S33  38191275.106   200696504.7110       -421.299          33.000  
S31  37489285.248   197007520.7380       -420.568          39.000  
G08  21932930.815   115258305.7420       2914.917          28.000    21932918.895    89811636.2521       2268.211          21.000  
E21  23232030.476   122085213.6880       -477.377          32.000    23232042.378    93545773.6030       -365.521          34.000  
C23  23996148.961   124954223.1710      -2516.875          37.000  
C13  25303453.306   131761654.2890       1149.432          32.000  
C12  22916357.786   119331427.2380        908.160          37.000  
C32  23447279.880   122096144.2810      -3273.895          36.000  
C37  21970690.316   114407129.3940       -687.198          26.000  
R06  19182573.485   102361978.8610         71.634          44.000    19182573.781    79614744.9140         55.653          42.000  
R09  21822299.516   116529861.8791       1778.772          26.000    21822320.417    90634423.6251       1397.526          16.000  
R16  19618113.388   104796459.7200      -1038.014          29.000    19618119.366    81508381.7090       -807.421          43.000  
R05  20279803.126   108407122.3810      -3751.583          32.000    20279803.250    84316687.4150      -2917.806          30.000  
G27  20952755.085   110107510.4570       1330.071          29.000    20952741.264    85797996.0760       1036.807          29.000  
G26  22721486.567   119402271.8070      -3544.954          30.000    22721498.789    93040738.4631      -2765.151          24.000  
G03  23670402.085   124388735.6240      -3720.135          32.000    23670407.692    96926361.9221      -2891.574          15.000  
G07  23655076.649   124308258.8240       1604.651          34.000    23655077.428    96863590.2570       1250.537          30.000  
G31  23750006.366   124807119.5300      -2911.033          27.000    23750012.087    97252328.3291      -2273.492          23.000  
C20  22454661.883   116927245.4810       -228.830          36.000  
C38  25281675.273   131648221.5390         57.613          30.000  
C28  24997921.372   130170687.0980       1918.736          30.000  
C19  25266923.558   131571523.7350       2126.154          35.000  
R15  21815503.551   116575436.4831      -3341.260          23.000    21815506.053    90669768.4590      -2600.722          36.000  
R17  23252296.597   124427735.0071       1487.479          12.000                                                                  
R07  22914902.346   122665265.6371       3613.951          25.000                                                                  
G04  19935969.534   104764254.2210         -9.355          40.000    19935967.882    81634414.8980         -7.347          46.000  
G16  20313590.692   106748658.0420      -2544.078          33.000                                                                  
E28  24903082.412   130866569.7290       1686.043          35.000    24903075.331   100274364.3901       1289.583          25.000  
E19  22355176.406   117477251.4550        544.251          32.000    22355171.518    90015011.6121        415.248          22.000  
G09  21092693.170   110842869.5670       1954.082          36.000    21092689.848    86371038.2361       1517.313          25.000  
E27  25718394.584   135151073.6150      -2723.856          32.000    25718389.861   103557336.8060      -2087.405          26.000  
E29  23990668.735   126071781.2150      -1893.833          38.000    23990671.236    96600496.1410      -1450.830          38.000  
E23  25275609.344   132824170.3530       1805.777          32.000    25275605.500   101774377.3610       1383.734          30.000  
> 2026  7 21  2 35 20.9990000  0 35                           
E04  27031651.300   142052305.3540       2206.267          30.000                                                                  
S35  37929425.504   199320470.4780       -424.407          33.000  
S33  38192078.536   200700727.8540       -421.848          33.000  
S31  37490086.020   197011728.8390       -420.789          39.000  
G08  21927387.302   115229177.4350       2911.725          29.000    21927375.285    89788935.9701       2273.212          20.000  
E21  23232942.622   122090007.5200       -481.071          33.000    23232954.759    93549446.8050       -368.494          34.000  
C23  24000983.086   124979395.3670      -2517.468          37.000  
C13  25301249.937   131750181.4700       1144.954          32.000  
C12  22914619.173   119322373.3610        902.569          37.000  
C32  23453570.462   122128903.4470      -3277.771          35.000  
C37  21972015.100   114414018.3910       -691.025          26.000  
R06  19182448.100   102361310.3460         62.308          44.000    19182448.095    79614224.9580         48.388          42.000  
R09  21818976.280   116512115.2251       1774.472          27.000    21818993.450    90620605.9861       1378.211          15.000  
R16  19620059.978   104806863.4370      -1041.492          30.000    19620066.842    81516473.5000       -810.834          43.000  
R05  20286826.483   108444669.8170      -3757.338          32.000    20286826.136    84345890.9230      -2923.017          31.000  
G27  20950228.203   110094242.7160       1323.014          31.000    20950217.792    85787657.5900       1031.569          29.000  
G26  22728231.908   119437726.9450      -3546.039          30.000    22728244.403    93068361.1611      -2765.624          24.000  
G03  23677482.608   124425943.5580      -3722.131          31.000    23677483.160    96955334.4441      -2894.241          15.000  
G07  23652023.853   124292211.8840       1604.217          34.000    23652024.153    96851086.2030       1250.537          30.000  
G31  23755545.818   124836237.6310      -2912.320          28.000    23755554.370    97275023.6521      -2268.462          23.000  
C20  22455108.857   116929571.0240       -235.554          36.000  
C38  25281570.164   131647678.7230         51.997          30.000  
C28  24994239.144   130151513.4610       1917.391          30.000  
C19  25262844.495   131550284.2570       2122.409          34.000  
R15  21821766.853   116608905.6001      -3351.515          23.000    21821765.368    90695781.8030      -2601.350          36.000  
R17  23249518.981   124412871.8511       1502.428          19.000                                                                  
R07  22908158.065   122629163.6071       3610.014          25.000                                                                  
G04  19935993.503   104764380.9260        -15.690          40.000    19935991.889    81634513.6350        -12.410          46.000  
G16  20318437.369   106774118.7430      -2548.645          33.000                                                                  
E28  24899876.270   130849720.4000       1684.061          35.000    24899869.478   100261456.2561       1290.230          25.000  
E19  22354144.744   117471825.8990        541.124          32.000    22354140.443    90010860.1311        413.064          23.000  
G09  21088980.236   110823355.4180       1948.818          36.000    21088978.904    86355842.9961       1518.714          25.000  
E27  25723580.162   135178324.6530      -2725.712          31.000    25723575.296   103578217.3920      -2088.470          25.000  
E29  23994275.952   126090738.7020      -1897.294          38.000    23994278.854    96615022.0330      -1453.876          38.000  
E23  25272173.504   132806125.9810       1803.522          31.000    25272171.573   101760551.2250       1380.918          30.000  
> 2026  7 21  2 35 30.9990000  0 35                           
E04  27027453.010   142030243.3130       2205.785          29.000                                                                  
S35  37930233.337   199324716.7670       -424.623          33.000  
S33  38192882.034   200704951.5800       -422.202          33.000  
S31  37490886.773   197015937.9570       -420.836          39.000  
G08  21921848.656   115200077.8300       2908.984          30.000    21921837.507    89766259.8081       2270.163          20.000  
E21  23233862.071   122094838.6680       -484.842          33.000    23233874.834    93553148.6080       -371.445          34.000  
C23  24005817.823   125004570.7780      -2517.038          36.000  
C13  25299052.925   131738741.1760       1142.006          31.000  
C12  22912890.828   119313371.2140        897.548          37.000  
C32  23459866.890   122161692.8880      -3280.115          34.000  
C37  21973343.502   114420927.5230       -692.073          27.000  
R06  19182339.743   102360732.1410         53.605          44.000    19182339.767    79613775.2350         41.675          42.000  
R09  21815660.071   116494388.0210       1771.238          28.000    21815680.936    90606847.2461       1376.116          17.000  
R16  19622013.771   104817304.2180      -1045.674          31.000    19622021.480    81524594.0720       -813.523          43.000  
R05  20293860.995   108482277.8110      -3764.285          31.000    20293861.664    84375141.5200      -2926.364          30.000  
G27  20947713.433   110081036.7150       1317.990          33.000    20947704.938    85777367.2860       1026.440          29.000  
G26  22734979.953   119473192.4800      -3546.741          30.000    22734991.144    93095987.9801      -2761.674          25.000  
G03  23684564.415   124463154.0630      -3720.132          32.000    23684566.126    96984338.9101      -2910.114          14.000  
G07  23648970.492   124276163.4440       1604.980          34.000    23648970.567    96838580.9830       1250.555          30.000  
G31  23761087.703   124865363.9480      -2913.074          28.000    23761096.874    97297719.0321      -2273.739          22.000  
C20  22455566.969   116931954.8770       -241.125          36.000  
C38  25281473.928   131647181.5730         48.493          30.000  
C28  24990558.880   130132350.7220       1916.272          30.000  
C19  25258772.430   131529079.1340       2118.877          34.000  
R15  21828027.247   116642358.9901      -3348.680          20.000    21828025.019    90721796.3500      -2601.521          36.000  
R17  23246749.697   124398052.4541       1479.196          20.000                                                                  
R07  22901415.121   122593068.0731       3606.444          25.000                                                                  
G04  19936028.736   104764568.5140        -21.597          40.000    19936027.754    81634659.7920        -16.802          46.000  
G16  20323292.600   106799623.1400      -2552.625          34.000                                                                  
E28  24896673.127   130832887.0410       1682.914          36.000    24896666.955   100248560.9701       1290.116          26.000  
E19  22353118.609   117466431.2610        537.890          32.000    22353112.853    90006722.4421        413.948          23.000  
G09  21085275.065   110803885.1330       1945.278          36.000    21085281.102    86340695.7080       1515.319          26.000  
E27  25728770.046   135205590.0460      -2726.842          31.000    25728763.105   103599109.0770      -2089.365          25.000  
E29  23997889.940   126109729.2510      -1900.571          38.000    23997892.848    96629573.2370      -1456.523          38.000  
E23  25268744.679   132788107.5390       1801.606          30.000    25268742.487   101746744.9450       1379.794          29.000  
> 2026  7 21  2 35 40.9990000  0 35                           
E04  27023255.712   142008181.6760       2206.337          29.000                                                                  
S35  37931040.507   199328961.6990       -423.605          33.000  
S33  38193685.623   200709173.6870       -422.370          33.000  
S31  37491687.470   197020145.1950       -420.401          39.000  
G08  21916315.233   115171004.7530       2905.597          31.000    21916307.974    89743617.0861       2264.209          20.000  
E21  23234787.962   122099704.7370       -488.755          33.000    23234801.008    93556877.1390       -374.165          34.000  
C23  24010652.513   125029747.1150      -2517.491          35.000  
C13  25296861.488   131727331.0380       1139.544          31.000  
C12  22911172.095   119304418.4920        893.054          36.000  
C32  23466168.823   122194510.2230      -3283.197          32.000  
C37  21974674.025   114427854.6660       -693.436          28.000  
R06  19182247.697   102360241.8840         44.843          44.000    19182247.785    79613393.9250         34.760          42.000  
R09  21812350.707   116476687.3340       1768.575          29.000    21812361.179    90593059.4421       1381.821          19.000  
R16  19623974.103   104827779.7440      -1048.619          31.000    19623982.408    81532741.7100       -816.074          43.000  
R05  20300906.767   108519943.5620      -3769.344          31.000    20300907.221    84404437.1340      -2931.919          31.000  
G27  20945210.730   110067890.5820       1311.733          33.000    20945204.407    85767123.5340       1021.995          30.000  
G26  22741729.659   119508665.9080      -3547.126          30.000    22741742.462    93123633.2351      -2762.866          26.000  
G03  23691645.377   124500364.9380      -3720.126          31.000    23691651.321    97013350.8761      -2898.349          12.000  
G07  23645916.289   124260111.2240       1605.267          35.000    23645916.062    96826072.7840       1251.123          31.000  
G31  23766636.377   124894496.2060      -2913.302          28.000    23766638.770    97320412.5421      -2271.615          22.000  
C20  22456035.667   116934394.7080       -246.501          35.000  
C38  25281386.393   131646727.9670         43.431          30.000  
C28  24986880.502   130113196.4860       1914.518          30.000  
C19  25254706.629   131507906.0500       2116.357          34.000  
R15  21834284.041   116675793.0111      -3333.172          16.000    21834283.961    90747810.0940      -2600.969          36.000  
R17  23243992.468   124383298.1801       1480.524          22.000                                                                  
R07  22894678.790   122557007.3651       3605.354          25.000                                                                  
G04  19936075.479   104764814.6640        -27.586          41.000    19936074.757    81634851.5990        -21.365          46.000  
G16  20328156.004   106825168.8200      -2556.279          35.000                                                                  
E28  24893472.535   130816067.3710       1681.403          36.000    24893466.546   100235674.1751       1288.244          26.000  
E19  22352097.090   117461065.2890        535.396          31.000    22352090.909    90002607.5171        406.052          23.000  
G09  21081577.815   110784456.5390       1941.084          36.000    21081582.870    86325557.5240       1512.578          27.000  
E27  25733960.347   135232867.4460      -2728.745          32.000    25733953.270   103620009.9890      -2091.310          25.000  
E29  24001509.121   126128750.4380      -1903.404          38.000    24001512.247    96644147.9210      -1458.475          38.000  
E23  25265317.217   132770112.8170       1798.124          29.000    25265318.303   101732956.6870       1377.649          29.000  
> 2026  7 21  2 35 50.9990000  0 36                           
E04  27019059.041   141986122.1690       2206.179          29.000                                                                  
S35  37931848.209   199333206.4850       -424.950          33.000  
S33  38194489.250   200713396.1450       -422.784          33.000  
S31  37492488.116   197024352.3920       -421.285          39.000  
G08  21910787.739   115141959.8370       2902.338          32.000    21910780.260    89720981.7451       2262.248          22.000  
E21  23235720.174   122104607.2550       -492.286          34.000    23235734.360    93560633.6320       -377.016          34.000  
C23  24015487.739   125054925.8910      -2518.450          35.000  
C13  25294676.479   131715952.8860       1135.068          30.000  
C12  22909462.776   119295516.8750        887.573          36.000  
C32  23472476.923   122227356.9780      -3286.438          31.000  
C37  21976006.806   114434801.3740       -695.901          29.000  
R06  19182172.874   102359841.2980         35.242          44.000    19182172.633    79613082.3370         27.579          41.000  
R09  21809037.602   116459017.3090       1765.136          29.000    21809051.669    90579314.4931       1370.733          22.000  
R16  19625942.094   104838291.3300      -1052.574          32.000    19625950.295    81540917.3900       -819.312          43.000  
R05  20307962.947   108557668.7200      -3775.532          29.000    20307963.836    84433778.9470      -2937.186          31.000  
G27  20942720.314   110054805.7600       1305.355          35.000    20942716.613    85756927.5930       1016.696          30.000  
G26  22748481.821   119544148.8850      -3548.840          31.000    22748491.123    93151268.2991      -2765.867          25.000  
G03  23698726.802   124537577.6330      -3721.727          32.000    23698734.417    97042354.7981      -2903.866          12.000  
G07  23642861.781   124244056.8710       1605.292          36.000    23642860.695    96813562.9310       1251.068          30.000  
G31  23772183.666   124923635.9630      -2914.478          28.000    23772181.658    97343109.4471      -2271.802          21.000  
C20  22456515.216   116936892.1810       -252.973          35.000  
C38  25281307.555   131646319.4340         38.077          30.000  
C28  24983203.315   130094052.5470       1913.030          30.000  
C19  25250647.170   131486766.8010       2111.781          33.000  
R15  21840544.351   116709246.5611      -3352.166          17.000    21840543.162    90773824.2720      -2601.743          36.000  
R17  23241231.184   124368522.0481       1468.957          20.000                                                                  
R07  22887940.110   122520935.1211       3602.105          26.000                                                                  
G04  19936133.640   104765121.0420        -34.140          41.000    19936133.222    81635090.3410        -26.344          46.000  
G16  20333027.524   106850757.2670      -2561.144          36.000                                                                  
E28  24890274.373   130799263.0290       1679.824          36.000    24890269.534   100222797.8820       1286.867          27.000  
E19  22351080.736   117455729.5670        531.666          30.000    22351075.034    89998517.0021        402.019          23.000  
G09  21077889.358   110765071.3460       1935.758          37.000    21077898.462    86310452.2360       1508.228          27.000  
E27  25739153.473   135260158.3890      -2730.261          32.000    25739144.300   103640868.1471      -2092.357          24.000  
E29  24005134.981   126147803.9020      -1906.815          38.000    24005137.896    96658747.3260      -1460.993          38.000  
E23  25261895.359   132752143.1820       1795.458          28.000    25261898.365   101719187.7750       1375.885          28.000  
R24                                                                  24388495.057   101434855.6961       -986.883          15.000  
> 2026  7 21  2 36  0.9990000  0 36                           
E04  27014862.458   141964066.4890       2205.365          29.000                                                                  
S35  37932655.764   199337453.0140       -424.851          33.000  
S33  38195293.209   200717619.7280       -422.016          33.000  
S31  37493289.249   197028561.4230       -420.760          39.000  
G08  21905266.276   115112944.7690       2900.446          32.000    21905261.518    89698383.3911       2254.778          22.000  
E21  23236660.734   122109547.8430       -495.868          33.000    23236675.042    93564419.2600       -379.783          33.000  
C23  24020323.847   125080108.6090      -2518.298          35.000  
C13  25292498.182   131704608.1650       1133.083          30.000  
C12  22907763.645   119286667.9400        882.313          36.000  
C32  23478789.924   122260234.5780      -3288.629          31.000  
C37  21977341.023   114441769.1560       -698.251          32.000  
R06  19182114.556   102359531.9560         26.461          44.000    19182114.891    79612841.7180         20.442          42.000  
R09  21805736.211   116441379.7250       1762.468          29.000    21805746.752    90565587.9101       1368.496          23.000  
R16  19627917.705   104848840.7110      -1056.861          33.000    19627925.187    81549122.4590       -822.114          43.000  
R05  20315031.352   108595454.8380      -3781.828          27.000    20315032.284    84463168.1150      -2941.357          30.000  
G27  20940241.312   110041784.0330       1298.923          36.000    20940239.655    85746780.8210       1012.202          29.000  
G26  22755236.548   119579642.7650      -3549.826          31.000    22755246.648    93178930.9101      -2766.499          24.000  
G03  23705809.318   124574793.4530      -3721.246          32.000    23705822.956    97071381.2611      -2905.613          11.000  
G07  23639807.095   124228001.8690       1605.456          36.000    23639805.349    96801052.6240       1250.696          30.000  
G31  23777725.196   124952784.8770      -2915.669          28.000    23777727.236    97365817.3651      -2268.107          20.000  
C20  22457006.015   116939448.7770       -258.800          35.000  
C38  25281238.096   131645957.5320         34.286          30.000  
C28  24979529.109   130074920.4620       1912.237          30.000  
C19  25246593.538   131465662.8870       2108.278          33.000  
R15  21846802.495   116742688.1481      -3340.147          19.000    21846802.719    90799840.1690      -2601.572          35.000  
R17  23238483.206   124353816.8061       1471.109          21.000                                                                  
R07  22881214.232   122484930.8671       3600.361          25.000                                                                  
G04  19936203.730   104765489.2470        -39.833          41.000    19936203.363    81635377.2570        -31.074          46.000  
G16  20337906.366   106876389.9130      -2564.826          36.000                                                                  
E28  24887080.156   130782475.6700       1677.886          36.000    24887076.087   100209934.8090       1285.705          27.000  
E19  22350068.657   117450425.8600        528.813          29.000    22350064.807    89994449.0161        408.528          23.000  
G09  21074208.804   110745731.0970       1931.808          37.000    21074218.760    86295381.9260       1505.034          27.000  
E27  25744350.028   135287464.3280      -2731.814          33.000    25744341.255   103661793.8611      -2092.802          24.000  
E29  24008767.113   126166891.2010      -1910.060          39.000    24008770.681    96673372.6880      -1464.125          38.000  
E23  25258480.527   132734200.4530       1792.518          27.000    25258483.437   101705439.4610       1373.448          28.000  
R24                                                                  24390876.685   101444760.5581       -990.008          11.000  
> 2026  7 21  2 36 10.9990000  0 36                           
E04  27010667.244   141942016.4580       2204.196          29.000                                                                  
S35  37933464.770   199341702.7910       -424.844          34.000  
S33  38196097.541   200721846.9980       -422.734          33.000  
S31  37494090.605   197032773.1260       -421.642          39.000  
G08  21899751.980   115083961.6240       2896.286          33.000    21899748.567    89675808.5281       2244.015          23.000  
E21  23237608.317   122114528.2870       -500.099          34.000    23237623.220    93568235.4490       -383.428          33.000  
C23  24025160.875   125105297.1860      -2519.242          34.000  
C13  25290326.554   131693299.0490       1129.720          30.000  
C12  22906074.734   119277873.6330        876.748          36.000  
C32  23485109.850   122293144.8320      -3292.884          30.000  
C37  21978677.664   114448759.7810       -700.322          33.000  
R06  19182073.876   102359315.7960         16.719          44.000    19182074.453    79612673.5840         12.974          41.000  
R09  21802439.044   116423776.3400       1758.788          28.000    21802451.028    90551900.2641       1366.975          25.000  
R16  19629901.903   104859429.6570      -1061.650          33.000    19629907.324    81557358.2790       -825.210          43.000  
R05  20322107.478   108633310.7411      -3795.961          21.000    20322111.857    84492605.9400      -2947.106          31.000  
G27  20937774.146   110028827.2700       1292.760          36.000    20937774.397    85736684.6820       1006.840          29.000  
G26  22761993.250   119615149.4560      -3551.604          31.000    22762003.806    93206600.4261      -2768.304          24.000  
G03  23712892.072   124612014.3150      -3724.021          31.000    23712905.992    97100385.1341      -2894.100          12.000  
G07  23636752.754   124211948.1690       1605.456          36.000    23636750.659    96788543.2760       1250.879          30.000  
G31  23783272.763   124981944.6600      -2917.035          28.000                                                                  
C20  22457508.336   116942066.4040       -264.855          35.000  
C38  25281177.601   131645644.2340         30.048          30.000  
C28  24975857.402   130055802.2680       1910.733          29.000  
C19  25242547.598   131444596.2600       2105.433          32.000  
R15  21853057.907   116776114.8091      -3342.726          21.000    21853062.683    90825859.1680      -2602.014          35.000  
R17  23235743.482   124339155.9741       1456.154          21.000                                                                  
R07  22874492.509   122448949.1591       3599.096          25.000                                                                  
G04  19936286.219   104765921.2400        -46.315          41.000    19936285.429    81635713.8730        -36.188          46.000  
G16  20342793.748   106902068.6870      -2570.696          36.000                                                                  
E28  24883888.551   130765707.2180       1675.519          36.000    24883885.874   100197086.2550       1284.511          28.000  
E19  22349061.832   117445156.0440        524.961          28.000    22349061.772    89990410.3271        405.554          23.000  
G09  21070537.454   110726437.9000       1926.204          37.000    21070549.973    86280348.2350       1501.750          27.000  
E27  25749550.234   135314787.1090      -2732.792          33.000    25749540.856   103682730.5071      -2094.821          24.000  
E29  24012406.458   126186014.2220      -1914.326          39.000    24012409.637    96688025.3690      -1466.481          38.000  
E23  25255069.984   132716286.2910       1790.035          26.000    25255074.086   101691713.0510       1371.503          28.000  
R24                                                                  24393309.103   101454877.9961      -1012.922          11.000  
> 2026  7 21  2 36 20.9990000  0 36                           
E04  27006473.188   141919970.0040       2203.917          29.000                                                                  
S35  37934273.724   199345954.2630       -425.899          34.000  
S33  38196902.065   200726075.3200       -422.987          33.000  
S31  37494892.341   197036987.1060       -421.653          39.000  
G08  21894243.523   115055008.3860       2893.158          34.000    21894238.977    89653248.6001       2255.596          25.000  
E21  23238563.360   122119546.4520       -503.883          33.000    23238578.778    93572080.5400       -386.181          33.000  
C23  24029998.607   125130489.4830      -2520.055          33.000  
C13  25288159.399   131682087.3310       1126.023          29.000  
C12  22904395.915   119269131.8430        871.370          35.000  
C32  23491436.419   122326085.5170      -3295.227          30.000  
C37  21980018.592   114455771.1740       -702.124          35.000  
R06  19182050.447   102359190.7500          7.709          44.000    19182051.195    79612576.3200          6.028          41.000  
R09  21799148.392   116406205.2340       1755.295          28.000                                                                  
R16  19631892.479   104870055.8500      -1064.356          33.000    19631896.591    81565623.1300       -828.010          43.000  
R05  20329191.877   108671180.3921      -3796.913          21.000    20329202.599    84522090.7250      -2950.975          31.000  
G27  20935319.108   110015933.5680       1286.190          36.000    20935321.625    85726637.6170       1002.623          28.000  
G26  22768752.021   119650666.7150      -3552.581          30.000    22768763.175    93234278.2371      -2768.537          24.000  
G03  23719974.563   124649237.7530      -3722.147          31.000                                                                  
G07  23633697.408   124195893.6170       1604.938          36.000    23633695.389    96776033.2970       1250.183          30.000  
G31  23788822.789   125011113.2060      -2916.879          28.000    23788823.252    97411253.8071      -2273.471          20.000  
C20  22458022.559   116944743.0300       -271.041          35.000  
C38  25281126.025   131645377.5480         23.947          29.000  
C28  24972187.931   130036695.8710       1910.597          30.000  
C19  25238508.710   131423564.9680       2101.216          32.000  
R15  21859315.355   116809553.0861      -3339.623          24.000    21859323.211    90851879.6400      -2602.448          34.000  
R17  23233019.157   124324577.8701       1470.006          20.000                                                                  
R07  22867779.589   122413014.0891       3592.437          23.000                                                                  
G04  19936380.624   104766414.9300        -52.845          40.000    19936379.367    81636098.5440        -41.073          46.000  
G16  20347689.230   106927791.1550      -2574.672          37.000                                                                  
E28  24880699.992   130748955.5500       1673.871          35.000    24880697.852   100184250.6250       1282.629          29.000  
E19  22348060.811   117439918.0320        521.693          27.000    22348062.494    89986386.4271        407.792          22.000  
G09  21066873.989   110707189.6110       1922.275          37.000    21066887.657    86265349.5890       1498.140          27.000  
E27  25754751.628   135342124.6470      -2734.819          33.000    25754740.253   103703666.4471      -2096.550          23.000  
E29  24016052.211   126205170.7870      -1917.429          39.000    24016054.925    96702703.8040      -1469.573          38.000  
E23  25251665.375   132698396.8491       1786.875          25.000    25251670.019   101678007.0740       1369.745          27.000  
R24                                                                  24395733.723   101464962.2241      -1017.349          13.000  
> 2026  7 21  2 36 30.9990000  0 35                           
E04  27002279.716   141897928.3770       2203.954          29.000                                                                  
S35  37935083.135   199350207.3890       -424.686          33.000  
S33  38197707.061   200730306.1960       -423.617          33.000  
S31  37495694.448   197041202.8510       -421.321          39.000  
G08  21888739.467   115026086.3550       2890.420          34.000    21888739.275    89630727.8481       2252.194          26.000  
E21  23239525.476   122124603.5150       -507.545          34.000    23239541.736    93575955.4380       -388.889          33.000  
C23  24034837.124   125155686.5810      -2519.073          32.000  
C13  25286000.160   131670829.4410       1122.291          29.000  
C12  22902727.065   119260443.8670        866.176          35.000  
C32  23497769.253   122359057.8640      -3298.853          30.000  
C37  21981367.125   114462804.5140       -704.225          36.000  
R06  19182044.218   102359158.1460         -1.328          43.000    19182045.374    79612550.9560         -1.174          41.000  
R09  21795864.702   116388667.5850       1751.459          29.000    21795872.004    90524575.8420       1362.481          27.000  
R16  19633889.883   104880720.5870      -1068.513          32.000    19633892.804    81573917.9240       -830.783          43.000  
R05  20336288.841   108709118.2961      -3800.165          26.000    20336304.519    84551623.2870      -2955.690          31.000  
G27  20932876.425   110003103.9060       1280.092          37.000    20932881.119    85716640.4890        997.299          27.000  
G26  22775512.895   119686195.6890      -3553.502          30.000    22775523.758    93261962.2551      -2767.426          25.000  
G03  23727058.848   124686465.1170      -3722.343          31.000                                                                  
G07  23630642.386   124179839.3880       1606.104          35.000    23630640.527    96763523.5230       1251.526          30.000  
G31  23794376.503   125040291.9720      -2917.966          28.000    23794380.215    97434008.7981      -2273.262          19.000  
C20  22458548.280   116947479.7820       -276.627          36.000  
C38  25281083.573   131645158.5430         19.567          28.000  
C28  24968521.451   130017602.7340       1908.448          30.000  
C19  25234476.802   131402570.2680       2097.966          31.000  
R15  21865575.283   116843003.8831      -3346.536          26.000    21865584.231    90877902.2910      -2602.853          34.000  
R17  23230301.597   124310035.8041       1452.265          17.000    23230294.536    96685553.6420       1128.343          28.000  
R07  22861068.961   122377091.0631       3590.295          22.000                                                                  
G04  19936486.486   104766971.5450        -58.361          39.000    19936485.168    81636532.2700        -45.615          46.000  
G16  20352593.060   106953558.5350      -2578.587          37.000                                                                  
E28  24877515.167   130732222.0010       1672.264          35.000    24877513.147   100171428.8190       1281.580          29.000  
E19  22347067.032   117434713.0940        518.817          26.000    22347074.209    89982407.0071        392.903          23.000  
G09  21063219.800   110687987.6460       1918.086          37.000    21063235.128    86250387.0830       1494.688          27.000  
E27  25759957.436   135369478.0170      -2736.029          33.000    25759945.661   103724626.5001      -2098.355          23.000  
E29  24019704.056   126224362.1720      -1920.766          39.000    24019707.135    96717408.8820      -1471.545          38.000  
E23  25248267.985   132680543.3141       1784.720          25.000    25248271.274   101664322.4720       1367.059          27.000  
> 2026  7 21  2 36 40.9990000  0 35                           
E04  26998086.193   141875888.8760       2203.424          29.000                                                                  
S35  37935892.290   199354460.9620       -425.625          33.000  
S33  38198512.079   200734536.8940       -423.313          33.000  
S31  37496496.913   197045418.9160       -421.679          39.000  
G08  21883240.926   114997192.8410       2888.120          33.000    21883246.764    89608211.2420       2250.281          27.000  
E21  23240495.959   122129696.6970       -511.291          34.000    23240511.533    93579857.9590       -391.264          32.000  
C23  24039675.776   125180885.8730      -2520.494          30.000  
C13  25283847.675   131659620.5680       1118.905          28.000  
C12  22901067.768   119251806.9750        860.528          35.000  
C32  23504107.295   122392058.8700      -3301.550          31.000  
C37  21982719.588   114469856.9890       -706.333          36.000  
R06  19182054.983   102359215.0880        -10.449          43.000    19182056.117    79612595.2450         -8.159          41.000  
R09  21792587.113   116371160.2390       1749.659          30.000    21792588.442    90510958.6240       1360.027          28.000  
R16  19635893.744   104891420.9260      -1071.999          32.000    19635895.778    81582240.4380       -833.918          43.000  
R05  20343416.444   108747173.1620      -3805.882          29.000    20343418.377    84581201.3750      -2961.496          32.000  
G27  20930445.687   109990335.9680       1273.957          38.000    20930453.153    85706706.5611        992.622          25.000  
G26  22782275.317   119721733.5980      -3554.865          31.000    22782288.583    93289662.9761      -2769.996          25.000  
G03  23734143.053   124723693.4380      -3723.336          30.000                                                                  
G07  23627586.427   124163782.7190       1605.682          34.000    23627585.206    96751011.8760       1251.300          31.000  
G31  23799922.164   125069477.9560      -2919.064          28.000    23799931.757    97456741.7321      -2275.436          19.000  
C20  22459085.068   116950273.9150       -282.480          36.000  
C38  25281049.503   131644984.6380         14.724          27.000  
C28  24964856.780   129998519.9820       1906.724          30.000  
C19  25230451.135   131381609.5020       2093.967          30.000  
R15  21871834.889   116876478.6600      -3346.004          27.000    21871844.901    90903924.9370      -2602.652          34.000  
R17  23227603.996   124295600.6021       1461.265          12.000    23227586.629    96674290.6630       1124.264          28.000  
R07  22854363.653   122341197.9821       3586.985          25.000                                                                  
G04  19936604.003   104767588.3770        -64.458          39.000    19936602.541    81637012.9120        -50.631          46.000  
G16  20357504.887   106979367.9740      -2583.216          37.000                                                                  
E28  24874334.231   130715503.7870       1670.733          35.000    24874329.842   100158618.8110       1280.324          29.000  
E19  22346075.346   117429418.4911        515.603          25.000    22346086.165    89978429.0611        392.977          22.000  
G09  21059574.318   110668829.2310       1913.788          37.000    21059589.245    86235458.4700       1491.212          25.000  
E27  25765164.297   135396844.3790      -2737.620          33.000    25765152.308   103745591.3931      -2099.721          22.000  
E29  24023362.490   126243585.5510      -1923.920          39.000    24023365.311    96732138.4750      -1474.223          38.000  
E23  25244877.398   132662725.8151       1782.066          25.000    25244877.635   101650657.0510       1365.692          27.000  
> 2026  7 21  2 36 50.9990000  0 36                           
E04  26993893.488   141853852.7280       2203.477          29.000                                                                  
S35  37936701.605   199358715.4090       -425.654          33.000  
S33  38199317.513   200738768.9040       -423.407          33.000  
S31  37497299.526   197049635.6260       -421.882          39.000  
G08  21877746.802   114968329.2680       2884.995          33.000    21877756.455    89585720.1980       2247.798          28.000  
E21  23241472.862   122134827.1410       -514.945          34.000    23241488.271    93583789.1130       -394.713          32.000  
C23  24044514.659   125206088.4930      -2521.428          27.000  
C13  25281701.269   131648445.0580       1115.839          27.000  
C12  22899418.691   119243222.4130        855.677          35.000  
C32  23510451.483   122425089.7370      -3303.741          32.000  
C37  21984076.246   114476929.7790       -708.173          37.000  
R06  19182082.562   102359362.9600        -19.241          43.000    19182083.640    79612710.2470        -14.916          41.000  
R09  21789315.922   116353684.8450       1744.920          30.000    21789315.467    90497366.5850       1358.018          29.000  
R16  19637904.110   104902157.7770      -1075.238          31.000    19637905.823    81590591.3440       -836.647          43.000  
R05  20350545.606   108785261.8890      -3811.986          29.000    20350544.269    84610825.8960      -2965.251          32.000  
G27  20928027.258   109977630.7510       1267.277          38.000    20928034.865    85696803.3451        988.098          23.000  
G26  22789039.838   119757281.4530      -3555.041          30.000    22789053.201    93317362.6631      -2771.132          25.000  
G03  23741226.573   124760923.7530      -3722.897          30.000                                                                  
G07  23624530.231   124147724.8160       1606.104          33.000    23624530.149    96738499.2930       1250.671          31.000  
G31  23805484.722   125098672.4610      -2920.329          28.000    23805496.194    97479526.8041      -2268.995          17.000  
C20  22459632.683   116953126.7100       -288.819          36.000  
C38  25281024.887   131644856.9410         10.975          26.000  
C28  24961193.594   129979449.0310       1906.602          30.000  
C19  25226432.235   131360683.8280       2091.031          29.000  
R15  21878096.460   116909937.5530      -3345.690          28.000    21878105.588    90929948.5620      -2602.681          33.000  
R07  22847667.545   122305353.0911       3584.421          24.000                                                                  
G04  19936733.377   104768266.7060        -70.879          38.000    19936731.685    81637541.4540        -55.294          46.000  
G16  20362424.858   107005220.5270      -2587.428          37.000                                                                  
E28  24871155.988   130698802.2160       1669.519          35.000    24871152.111   100145821.5380       1279.343          30.000  
E19  22345094.595   117424264.4621        513.134          24.000    22345106.494    89974484.4281        388.080          22.000  
G09  21055937.297   110649715.7870       1909.154          38.000    21055952.784    86220605.9831       1489.218          26.000  
E27  25770375.560   135424224.9150      -2739.096          33.000    25770361.970   103766568.4551      -2093.875          21.000  
E29  24027027.179   126262842.1720      -1927.542          39.000    24027029.901    96746893.5400      -1476.696          38.000  
E23  25241492.080   132644935.5821       1780.343          26.000    25241488.343   101637011.8130       1363.488          26.000  
R17                                                                  23224895.855    96663072.0880       1119.529          28.000  
R24                                                                  24403330.756   101496558.6641      -1052.502          10.000  
> 2026  7 21  2 37  0.9990000  0 34                           
E04  26989700.824   141831821.2550       2203.202          29.000                                                                  
S35  37937512.152   199362971.9020       -426.143          33.000  
S33  38200123.091   200743002.5530       -423.291          33.000  
S31  37498102.032   197053854.3600       -422.132          39.000  
G08  21872258.745   114939496.9100       2882.380          32.000    21872269.057    89563253.4960       2245.135          28.000  
E21  23242457.113   122139996.0740       -518.882          35.000    23242472.000    93587749.7040       -397.783          31.000  
C23  24049353.365   125231295.3930      -2520.689          25.000  
C13  25279561.848   131637304.1680       1112.267          27.000  
C12  22897779.656   119234691.4750        850.535          35.000  
C32  23516801.305   122458151.6940      -3308.081          32.000  
C37  21985437.623   114484024.0780       -710.382          37.000  
R06  19182127.611   102359603.0170        -28.436          43.000    19182128.362    79612896.9630        -22.211          41.000  
R09  21786050.348   116336242.2490       1742.556          30.000    21786050.029    90483800.2000       1354.481          30.000  
R16  19639922.090   104912932.6870      -1078.845          31.000    19639922.749    81598971.8420       -839.329          43.000  
R05  20357670.786   108823411.4800      -3818.422          29.000    20357681.104    84640497.6650      -2969.277          33.000  
G27  20925621.674   109964989.7340       1261.376          38.000    20925635.265    85686977.9211        978.176          21.000  
G26  22795806.248   119792840.5580      -3556.299          31.000    22795820.174    93345072.0551      -2771.374          24.000  
G03  23748311.579   124798157.2570      -3723.399          29.000                                                                  
G07  23621473.701   124131666.9550       1606.018          33.000    23621474.463    96725986.6830       1250.812          31.000  
G31  23811038.843   125127876.5800      -2920.767          27.000    23811052.407    97502278.4901      -2279.757          17.000  
C20  22460191.636   116956039.2920       -294.230          35.000  
C38  25281009.436   131644776.8820          6.156          26.000  
C28  24957533.576   129960391.1740       1904.631          30.000  
C19  25222420.613   131339794.7430       2086.831          29.000  
R15  21884358.778   116943399.0350      -3346.011          29.000    21884367.316    90955974.1590      -2603.486          33.000  
R07  22840975.159   122269528.0371       3579.214          23.000                                                                  
G04  19936874.563   104769007.7670        -77.101          37.000    19936872.573    81638118.8850        -60.152          46.000  
G16  20367353.819   107031117.3680      -2592.039          37.000                                                                  
E28  24867980.620   130682118.5970       1667.707          35.000    24867977.265   100133038.0150       1277.308          30.000  
E19  22344124.010   117419163.3151        509.782          24.000    22344136.117    89970576.2131        381.853          23.000  
G09  21052308.963   110630648.6010       1904.133          38.000    21052323.922    86205746.4341       1484.188          25.000  
E27  25775588.751   135451620.7420      -2739.880          33.000    25775573.203   103787551.9261      -2091.445          21.000  
E29  24030698.036   126282133.1910      -1930.622          39.000    24030700.693    96761674.9850      -1479.480          38.000  
E23  25238111.027   132627152.9330       1776.890          27.000    25238104.962   101623387.7250       1361.620          26.000  
> 2026  7 21  2 37 10.9990000  0 35                           
E04  26985508.508   141809793.0200       2203.091          29.000                                                                  
S35  37938321.989   199367229.0040       -425.880          33.000  
S33  38200928.683   200747237.6280       -423.608          33.000  
S31  37498905.226   197058074.1270       -421.923          39.000  
G08  21866776.485   114910694.5220       2878.652          32.000    21866786.446    89540810.0750       2242.905          29.000  
E21  23243448.967   122145201.9760       -522.537          35.000    23243462.977    93591738.5680       -399.414          30.000  
C23  24054179.483   125256424.7781      -2511.086          18.000  
C13  25277428.464   131626196.5670       1109.344          27.000  
C12  22896151.093   119226212.7250        845.516          35.000  
C32  23523156.708   122491243.0880      -3311.017          33.000  
C37  21986803.116   114491138.3790       -712.066          37.000  
R06  19182189.408   102359933.8430        -37.334          42.000    19182190.520    79613154.2760        -29.070          41.000  
R09  21782789.390   116318831.1980       1740.024          29.000    21782789.743    90470258.3090       1352.848          32.000  
R16  19641946.103   104923743.8790      -1082.709          28.000    19641946.558    81607380.5500       -842.202          43.000  
R05  20364817.790   108861619.8740      -3823.606          29.000    20364828.342    84670215.3610      -2974.437          33.000  
G27  20923227.194   109952411.6320       1254.975          38.000    20923242.360    85677178.9921        979.856          20.000  
G26  22802575.351   119828409.3030      -3557.675          32.000    22802588.543    93372788.0621      -2775.094          23.000  
G03  23755396.611   124835392.2690      -3723.247          29.000                                                                  
G07  23618416.632   124115607.6130       1605.884          31.000    23618417.104    96713474.9180       1251.685          31.000  
G31  23816597.503   125157064.1300      -2921.840          27.000    23816606.295    97525021.2991      -2279.826          17.000  
C20  22460761.429   116959010.2880       -299.935          35.000  
C38  25280997.826   131644788.9591          0.512          24.000  
C28  24953875.798   129941345.0030       1904.924          30.000  
C19  25218415.954   131318940.6660       2083.719          28.000  
R15  21890624.016   116976861.2420      -3346.032          31.000    21890629.491    90982000.3390      -2602.909          33.000  
R17  23219515.695   124252318.5691       1429.728          19.000    23219536.120    96640776.9500       1110.936          28.000  
R07  22834285.427   122233717.2871       3569.969          20.000                                                                  
G04  19937027.821   104769810.1480        -83.383          36.000    19937025.422    81638744.1020        -64.787          46.000  
G16  20372290.192   107057056.9730      -2596.030          37.000                                                                  
E28  24864808.372   130665451.4940       1665.979          34.000    24864805.088   100120267.1440       1275.970          30.000  
E19  22343160.912   117414102.6281        506.042          25.000    22343169.509    89966684.1681        384.067          22.000  
G09  21048689.692   110611626.2170       1900.076          38.000    21048706.595    86190934.7921       1479.295          24.000  
E27  25780804.439   135479030.4640      -2741.318          34.000    25780791.368   103808563.2191      -2094.383          21.000  
E29  24034375.135   126301457.1840      -1933.820          39.000    24034377.908    96776481.6860      -1481.857          38.000  
E23  25234733.319   132609398.4650       1774.482          27.000    25234725.881   101609783.6390       1359.714          25.000  
> 2026  7 21  2 37 20.9990000  0 34                           
E04  26981316.876   141787766.9220       2202.478          29.000                                                                  
S35  37939132.368   199371485.7690       -425.199          33.000  
S33  38201734.401   200751471.4160       -422.373          33.000  
S31  37499708.362   197062293.3480       -421.829          39.000  
G08  21861300.003   114881920.9030       2876.732          31.000    21861309.985    89518389.1090       2241.069          29.000  
E21  23244446.682   122150443.6570       -526.034          35.000    23244461.112    93595754.9940       -403.443          30.000  
C13  25275300.742   131615121.1310       1106.240          28.000  
C12  22894532.254   119217785.0700        839.803          35.000  
C32  23529517.558   122524362.6510      -3313.080          34.000  
C37  21988172.703   114498271.5310       -714.481          37.000  
R06  19182268.387   102360354.2270        -46.702          42.000    19182269.168    79613481.2540        -36.220          41.000  
R09  21779534.036   116301450.5410       1736.272          28.000    21779535.126    90456739.9910       1351.144          33.000  
R16  19643975.243   104934589.9870      -1086.808          25.000    19643977.102    81615816.4640       -845.230          43.000  
R05  20371975.084   108899885.9510      -3829.850          29.000    20371986.098    84699977.8140      -2978.689          33.000  
G27  20920845.110   109939895.2210       1248.221          38.000    20920859.579    85667422.0571        970.170          15.000  
G26  22809345.822   119863986.4360      -3558.959          32.000    22809353.975    93400490.5791      -2769.385          22.000  
G03  23762482.413   124872627.6150      -3723.274          28.000                                                                  
G07  23615359.338   124099545.6610       1605.371          29.000    23615360.543    96700959.1400       1251.581          31.000  
G31  23822166.115   125186283.7590      -2922.668          27.000    23822164.726    97547781.4371      -2278.326          18.000  
C20  22461342.198   116962038.5200       -305.908          34.000  
C38  25280997.097   131644785.1181         -3.591          22.000  
C28  24950219.867   129922309.5530       1903.999          31.000  
C19  25214418.004   131298120.6520       2080.387          27.000  
R15  21896886.439   117010323.2680      -3346.711          31.000    21896891.090    91008026.3320      -2603.396          32.000  
R17  23216856.030   124238086.1461       1430.685          18.000    23216870.098    96629690.4310       1105.622          28.000  
R07  22827596.430   122197910.2781       3577.064          18.000                                                                  
G04  19937191.615   104770672.7120        -89.399          35.000    19937189.554    81639416.2390        -69.676          46.000  
G16  20377233.694   107083037.9850      -2600.252          36.000                                                                  
E28  24861639.045   130648799.7500       1664.629          34.000    24861636.049   100107508.0610       1274.552          30.000  
E19  22342199.671   117409051.2541        503.487          24.000    22342208.158    89962813.0661        387.420          22.000  
G09  21045078.684   110592647.6460       1895.614          38.000    21045098.157    86176158.3431       1478.760          23.000  
E27  25786022.771   135506452.7650      -2743.026          34.000    25786009.555   103829574.4381      -2099.163          21.000  
E29  24038058.251   126320813.0000      -1937.160          38.000    24038061.397    96791312.7370      -1484.296          39.000  
E23  25231359.663   132591668.9630       1771.786          27.000    25231351.181   101596198.7750       1357.600          24.000  
> 2026  7 21  2 37 30.9990000  0 34                           
E04  26977124.691   141765740.3880       2202.812          29.000                                                                  
S35  37939941.689   199375740.1230       -425.239          33.000  
S33  38202539.637   200755702.2890       -422.957          33.000  
S31  37500510.356   197066509.5390       -421.111          39.000  
G08  21855828.766   114853173.7850       2872.660          31.000    21855840.223    89495988.7300       2239.282          29.000  
E21  23245451.348   122155718.4980       -528.957          36.000    23245466.253    93599796.7370       -405.207          28.000  
C13  25273179.214   131604075.5100       1102.967          29.000  
C12  22892922.851   119209405.9590        835.608          34.000  
C32  23535883.324   122557507.7920      -3315.417          35.000  
C37  21989546.224   114505420.8640       -715.506          37.000  
R06  19182363.554   102360861.6210        -55.052          42.000    19182363.841    79613875.8990        -42.794          40.000  
R09  21776282.121   116284131.2571       1734.703          26.000    21776286.057    90443243.1400       1348.209          34.000  
R16  19646003.233   104945422.8211      -1088.453          25.000    19646013.620    81624277.5140       -847.294          43.000  
R05  20379142.438   108938207.3540      -3834.998          29.000    20379154.533    84729783.3000      -2981.455          34.000  
G27  20918473.985   109927437.9730       1242.731          37.000    20918495.407    85657741.6731        953.313           8.000  
G26  22816117.366   119899569.3530      -3558.699          33.000    22816124.457    93428214.6171      -2771.578          21.000  
G03  23769567.717   124909860.5890      -3723.051          28.000                                                                  
G07  23612300.615   124083478.4610       1606.866          27.000    23612303.307    96688439.2840       1252.417          31.000  
G31  23827725.791   125215507.9010      -2922.944          26.000    23827724.930    97570549.5211      -2273.452          17.000  
C20  22461933.956   116965121.4450       -310.754          35.000  
C38  25281009.043   131644848.0041         -1.726          20.000  
C28  24946565.976   129903282.3510       1901.397          31.000  
C19  25210426.059   131277332.2520       2076.799          27.000  
R15  21903148.673   117043782.1120      -3345.691          31.000    21903152.386    91034049.8640      -2601.754          32.000  
R17  23214200.082   124223873.4741       1419.529          16.000    23214217.920    96618644.9230       1103.299          28.000  
R07  22820917.625   122162158.3621       3576.382          18.000                                                                  
G04  19937365.574   104771592.8910        -94.288          34.000    19937364.674    81640133.2880        -73.849          45.000  
G16  20382185.198   107109057.7950      -2603.509          36.000                                                                  
E28  24858472.094   130632160.9140       1663.453          34.000    24858469.654   100094758.8100       1274.467          30.000  
E19  22341245.416   117404036.6751        501.175          24.000    22341250.970    89958959.4641        381.744          21.000  
G09  21041475.062   110573710.3780       1892.118          38.000    21041496.159    86161409.0531       1474.281          22.000  
E27  25791243.263   135533884.9960      -2743.737          34.000    25791228.929   103850590.6371      -2106.236          21.000  
E29  24041747.141   126340197.9840      -1939.588          38.000    24041750.273    96806166.1780      -1486.388          38.000  
E23  25227990.941   132573961.8790       1770.022          27.000    25227982.083   101582628.8501       1351.724          23.000  
> 2026  7 21  2 37 40.9990000  0 35                           
E04  26972933.037   141743714.0410       2202.584          29.000                                                                  
S35  37940750.213   199379991.2630       -425.867          34.000  
S33  38203344.215   200759931.3100       -422.871          33.000  
S31  37501312.196   197070723.2070       -421.123          39.000  
G08  21850363.279   114824453.6530       2870.520          31.000    21850376.295    89473609.4750       2236.472          29.000  
E21  23246461.984   122161027.0500       -532.631          36.000    23246476.006    93603864.3800       -408.511          27.000  
C23  24068749.288   125332310.9420      -2521.019          28.000  
C13  25271063.920   131593060.1740       1100.074          29.000  
C12  22891322.621   119201076.0860        829.819          34.000  
C32  23542253.736   122590679.0110      -3318.427          35.000  
C37  21990923.193   114512587.0120       -717.758          37.000  
R06  19182475.270   102361456.7260        -64.085          42.000    19182474.937    79614338.7530        -50.076          40.000  
R09  21773035.003   116266791.9241       1730.184          25.000    21773042.104    90429768.2460       1346.828          34.000  
R16  19648041.260   104956309.1201      -1093.049          27.000    19648055.855    81632764.1590       -849.897          43.000  
R05  20386320.398   108976584.1400      -3840.912          30.000    20386333.215    84759631.9140      -2986.573          34.000  
G27  20916113.942   109915040.7470       1236.892          37.000                                                                  
G26  22822890.231   119935158.4750      -3559.059          33.000    22822899.301    93455956.9291      -2774.556          21.000  
G03  23776653.592   124947091.5590      -3723.193          28.000                                                                  
G07  23609231.164   124067346.7891       1608.911          24.000    23609245.095    96675915.8220       1252.179          31.000  
G31  23833280.915   125244735.8431      -2924.239          23.000    23833291.575    97593344.7631      -2284.538          14.000  
C20  22462536.591   116968259.6900       -317.072          35.000  
C38  25281035.319   131644984.9871        -16.915          20.000  
C28  24942913.769   129884263.8750       1900.870          31.000  
C19  25206440.389   131256575.9600       2073.406          26.000  
R15  21909409.787   117077238.4000      -3345.058          31.000    21909412.956    91060071.4780      -2603.426          31.000  
R17  23211556.306   124209725.6101       1422.821          16.000    23211573.331    96607641.2510       1098.131          28.000  
R07  22814246.280   122126445.5941       3567.314          19.000                                                                  
G04  19937550.533   104772571.3770       -100.292          32.000    19937551.032    81640895.7540        -78.573          45.000  
G16  20387144.108   107135116.8910      -2607.690          36.000                                                                  
E28  24855308.179   130615535.5300       1661.950          34.000    24855305.917   100082019.8970       1273.292          31.000  
E19  22340289.394   117399012.5761        495.002          22.000    22340301.793    89955137.3221        383.387          21.000  
G09  21037879.599   110554815.0650       1887.635          39.000    21037905.470    86146705.0901       1467.198          22.000  
E27  25796465.627   135561327.7310      -2745.234          34.000    25796450.387   103871615.9871      -2111.604          21.000  
E29  24045441.750   126359612.7530      -1942.971          38.000    24045444.908    96821042.4120      -1488.708          38.000  
E23  25224625.462   132556277.8160       1767.262          27.000    25224613.504   101569065.8681       1356.281          22.000  
> 2026  7 21  2 37 50.9990000  0 35                           
E04  26968741.312   141721688.0960       2201.850          29.000                                                                  
S35  37941558.713   199384239.9820       -424.863          33.000  
S33  38204148.610   200764157.5810       -422.547          33.000  
S31  37502113.682   197074934.5100       -421.354          39.000  
G08  21844902.237   114795760.8870       2867.364          31.000    21844916.850    89451251.4780       2234.437          29.000  
E21  23247479.483   122166369.3780       -536.034          36.000    23247486.805    93607957.8810       -410.896          26.000  
C23  24073583.976   125357481.8150      -2521.459          30.000  
C13  25268954.621   131582075.3940       1096.718          30.000  
C12  22889732.069   119192795.4800        825.714          34.000  
C32  23548628.995   122623876.3000      -3321.399          35.000  
C37  21992303.317   114519770.0010       -719.451          37.000  
R06  19182603.113   102362139.6350        -73.116          42.000    19182602.717    79614869.9260        -56.568          40.000  
R16  19650087.932   104967255.0020      -1096.535          29.000    19650104.659    81641276.4700       -852.907          43.000  
R05  20393508.684   109015016.3090      -3846.540          32.000    20393522.343    84789523.6320      -2991.461          34.000  
G27  20913766.113   109902703.5600       1230.067          38.000                                                                  
G26  22829663.809   119970753.9330      -3559.919          33.000    22829672.999    93483694.2761      -2780.464          22.000  
G03  23783739.061   124984320.5580      -3722.887          28.000                                                                  
G07  23606165.104   124051233.8971       1602.539          21.000    23606186.114    96663388.8690       1252.203          31.000  
G31  23838833.041   125273912.4571      -2921.275          20.000    23838859.790    97616144.9741      -2273.912          15.000  
C20  22463150.473   116971453.3000       -322.656          35.000  
C38  25281073.786   131645184.9441        -15.174          25.000  
C28  24939263.024   129865254.5210       1899.260          31.000  
C19  25202460.873   131235852.0390       2070.345          27.000  
R15  21915670.932   117110692.3720      -3345.689          32.000    21915673.531    91086091.2120      -2602.652          31.000  
R17  23208931.043   124195677.4441       1405.785          18.000    23208941.291    96596679.4980       1093.718          28.000  
R07  22807573.047   122090723.6671       3595.403          16.000                                                                  
G04  19937746.484   104773608.2670       -107.497          31.000    19937748.242    81641703.7620        -83.377          45.000  
G16  20392110.605   107161215.2700      -2611.853          36.000                                                                  
E28  24852146.729   130598923.8350       1660.226          34.000    24852144.536   100069291.4730       1271.879          31.000  
E19  22339345.034   117394049.8071        493.089          23.000    22339357.902    89951336.6391        369.869          21.000  
G09  21034292.153   110535961.9470       1882.642          39.000    21034324.127    86132040.3911       1461.541          20.000  
E27  25801689.826   135588780.9670      -2746.430          34.000    25801674.847   103892652.1951      -2102.293          20.000  
E29  24049142.053   126379057.4070      -1946.432          38.000    24049145.157    96835941.5550      -1491.316          38.000  
E23  25221264.443   132538616.9680       1764.517          27.000    25221252.432   101555531.9601       1354.413          21.000  
R09                                                                  21769803.636    90416315.5810       1343.858          34.000  
> 2026  7 21  2 38  0.9990000  0 35                           
E04  26964549.824   141699667.7450       2201.474          28.000                                                                  
S35  37942367.671   199388491.8110       -424.857          33.000  
S33  38204953.424   200768386.7120       -422.854          33.000  
S31  37502915.716   197079148.7250       -421.494          39.000  
G08  21839447.717   114767100.7850       2864.033          32.000    21839462.681    89428918.9390       2231.842          28.000  
E21  23248503.396   122171750.6860       -540.023          36.000    23248502.666    93612081.3410       -413.867          27.000  
C23  24078426.396   125382697.6160      -2520.098          31.000  
C13  25266851.911   131571126.4610       1092.607          30.000  
C12  22888152.031   119184569.4930        819.653          33.000  
C32  23555010.238   122657104.7490      -3324.243          35.000  
C37  21993687.764   114526975.0000       -721.718          37.000  
R06  19182748.721   102362915.6260        -82.322          42.000    19182747.960    79615473.4960        -63.898          40.000  
R09  21766562.764   116232230.6921       1725.632          22.000    21766570.079    90402888.9580       1341.471          35.000  
R16  19652150.990   104978237.4100      -1099.889          32.000    19652160.757    81649818.3650       -855.461          43.000  
R05  20400709.544   109053509.2450      -3852.527          33.000    20400723.444    84819462.5690      -2996.326          34.000  
G27  20911430.554   109890431.7470       1223.510          37.000                                                                  
G26  22836438.903   120006360.8670      -3561.312          33.000    22836450.694    93511447.4681      -2767.260          22.000  
G03  23790824.775   125021552.7640      -3723.650          28.000                                                                  
G07  23603114.383   124035202.3461       1607.784          21.000    23603127.459    96650862.4810       1252.484          31.000  
G31  23844412.240   125303231.5831      -2917.717          20.000    23844418.203    97638905.9311      -2273.107          17.000  
C20  22463776.082   116974707.5110       -329.015          36.000  
C38  25281111.400   131645381.2000        -20.954          27.000  
C28  24935615.410   129846259.4290       1899.184          31.000  
C19  25198489.001   131215165.8030       2066.807          26.000  
R15  21921931.916   117144149.0690      -3345.713          31.000    21921934.606    91112113.0350      -2602.122          30.000  
R17  23206313.533   124181671.0221       1400.537          19.000    23206316.079    96585763.7960       1088.814          27.000  
R07  22800903.228   122055019.3511       3568.076          15.000                                                                  
G04  19937955.148   104774708.8020       -112.565          31.000    19937957.729    81642561.3840        -88.306          45.000  
G16  20397084.959   107187358.0430      -2616.718          36.000                                                                  
E28  24848990.052   130582331.0750       1658.086          34.000    24848987.255   100056577.5480       1270.000          31.000  
E19  22338400.454   117389086.6651        492.623          20.000    22338418.940    89947556.2341        382.016          22.000  
G09  21030713.648   110517156.3070       1878.174          39.000    21030750.757    86117408.4251       1463.459          21.000  
E27  25806915.707   135616249.8800      -2747.696          34.000    25806899.962   103913691.3891      -2118.587          20.000  
E29  24052848.934   126398537.1050      -1949.604          38.000    24052851.890    96850867.5520      -1493.822          39.000  
E23  25217907.999   132520984.5280       1761.226          27.000    25217895.298   101542014.2591       1350.954          19.000  
> 2026  7 21  2 38 10.9990000  0 35                           
E04  26960361.112   141677654.2920       2200.402          28.000                                                                  
S35  37943177.993   199392747.9060       -426.151          34.000  
S33  38205758.765   200772620.6260       -423.608          33.000  
S31  37503718.338   197083367.2620       -422.304          39.000  
G08  21834000.159   114738474.5940       2861.225          32.000    21834014.688    89406612.8650       2229.038          28.000  
E21  23249534.959   122177172.1140       -544.253          35.000    23249533.471    93616235.4370       -417.146          27.000  
C23  24083269.348   125407919.8100      -2522.853          32.000  
C13  25264756.093   131560214.5070       1089.637          30.000  
C12  22886582.706   119176399.2300        814.618          33.000  
C32  23561397.803   122690365.4440      -3327.631          35.000  
C37  21995076.504   114534203.0850       -723.864          37.000  
R06  19182911.983   102363785.9880        -91.847          42.000    19182911.129    79616150.4780        -71.606          40.000  
R09  21763338.130   116215010.8631       1715.042          21.000    21763342.889    90389489.3940       1338.455          35.000  
R16  19654215.184   104989259.1640      -1103.886          34.000    19654224.055    81658390.8600       -858.616          43.000  
R05  20407922.714   109092063.9380      -3858.606          35.000    20407935.479    84849449.5490      -3001.105          34.000  
G27  20909107.417   109878226.5460       1216.607          36.000                                                                  
G26  22843216.930   120041980.3850      -3563.163          32.000    22843226.814    93539194.5711      -2781.654          22.000  
G03  23797910.733   125058789.1720      -3724.160          27.000                                                                  
G07  23600080.255   124019258.1501       1607.457          26.000    23600068.655    96638337.5560       1251.733          31.000  
G31  23849986.975   125332526.7411      -2922.954          14.000    23849991.948    97661729.6651      -2287.298          16.000  
C20  22464413.355   116978023.4500       -334.808          37.000  
C38  25281158.834   131645619.3600        -26.246          28.000  
C28  24931970.905   129827279.9810       1896.786          31.000  
C19  25194524.265   131194518.4130       2062.838          26.000  
R15  21928192.974   117177609.6420      -3345.847          31.000    21928195.817    91138137.9490      -2602.479          29.000  
R17  23203702.063   124167696.6281       1394.176          20.000    23203705.709    96574889.8271       1083.484          26.000  
R07  22794244.758   122019375.9931       3560.052          11.000                                                                  
G04  19938177.464   104775874.2990       -119.144          31.000    19938179.869    81643469.5900        -93.478          45.000  
G16  20402068.791   107213546.3110      -2621.240          36.000                                                                  
E28  24845836.439   130565758.4520       1655.996          34.000    24845833.271   100043879.0790       1268.714          31.000  
E19  22337466.800   117384179.6551        494.267          20.000    22337486.808    89943802.9181        374.190          22.000  
G09  21027144.678   110498399.4480       1872.815          39.000    21027182.919    86102798.5561       1462.054          21.000  
E27  25812145.220   135643735.6620      -2750.302          33.000    25812130.995   103934755.0381      -2104.662          21.000  
E29  24056563.047   126418053.0520      -1953.308          38.000    24056565.949    96865821.3510      -1496.893          38.000  
E23  25214554.868   132503381.5830       1758.908          27.000    25214545.189   101528524.6191       1341.898          19.000  
> 2026  7 21  2 38 20.9990000  0 34                           
E04  26956172.173   141655645.2440       2200.728          28.000                                                                  
S35  37943987.949   199397005.7600       -426.006          34.000  
S33  38206564.741   200776855.2670       -423.088          33.000  
S31  37504521.322   197087586.8990       -422.183          39.000  
G08  21828559.090   114709880.0210       2858.732          33.000    21828573.304    89384331.3590       2227.524          27.000  
E21  23250574.145   122182631.1850       -547.253          35.000    23250571.847    93620418.3770       -419.759          27.000  
C23  24088113.601   125433145.6510      -2522.831          33.000  
C13  25262666.368   131549337.2920       1087.084          31.000  
C12  22885023.749   119168282.4060        808.962          33.000  
C32  23567790.674   122723655.9000      -3330.298          35.000  
C37  21996469.066   114541451.8830       -725.131          37.000  
R06  19183092.657   102364748.2740       -100.521          42.000    19183091.334    79616898.9410        -78.309          41.000  
R09  21760121.849   116197836.0261       1718.159          22.000    21760122.892    90376114.8620       1336.715          35.000  
R16  19656286.386   105000317.5450      -1107.569          35.000    19656294.451    81666991.8400       -861.204          43.000  
R05  20415147.773   109130677.6400      -3863.959          36.000    20415158.258    84879482.4400      -3005.756          35.000  
G27  20906796.438   109866085.6720       1211.176          36.000                                                                  
G26  22849996.413   120077609.9070      -3563.802          33.000    22850006.767    93566957.1021      -2774.692          22.000  
G03  23804997.596   125096027.2020      -3723.486          27.000                                                                  
G07  23597026.391   124003216.9500       1607.465          26.000    23597009.827    96625812.1090       1252.216          31.000  
C20  22465062.049   116981398.7470       -340.246          37.000  
C38  25281208.804   131645904.7890        -30.663          28.000  
C28  24928328.663   129808313.7440       1896.656          30.000  
C19  25190566.608   131173907.6210       2059.301          26.000  
R15  21934454.464   117211071.6120      -3346.136          31.000    21934457.196    91164163.8580      -2601.871          29.000  
R17  23201103.033   124153788.0561       1396.841          21.000    23201107.355    96564075.6681       1080.638          26.000  
G04  19938410.898   104777102.3030       -126.102          31.000    19938413.401    81644426.4960        -97.915          45.000  
G16  20407060.473   107239777.5160      -2624.976          36.000                                                                  
E28  24842685.695   130549203.6180       1654.802          34.000    24842683.202   100031194.2090       1267.828          31.000  
E19  22336541.288   117379316.2851        486.957          19.000    22336562.476    89940081.2121        375.001          23.000  
G09  21023584.373   110479688.9800       1868.934          39.000    21023619.599    86088207.5901       1460.031          23.000  
E27  25817376.943   135671235.6940      -2750.468          33.000    25817364.231   103955826.7431      -2099.044          21.000  
E29  24060283.751   126437602.8350      -1956.251          38.000    24060286.217    96880801.0330      -1498.967          38.000  
E23  25211209.165   132485797.9001       1757.529          27.000    25211198.245   101515047.4391       1345.855          18.000  
G31                                                                  23855557.941    97684520.9891      -2292.384          16.000  
> 2026  7 21  2 38 30.9990000  0 34                           
E04  26951983.202   141633639.0910       2200.566          28.000                                                                  
S35  37944798.707   199401262.4980       -426.371          33.000  
S33  38207370.850   200781089.7090       -423.623          33.000  
S31  37505324.345   197091806.7950       -421.954          39.000  
G08  21823123.720   114681315.6470       2854.984          32.000    21823137.369    89362073.4350       2224.615          28.000  
E21  23251619.539   122188126.2360       -551.241          35.000    23251617.519    93624628.9110       -422.554          26.000  
C23  24092957.899   125458373.6380      -2523.080          34.000  
C13  25260583.015   131538493.3020       1083.017          31.000  
C12  22883474.593   119160217.3780        803.874          33.000  
C32  23574188.996   122756974.4190      -3333.496          35.000  
C37  21997864.904   114548719.7730       -727.698          37.000  
R06  19183289.912   102365800.8890       -109.781          42.000    19183289.020    79617717.6600        -85.543          41.000  
R09  21756908.596   116180677.0941       1712.635          23.000    21756908.542    90362764.3900       1334.181          35.000  
R16  19658364.224   105011410.9760      -1110.710          37.000    19658371.003    81675620.1180       -864.330          43.000  
R05  20422384.225   109169348.6660      -3869.806          37.000    20422392.012    84909559.8690      -3009.570          35.000  
G27  20904497.332   109854007.6140       1204.703          36.000                                                                  
G26  22856778.155   120113247.7960      -3564.378          33.000    22856788.753    93594728.3211      -2771.034          21.000  
G03  23812084.421   125133265.1660      -3723.548          27.000                                                                  
G07  23593961.558   123987140.3170       1608.112          27.000    23593950.281    96613284.9140       1253.137          31.000  
C20  22465721.134   116984831.7590       -346.007          38.000  
C38  25281268.844   131646235.9040        -34.934          26.000  
C28  24924688.416   129789359.2480       1894.727          30.000  
C19  25186615.661   131153331.8900       2055.620          26.000  
R15  21940716.255   117244533.0970      -3345.946          31.000    21940718.114    91190189.4950      -2602.326          27.000  
R17  23198511.884   124139922.8201       1387.927          22.000    23198517.532    96553296.6401       1074.902          24.000  
G04  19938657.089   104778391.2370       -132.005          32.000    19938658.701    81645430.8900       -102.634          45.000  
G16  20412059.910   107266049.8480      -2629.510          36.000                                                                  
E28  24839538.345   130532665.0080       1653.387          33.000    24839535.833   100018521.7820       1266.566          32.000  
E19  22335621.872   117374485.0291        488.008          18.000    22335641.173    89936370.6681        371.138          23.000  
G09  21020032.561   110461023.4060       1864.695          39.000    21020068.112    86073664.6001       1452.888          23.000  
E27  25822611.992   135698748.3890      -2751.614          32.000    25822600.019   103976909.7881      -2110.700          21.000  
E29  24064010.387   126457184.7930      -1959.904          38.000    24064012.868    96895805.3930      -1501.489          38.000  
E23  25207865.400   132468249.8640       1753.102          27.000    25207857.189   101501594.4621       1342.302          18.000  
G31                                                                  23861126.580    97707324.0141      -2276.016          15.000  
> 2026  7 21  2 38 40.9990000  0 35                           
E04  26947796.076   141611635.9980       2200.058          27.000                                                                  
S35  37945608.549   199405520.5940       -426.231          34.000  
S33  38208176.817   200785324.8210       -422.755          33.000  
S31  37506127.428   197096026.5660       -421.957          39.000  
G08  21817694.498   114652781.5770       2851.473          33.000    21817707.569    89339839.0830       2222.220          27.000  
E21  23252672.195   122193657.3320       -555.090          35.000    23252669.344    93628867.0120       -425.160          26.000  
C23  24097802.414   125483603.7480      -2523.000          34.000  
C13  25258506.052   131527682.6290       1078.835          31.000  
C12  22881935.854   119152204.3260        798.397          33.000  
C32  23580592.782   122790320.9240      -3336.151          35.000  
C37  21999264.610   114556006.7000       -729.979          36.000  
R06  19183504.050   102366943.9030       -119.010          42.000    19183503.829    79618606.6650        -92.481          42.000  
R09  21753696.709   116163526.1271       1701.807          22.000    21753699.671    90349437.6480       1330.792          35.000  
R16  19660449.838   105022538.9690      -1114.465          39.000    19660454.136    81684275.2300       -867.098          43.000  
R05  20429631.336   109208077.0050      -3875.854          38.000    20429636.406    84939681.8840      -3014.166          35.000  
G27  20902210.544   109841992.4550       1198.172          35.000                                                                  
G26  22863561.288   120148894.0530      -3566.040          32.000    22863576.429    93622522.7561      -2780.757          21.000  
G03  23819171.079   125170502.9970      -3723.714          27.000                                                                  
G07  23590904.163   123971061.6840       1607.581          26.000    23590890.390    96600756.1160       1252.600          30.000  
C20  22466391.675   116988322.5810       -351.784          38.000  
C38  25281335.103   131646612.8330        -40.073          25.000  
C28  24921050.610   129770416.6480       1894.025          31.000  
C19  25182669.466   131132767.5671       2051.477          27.000  
R15  21946978.497   117277994.2810      -3346.164          31.000    21946978.842    91216214.8820      -2602.236          27.000  
R17  23195931.010   124126112.3391       1373.291          23.000    23195938.499    96542562.9111       1071.958          22.000  
R07  22774298.093   121912600.3161       3554.721          16.000                                                                  
G04  19938914.694   104779741.2330       -138.323          33.000    19938915.367    81646482.8500       -107.726          45.000  
G16  20417067.279   107292363.2790      -2633.728          35.000                                                                  
E28  24836393.608   130516142.7170       1651.097          33.000    24836391.949   100005861.8310       1265.632          32.000  
E19  22334711.541   117369700.6041        469.692          19.000    22334729.693    89932700.7511        363.896          24.000  
G09  21016489.236   110442402.9210       1859.504          39.000    21016522.533    86059146.0081       1451.442          24.000  
E27  25827849.705   135726273.7190      -2752.950          32.000    25827838.727   103998003.3611      -2109.483          21.000  
E29  24067743.401   126476798.9800      -1963.089          38.000    24067745.145    96910834.4290      -1503.958          38.000  
E23  25204534.302   132450725.3800       1751.488          28.000    25204523.165   101488169.7191       1343.400          17.000  
G31                                                                  23866698.264    97730139.0931      -2290.740          13.000  
> 2026  7 21  2 38 50.9990000  0 35                           
E04  26943609.370   141589633.7750       2200.300          27.000                                                                  
S35  37946418.302   199409775.6630       -425.248          33.000  
S33  38208982.523   200789557.7320       -423.394          33.000  
S31  37506930.112   197100244.3630       -422.010          39.000  
G08  21812269.625   114624275.8370       2848.306          33.000    21812282.721    89317626.8610       2219.729          27.000  
E21  23253730.887   122199222.3400       -558.689          35.000    23253727.610    93633131.1620       -428.175          25.000  
C23  24102646.539   125508834.0220      -2523.421          34.000  
C13  25256434.795   131516903.2100       1076.968          30.000  
C12  22880406.780   119144241.2470        792.598          33.000  
C32  23587001.734   122823693.3600      -3339.215          35.000  
C37  22000667.019   114563310.6120       -731.636          35.000  
R06  19183734.721   102368175.3430       -127.858          42.000    19183735.223    79619564.4580        -99.286          42.000  
R09  21750499.838   116146455.2151       1709.046          23.000    21750496.540    90336133.1450       1328.940          35.000  
R16  19662542.877   105033700.0590      -1118.036          41.000    19662543.531    81692956.0940       -869.912          43.000  
R05  20436888.322   109246860.3480      -3881.262          38.000    20436891.229    84969846.7100      -3018.634          35.000  
G27  20899935.498   109830038.3920       1191.948          35.000                                                                  
G26  22870345.426   120184546.4990      -3565.967          33.000    22870359.793    93650299.3321      -2782.356          22.000  
G03  23826257.981   125207738.6200      -3724.370          27.000                                                                  
G07  23587833.437   123954978.6720       1607.934          27.000    23587830.279    96588223.9600       1253.998          30.000  
C20  22467073.011   116991869.1970       -357.927          38.000  
C38  25281416.980   131646968.6200        -44.555          25.000  
C28  24917415.569   129751483.9990       1892.148          31.000  
C19  25178733.940   131112262.6870       2049.021          26.000  
R15  21953239.728   117311453.0140      -3346.340          30.000    21953239.390    91242238.3730      -2602.542          27.000  
R17  23193368.631   124112399.5741       1373.018          25.000    23193369.024    96531868.0031       1058.573          21.000  
R07  22767668.108   121877109.8631       3536.234          16.000                                                                  
G04  19939182.744   104781150.2180       -143.862          34.000    19939183.533    81647580.7870       -112.309          45.000  
G16  20422081.593   107318715.7740      -2637.433          35.000                                                                  
E28  24833252.520   130499634.7390       1649.496          33.000    24833250.696    99993212.9430       1263.654          32.000  
E19  22333808.265   117364954.0101        473.009          21.000    22333822.242    89929047.2931        367.215          23.000  
G09  21012954.194   110423825.4990       1855.342          39.000    21012984.275    86044657.6701       1438.163          24.000  
E27  25833088.850   135753809.5810      -2754.112          32.000    25833078.467   104019101.6771      -2125.209          21.000  
E29  24071481.655   126496443.3630      -1966.801          38.000    24071483.249    96925886.6170      -1506.802          38.000  
E23  25201203.219   132433224.5610       1748.650          28.000    25201191.199   101474753.7661       1339.930          18.000  
G31                                                                  23872266.848    97752941.8301      -2289.390          12.000  
> 2026  7 21  2 39  0.9990000  0 35                           
E04  26939422.704   141567635.3030       2199.752          27.000                                                                  
S35  37947228.072   199414031.9160       -424.881          33.000  
S33  38209788.168   200793791.2410       -423.547          33.000  
S31  37507732.727   197104462.9040       -421.322          39.000  
G08  21806850.836   114595801.1450       2846.277          33.000    21806864.525    89295438.8160       2217.315          25.000  
E21  23254796.938   122204823.7930       -561.490          35.000    23254792.981    93637423.1810       -430.022          25.000  
C23  24107492.210   125534066.8710      -2522.639          34.000  
C13  25254370.885   131506157.9050       1072.806          30.000  
C12  22878887.546   119136330.6400        787.889          32.000  
C32  23593416.021   122857094.1320      -3341.827          34.000  
C37  22002073.182   114570634.0160       -732.440          33.000  
R06  19183982.513   102369497.8240       -136.724          42.000    19183983.446    79620593.0590       -106.252          42.000  
R09  21747303.767   116129388.3241       1708.637          23.000    21747299.416    90322852.9110       1326.850          35.000  
R16  19664640.824   105044896.3640      -1121.199          42.000    19664639.181    81701664.3200       -872.175          43.000  
R05  20444155.212   109285701.0050      -3886.566          38.000    20444157.163    85000056.0900      -3022.901          36.000  
G27  20897672.631   109818147.8480       1186.165          35.000                                                                  
G26  22877130.865   120220207.6830      -3566.527          33.000    22877141.698    93678070.8781      -2770.579          22.000  
G03  23833344.795   125244974.2750      -3723.375          27.000                                                                  
G07  23584764.973   123938894.1380       1608.209          28.000    23584769.539    96575690.6350       1253.772          29.000  
G31  23877836.403   125478877.1541      -2926.819          15.000                                                                  
C20  22467764.887   116995474.0650       -362.948          38.000  
C38  25281506.216   131647435.8730        -49.324          24.000  
C28  24913782.675   129732563.9070       1891.828          31.000  
C19  25174803.937   131091809.5591       2046.189          26.000  
R15  21959500.289   117344911.8990      -3345.595          29.000    21959500.292    91268261.9720      -2602.016          26.000  
R17  23190806.776   124098691.3651       1366.984          25.000    23190808.184    96521209.5921       1069.526          21.000  
R07  22761035.876   121841606.2831       3556.187          14.000                                                                  
G04  19939463.280   104782620.8860       -150.135          35.000    19939463.061    81648726.7320       -116.794          44.000  
G16  20427103.998   107345109.7480      -2640.967          35.000                                                                  
E28  24830114.397   130483143.6910       1648.526          33.000    24830113.018    99980576.9410       1262.755          32.000  
E19  22332909.943   117360233.7141        469.680          22.000    22332919.580    89925411.8821        365.362          24.000  
G09  21009427.845   110405293.7960       1851.205          39.000    21009454.170    86030201.7541       1447.425          24.000  
E27  25838329.401   135781358.4660      -2754.209          31.000    25838320.706   104040209.7121      -2108.269          22.000  
E29  24075226.398   126516120.4180      -1969.118          38.000    24075227.768    96940963.8400      -1508.991          37.000  
E23  25197878.104   132415749.9660       1746.375          29.000    25197866.246   101461364.9081       1339.021          19.000  
> 2026  7 21  2 39 10.9990000  0 35                           
E04  26935237.572   141545637.8110       2199.253          27.000                                                                  
S35  37948037.651   199418285.9830       -425.407          33.000  
S33  38210592.860   200798022.1770       -423.270          33.000  
S31  37508535.175   197108678.9230       -421.540          39.000  
G08  21801437.453   114567354.9880       2843.307          33.000    21801451.306    89273298.0451       2214.200          25.000  
E21  23255869.643   122210459.0670       -565.207          35.000    23255864.976    93641741.1360       -433.328          25.000  
C23  24112337.820   125559299.7630      -2523.253          33.000  
C13  25252312.536   131495443.9800       1070.607          30.000  
C12  22877378.394   119128469.9240        783.997          32.000  
C32  23599835.420   122890520.5630      -3344.403          34.000  
C37  22003482.396   114577974.3470       -734.840          32.000  
R06  19184246.950   102370908.6190       -145.455          42.000    19184248.278    79621690.3540       -113.198          42.000  
R09  21744109.242   116112329.7611       1710.107          24.000    21744107.223    90309594.9300       1324.792          35.000  
R16  19666743.909   105056125.3780      -1124.658          42.000    19666741.656    81710398.0050       -874.548          42.000  
R05  20451431.275   109324596.4000      -3892.419          38.000    20451433.446    85030308.0410      -3027.399          36.000  
G27  20895421.531   109806318.3670       1179.851          35.000                                                                  
G26  22883918.233   120255874.9010      -3567.319          33.000    22883923.228    93705840.1141      -2780.976          21.000  
G03  23840430.706   125282207.3610      -3723.551          26.000                                                                  
G07  23581698.371   123922805.2730       1608.746          30.000    23581707.557    96563150.9730       1253.729          29.000  
G31  23883413.748   125508186.0411      -2926.113          14.000                                                                  
C20  22468467.722   116999134.6690       -368.809          37.000  
C38  25281599.749   131647923.7701        -54.014          23.000  
C28  24910150.907   129713653.8420       1890.801          31.000  
C19  25170881.818   131071386.2241       2042.898          26.000  
R15  21965761.418   117378368.1140      -3345.754          29.000    21965760.989    91294283.4930      -2601.886          26.000  
R17  23188254.263   124085031.7681       1358.427          25.000    23188261.405    96510609.6521       1060.986          21.000  
R07  22754412.968   121806153.1821       3544.689          15.000                                                                  
G04  19939754.400   104784150.5620       -156.158          35.000    19939754.054    81649918.6880       -121.660          44.000  
G16  20432133.496   107371542.4890      -2645.581          35.000                                                                  
E28  24826979.679   130466667.0030       1646.638          33.000    24826977.782    99967951.9530       1262.164          33.000  
E19  22332020.545   117355559.8991        466.077          23.000    22332025.166    89921810.5021        359.844          25.000  
G09  21005909.802   110386805.3010       1846.871          39.000    21005934.999    86015791.8861       1435.426          25.000  
E27  25843572.807   135808917.7870      -2757.151          31.000    25843565.008   104061326.8131      -2114.165          22.000  
E29  24078976.999   126535827.5760      -1972.161          38.000    24078977.897    96956064.1340      -1511.337          37.000  
E23  25194557.774   132398298.9570       1743.065          30.000    25194546.312   101447997.2481       1337.528          19.000  
> 2026  7 21  2 39 20.9990000  0 35                           
E04  26931053.221   141523642.3400       2198.355          27.000                                                                  
S35  37948846.627   199422539.0580       -426.269          34.000  
S33  38211397.970   200802252.5780       -423.104          33.000  
S31  37509337.315   197112894.6880       -421.767          39.000  
G08  21796029.035   114538938.5580       2839.284          32.000    21796039.372    89251137.4101       2215.397          23.000  
E21  23256948.852   122216129.0970       -569.177          35.000    23256944.291    93646085.7460       -436.154          26.000  
C23  24117183.132   125584533.6280      -2523.939          32.000  
C13  25250260.979   131484762.6100       1065.748          31.000  
C12  22875878.909   119120660.3200        777.607          32.000  
C32  23606259.791   122923973.5750      -3346.674          34.000  
C37  22004892.768   114585332.5510       -737.019          29.000  
R06  19184528.197   102372408.9050       -154.806          42.000    19184529.814    79622857.2430       -120.683          42.000  
R09  21740919.798   116095298.2471       1699.606          25.000    21740920.959    90296359.9380       1321.848          35.000  
R16  19668852.461   105067387.9000      -1128.390          42.000    19668850.017    81719157.7610       -877.437          42.000  
R05  20458717.713   109363547.3720      -3898.517          38.000    20458720.181    85060603.2190      -3032.196          36.000  
G27  20893183.273   109794550.9560       1173.502          36.000                                                                  
G26  22890707.352   120291549.0230      -3567.827          34.000    22890710.648    93733633.2051      -2782.641          21.000  
G03  23847515.988   125319438.6980      -3722.693          26.000                                                                  
G07  23578638.113   123906713.2070       1608.801          32.000    23578645.450    96550611.7460       1254.041          29.000  
G31  23888993.935   125537510.1681      -2937.752          14.000                                                                  
C20  22469181.259   117002851.9750       -374.862          37.000  
C38  25281700.540   131648448.9371        -59.996          21.000  
C28  24906521.601   129694754.9550       1889.052          31.000  
C19  25166963.103   131050980.2341       2039.473          25.000  
R15  21972021.379   117411822.5340      -3345.395          27.000    21972020.380    91320303.6570      -2602.814          25.000  
R17  23185717.046   124071455.1851       1354.889          26.000    23185717.209    96500021.2241       1049.874          21.000  
R07  22747801.538   121770762.1881       3538.835          20.000                                                                  
G04  19940056.900   104785740.3130       -162.414          36.000    19940056.658    81651157.4590       -126.439          44.000  
G16  20437170.609   107398014.9840      -2649.927          35.000                                                                  
E28  24823847.265   130450205.7440       1645.025          32.000    24823845.782    99955338.8410       1259.874          32.000  
E19  22331134.984   117350905.8041        472.104          23.000    22331134.658    89918225.1751        356.759          25.000  
G09  21002400.305   110368361.1630       1841.646          40.000    21002423.343    86001412.3961       1434.877          25.000  
E27  25848817.084   135836488.3140      -2757.982          31.000    25848812.028   104082454.1291      -2113.320          23.000  
E29  24082733.830   126555565.8190      -1975.720          38.000    24082734.421    96971188.2400      -1514.058          37.000  
E23  25191241.984   132380872.5600       1741.314          31.000    25191228.927   101434639.4321       1335.903          18.000  
> 2026  7 21  2 39 30.9990000  0 34                           
E04  26926868.736   141501652.4980       2198.411          27.000                                                                  
S35  37949656.808   199426794.4720       -425.855          33.000  
S33  38212203.565   200806485.6640       -424.047          33.000  
S31  37510139.974   197117112.0520       -421.906          39.000  
G08  21790628.078   114510555.3720       2836.659          33.000    21790636.547    89229013.2651       2208.538          20.000  
E21  23258034.982   122221837.3810       -573.034          35.000    23258042.698    93650499.8091       -439.320          26.000  
C23  24122029.885   125609771.9230      -2523.868          32.000  
C13  25248216.081   131474117.2800       1062.973          31.000  
C12  22874389.492   119112905.2240        772.590          31.000  
C32  23612689.861   122957456.5850      -3350.000          35.000  
C37  22006307.250   114592711.9920       -739.069          26.000  
R06  19184826.555   102374002.2220       -164.128          41.000    19184828.358    79624096.4890       -127.936          42.000  
R09  21737744.436   116078340.3740       1696.499          28.000    21737741.133    90283150.6130       1319.415          36.000  
R16  19670967.682   105078687.3130      -1131.678          42.000    19670965.333    81727946.2090       -880.207          42.000  
R05  20466015.469   109402557.3330      -3903.821          38.000    20466017.848    85090944.2810      -3036.060          36.000  
G27  20890957.613   109782849.3210       1166.897          36.000                                                                  
G26  22897498.277   120327233.6320      -3570.131          34.000    22897500.637    93761437.1811      -2784.113          21.000  
G03  23854601.211   125356671.8110      -3723.167          27.000                                                                  
G07  23575577.557   123890621.4040       1609.125          34.000    23575583.095    96538072.7430       1253.729          29.000  
C20  22469906.645   117006629.4720       -380.845          36.000  
C38  25281817.229   131649056.6921        -71.782          19.000  
C28  24902895.144   129675870.7990       1887.618          31.000  
C19  25163049.900   131030603.6871       2039.252          23.000  
R15  21978282.206   117445278.7570      -3346.533          27.000    21978281.722    91346325.1030      -2602.804          26.000  
R17  23183193.463   124057944.0410       1348.870          26.000    23183195.189    96489523.8041       1046.120          22.000  
R07  22741199.014   121735418.3531       3537.396          21.000                                                                  
G04  19940371.737   104787393.7160       -168.869          36.000    19940371.444    81652445.8180       -131.469          44.000  
G16  20442216.144   107424530.5690      -2654.138          36.000                                                                  
E28  24820718.487   130433763.5100       1642.756          32.000    24820716.738    99942740.2140       1259.609          32.000  
E19  22330249.143   117346250.4651        466.992          24.000    22330250.941    89914666.7441        355.364          26.000  
G09  20998899.700   110349964.9070       1836.938          39.000    20998922.960    85987078.5411       1431.574          25.000  
E27  25854065.919   135864073.5990      -2759.310          30.000    25854061.192   104103590.7291      -2118.458          23.000  
E29  24086496.935   126575338.6710      -1979.383          38.000    24086496.703    96986338.8430      -1516.546          36.000  
E23  25187930.370   132363474.3530       1738.775          32.000    25187919.752   101421314.8981       1339.478          20.000  
> 2026  7 21  2 39 40.9990000  0 35                           
E04  26922686.268   141479667.8630       2198.126          27.000                                                                  
S35  37950467.121   199431051.6690       -426.222          33.000  
S33  38213009.809   200810720.1610       -423.423          33.000  
S31  37510943.068   197121331.9910       -422.208          39.000  
G08  21785233.616   114482205.1920       2833.558          34.000    21785239.467    89206913.2321       2207.831          20.000  
E21  23259127.768   122227583.4280       -576.465          35.000    23259133.069    93654890.6041       -441.630          27.000  
C23  24126876.499   125635014.1850      -2524.413          31.000  
C13  25246178.257   131463507.7320       1059.149          32.000  
C12  22872910.818   119105204.2130        768.279          31.000  
C32  23619125.607   122990969.0060      -3352.429          34.000  
C37  22007702.500   114599881.4171       -732.817          20.000  
R06  19185142.419   102375688.1580       -173.329          41.000    19185144.191    79625407.7440       -134.999          41.000  
R09  21734571.442   116061389.2620       1693.522          29.000    21734567.229    90269966.4790       1316.855          36.000  
R16  19673089.765   105090023.1340      -1135.403          42.000    19673087.416    81736762.9730       -883.163          42.000  
R05  20473324.002   109441625.7840      -3910.046          38.000    20473325.885    85121330.8270      -3040.564          36.000  
G27  20888744.314   109771213.0700       1160.667          37.000                                                                  
G26  22904290.828   120362928.0520      -3571.106          34.000    22904294.041    93789254.8781      -2779.058          22.000  
G03  23861687.085   125393906.0590      -3723.493          27.000                                                                  
G07  23572516.945   123874529.4090       1609.100          35.000    23572521.087    96525533.5250       1254.169          28.000  
G31  23900140.244   125596084.5981      -2927.854          18.000                                                                  
C20  22470643.539   117010466.7190       -386.962          36.000  
C38  25281936.635   131649677.7191        -68.367          17.000  
C28  24899271.069   129657000.9960       1885.851          31.000  
C19  25159143.790   131010263.8651       2035.115          20.000  
R15  21984542.225   117478727.1991      -3344.660          25.000    21984542.928    91372347.6100      -2601.930          27.000  
R17  23180679.905   124044507.9570       1342.635          26.000    23180678.785    96479050.7231       1048.821          21.000  
R07  22734587.675   121700027.7411       3533.500          21.000                                                                  
G04  19940698.852   104789110.3170       -175.063          37.000    19940698.080    81653783.4240       -136.371          44.000  
G16  20447270.388   107451088.6590      -2658.136          37.000                                                                  
E28  24817593.584   130417339.8450       1641.010          32.000    24817591.637    99930155.8920       1257.618          33.000  
E19  22329369.803   117341629.8921        460.981          24.000    22329373.534    89911133.7360        351.635          27.000  
G09  20995408.167   110331616.1970       1832.203          40.000    20995430.778    85972778.8461       1428.278          25.000  
E27  25859317.147   135891673.1840      -2761.252          30.000    25859311.883   104124732.7871      -2109.354          23.000  
E29  24090266.600   126595145.6290      -1982.708          38.000    24090265.742    97001515.6100      -1519.302          36.000  
E23  25184625.252   132346103.9370       1735.193          33.000    25184614.702   101408007.3561       1324.509          21.000  
> 2026  7 21  2 39 50.9990000  0 35                           
E04  26918503.018   141457684.6480       2197.956          26.000                                                                  
S35  37951277.271   199435307.3270       -425.474          33.000  
S33  38213815.055   200814952.9460       -423.564          33.000  
S31  37511745.496   197125549.7830       -421.336          39.000  
G08  21779845.703   114453884.1760       2830.494          34.000    21779849.910    89184844.4281       2211.904          17.000  
E21  23260227.364   122233363.2930       -579.737          35.000    23260233.923    93659328.3210       -444.289          27.000  
C23  24131723.373   125660256.5920      -2525.152          30.000  
C13  25244146.797   131452930.0120       1056.546          32.000  
C12  22871442.259   119097553.5640        762.798          31.000  
C32  23625566.758   123024506.9390      -3355.243          35.000  
C37  22009138.137   114607357.6561       -744.004          22.000  
R06  19185474.893   102377462.7890       -182.114          41.000    19185476.231    79626788.0090       -141.562          40.000  
R09  21731401.579   116044467.0240       1690.683          29.000    21731398.599    90256804.7400       1314.818          36.000  
R16  19675217.766   105101391.4220      -1138.691          42.000    19675215.448    81745604.9690       -885.502          42.000  
R05  20480643.131   109480748.5350      -3914.832          38.000    20480644.229    85151759.6370      -3044.617          36.000  
G27  20886542.953   109759638.3390       1154.191          38.000                                                                  
G26  22911084.877   120398628.3590      -3570.242          34.000    22911083.594    93817056.6511      -2781.210          22.000  
G03  23868773.030   125431245.4550      -3723.391          27.000                                                                  
G07  23569454.732   123858433.2740       1609.851          36.000    23569458.395    96512991.1450       1254.321          27.000  
G31  23905717.613   125625393.0601      -2933.765          20.000                                                                  
C20  22471391.229   117014359.8450       -392.314          36.000  
C38  25282069.900   131650371.4671        -69.607          19.000  
C28  24895648.878   129638141.7680       1885.322          32.000  
C19  25155243.465   130989953.5201       2026.627          17.000  
R15  21990801.794   117512177.2401      -3352.665          21.000    21990804.084    91398368.0750      -2601.991          27.000  
R17  23178177.086   124031105.9470       1337.010          24.000    23178175.203    96468630.9811       1047.678          20.000  
R07  22727983.276   121664673.0861       3538.910          22.000                                                                  
G04  19941036.526   104790886.2710       -180.800          37.000    19941036.022    81655167.2920       -140.843          44.000  
G16  20452332.042   107477685.2840      -2661.591          38.000                                                                  
E28  24814470.688   130400930.8960       1640.023          32.000    24814469.308    99917582.8560       1256.164          33.000  
E19  22328497.520   117337045.7371        456.697          24.000    22328503.214    89907622.5650        350.510          27.000  
G09  20991924.710   110313311.2270       1828.469          39.000    20991946.784    85958512.2651       1424.582          24.000  
E27  25864570.314   135919282.9880      -2760.946          29.000    25864568.282   104145897.9621      -2130.501          24.000  
E29  24094041.425   126614982.7830      -1984.957          38.000    24094040.409    97016715.5110      -1521.069          35.000  
E23  25181324.155   132328757.2870       1733.824          33.000    25181314.529   101394718.7251       1335.710          21.000  
> 2026  7 21  2 40  0.9990000  0 35                           
E04  26914319.329   141435703.5050       2197.593          26.000                                                                  
S35  37952086.568   199439561.3870       -425.789          33.000  
S33  38214620.285   200819184.3510       -423.178          33.000  
S31  37512547.631   197129766.1220       -421.591          39.000  
G08  21774464.070   114425593.0990       2827.340          35.000    21774468.779    89162809.5251       2201.833          14.000  
E21  23261333.538   122239177.6120       -583.271          35.000    23261338.164    93663783.4230       -446.702          28.000  
C23  24136566.136   125685431.7150      -2525.793          30.000  
C13  25242121.822   131442385.0060       1052.637          32.000  
C12  22869982.718   119089953.9140        756.811          31.000  
C32  23632012.952   123058070.8690      -3357.648          34.000  
C37  22010590.160   114614915.4020       -744.507          27.000  
R06  19185823.706   102379326.7320       -190.792          41.000    19185824.727    79628237.7410       -148.361          40.000  
R09  21728238.617   116027574.1070       1687.659          28.000    21728235.451    90243665.7710       1313.001          36.000  
R16  19677351.348   105112792.7580      -1141.928          41.000    19677349.612    81754472.6590       -887.919          42.000  
R05  20487971.766   109519926.2370      -3920.362          37.000    20487973.371    85182231.1840      -3049.457          36.000  
G27  20884353.251   109748125.7720       1148.323          39.000                                                                  
G26  22917879.187   120434335.2080      -3571.523          34.000    22917878.405    93844880.8911      -2780.198          22.000  
G03  23875858.393   125468474.3560      -3722.791          27.000                                                                  
G07  23566391.629   123842333.6820       1610.083          37.000    23566393.966    96500446.0340       1254.590          26.000  
G31  23911302.847   125654744.2641      -2931.302          22.000                                                                  
C20  22472149.932   117018309.5200       -397.943          35.000  
C38  25282215.404   131651129.5491        -78.015          19.000  
C28  24892029.320   129619293.8620       1884.255          31.000  
C19  25151356.532   130969713.0091       2032.664          15.000  
R15  21997061.948   117545629.0381      -3343.817          18.000    21997063.675    91424386.9760      -2601.917          27.000  
R17  23175688.102   124017788.0651       1331.479          23.000    23175677.578    96458235.2911       1030.584          18.000  
R07  22721390.896   121629384.3721       3526.620          23.000                                                                  
G04  19941386.117   104792722.2710       -186.527          37.000    19941385.607    81656597.9380       -145.340          44.000  
G16  20457400.835   107504320.8350      -2665.271          39.000                                                                  
E28  24811351.249   130384537.4090       1638.758          32.000    24811349.396    99905021.6160       1255.697          33.000  
E19  22327636.459   117332521.4741        452.411          25.000    22327637.714    89904134.5720        347.924          28.000  
G09  20988449.454   110295050.7550       1824.114          39.000    20988465.443    85944257.2751       1421.049          25.000  
E27  25869827.341   135946903.8340      -2763.334          30.000    25869825.225   104167066.1661      -2116.875          25.000  
E29  24097822.290   126634850.8180      -1988.378          37.000    24097820.890    97031939.0990      -1523.566          35.000  
E23  25178026.759   132311435.2250       1730.712          34.000    25178019.082   101381448.5751       1330.469          22.000  
> 2026  7 21  2 40 10.9990000  0 34                           
E04  26910135.830   141413725.9580       2198.509          26.000                                                                  
S35  37952896.147   199443815.8480       -425.196          33.000  
S33  38215425.620   200823416.1730       -423.111          33.000  
S31  37513349.858   197133983.0790       -421.616          39.000  
G08  21769088.168   114397333.6620       2824.450          36.000                                                                  
E21  23262447.054   122245027.9230       -586.559          35.000    23262451.086    93668266.1430       -449.315          28.000  
C23  24141413.093   125710676.9460      -2523.588          30.000  
C13  25240103.312   131431874.2590       1049.780          32.000  
C12  22868533.465   119082406.8430        752.621          31.000  
C32  23638464.389   123091662.3840      -3360.401          34.000  
C37  22012020.162   114622369.1930       -746.321          29.000  
R06  19186190.027   102381281.7260       -200.153          40.000    19186190.652    79629758.2850       -155.515          39.000  
R09  21725082.509   116010711.9850       1685.124          27.000    21725077.451    90230550.7960       1310.250          35.000  
R16  19679491.382   105124228.5780      -1145.244          41.000    19679490.505    81763367.1910       -890.637          42.000  
R05  20495310.895   109559160.0920      -3926.148          36.000    20495313.041    85212746.3850      -3053.998          36.000  
G27  20882175.264   109736677.2480       1141.852          39.000                                                                  
G26  22924675.733   120470050.0740      -3572.121          34.000    22924677.734    93872722.1951      -2786.853          21.000  
G03  23882942.899   125505711.9750      -3722.276          26.000                                                                  
G07  23563327.531   123826232.1920       1610.248          37.000    23563328.995    96487892.5491       1255.216          25.000  
G31  23916893.365   125684122.8601      -2933.752          23.000                                                                  
C20  22472919.562   117022317.2820       -403.272          35.000  
C38  25282363.421   131651900.7651        -79.793          19.000  
C28  24888412.636   129600458.9910       1882.580          32.000  
R15  22003311.070   117579022.1051      -3334.462          16.000    22003323.456    91450405.2510      -2601.845          28.000  
R17  23173201.045   124004479.6231       1319.563          19.000    23173199.574    96447922.4881       1044.781          15.000  
R07  22714799.488   121594099.5581       3525.207          22.000                                                                  
G04  19941747.088   104794619.9540       -192.671          37.000    19941746.630    81658076.6710       -150.385          44.000  
G16  20462477.418   107530997.0670      -2669.501          40.000                                                                  
E28  24808235.481   130368161.0580       1636.565          32.000    24808233.259    99892473.5210       1253.791          33.000  
E19  22326778.130   117328010.9261        451.283          25.000    22326778.381    89900671.1190        345.391          29.000  
G09  20984983.418   110276836.4640       1819.223          38.000    20984991.700    85930032.2811       1418.461          25.000  
E27  25875087.356   135974536.9230      -2763.484          30.000    25875083.531   104188238.5411      -2117.488          26.000  
E29  24101609.401   126654751.2970      -1991.375          37.000    24101607.843    97047187.5240      -1526.143          34.000  
E23  25174735.738   132294139.2620       1728.400          34.000    25174728.328   101368198.1311       1326.517          22.000  
> 2026  7 21  2 40 20.9990000  0 34                           
E04  26905954.255   141391743.2391       2197.419          25.000                                                                  
S35  37953704.984   199448069.9610       -425.958          34.000  
S33  38216230.805   200827648.3160       -423.594          33.000  
S31  37514152.390   197138199.8900       -421.827          39.000  
G08  21763717.234   114369105.8560       2820.980          37.000                                                                  
E21  23263566.505   122250914.0360       -590.167          35.000    23263569.464    93672776.2870       -452.343          29.000  
C23  24146260.285   125735924.4460      -2525.253          29.000  
C13  25238091.829   131421397.7270       1045.701          33.000  
C12  22867094.366   119074912.2660        746.712          31.000  
C32  23644921.114   123125281.2010      -3363.477          34.000  
C37  22013462.504   114629841.8160       -748.074          32.000  
R06  19186573.088   102383327.6420       -209.467          40.000    19186573.752    79631349.5370       -162.681          39.000  
R09  21721917.923   115993880.6430       1681.784          28.000    21721925.254    90217459.7300       1307.971          34.000  
R16  19681637.965   105135698.6410      -1148.859          40.000    19681637.905    81772288.3490       -893.801          41.000  
R05  20502660.351   109598450.1430      -3931.543          35.000    20502662.737    85243305.3070      -3058.551          35.000  
G27  20880009.159   109725292.4710       1134.948          39.000                                                                  
G26  22931473.891   120505772.6880      -3572.495          34.000    22931478.219    93900569.2271      -2789.970          22.000  
G03  23890028.035   125542938.4620      -3722.688          26.000                                                                  
G07  23560263.030   123810128.7500       1610.254          38.000    23560262.691    96475336.4121       1255.322          23.000  
G31  23922482.932   125713495.3481      -2935.728          25.000                                                                  
C20  22473699.871   117026383.0400       -409.647          34.000  
C38  25282526.909   131652752.1301        -86.598          22.000  
C28  24884798.114   129581637.0090       1881.056          32.000  
R15  22009559.487   117612411.8581      -3338.260          12.000    22009583.757    91476423.0280      -2601.519          29.000  
R17  23170728.776   123991249.1541       1322.156          19.000    23170739.385    96437682.7101       1039.392          10.000  
R07  22708219.419   121558876.0831       3521.927          21.000                                                                  
G04  19942120.086   104796579.2200       -199.146          37.000    19942119.592    81659603.3620       -155.245          43.000  
G16  20467561.449   107557713.6690      -2674.011          40.000                                                                  
E28  24805122.207   130351801.6380       1634.665          31.000    24805120.186    99879938.4230       1252.457          33.000  
E19  22325927.291   117323539.6111        446.693          25.000    22325925.390    89897232.0000        343.240          29.000  
G09  20981526.172   110258668.2820       1814.490          37.000    20981529.990    85915857.2341       1414.189          26.000  
E27  25880350.862   136002182.3140      -2765.476          31.000    25880344.828   104209423.3301      -2117.921          26.000  
E29  24105402.688   126674684.0740      -1995.284          37.000    24105400.462    97062460.6620      -1528.300          33.000  
E23  25171450.333   132276869.3110       1725.510          34.000    25171442.348   101354967.0491       1320.766          23.000  
