     3.05           O: OBSERVATION      M: MIXED            RINEX VERSION / TYPE
PYRINEXCONV 0.1.2 ALDELTUNES            20260721 064058 UTC PGM / RUN BY / DATE
UNKN                                                        MARKER NAME
NONE                                                        MARKER TYPE
                                                            OBSERVER / AGENCY
                                                            REC # / TYPE / VERS
                                                            ANT # / TYPE
   114716.1723 -5419760.9292  3558076.1427                  APPROX POSITION XYZ
        0.0000        0.0000        0.0000                  ANTENNA: DELTA H/E/N
E    8 C1C L1C D1C S1C C7Q L7Q D7Q S7Q                      SYS / # / OBS TYPES
S    4 C1C L1C D1C S1C                                      SYS / # / OBS TYPES
G    8 C1C L1C D1C S1C C2L L2L D2L S2L                      SYS / # / OBS TYPES
C    4 C2I L2I D2I S2I                                      SYS / # / OBS TYPES
R    8 C1C L1C D1C S1C C2C L2C D2C S2C                      SYS / # / OBS TYPES
DBHZ                                                        SIGNAL STRENGTH UNIT
    10.000                                                  INTERVAL
  2026     7    21     6    31   20.0030000     GPS         TIME OF FIRST OBS
  2026     7    21     6    41   10.0030000     GPS         TIME OF LAST OBS
  8 R01  1 R08  6 R09 -2 R10 -7 R11  0 R19  3 R20  2 R21  4 GLONASS SLOT / FRQ
 C1C    0.000 C1P    0.000 C2C    0.000 C2P    0.000        GLONASS COD/PHS/BIS
    18        2428     2GPS                                 LEAPSECONDS
    39                                                      # OF SATELLITES
                                                            END OF HEADER
> 2026  7 21  6 31 20.0030000  0 34                           
E04  26052272.419   136905613.2410      -2405.933          33.000    26052268.205   104901688.0681      -1841.568          20.000  
S35  39068121.002   205304360.6670       -417.800          33.000  
S33  39325946.140   206659239.5970       -415.991          33.000  
S31  38619676.780   202947786.5510       -414.665          39.000  
G08  24324590.084   127826544.9050      -3759.607          32.000    24324600.845    99605158.1490      -2930.059          27.000  
E21  27986845.790   147071824.4770      -2091.845          28.000    27986845.769   112691419.9070      -1602.182          28.000  
C27  23548534.298   122623402.8170      -2007.411          38.000  
C30  22803515.988   118743897.7110       1202.993          35.000  
R01  24443912.411   130666720.5721       -507.962          25.000                                                                  
R10  21305438.317   113569978.0690       1057.932          30.000                                                                  
R09  21326166.033   113880562.3930      -1477.085          31.000    21326163.419    88573706.0350      -1148.032          32.000  
R08  23898151.588   127973516.3331      -3002.017          20.000    23898154.691    99534954.9000      -2329.652          27.000  
E31  25922792.321   136225151.9220        727.512          34.000    25922792.485   104380336.3250        558.257          32.000  
G07  21726304.326   114172414.8130      -1879.956          31.000    21726294.629    88965544.4471      -1465.599          18.000  
G17  22443815.340   117943033.2770       1511.256          31.000                                                                  
E06  26104414.727   137179692.4430      -1243.435          29.000    26104429.503   105111709.8900       -952.795          28.000  
C36  23748884.793   123666674.8171       1497.290          26.000  
C11  24815653.881   129221597.4860       2473.761          27.000  
R20  20457074.249   109393125.8040       1167.839          35.000    20457069.891    85083538.8780        908.035          41.000  
R21  22884832.200   122461384.5300       3744.861          30.000    22884820.717    95247676.2091       2912.976          22.000  
R19  22016139.156   117771397.6580      -3006.105          35.000    22016140.013    91600062.3340      -2337.404          32.000  
G30  21242379.740   111629444.4260        481.691          46.000    21242379.065    86983981.8830        374.750          32.000  
G02  22912729.475   120407218.0770      -1670.844          33.000                                                                  
E13  28117840.588   147760248.9321      -1574.912          19.000    28117830.599   113218864.6690      -1204.710          28.000  
G14  22220076.208   116767255.9740       1116.262          33.000    22220076.820    90987494.9770        869.243          29.000  
E09  26893574.776   141326669.5590         -4.568          30.000    26893570.602   108289257.7050         -3.017          32.000  
E28  26743418.895   140537608.3740      -3083.169          27.000    26743410.178   107684623.3120      -2362.219          25.000  
G01  22609092.992   118811650.7940        789.800          39.000    22609083.231    92580383.8350        615.509          27.000  
E26  26109112.045   137204282.7110        829.640          28.000    26109114.125   105130570.7920        635.541          38.000  
G22  23363037.619   122773512.4610       1242.032          34.000                                                                  
E23  24842126.440   130546188.0280       -855.906          32.000    24842107.350   100028871.3071       -654.007          22.000  
E33                                                                  27367294.720   110196751.4060       1899.263          26.000  
G20                                                                  25099750.617   102779282.0251        305.697          20.000  
R11                                                                  24319420.899   101076586.3831       1971.332          25.000  
> 2026  7 21  6 31 30.0030000  0 35                           
E04  26056854.495   136929681.6610      -2407.992          33.000    26056846.188   104920121.2731      -1852.208          17.000  
S35  39068914.931   205308532.4240       -417.213          33.000  
S33  39326737.838   206663400.9210       -416.061          33.000  
S31  38620465.557   202951932.2000       -414.558          39.000  
G08  24331746.138   127864145.9980      -3760.133          33.000    24331753.194    99634461.6851      -2930.113          26.000  
E21  27990825.194   147092737.1740      -2091.192          28.000    27990825.155   112707443.9770      -1602.608          29.000  
C27  23552392.224   122643491.8740      -2011.224          38.000  
C30  22801210.012   118731890.4280       1198.214          33.000  
R01  24444866.730   130671822.0661       -515.347          26.000                                                                  
R10  21303454.830   113559405.1820       1056.504          31.000                                                                  
R09  21328934.662   113895344.7690      -1479.293          31.000    21328931.077    88585203.5040      -1151.085          32.000  
R08  23903750.744   128003499.1321      -3002.396          20.000    23903748.522    99558267.6331      -2331.321          25.000  
E31  25921407.456   136217874.2470        727.010          34.000    25921407.771   104374759.9690        557.258          32.000  
G07  21729886.389   114191238.4640      -1885.309          30.000    21729870.051    88980185.1271      -1465.455          20.000  
G17  22440941.494   117927932.1380       1507.585          32.000                                                                  
E06  26106786.013   137192145.8450      -1248.077          29.000    26106799.734   105121252.0870       -956.135          28.000  
C36  23746014.195   123651727.0991       1496.391          26.000  
C11  24810914.598   129196942.6551       2471.293          27.000  
R20  20454898.801   109381489.2800       1159.430          35.000    20454894.158    85074488.2560        901.565          41.000  
R21  22877837.235   122423951.0490       3740.019          31.000    22877829.012    95218576.1581       2906.766          23.000  
R19  22021764.071   117801486.1420      -3012.507          35.000    22021764.269    91623464.5570      -2342.931          30.000  
G30  21241468.231   111624653.4120        476.281          46.000    21241466.347    86980248.6040        370.782          32.000  
G02  22915914.262   120423952.6640      -1676.285          33.000                                                                  
E13  28120841.806   147776020.2471      -1580.725          20.000    28120827.728   113230927.7440      -1207.675          28.000  
G14  22217953.481   116756101.1930       1115.476          31.000    22217952.616    90978802.9480        868.477          29.000  
E09  26893584.459   141326723.9570         -8.380          30.000    26893580.498   108289299.4100         -6.097          31.000  
E28  26749285.277   140568440.4030      -3083.598          27.000    26749277.395   107708247.8420      -2362.534          26.000  
E19  27636737.112   145232032.7821      -3412.478          17.000                                                                  
G01  22607594.897   118803777.1140        784.645          39.000    22607586.075    92574248.5490        611.137          28.000  
E26  26107534.794   137196003.5500        826.075          27.000    26107538.486   105124227.0430        632.499          38.000  
G22  23360674.066   122761089.8010       1242.201          33.000                                                                  
E23  24843755.405   130554742.5650       -855.593          33.000    24843734.923   100035425.3621       -654.767          19.000  
E33                                                                  27362577.801   110177758.4390       1898.887          26.000  
G20                                                                  25099004.384   102776226.3751        295.469          22.000  
R11                                                                  24314674.073   101056857.8901       1971.382          25.000  
> 2026  7 21  6 31 40.0030000  0 32                           
E04  26061442.268   136953780.1380      -2411.299          33.000    26061428.726   104938573.9251      -1848.417          17.000  
S35  39069708.751   205312703.5150       -417.492          33.000  
S33  39327529.931   206667561.5300       -416.291          33.000  
S31  38621254.563   202956076.3290       -414.322          39.000  
G08  24338902.647   127901750.4990      -3760.713          33.000    24338909.963    99663756.8210      -2930.016          26.000  
E21  27994805.720   147113649.4960      -2091.353          28.000    27994805.075   112723467.6620      -1602.565          28.000  
C27  23556258.427   122663624.1960      -2015.147          38.000  
C30  22798912.515   118719928.6600       1194.311          31.000  
R10  21301475.221   113548853.1570       1054.758          31.000                                                                  
R09  21331710.756   113910164.4740      -1483.258          31.000    21331705.781    88596729.9280      -1154.027          31.000  
R08  23909352.981   128033498.9041      -3006.999          19.000    23909350.650    99581600.6001      -2337.106          23.000  
G20  25098272.005   131892308.6211        387.869          19.000    25098269.225   102773216.0831        299.221          22.000  
E31  25920022.986   136210600.7900        727.583          33.000    25920023.875   104369186.8350        557.130          32.000  
G07  21733477.811   114210115.7660      -1889.203          30.000    21733464.707    88994904.2281      -1471.552          22.000  
G17  22438075.048   117912873.7250       1504.213          33.000                                                                  
E06  26109166.394   137204641.8520      -1252.533          30.000    26109176.676   105130826.9350       -959.397          28.000  
C36  23743137.255   123636745.7761       1495.249          26.000  
C11  24806177.135   129172273.2281       2468.234          26.000  
R20  20452738.594   109369937.1540       1150.997          35.000    20452734.199    85065503.2360        895.403          42.000  
R21  22870848.053   122386549.2040       3738.657          32.000    22870837.309    95189475.9821       2906.028          24.000  
R19  22027402.164   117831644.0570      -3019.095          34.000    22027401.668    91646920.6800      -2346.810          30.000  
G30  21240567.152   111619916.8730        471.012          46.000    21240563.642    86976557.7630        367.820          31.000  
G02  22919110.415   120440748.0690      -1682.538          35.000                                                                  
E33  27357866.372   143766557.9611       2475.723          20.000    27357862.023   110158769.7820       1898.963          26.000  
E13  28123845.910   147791807.0291      -1597.299          19.000    28123833.069   113243023.7990      -1211.249          28.000  
G14  22215832.334   116744957.6930       1114.358          31.000    22215831.219    90970119.6470        868.086          29.000  
E09  26893602.631   141326824.2590        -12.920          30.000    26893599.509   108289376.2640         -9.337          31.000  
E28  26755157.420   140599285.2000      -3085.237          27.000    26755147.933   107731882.1140      -2363.519          25.000  
G01  22606107.477   118795960.4080        779.145          39.000    22606099.430    92568157.6460        607.118          28.000  
E26  26105967.806   137187785.9861        823.421          24.000    26105970.347   105117914.2680        629.885          38.000  
G22  23358311.455   122748675.3950       1240.373          30.000                                                                  
E23  24845384.684   130563302.6190       -855.813          33.000    24845393.418   100042103.7071       -655.884          24.000  
> 2026  7 21  6 31 50.0030000  0 33                           
E04  26066035.257   136977908.1140      -2414.686          33.000    26066016.149   104957045.6801      -1857.269          14.000  
S35  39070501.755   205316873.0200       -417.525          33.000  
S33  39328321.314   206671720.5890       -415.553          33.000  
S31  38622042.960   202960219.0160       -414.321          39.000  
G08  24346059.711   127939357.8020      -3761.259          33.000    24346065.697    99693061.2650      -2930.688          26.000  
E21  27998784.803   147134560.8280      -2091.178          28.000    27998784.264   112739490.6340      -1602.263          28.000  
C27  23560132.711   122683799.2670      -2019.801          38.000  
C30  22796623.168   118708012.1000       1188.958          30.000  
R01  24446814.424   130682232.8891       -528.603          24.000                                                                  
R10  21299500.280   113538321.8760       1051.768          32.000                                                                  
R09  21334493.109   113925002.2490      -1488.044          30.000    21334487.246    88608284.4230      -1156.772          32.000  
R08  23914964.585   128063548.9491      -3011.106          20.000    23914957.019    99604950.8191      -2338.558          21.000  
E31  25918639.980   136203331.2010        726.761          33.000    25918641.039   104363616.6320        556.461          32.000  
G07  21737079.771   114229046.2500      -1895.796          28.000    21737070.514    89009669.6441      -1474.710          24.000  
G17  22435217.030   117897857.9650       1499.532          33.000                                                                  
E06  26111553.502   137217179.9640      -1256.200          30.000    26111564.217   105140434.1430       -962.782          28.000  
C36  23740260.869   123621767.3211       1493.473          26.000  
C11  24801439.376   129147602.3101       2465.977          26.000  
R20  20450593.468   109358469.0230       1142.665          33.000    20450589.902    85056583.6030        888.491          42.000  
R21  22863864.486   122349178.7470       3735.124          32.000    22863861.045    95160441.2461       2906.856          25.000  
R19  22033052.200   117861868.1420      -3025.882          33.000    22033051.314    91670428.4330      -2354.782          31.000  
G30  21239676.170   111615234.3860        465.552          46.000    21239671.466    86972909.0910        362.738          31.000  
G02  22922317.905   120457603.6490      -1688.492          36.000                                                                  
E33  27353159.251   143741821.9011       2474.267          21.000    27353146.544   110139785.2320       1897.704          26.000  
E13  28126851.799   147807603.4191      -1584.214          19.000    28126844.299   113255152.4240      -1214.591          29.000  
G14  22213712.183   116733824.9110       1112.576          30.000    22213711.542    90961444.8160        866.526          28.000  
E09  26893629.219   141326969.9010        -16.671          30.000    26893626.988   108289487.8270        -12.384          31.000  
E28  26761027.318   140630142.1580      -3086.861          28.000    26761020.114   107755525.7330      -2364.697          26.000  
G01  22604630.811   118788200.2800        773.064          39.000    22604623.209    92562110.8120        602.355          28.000  
E26  26104387.004   137179479.3441        817.866          23.000    26104409.954   105111632.2290        626.486          38.000  
G22  23355950.636   122736268.7200       1240.579          30.000                                                                  
E23  24847014.629   130571867.7900       -857.137          34.000    24847022.112   100048661.5461       -656.079          26.000  
G20                                                                  25097547.431   102770260.2881        294.143          23.000  
> 2026  7 21  6 32  0.0030000  0 33                           
E04  26070632.564   137002064.2940      -2416.738          32.000                                                                  
S35  39071295.025   205321039.5100       -416.279          33.000  
S33  39329112.145   206675876.5220       -415.563          33.000  
S31  38622830.665   202964359.1800       -413.379          39.000  
G08  24353217.018   127976966.6920      -3761.124          33.000    24353219.951    99722366.8600      -2930.579          26.000  
E21  28002764.673   147155470.0740      -2090.381          28.000    28002763.447   112755512.0060      -1602.431          28.000  
C27  23564015.106   122704015.7910      -2023.337          38.000  
C30  22794342.330   118696139.5170       1185.275          29.000  
R01  24447817.896   130687597.2931       -536.554          23.000                                                                  
R10  21297528.740   113527809.9030       1050.719          33.000                                                                  
R09  21337281.498   113939895.2250      -1488.653          30.000    21337275.278    88619866.3650      -1158.598          32.000  
R08  23920583.557   128093638.1771      -3018.032          20.000    23920569.784    99628327.6661      -2336.291          19.000  
E31  25917257.848   136196064.2170        726.786          33.000    25917258.320   104358048.4170        557.010          31.000  
G07  21740689.095   114248028.6240      -1900.215          26.000    21740687.444    89024480.5891      -1480.209          25.000  
G17  22432366.962   117882883.4510       1495.363          33.000                                                                  
E06  26113947.453   137229759.0510      -1260.384          30.000    26113958.792   105150072.5910       -965.272          28.000  
C36  23737392.471   123606829.7320       1492.671          28.000  
C11  24796708.828   129122969.9621       2463.203          25.000  
R20  20448463.303   109347083.8100       1134.513          32.000    20448461.012    85047728.4310        882.512          42.000  
R21  22856886.771   122311838.7470       3732.568          33.000                                                                  
R19  22038714.606   117892155.3060      -3031.619          32.000    22038712.502    91693985.0380      -2358.040          31.000  
G30  21238795.209   111610604.8400        460.600          46.000    21238789.877    86969301.6140        359.440          31.000  
G02  22925537.528   120474518.0820      -1693.915          36.000                                                                  
E33  27348443.553   143717040.2501       2481.665          22.000    27348432.047   110120803.7600       1897.958          25.000  
E13  28129871.899   147823473.7811      -1597.679          18.000    28129863.884   113267312.7130      -1217.778          29.000  
G14  22211594.809   116722701.7430       1111.542          31.000    22211594.062    90952777.3920        866.081          28.000  
E09  26893664.364   141327159.7630        -21.216          30.000    26893662.969   108289633.3370        -16.167          31.000  
E28  26766901.026   140661009.8850      -3087.374          27.000    26766894.702   107779177.6560      -2365.515          26.000  
G01  22603164.796   118780495.5710        767.886          38.000    22603157.911    92556107.1770        597.985          28.000  
E26  26102810.074   137171192.7151        816.408          19.000    26102857.148   105105379.9320        624.346          37.000  
G22  23353591.628   122723947.5650       1240.478          31.000                                                                  
E23  24848644.899   130580436.7130       -856.726          34.000    24848651.239   100055221.7030       -656.567          27.000  
G20                                                                  25096833.849   102767338.8261        294.838          23.000  
> 2026  7 21  6 32 10.0030000  0 33                           
E04  26075236.652   137026247.5170      -2419.595          31.000                                                                  
S35  39072086.695   205325202.1930       -415.813          33.000  
S33  39329902.247   206680029.1130       -415.776          33.000  
S31  38623617.928   202968495.2470       -413.276          39.000  
G08  24360373.868   128014575.9500      -3761.047          33.000    24360376.387    99751668.7561      -2930.126          26.000  
E21  28006745.716   147176376.1390      -2090.779          29.000    28006741.755   112771530.8870      -1601.891          28.000  
C27  23567905.042   122724272.6630      -2027.756          37.000  
C30  22792070.564   118684309.8490       1180.198          28.000  
R01  24448824.950   130692980.7281       -539.883          22.000                                                                  
R10  21295561.264   113517316.0820       1048.653          34.000                                                                  
R09  21340076.718   113954820.6090      -1494.319          30.000    21340070.494    88631474.9760      -1162.096          32.000  
R08  23926211.192   128123773.8271      -3019.680          19.000    23926198.153    99651770.0841      -2356.627          15.000  
G20  25096133.433   131881070.6101        366.383          22.000    25096131.684   102764463.6011        283.949          24.000  
E31  25915874.839   136188798.6900        726.142          33.000    25915876.305   104352481.3600        556.900          31.000  
G07  21744308.029   114267061.9370      -1906.648          25.000    21744307.830    89039304.7201      -1485.524          26.000  
G17  22429524.082   117867949.0820       1491.147          33.000                                                                  
E06  26116346.730   137242377.8810      -1263.671          30.000    26116359.898   105159741.6000       -968.559          28.000  
C36  23734525.295   123591905.8470       1491.612          30.000  
C11  24791985.172   129098371.9111       2462.065          26.000  
R20  20446349.190   109335780.2940       1126.454          32.000    20446347.294    85038936.8350        875.767          42.000  
R21  22849913.733   122274528.0590       3729.505          33.000                                                                  
R19  22044389.194   117922508.6720      -3038.872          32.000    22044386.203    91717593.1900      -2364.071          30.000  
G30  21237923.992   111606027.1510        455.002          46.000    21237918.648    86965734.5930        355.223          31.000  
G02  22928767.522   120491490.1870      -1700.081          37.000                                                                  
E33  27343725.156   143692244.6141       2475.108          23.000    27343717.462   110101818.6361       1897.468          25.000  
G14  22209480.030   116711587.0530       1110.627          32.000    22209478.639    90944116.6230        865.649          28.000  
E09  26893707.462   141327392.6100        -25.493          29.000    26893707.166   108289811.7600        -19.489          31.000  
E28  26772777.808   140691887.3370      -3088.141          27.000    26772771.430   107802855.9401      -2366.915          26.000  
G01  22601708.962   118772845.2420        762.384          38.000    22601700.127    92550187.8810        594.083          28.000  
E26  26101262.975   137163062.3991        804.522          20.000    26101311.523   105099156.6490        620.888          37.000  
G22  23351232.619   122711552.9270       1238.960          29.000                                                                  
E23  24850275.212   130589008.4130       -857.429          34.000    24850280.524   100061789.5870       -656.561          27.000  
E13                                                                  28132891.507   113279503.6850      -1220.874          29.000  
> 2026  7 21  6 32 20.0030000  0 34                           
E04  26079845.598   137050461.6590      -2422.880          29.000                                                                  
S35  39072878.894   205329365.1620       -416.349          33.000  
S33  39330691.844   206684180.9090       -414.555          32.000  
S31  38624405.120   202972631.5320       -413.575          39.000  
G08  24367531.649   128052189.4220      -3761.895          34.000    24367531.657    99780967.9171      -2930.497          26.000  
E21  28010724.481   147197282.8010      -2090.424          28.000    28010720.385   112787550.2730      -1601.911          28.000  
C27  23571803.504   122744573.6140      -2032.031          37.000  
C30  22789808.749   118672526.9900       1175.815          28.000  
C37  26582171.760   138420343.3461      -2777.067          23.000  
R01  24449846.789   130698443.3581       -543.271          21.000                                                                  
R10  21293597.985   113506844.5570       1046.332          34.000                                                                  
R09  21342879.839   113969783.8060      -1498.232          30.000    21342873.170    88643113.0350      -1165.254          32.000  
R08  23931846.423   128153949.9601      -3021.654          20.000                                                                  
E31  25914494.232   136181538.5600        725.891          34.000    25914494.506   104346918.4050        556.151          30.000  
G07  21747928.845   114286137.2281      -1911.525          25.000    21747939.722    89054177.5590      -1489.311          27.000  
G17  22426689.148   117853058.7500       1486.770          32.000                                                                  
E06  26118755.117   137255040.3610      -1268.210          30.000    26118771.472   105169444.0340       -972.010          28.000  
C36  23731661.434   123576995.5530       1490.225          31.000  
C11  24787263.058   129073783.0941       2459.858          24.000  
R20  20444250.793   109324562.7050       1118.041          32.000    20444249.914    85030212.0310        868.842          42.000  
R21  22842947.507   122237250.8900       3726.170          32.000                                                                  
R19  22050076.368   117952929.5060      -3045.378          32.000    22050072.218    91741253.7720      -2368.366          29.000  
G30  21237063.373   111601505.2700        449.438          47.000    21237058.697    86962211.0950        349.863          31.000  
G02  22932008.966   120508523.7910      -1706.173          37.000                                                                  
E33  27339006.275   143667447.0301       2472.188          24.000    27339005.995   110082847.9441       1897.092          24.000  
G14  22207368.307   116700484.7990       1109.592          32.000    22207364.806    90935465.4850        864.643          28.000  
E09  26893760.859   141327672.4450        -30.180          30.000    26893760.277   108290026.2160        -22.762          31.000  
E28  26778656.258   140722778.3190      -3089.790          26.000    26778651.797   107826533.6611      -2367.691          26.000  
G01  22600264.325   118765253.2690        755.982          37.000    22600252.146    92544272.0630        589.735          27.000  
E26  26099740.898   137155063.7251        807.389          22.000    26099773.574   105092965.3790        617.408          37.000  
G22  23348875.799   122699167.5320       1238.295          25.000                                                                  
E23  24851906.775   130597586.6790       -858.322          34.000    24851912.233   100068362.5960       -657.794          28.000  
E13                                                                  28135927.596   113291728.3220      -1223.167          29.000  
G20                                                                  25095435.666   102761613.4221        283.292          23.000  
> 2026  7 21  6 32 30.0030000  0 33                           
E04  26084460.526   137074704.4750      -2425.467          27.000                                                                  
S35  39073671.145   205333525.8120       -417.084          33.000  
S33  39331482.126   206688331.9210       -415.592          33.000  
S31  38625191.676   202976765.9260       -413.559          39.000  
G08  24374690.355   128089804.9630      -3762.012          34.000    24374690.349    99810281.6891      -2931.123          26.000  
E21  28014703.185   147218188.1850      -2090.586          29.000    28014698.999   112803584.6530      -1602.062          28.000  
C27  23575709.791   122764916.5570      -2036.323          36.000  
C30  22787556.166   118660788.9670       1171.059          29.000  
C37  26587505.337   138448117.1391      -2778.158          25.000  
R01  24450886.122   130703998.7631       -567.828          21.000                                                                  
R10  21291636.788   113496393.1970       1044.255          34.000                                                                  
R09  21345690.107   113984783.1590      -1501.165          30.000    21345682.776    88654779.2310      -1168.507          32.000  
R08  23937486.915   128184155.2841      -3020.635          20.000    23937512.938    99698895.4711      -2352.196          13.000  
G20  25094746.181   131873780.8061        355.937          22.000    25094749.781   102758804.3711        280.262          24.000  
E31  25913114.817   136174281.7070        724.915          35.000    25913113.253   104341357.9540        556.060          30.000  
G07  21751571.279   114305272.7040      -1917.107          27.000    21751583.960    89069086.2420      -1494.050          28.000  
G17  22423862.447   117838210.3080       1482.076          31.000                                                                  
E06  26121171.136   137267744.3790      -1272.922          29.000    26121189.135   105179178.2460       -975.535          29.000  
C36  23728799.515   123562096.9430       1488.933          31.000  
C11  24782543.814   129049208.4741       2461.832          21.000  
R20  20442168.496   109313428.8950       1108.751          33.000    20442167.918    85021552.3870        862.448          42.000  
R21  22835986.024   122200005.2120       3723.165          31.000                                                                  
R19  22055775.754   117983413.7060      -3051.966          32.000    22055768.834    91764963.7770      -2374.180          28.000  
G30  21236213.245   111597037.2080        443.785          47.000    21236209.181    86958729.4520        345.313          31.000  
G02  22935261.254   120525616.9190      -1712.384          37.000                                                                  
E33  27334296.559   143642697.7311       2473.417          25.000    27334295.343   110063880.1921       1896.137          24.000  
G14  22205258.169   116689392.8770       1108.291          33.000    22205253.536    90926822.4540        863.589          28.000  
E09  26893822.783   141327997.2840        -35.420          30.000    26893821.480   108290275.0680        -26.552          30.000  
E28  26784534.998   140753680.5251      -3090.933          26.000    26784533.926   107850219.0121      -2370.292          25.000  
G01  22598830.151   118757717.6280        750.288          36.000    22598815.650    92538379.2000        584.518          27.000  
E26  26098242.631   137147190.3081        807.912          25.000    26098243.401   105086804.5460        614.398          37.000  
E23  24853539.286   130606169.5070       -858.854          33.000    24853543.910   100074939.0460       -658.112          28.000  
E13                                                                  28138971.200   113303985.2000      -1227.478          29.000  
> 2026  7 21  6 32 40.0030000  0 34                           
E04  26089084.638   137099064.1461      -2428.117          25.000                                                                  
S35  39074463.008   205337686.1260       -415.446          33.000  
S33  39332271.827   206692481.1710       -414.704          33.000  
S31  38625978.225   202980899.4220       -413.488          39.000  
G08  24381848.830   128127423.6700      -3762.019          34.000    24381848.297    99839591.9411      -2931.222          25.000  
E21  28018679.502   147239093.3820      -2090.319          29.000    28018676.240   112819602.9230      -1602.161          28.000  
C27  23579624.599   122785302.6270      -2040.363          36.000  
C30  22785312.238   118649096.8820       1167.099          28.000  
C37  26592849.804   138475947.2501      -2779.678          26.000  
R01  24451942.174   130709644.1841       -566.032          22.000                                                                  
R10  21289680.254   113485963.9130       1041.621          34.000                                                                  
R09  21348507.451   113999819.7370      -1504.613          30.000    21348499.273    88666474.3880      -1171.665          31.000  
R08  23943130.495   128214376.1181      -3023.816          19.000                                                                  
E31  25911735.835   136167029.3080        724.976          35.000    25911732.440   104335800.9850        555.676          29.000  
G07  21755227.815   114324466.4480      -1922.046          29.000    21755238.024    89084042.7870      -1498.120          28.000  
G17  22421044.398   117823405.1440       1478.314          29.000                                                                  
E06  26123597.339   137280491.0100      -1276.742          28.000    26123616.337   105188945.1820       -978.457          29.000  
C36  23725940.605   123547211.1920       1487.870          32.000  
C11  24777804.910   129024532.2721       2449.324          21.000  
R20  20440103.048   109302380.1640       1100.890          34.000    20440101.733    85012958.9610        855.960          41.000  
R21  22829029.921   122162792.5500       3719.621          30.000    22829031.541    95015487.3260       2892.884          27.000  
R19  22061487.952   118013966.6660      -3058.583          30.000    22061479.917    91788727.1060      -2378.688          28.000  
G30  21235373.581   111592624.1960        438.613          47.000    21235369.922    86955290.7250        341.896          31.000  
G02  22938525.738   120542770.6850      -1718.683          38.000                                                                  
E33  27329586.775   143617946.8571       2473.785          26.000    27329584.728   110044912.2551       1896.319          23.000  
G14  22203150.417   116678312.5630       1107.085          34.000    22203144.643    90918188.4240        862.670          28.000  
E09  26893892.170   141328368.1400        -39.461          29.000    26893891.975   108290559.2480        -29.991          30.000  
E28  26790415.359   140784582.3041      -3091.809          25.000    26790415.766   107873901.9411      -2369.250          26.000  
G01  22597406.657   118750239.6030        745.045          36.000    22597391.202    92532552.1870        580.495          26.000  
E26  26096731.857   137139227.9240        798.180          27.000    26096720.855   105080675.1170        611.521          36.000  
G22  23344173.674   122674460.3301       1243.619          20.000                                                                  
E23  24855172.654   130614758.0450       -858.739          33.000    24855177.736   100081519.9000       -658.514          28.000  
E13                                                                  28142023.000   113316274.9810      -1230.573          28.000  
G20                                                                  25094077.974   102756054.3591        282.195          24.000  
> 2026  7 21  6 32 50.0030000  0 33                           
E04  26093718.136   137123413.9671      -2433.907          20.000                                                                  
S35  39075254.282   205341845.4350       -416.561          33.000  
S33  39333060.964   206696629.7840       -415.416          33.000  
S31  38626764.587   202985032.6650       -413.243          39.000  
G08  24389008.394   128165045.9600      -3762.646          34.000    24389006.382    99868903.9981      -2933.546          25.000  
E21  28022658.755   147259998.8260      -2090.395          29.000    28022655.605   112835621.3740      -1602.240          28.000  
C27  23583548.058   122805732.1770      -2045.044          35.000  
C30  22783077.144   118637451.3470       1161.984          28.000  
C37  26598188.347   138503746.5180      -2782.406          27.000  
R01  24453008.413   130715343.9471       -576.506          21.000                                                                  
R10  21287727.600   113475556.4220       1038.657          35.000                                                                  
R09  21351331.061   114014894.2620      -1509.908          30.000    21351322.939    88678198.9400      -1173.878          31.000  
R08  23948791.961   128244692.9541      -3024.013          17.000                                                                  
E31  25910356.712   136159781.7740        724.441          35.000    25910352.762   104330247.7180        554.858          27.000  
G07  21758895.190   114343714.8480      -1928.119          32.000    21758899.702    89099041.5420      -1502.379          27.000  
E06  26126031.279   137293280.8200      -1281.965          27.000    26126048.493   105198745.0730       -981.937          29.000  
C36  23723084.383   123532338.7090       1486.882          33.000  
C11  24773088.319   128999971.5211       2450.305          25.000  
R20  20438053.442   109291417.0220       1091.475          34.000    20438051.414    85004432.0550        849.031          41.000  
R21  22822081.220   122125613.2370       3716.396          30.000    22822081.810    94986570.0580       2890.365          27.000  
R19  22067212.789   118044586.5050      -3065.518          28.000    22067202.440    91812542.5350      -2383.772          27.000  
G30  21234544.296   111588266.7400        432.706          47.000    21234541.761    86951895.3040        337.311          32.000  
G02  22941801.347   120559985.4270      -1725.095          38.000                                                                  
E33  27324877.428   143593211.5880       2473.918          27.000    27324875.609   110025950.5901       1895.658          23.000  
G14  22201043.802   116667244.2340       1106.259          35.000    22201037.548    90909563.7220        862.139          28.000  
E09  26893970.443   141328785.6140        -45.095          30.000    26893971.071   108290879.1060        -33.604          29.000  
E28  26796303.334   140815523.9031      -3093.168          24.000    26796303.979   107897611.7281      -2370.416          26.000  
G01  22595994.314   118742819.6390        739.229          35.000    22595979.530    92526756.4740        575.409          27.000  
E26  26095217.064   137131269.9390        793.708          28.000    26095206.474   105074577.4840        608.032          36.000  
G22  23341828.453   122662135.8331       1240.855          21.000                                                                  
E23  24856806.316   130623352.7700       -860.155          33.000    24856813.086   100088105.4700       -659.235          28.000  
E13                                                                  28145083.383   113328598.0500      -1233.739          28.000  
G20                                                                  25093411.657   102753325.1061        267.672          24.000  
> 2026  7 21  6 33  0.0030000  0 31                           
S35  39076045.905   205346005.3930       -416.987          33.000  
S33  39333850.690   206700779.2240       -414.282          33.000  
S31  38627551.066   202989165.6950       -413.366          39.000  
G08  24396168.385   128202672.3150      -3762.473          34.000    24396167.018    99898225.2281      -2932.587          25.000  
E21  28026637.503   147280905.1850      -2090.520          29.000    28026634.187   112851640.4870      -1601.973          28.000  
C27  23587480.080   122826205.7560      -2049.587          35.000  
C30  22780850.599   118625852.9370       1157.194          27.000  
C37  26603533.687   138531582.4350      -2783.365          27.000  
R01  24454095.545   130721154.7591       -581.762          23.000                                                                  
R10  21285779.637   113465171.8330       1037.438          35.000                                                                  
R09  21354161.646   114030007.0700      -1513.198          30.000    21354153.567    88689953.3160      -1175.810          30.000  
R08  23954456.169   128275024.2091      -3021.909          12.000                                                                  
E31  25908979.409   136152539.7470        723.903          34.000    25908974.112   104324698.6250        554.559          27.000  
G07  21762570.527   114363017.8840      -1933.154          34.000    21762575.729    89114109.8520      -1506.414          27.000  
E06  26128474.290   137306114.1420      -1285.381          25.000    26128491.577   105208578.4100       -984.970          28.000  
C36  23720230.861   123517480.2630       1485.490          34.000  
C11  24768379.808   128975453.3161       2448.156          26.000  
R20  20436019.445   109280540.1140       1083.455          34.000    20436017.327    84995972.2600        842.758          41.000  
R21  22815139.337   122088468.1680       3713.201          31.000    22815138.767    94957679.4320       2887.978          28.000  
R19  22072949.777   118075271.3840      -3071.826          25.000    22072937.282    91836408.6220      -2389.030          27.000  
G30  21233725.919   111583965.4770        427.205          47.000    21233723.843    86948543.6520        333.028          32.000  
G02  22945088.486   120577261.7470      -1730.962          38.000                                                                  
E33  27320176.624   143568475.1010       2473.322          27.000    27320168.106   110006995.6301       1894.288          23.000  
G14  22198938.786   116656188.5640       1104.973          36.000    22198932.287    90900948.9520        860.716          28.000  
E09  26894058.352   141329250.1220        -48.377          29.000    26894059.148   108291235.1220        -38.200          30.000  
E28  26802192.100   140846469.8551      -3092.941          22.000    26802193.156   107921324.8121      -2370.363          26.000  
G01  22594591.910   118735458.5060        732.907          35.000    22594579.989    92521020.4730        571.172          28.000  
E26  26093707.788   137123354.0810        789.402          29.000    26093699.842   105068512.0740        605.031          36.000  
E23  24858442.172   130631954.2410       -860.617          32.000    24858448.308   100094696.1470       -658.978          28.000  
E13                                                                  28148151.773   113340954.9310      -1237.569          28.000  
G20                                                                  25092759.331   102750654.3601        262.392          23.000  
> 2026  7 21  6 33 10.0030000  0 31                           
S35  39076836.923   205350162.2160       -416.308          33.000  
S33  39334639.558   206704925.4070       -413.816          33.000  
S31  38628337.286   202993296.4980       -413.355          39.000  
G08  24403329.324   128240299.8140      -3762.635          35.000    24403328.193    99927549.3841      -2930.311          24.000  
E21  28030614.695   147301809.5160      -2090.208          28.000    28030611.384   112867658.0790      -1601.648          28.000  
C27  23591419.743   122846720.3740      -2053.322          35.000  
C30  22778631.516   118614298.7510       1153.496          27.000  
C37  26608881.650   138559432.7670      -2784.850          27.000  
R01  24455193.479   130727024.1761       -600.325          25.000                                                                  
R10  21283835.473   113454807.2500       1034.740          35.000                                                                  
R09  21356999.551   114045155.3810      -1516.448          31.000    21356991.003    88701735.3600      -1179.573          29.000  
E31  25907602.098   136145300.2930        723.542          34.000    25907596.306   104319151.5360        554.016          26.000  
G07  21766254.982   114382372.6690      -1938.403          36.000    21766259.771    89129191.5380      -1510.185          27.000  
E06  26130923.295   137318928.1861      -1289.711          24.000    26130940.997   105218442.9530       -987.915          28.000  
C36  23717380.093   123502632.9830       1484.246          35.000  
C11  24763673.380   128950970.3600       2445.538          28.000  
R20  20434001.779   109269746.7200       1074.422          35.000    20433998.601    84987577.4100        836.211          40.000  
R21  22808203.791   122051354.5090       3709.196          32.000    22808202.555    94928813.1860       2885.677          28.000  
R19  22078688.552   118106096.0211      -3081.697          20.000    22078684.717    91860326.2320      -2394.694          28.000  
G30  21232917.573   111579717.5830        421.921          47.000    21232915.880    86945233.6110        328.971          32.000  
G02  22948386.778   120594596.6910      -1736.675          39.000                                                                  
E33  27315466.669   143543743.3620       2472.671          27.000    27315461.627   109988044.9441       1891.100          22.000  
G14  22196836.899   116645142.6470       1103.612          37.000    22196829.177    90892341.7320        860.110          29.000  
E09  26894155.015   141329758.9690        -52.986          29.000    26894155.591   108291625.0340        -41.102          29.000  
E28  26808083.836   140877430.6031      -3092.779          21.000    26808084.448   107945046.8021      -2371.304          26.000  
G01  22593200.972   118728153.2670        727.608          34.000    22593193.672    92515328.1510        566.815          28.000  
E26  26092200.071   137115477.4220        785.733          29.000    26092200.955   105062476.7930        601.967          36.000  
G22  23337118.676   122637385.7341       1233.844          23.000                                                                  
E23  24860078.799   130640559.5650       -860.623          32.000    24860085.466   100101289.9280       -659.937          28.000  
E13                                                                  28151228.229   113353343.1810      -1240.198          27.000  
G20                                                                  25092114.537   102748014.4411        258.816          23.000  
> 2026  7 21  6 33 20.0030000  0 33                           
S35  39077628.467   205354322.4850       -416.762          33.000  
S33  39335429.490   206709075.8130       -415.369          32.000  
S31  38629124.213   202997430.7440       -414.263          39.000  
G08  24410491.443   128277934.6580      -3764.434          35.000    24410493.491    99956890.2041      -2934.570          24.000  
E21  28034592.160   147322718.2460      -2092.255          26.000    28034591.321   112883679.0020      -1602.573          28.000  
C27  23595368.608   122867282.2580      -2058.277          35.000  
C30  22776422.226   118602795.1080       1147.778          28.000  
C37  26614234.356   138587299.7780      -2787.915          27.000  
R01  24456304.780   130732964.2751       -598.501          24.000                                                                  
R10  21281896.279   113444468.9530       1032.629          35.000                                                                  
R09  21359844.925   114060345.3830      -1521.557          32.000    21359836.308    88713549.7770      -1183.466          28.000  
G20  25091489.710   131856667.7701        327.647          25.000    25091482.731   102745427.1461        255.969          23.000  
E31  25906226.784   136138069.6780        722.352          33.000    25906219.681   104313611.2610        553.278          25.000  
G07  21769949.239   114401785.5200      -1944.433          37.000    21769956.624    89144318.4800      -1515.544          27.000  
G17  22409915.958   117764903.1421       1461.914          27.000                                                                  
E06  26133380.286   137331840.0101      -1294.854          21.000    26133399.163   105228343.5100       -992.353          28.000  
C36  23714532.829   123487803.1360       1482.571          35.000  
C28  27096772.535   141100005.0971      -3452.652          24.000  
C11  24758986.059   128926533.5240       2442.157          31.000  
R20  20432000.780   109259043.2140       1065.087          36.000    20431996.783    84979252.4500        828.728          40.000  
R21  22801276.418   122014278.8250       3706.199          33.000    22801277.692    94899976.6600       2881.675          28.000  
R19  22084448.980   118136909.9591      -3080.538          22.000    22084446.221    91884298.9050      -2399.880          28.000  
G30  21232120.698   111575529.3970        415.636          47.000    21232119.600    86941970.0720        323.980          32.000  
G02  22951698.021   120611996.4780      -1743.422          39.000                                                                  
E33  27310761.548   143519022.6260       2471.835          27.000    27310756.390   109969098.0401       1890.608          23.000  
G14  22194738.514   116634112.8110       1101.818          37.000    22194729.098    90883747.0450        858.588          29.000  
E09  26894261.743   141330318.4310        -58.762          29.000    26894261.844   108292053.6820        -44.935          29.000  
G01  22591822.474   118720910.3460        721.167          34.000    22591815.664    92509684.2970        561.887          29.000  
E26  26090706.419   137107646.5070        780.355          30.000    26090710.634   105056476.4640        598.315          35.000  
G22  23334776.022   122625064.6770       1232.529          28.000                                                                  
E23  24861717.904   130649175.0530       -861.864          31.000    24861724.140   100107891.3790       -660.614          28.000  
E28                                                                  26813977.936   107968777.5191      -2373.948          26.000  
E13                                                                  28154314.309   113365767.7960      -1244.257          27.000  
> 2026  7 21  6 33 30.0030000  0 33                           
S35  39078420.673   205358485.0060       -416.108          33.000  
S33  39336219.850   206713229.0250       -415.268          33.000  
S31  38629911.261   203001568.0480       -414.165          39.000  
G08  24417654.132   128315576.1960      -3764.433          35.000    24417657.243    99986224.2761      -2933.025          24.000  
E21  28038568.893   147343630.5810      -2091.456          26.000    28038570.778   112899702.7540      -1602.605          28.000  
C27  23599326.588   122887890.7950      -2062.748          34.000  
C30  22774223.285   118591341.5030       1142.911          30.000  
C37  26619591.524   138615197.8061      -2789.221          26.000  
R01  24457428.738   130738972.5801       -604.464          25.000                                                                  
R10  21279962.213   113434156.7780       1029.762          35.000                                                                  
R09  21362697.158   114075576.8960      -1525.399          34.000    21362689.111    88725441.1781      -1186.219          27.000  
G20  25090870.853   131853415.6361        321.924          25.000    25090866.440   102742903.0761        256.881          23.000  
E31  25904851.775   136130847.3790        721.426          32.000    25904841.439   104308061.1631        551.646          23.000  
G07  21773655.017   114421255.9500      -1949.927          38.000    21773662.179    89159490.2920      -1519.813          27.000  
E06  26135846.446   137344799.9511      -1302.716          20.000    26135868.068   105238279.5460       -995.091          27.000  
C36  23711688.286   123472990.2680       1480.291          36.000  
C28  27103404.516   141134539.6631      -3455.469          24.000  
C11  24754299.253   128902127.4450       2439.294          33.000  
R20  20430016.704   109248428.9990       1056.670          36.000    20430011.710    84970996.9630        822.126          40.000  
R21  22794356.449   121977240.8580       3701.107          34.000    22794355.231    94871169.2760       2879.308          28.000  
R19  22090226.250   118167817.8600      -3092.509          28.000    22090220.075    91908324.1090      -2405.019          29.000  
G30  21231335.112   111571400.4360        410.055          47.000    21231333.581    86938752.7340        319.181          32.000  
G02  22955021.386   120629460.5050      -1749.349          39.000                                                                  
E33  27306055.926   143494291.6070       2470.221          27.000    27306054.579   109950166.4161       1891.149          23.000  
G14  22192643.038   116623098.4700       1100.769          37.000    22192632.874    90875164.4610        857.526          30.000  
E09  26894378.025   141330927.8240        -63.882          29.000    26894377.691   108292520.5960        -48.265          29.000  
G01  22590456.004   118713729.2610        714.691          34.000    22590450.433    92504088.6640        556.973          29.000  
E26  26089221.747   137099860.5850        776.646          31.000    26089228.925   105050510.6870        594.859          35.000  
G22  23332430.464   122612745.0480       1231.666          30.000                                                                  
E23  24863358.950   130657800.2360       -863.474          31.000    24863364.566   100114500.2720       -661.273          27.000  
E04                                                                  26112276.897   105143317.6871      -1869.328          13.000  
E28                                                                  26819875.175   107992517.4390      -2374.696          27.000  
E13                                                                  28157410.043   113378222.2260      -1247.643          26.000  
> 2026  7 21  6 33 40.0030000  0 33                           
S35  39079213.829   205362652.4370       -416.423          33.000  
S33  39337011.153   206717386.9290       -415.788          33.000  
S31  38630699.657   203005709.9970       -414.163          39.000  
G08  24424818.876   128353226.0670      -3765.431          35.000    24424819.525   100015552.7691      -2935.602          24.000  
E21  28042547.232   147364548.3770      -2091.392          25.000    28042550.968   112915730.6800      -1602.891          28.000  
C27  23603293.760   122908547.5520      -2067.015          33.000  
C30  22772034.343   118579939.5570       1137.980          32.000  
C37  26624948.771   138643094.4801      -2791.341          26.000  
R01  24458570.712   130745077.5511       -613.269          25.000                                                                  
R10  21278033.265   113423871.9130       1027.131          35.000                                                                  
R09  21365557.209   114090851.7110      -1529.523          34.000    21365549.178    88737319.5851      -1190.068          25.000  
G20  25090262.334   131850217.5501        315.964          24.000    25090259.224   102740416.4431        240.202          23.000  
E31  25903482.361   136123634.9880        721.287          31.000    25903469.240   104302535.8821        550.973          22.000  
G07  21777372.411   114440785.5890      -1955.749          38.000    21777379.154    89174708.1360      -1523.582          27.000  
G17  22404353.020   117735672.3020       1450.841          27.000                                                                  
C36  23708847.347   123458196.0140       1478.643          36.000  
C28  27110040.212   141169093.3961      -3456.512          24.000  
C11  24749620.646   128877753.8470       2435.846          34.000  
R20  20428048.633   109237905.9060       1048.147          36.000    20428043.678    84962812.3600        815.051          40.000  
R21  22787443.123   121940242.1530       3698.709          35.000    22787443.510    94842392.6080       2875.994          28.000  
R19  22096022.773   118198823.1010      -3099.598          30.000    22096007.771    91932406.3120      -2411.273          30.000  
G30  21230560.856   111567332.4050        403.961          47.000    21230559.122    86935582.7980        315.629          31.000  
G02  22958357.897   120646990.4520      -1756.212          39.000                                                                  
E33  27301358.114   143469593.8810       2469.479          27.000    27301354.415   109931240.8201       1888.591          23.000  
G14  22190550.824   116612101.3860       1098.862          37.000    22190539.713    90866595.2710        857.290          30.000  
E09  26894504.585   141331588.8470        -68.233          29.000    26894503.031   108293027.1450        -52.288          29.000  
G01  22589101.555   118706611.7040        708.393          34.000    22589098.622    92498542.5150        552.545          30.000  
E26  26087748.789   137092121.5500        772.156          31.000    26087756.215   105044580.7900        591.476          35.000  
G22  23330089.610   122600439.3900       1229.504          30.000                                                                  
E23  24865002.534   130666436.6260       -864.326          31.000    24865007.278   100121117.7730       -662.451          27.000  
E28                                                                  26825777.235   108016271.8740      -2375.754          27.000  
E13                                                                  28160513.128   113390719.7430      -1251.987          26.000  
E06                                                                  26138344.835   105248252.4320       -999.350          26.000  
> 2026  7 21  6 33 50.0030000  0 34                           
E04  26121561.959   137269733.6011      -2453.214          22.000                                                                  
S35  39080007.416   205366822.8310       -417.344          33.000  
S33  39337802.544   206721546.5780       -416.185          33.000  
S31  38631488.147   203009853.7550       -414.405          39.000  
G08  24431984.890   128390881.1840      -3764.851          35.000    24431984.608   100044892.4561      -2935.036          23.000  
E21  28046526.273   147385489.6071      -2093.149          24.000    28046532.604   112931760.5440      -1603.164          28.000  
C27  23607269.388   122929249.5870      -2071.909          31.000  
C30  22769854.859   118568586.4720       1132.983          33.000  
C37  26630314.150   138671033.3780      -2794.367          27.000  
R01  24459728.108   130751264.0921       -621.398          25.000                                                                  
R10  21276108.705   113413612.0220       1024.590          34.000                                                                  
R09  21368423.530   114106166.6270      -1533.344          35.000    21368416.246    88749227.6671      -1193.341          25.000  
R08  23982918.719   128427440.2101      -3053.819          14.000                                                                  
G20  25089657.511   131847040.0461        309.469          22.000    25089665.386   102737985.1311        241.969          22.000  
E31  25902113.057   136116429.6310        720.373          29.000    25902097.454   104297012.6051        547.449          21.000  
G07  21781100.496   114460371.4350      -1961.292          38.000    21781106.968    89189969.9180      -1528.509          27.000  
E06  26140837.055   137371025.1001      -1313.513          22.000    26140829.267   105258259.7070      -1002.110          26.000  
C36  23706009.781   123443417.5520       1477.359          36.000  
C28  27116678.579   141203661.1321      -3456.848          24.000  
C11  24744946.076   128853409.8800       2432.867          36.000  
R20  20426097.234   109227471.0910       1039.369          36.000    20426092.084    84954696.4000        808.483          39.000  
R21  22780536.166   121903280.0380       3694.935          35.000    22780531.855    94813644.2690       2873.836          28.000  
R19  22101820.825   118229854.2570      -3106.898          31.000    22101809.276    91956542.0080      -2416.196          31.000  
G30  21229797.549   111563322.4450        398.112          47.000    21229794.924    86932458.1700        310.423          31.000  
G02  22961705.878   120664583.2630      -1762.243          39.000                                                                  
E33  27296661.871   143444905.7010       2467.820          27.000    27296657.150   109912326.7491       1894.858          23.000  
G14  22188461.573   116601118.5740       1097.852          37.000    22188449.368    90858037.2450        856.493          31.000  
E09  26894640.429   141332298.6600        -73.088          29.000    26894637.642   108293571.0150        -55.933          28.000  
E28  26831677.141   141001414.4041      -3100.505          19.000    26831677.920   108040037.4730      -2377.407          27.000  
G01  22587759.078   118699554.8140        702.409          33.000    22587755.025    92493043.6780        547.322          30.000  
E26  26086285.382   137084426.4390        767.388          32.000    26086291.778   105038684.5380        588.023          35.000  
G22  23327750.347   122588144.6310       1229.619          30.000                                                                  
E23  24866647.779   130675081.3540       -865.010          30.000    24866651.793   100127741.6220       -662.537          27.000  
E13                                                                  28163626.060   113403251.9530      -1254.453          26.000  
> 2026  7 21  6 34  0.0030000  0 34                           
E04  26126227.413   137294250.8951      -2451.415          25.000                                                                  
S35  39080800.964   205370994.1280       -417.713          33.000  
S33  39338594.338   206725707.7740       -416.669          33.000  
S31  38632276.946   203013999.3150       -414.945          39.000  
G08  24439151.812   128428541.5290      -3766.389          35.000    24439150.992   100074237.1651      -2933.851          23.000  
E21  28050502.812   147406386.4031      -2090.785          23.000    28050513.875   112947792.1940      -1603.329          27.000  
C27  23611253.067   122949996.6720      -2077.633          30.000  
C30  22767685.119   118557282.0950       1128.770          33.000  
C37  26635681.321   138698977.9380      -2796.870          26.000  
R01  24460897.499   130757515.3011       -630.271          24.000                                                                  
R10  21274188.478   113403376.6330       1022.334          34.000                                                                  
R09  21371298.727   114121521.6380      -1537.605          35.000                                                                  
R08  23988630.141   128458024.8651      -3052.890          12.000                                                                  
G20  25089070.985   131843957.1291        303.635          22.000    25089079.458   102735586.1241        238.853          22.000  
E31  25900748.336   136109231.1160        719.183          27.000    25900728.806   104291501.3411        550.676          21.000  
G07  21784838.403   114480013.3640      -1967.047          38.000    21784846.181    89205275.2830      -1532.863          28.000  
E06  26143334.623   137384150.6601      -1312.559          23.000    26143321.897   105268301.4290      -1005.721          26.000  
C36  23703175.537   123428654.8050       1474.935          36.000  
C28  27123319.124   141238240.2761      -3459.417          23.000  
C11  24740277.128   128829095.4410       2429.974          37.000  
R20  20424162.275   109217124.4340       1030.524          36.000    20424156.921    84946649.0010        801.625          40.000  
R21  22773635.752   121866354.4800       3690.665          35.000    22773626.858    94784924.4050       2870.689          27.000  
R19  22107633.714   118260951.5060      -3113.054          32.000    22107623.749    91980728.7890      -2421.695          32.000  
G30  21229045.835   111559370.4740        392.314          48.000    21229042.712    86929378.7090        305.056          31.000  
G02  22965065.989   120682238.7810      -1769.153          39.000                                                                  
E33  27291969.146   143420226.9260       2467.557          26.000    27291959.739   109893412.2271       1886.295          23.000  
E13  28166741.869   148017226.9871      -1645.280          21.000    28166746.749   113415818.9680      -1258.196          27.000  
G14  22186374.684   116590149.9960       1095.947          38.000    22186362.786    90849490.3490        853.547          31.000  
E09  26894786.290   141333057.0750        -78.440          30.000    26894782.103   108294152.2020        -60.146          29.000  
E28  26837591.734   141032495.6431      -3098.675          21.000    26837584.595   108063814.0690      -2378.414          27.000  
G01  22586428.386   118692558.5750        695.986          33.000    22586425.450    92487592.0390        542.841          30.000  
E26  26084830.681   137076775.1800        762.745          33.000    26084835.690   105032821.9170        584.371          35.000  
G22  23325412.838   122575860.8990       1227.861          32.000                                                                  
E23  24868295.376   130683734.3210       -865.790          30.000    24868297.730   100134371.8110       -663.177          27.000  
> 2026  7 21  6 34 10.0030000  0 33                           
E04  26130897.882   137318794.9951      -2457.828          26.000                                                                  
S35  39081594.593   205375162.5740       -416.156          33.000  
S33  39339385.440   206729865.5060       -416.023          32.000  
S31  38633065.007   203018141.0330       -414.607          39.000  
G08  24446318.183   128466201.6340      -3766.251          35.000    24446315.051   100103572.6531      -2932.016          22.000  
E21  28054486.111   147427318.8201      -2089.073          22.000    28054495.098   112963821.7230      -1602.804          27.000  
C27  23615243.841   122970783.5800      -2081.050          29.000  
C30  22765523.005   118546021.3190       1124.026          33.000  
C37  26641052.862   138726939.8510      -2797.201          26.000  
R01  24462081.002   130763841.7711       -633.506          23.000                                                                  
R10  21272272.128   113393160.8350       1020.729          32.000                                                                  
R09  21374180.421   114136911.4980      -1540.890          36.000    21374160.392    88773084.6711      -1197.009          23.000  
G20  25088496.017   131840936.0111        292.666          23.000    25088502.523   102733223.1231        228.465          21.000  
E31  25899386.518   136102034.1880        719.287          25.000    25899359.553   104285988.6181        552.097          21.000  
G07  21788586.040   114499706.0230      -1971.826          38.000    21788595.169    89220620.2280      -1536.724          28.000  
E06  26145845.449   137397344.2501      -1317.024          24.000    26145822.628   105278373.4550      -1008.965          25.000  
C36  23700342.948   123413902.5970       1474.365          35.000  
C28  27129963.103   141272836.5581      -3459.812          23.000  
C11  24735613.166   128804805.4590       2427.887          38.000  
R20  20422241.974   109206860.6220       1022.371          35.000    20422237.439    84938666.0770        795.079          39.000  
R21  22766741.365   121829460.3820       3687.736          35.000    22766731.507    94756228.9520       2869.006          27.000  
R19  22113458.265   118292112.9760      -3120.070          33.000    22113450.342    92004965.4700      -2426.753          33.000  
G30  21228303.888   111555471.3050        387.032          48.000    21228300.628    86926340.3490        301.646          31.000  
G02  22968437.031   120699951.6680      -1774.298          39.000                                                                  
E33  27287274.058   143395552.3590       2467.864          26.000    27287263.557   109874502.6701       1893.834          24.000  
E13  28169876.035   148033697.1831      -1639.244          22.000    28169873.514   113428416.5650      -1261.469          26.000  
G14  22184288.666   116579190.3550       1095.415          37.000    22184277.281    90840950.3710        853.462          32.000  
E09  26894938.571   141333858.8430        -82.156          30.000    26894935.094   108294766.5700        -63.196          29.000  
E28  26843502.633   141063557.9801      -3107.808          22.000    26843491.123   108087597.5530      -2378.354          28.000  
G01  22585107.974   118685617.6910        691.202          33.000    22585106.285    92482183.6490        537.561          29.000  
E26  26083384.712   137069162.5730        759.343          34.000    26083386.874   105026988.8910        581.354          35.000  
G22  23323076.211   122563582.7790       1226.766          33.000                                                                  
E23  24869942.743   130692390.2170       -865.448          30.000    24869945.532   100141004.2650       -663.696          26.000  
> 2026  7 21  6 34 20.0030000  0 34                           
E04  26135579.037   137343392.2750      -2459.910          27.000                                                                  
S35  39082387.813   205379330.7200       -416.832          33.000  
S33  39340176.948   206734023.3880       -415.531          33.000  
S31  38633853.155   203022283.3840       -414.191          39.000  
G08  24453485.036   128503865.5210      -3766.745          35.000    24453482.974   100132924.8521      -2933.285          22.000  
E21  28058463.999   147448223.2121      -2106.119          21.000    28058475.189   112979852.1340      -1603.001          27.000  
C27  23619243.153   122991614.1610      -2084.974          28.000  
C30  22763370.073   118534808.0400       1119.994          32.000  
C37  26646427.889   138754942.1861      -2799.281          25.000  
R01  24463279.102   130770246.0191       -631.802          21.000                                                                  
R10  21270359.342   113382968.3840       1018.141          31.000                                                                  
R09  21377069.451   114152340.3380      -1544.557          37.000    21377055.565    88785109.1461      -1195.176          22.000  
G20  25087936.530   131837996.2541        293.841          25.000    25087936.815   102730906.3851        227.105          21.000  
E31  25898031.478   136095073.4391        708.002          19.000    25897989.396   104280471.4311        547.722          19.000  
G07  21792343.428   114519453.4530      -1977.557          37.000    21792352.116    89236007.8280      -1540.812          28.000  
G17  22393356.824   117677883.7471       1442.578          22.000                                                                  
E06  26148357.801   137410547.5171      -1320.410          23.000    26148333.144   105288478.8260      -1011.755          25.000  
C36  23697513.361   123399164.9950       1472.960          35.000  
C28  27136613.225   141307465.6291      -3463.514          22.000  
C11  24730954.536   128780543.9830       2424.738          39.000  
R20  20420338.213   109196683.9270       1013.606          33.000    20420334.112    84930750.9010        788.173          39.000  
R21  22759852.617   121792601.9000       3684.321          34.000    22759847.170    94727561.3500       2865.164          26.000  
R19  22119296.352   118323341.8090      -3126.385          35.000    22119289.532    92029254.5600      -2431.892          33.000  
G30  21227572.918   111551629.0040        381.683          48.000    21227569.807    86923346.3300        298.113          31.000  
G02  22971819.908   120717726.0010      -1780.471          40.000                                                                  
E33  27282580.497   143370927.4521       2465.211          25.000    27282570.733   109855605.9691       1894.678          24.000  
E13  28173018.538   148050211.0271      -1649.570          23.000    28173011.451   113441047.8940      -1264.815          27.000  
G14  22182205.562   116568243.7510       1093.879          37.000    22182195.666    90832420.5680        852.032          33.000  
E09  26895101.897   141334708.0260        -86.917          31.000    26895096.707   108295417.2770        -66.601          29.000  
E28  26849412.843   141094616.1691      -3106.575          23.000    26849402.071   108111391.0920      -2379.933          28.000  
G01  22583799.171   118678736.3800        685.244          34.000    22583797.129    92476821.5400        534.597          29.000  
E26  26081947.296   137061592.7050        755.131          35.000    26081946.276   105021188.5920        578.692          35.000  
G22  23320740.716   122551314.3520       1225.813          32.000                                                                  
E23  24871590.636   130701053.1670       -866.599          29.000    24871593.474   100147642.0530       -663.873          26.000  
> 2026  7 21  6 34 30.0030000  0 34                           
E04  26140270.705   137368007.6900      -2463.298          28.000                                                                  
S35  39083181.075   205383499.9890       -417.307          33.000  
S33  39340968.111   206738182.1430       -415.948          32.000  
S31  38634641.622   203026426.5980       -414.730          39.000  
G08  24460653.055   128541533.4640      -3766.962          35.000    24460651.525   100162278.0141      -2933.385          23.000  
E21  28062449.678   147469167.6911      -2091.543          21.000    28062456.786   112995883.7890      -1603.054          27.000  
C27  23623251.736   123012488.9070      -2090.456          27.000  
C30  22761226.469   118523642.9200       1114.589          31.000  
C37  26651807.548   138782955.3431      -2800.544          24.000  
R01  24464491.627   130776727.7351       -648.119          20.000                                                                  
R10  21268450.773   113372800.2940       1015.810          29.000                                                                  
R09  21379965.912   114167808.5180      -1548.607          36.000    21379947.174    88797119.2401      -1204.091          22.000  
G20  25087385.970   131835102.1841        287.197          26.000    25087383.321   102728640.1871        227.643          21.000  
G07  21796111.567   114539256.0750      -1982.953          37.000    21796119.739    89251438.4590      -1545.399          28.000  
G17  22390641.915   117663615.4800       1428.893          28.000                                                                  
E06  26150877.478   137423787.7961      -1330.783          24.000    26150849.167   105298617.8950      -1015.433          25.000  
C36  23694686.557   123384442.4270       1471.434          34.000  
C28  27143261.715   141342086.1141      -3464.985          23.000  
C11  24726301.489   128756311.4440       2421.887          39.000  
R20  20418451.222   109186594.8370       1004.233          32.000    20418447.485    84922903.8470        780.609          39.000  
R21  22752971.236   121755779.6790       3680.641          34.000    22752966.201    94698890.9741       2861.491          26.000  
R19  22125145.747   118354634.8450      -3132.859          35.000    22125140.388    92053593.5910      -2436.816          33.000  
G30  21226852.726   111547844.0700        375.572          48.000    21226850.498    86920397.0740        292.040          32.000  
G02  22975214.840   120735562.1240      -1786.681          40.000                                                                  
E33  27277889.227   143346275.2951       2467.215          24.000    27277879.112   109836715.0681       1888.960          24.000  
E13  28176154.757   148066691.6701      -1652.231          23.000    28176156.040   113453713.1830      -1268.618          26.000  
G14  22180124.359   116557310.5620       1092.231          37.000    22180116.334    90823901.1900        851.781          33.000  
E09  26895273.224   141335605.1080        -92.219          32.000    26895267.714   108296104.6360        -70.622          29.000  
E28  26855324.063   141125679.7271      -3111.135          23.000    26855313.843   108135194.8010      -2380.884          28.000  
G01  22582502.114   118671915.0750        679.011          34.000    22582498.548    92471506.2840        529.023          28.000  
E26  26080516.104   137054065.9830        750.549          36.000    26080513.895   105015421.3970        574.944          35.000  
G22  23318405.252   122539055.9860       1225.055          30.000                                                                  
E23  24873240.901   130709723.5470       -867.847          29.000    24873244.430   100154285.5010       -664.038          26.000  
E31                                                                  25896625.055   104274977.2251        545.338          19.000  
> 2026  7 21  6 34 40.0030000  0 35                           
E04  26144958.445   137392653.9370      -2465.727          29.000                                                                  
S35  39083974.724   205387670.4290       -416.877          33.000  
S33  39341759.602   206742341.7840       -415.651          33.000  
S31  38635430.154   203030570.9300       -413.987          39.000  
G08  24467821.386   128579205.6310      -3766.965          35.000    24467824.330   100191649.5761      -2931.989          23.000  
E21  28066425.521   147490060.5981      -2101.364          21.000    28066439.046   113011916.8520      -1603.191          27.000  
C27  23627267.892   123033407.7390      -2094.015          27.000  
C30  22759092.074   118512526.0140       1108.912          30.000  
C37  26657192.108   138810994.3111      -2807.074          24.000  
R01  24465717.385   130783279.8231       -656.200          18.000                                                                  
R10  21266546.309   113362656.2540       1014.297          28.000                                                                  
R09  21382869.921   114183316.4660      -1552.381          36.000    21382853.147    88809188.6321      -1201.903          20.000  
R08  24011554.002   128580781.1071      -3079.210          14.000                                                                  
G20  25086847.778   131832274.0881        282.217          26.000    25086838.634   102726410.1311        213.749          20.000  
G07  21799890.161   114559114.0550      -1988.177          36.000    21799897.497    89266912.1360      -1549.110          28.000  
G17  22387919.194   117649349.7250       1424.656          29.000                                                                  
E06  26153403.328   137437061.3851      -1330.589          22.000    26153375.218   105308803.6541      -1019.575          25.000  
C36  23691862.914   123369735.1420       1470.080          33.000  
C28  27149910.321   141376707.4981      -3469.153          23.000  
C11  24721653.774   128732108.0940       2419.318          40.000  
R20  20416580.445   109176593.5240        995.978          32.000    20416576.861    84915125.0580        774.581          39.000  
R21  22746096.365   121718993.9440       3677.300          34.000                                                                  
R19  22131008.217   118385996.2250      -3139.420          35.000    22131003.978    92077985.7850      -2441.915          33.000  
G30  21226143.576   111544116.7000        369.967          48.000    21226141.936    86917492.5770        288.448          32.000  
G02  22978621.191   120753460.0760      -1792.304          40.000                                                                  
E33  27273196.682   143321615.1331       2465.608          23.000    27273188.527   109817827.7251       1887.200          24.000  
E13  28179311.381   148083280.2091      -1661.037          23.000    28179310.381   113466412.4600      -1271.266          26.000  
G14  22178046.315   116546391.0260       1091.359          37.000    22178039.735    90815392.4680        850.894          34.000  
E09  26895454.422   141336550.1410        -97.046          32.000    26895447.615   108296828.7650        -74.133          29.000  
E28  26861238.142   141156758.1711      -3112.503          22.000    26861226.674   108159008.7550      -2381.327          28.000  
G01  22581216.660   118665153.9780        673.485          35.000    22581212.193    92466237.9070        524.798          27.000  
E26  26079092.148   137046582.6850        746.311          36.000    26079089.906   105009687.4430        571.836          35.000  
G22  23316070.643   122526807.8170       1224.963          28.000                                                                  
E23  24874893.093   130718401.4270       -867.981          29.000    24874895.875   100160934.8670       -665.668          26.000  
E31                                                                  25895258.391   104269474.2851        559.331          19.000  
> 2026  7 21  6 34 50.0030000  0 35                           
E04  26149651.162   137417326.9710      -2467.953          31.000                                                                  
S35  39084767.496   205391837.6350       -416.949          33.000  
S33  39342550.911   206746498.8380       -414.844          32.000  
S31  38636218.259   203034711.8610       -413.701          39.000  
G08  24474990.158   128616877.9060      -3767.425          35.000    24474988.922   100220987.7761      -2929.204          23.000  
E21  28070414.716   147511024.5521      -2095.939          23.000    28070419.059   113027948.2070      -1603.042          27.000  
C27  23631292.399   123054366.7280      -2098.449          28.000  
C30  22756966.127   118501453.3090       1105.473          28.000  
C37  26662572.805   138839012.6791      -2796.249          22.000  
R01  24466960.076   130789922.7141       -676.669          14.000                                                                  
R10  21264646.076   113352532.8010       1011.715          28.000                                                                  
R09  21385780.212   114198859.7680      -1555.662          36.000    21385755.942    88821244.1901      -1211.864          16.000  
R08  24017309.352   128611600.6281      -3076.782          19.000                                                                  
G20  25086320.531   131829483.1820        276.536          28.000    25086310.418   102724247.1261        216.543          20.000  
E31  25893878.471   136073249.1771        716.460          21.000    25893892.106   104263972.9981        566.312          17.000  
G07  21803678.602   114579023.2210      -1993.213          36.000    21803683.096    89282425.7770      -1553.092          28.000  
G17  22385210.722   117635125.7740       1420.282          30.000                                                                  
E06  26155935.803   137450369.6591      -1328.532          20.000    26155908.106   105319003.1121      -1021.003          24.000  
C36  23689041.294   123355039.1760       1468.693          32.000  
C28  27156566.871   141411369.6491      -3459.111          23.000  
C11  24717011.121   128707929.9890       2416.663          40.000  
R20  20414725.673   109166675.9440        987.519          30.000    20414722.394    84907411.4060        768.328          39.000  
R21  22739227.373   121682240.7520       3673.663          33.000    22739213.792    94641653.1141       2857.328          24.000  
R19  22136882.621   118417421.2720      -3145.356          35.000    22136878.646    92102427.4970      -2446.228          33.000  
G30  21225444.365   111540442.8950        364.789          47.000    21225443.779    86914629.8840        284.269          33.000  
G02  22982038.418   120771415.8040      -1798.291          41.000                                                                  
E33  27268506.342   143296967.9581       2461.274          22.000    27268499.710   109798948.0781       1888.554          25.000  
E13  28182475.311   148099907.3301      -1660.170          23.000    28182471.812   113479142.8620      -1275.256          26.000  
G14  22175969.977   116535481.1070       1090.403          37.000    22175963.833    90806891.2300        850.362          34.000  
E09  26895641.959   141337539.0900       -100.298          32.000    26895636.232   108297586.5830        -77.523          29.000  
E28  26867156.935   141187862.5871      -3115.083          23.000    26867142.198   108182829.9360      -2382.256          28.000  
G01  22579941.597   118658449.1550        667.549          36.000    22579935.929    92461013.3920        520.568          26.000  
E26  26077676.062   137039138.8220        742.528          36.000    26077673.147   105003983.7060        568.959          35.000  
G22  23313736.915   122514565.8230       1223.996          28.000                                                                  
E23  24876547.176   130727082.8420       -867.815          28.000    24876547.780   100167586.8340       -665.381          25.000  
> 2026  7 21  6 35  0.0030000  0 34                           
E04  26154354.844   137442026.6120      -2471.657          31.000                                                                  
S35  39085559.842   205396002.1020       -417.030          33.000  
S33  39343341.627   206750652.3640       -415.450          33.000  
S31  38637005.700   203038850.0240       -413.865          39.000  
G08  24482159.396   128654550.0590      -3767.532          35.000    24482156.983   100250339.7821      -2936.077          23.000  
E21  28074394.441   147531937.7081      -2089.815          25.000    28074399.553   113043977.7410      -1603.129          27.000  
C27  23635326.174   123075365.5950      -2102.458          28.000  
C30  22754855.140   118490479.8520       1100.422          26.000  
C37  26667964.131   138867087.1171      -2801.723          20.000  
R10  21262749.623   113342429.2560       1009.232          28.000                                                                  
R09  21388697.009   114214438.6720      -1559.735          35.000    21388652.370    88833274.3571      -1197.339          13.000  
R08  24023069.350   128642444.7621      -3082.558          21.000                                                                  
G20  25085798.758   131826744.7250        270.973          27.000    25085788.007   102722107.7831        209.540          20.000  
E31  25892514.092   136066079.5961        717.149          25.000    25892529.057   104258484.9761        545.600          19.000  
G07  21807476.358   114598983.5080      -1999.030          35.000    21807480.612    89297979.2520      -1557.391          28.000  
G17  22382511.035   117620942.8300       1416.700          30.000                                                                  
C36  23686221.712   123340354.3160       1469.150          30.000  
C28  27163221.248   141446021.1241      -3470.736          21.000  
C11  24712373.152   128683777.0690       2413.806          41.000  
R20  20412886.244   109156842.0970        978.819          29.000    20412883.318    84899762.8580        761.394          39.000  
R21  22732364.063   121645520.0670       3670.780          33.000    22732347.748    94613076.3511       2850.090          23.000  
R19  22142768.091   118448906.1920      -3152.040          35.000    22142763.732    92126915.7520      -2451.527          32.000  
G30  21224755.418   111536822.6100        359.282          47.000    21224756.252    86911808.8840        280.007          33.000  
G02  22985466.283   120789429.0870      -1804.429          40.000                                                                  
E33  27263816.973   143272324.3611       2459.052          21.000    27263811.467   109780070.7331       1889.609          25.000  
E13  28185649.297   148116586.3561      -1671.654          22.000    28185641.562   113491903.9300      -1277.801          26.000  
G14  22173896.084   116524580.6980       1089.473          37.000    22173890.192    90798397.4120        848.887          34.000  
E09  26895838.699   141338571.9320       -105.500          32.000    26895832.973   108298377.9570        -80.837          30.000  
E28  26873078.931   141218982.5321      -3109.265          22.000    26873060.002   108206658.0370      -2383.191          28.000  
G01  22578677.440   118651800.4770        662.074          36.000    22578670.791    92455832.6620        515.655          26.000  
E26  26076266.581   137031734.2030        738.829          37.000    26076264.164   104998310.0880        565.830          35.000  
G22  23311404.380   122502329.7940       1223.117          29.000                                                                  
E23  24878200.982   130735767.6670       -868.701          28.000    24878200.876   100174205.4521       -665.195          25.000  
E06                                                                  26158447.979   105329230.0671      -1026.140          24.000  
> 2026  7 21  6 35 10.0030000  0 34                           
E04  26159061.598   137466757.4940      -2474.788          32.000                                                                  
S35  39086352.619   205400167.3620       -416.494          33.000  
S33  39344132.171   206754807.8090       -415.315          33.000  
S31  38637793.420   203042989.9030       -414.072          39.000  
G08  24489328.924   128692226.8080      -3767.524          35.000    24489328.670   100279706.0981      -2934.688          22.000  
E21  28078372.973   147552845.1541      -2092.417          25.000    28078381.535   113060009.1070      -1603.164          27.000  
C27  23639357.077   123096370.0180      -2106.775          27.000  
C30  22752736.922   118479471.3501       1096.061          24.000  
C37  26673363.579   138895203.0691      -2814.564          17.000  
R10  21260857.811   113332350.9750       1006.351          28.000                                                                  
R09  21391620.969   114230057.6010      -1564.005          34.000                                                                  
R08  24028842.479   128673360.2021      -3091.183          22.000                                                                  
G20  25085288.418   131824064.8080        264.995          27.000    25085279.530   102720026.0441        199.595          20.000  
E31  25891151.975   136058913.9110        716.364          27.000    25891167.515   104253002.2781        554.373          19.000  
G07  21811284.679   114618999.6240      -2004.559          33.000    21811289.816    89313576.1890      -1561.352          27.000  
G17  22379820.088   117606805.7200       1412.159          30.000                                                                  
E06  26160985.222   137476904.8771      -1341.685          25.000    26160998.136   105339498.2131      -1029.583          23.000  
C36  23683404.140   123325685.6020       1467.449          30.000  
C28  27169876.568   141480676.5161      -3463.699          23.000  
C11  24707740.474   128659654.1280       2410.608          41.000  
R20  20411064.271   109147096.7730        969.772          29.000    20411060.791    84892183.2190        754.335          39.000  
R21  22725508.335   121608837.1970       3666.360          33.000    22725494.401    94584552.2401       2858.281          22.000  
R19  22148666.321   118480459.3460      -3159.008          35.000    22148660.964    92151457.1150      -2457.743          30.000  
G30  21224077.620   111533260.6660        353.261          47.000    21224079.214    86909033.3440        275.575          34.000  
G02  22988906.131   120807504.6310      -1810.850          40.000                                                                  
E33  27259134.567   143247718.9021       2466.072          20.000    27259124.418   109761198.0241       1886.453          25.000  
E13  28188822.729   148133262.4381      -1679.199          22.000    28188819.668   113504699.5570      -1281.757          26.000  
G14  22171824.300   116513694.5550       1088.028          37.000    22171819.848    90789914.7380        847.598          34.000  
E09  26896044.428   141339653.3640       -110.673          32.000    26896038.753   108299206.6050        -85.049          30.000  
E28  26879008.771   141250143.8361      -3119.995          22.000    26878980.671   108230496.7690      -2384.835          28.000  
G01  22577424.245   118645212.8780        655.740          36.000    22577416.963    92450699.4460        510.648          25.000  
E26  26074865.449   137024373.8150        733.610          36.000    26074863.524   104992670.2810        562.218          35.000  
G22  23309074.949   122490104.7230       1221.665          29.000                                                                  
E23  24879855.700   130744460.7690       -870.698          28.000    24879856.553   100180872.3261       -664.028          25.000  
> 2026  7 21  6 35 20.0030000  0 34                           
E04  26163772.168   137491518.0100      -2477.854          33.000                                                                  
S35  39087145.654   205404333.2390       -415.568          33.000  
S33  39344923.009   206758963.0500       -415.004          32.000  
S31  38638581.294   203047128.9480       -413.842          39.000  
G08  24496499.292   128729906.4960      -3768.371          34.000    24496499.541   100309070.0491      -2932.739          21.000  
E21  28082365.819   147573828.3341      -2092.394          27.000    28082362.503   113076041.1310      -1603.111          28.000  
C27  23643410.052   123117456.3430      -2110.504          27.000  
C30  22750625.787   118468478.1971       1091.177          26.000  
R01  24470741.938   130810139.2941       -688.958          19.000                                                                  
R10  21258971.291   113322296.3300       1004.899          29.000                                                                  
R09  21394551.682   114245715.2850      -1568.085          33.000                                                                  
R08  24034620.928   128704303.7081      -3094.409          24.000                                                                  
G20  25084792.809   131821441.7990        259.758          26.000    25084780.339   102717981.9201        207.771          20.000  
E31  25889786.511   136051750.8120        716.577          29.000    25889803.362   104247508.9511        555.584          20.000  
G07  21815102.372   114639069.8940      -2009.332          32.000    21815110.521    89329215.5160      -1566.787          27.000  
G17  22377137.398   117592712.9480       1406.417          30.000                                                                  
E06  26163530.261   137490278.7500      -1345.942          26.000    26163555.443   105349795.1141      -1032.851          23.000  
C36  23680587.906   123311031.2980       1464.962          28.000  
C28  27176539.761   141515374.0771      -3468.842          23.000  
C11  24703113.453   128635559.6180       2407.825          41.000  
R20  20409259.683   109137438.4960        961.053          29.000    20409254.264    84884671.2210        747.732          39.000  
R21  22718659.072   121572190.1790       3662.592          33.000    22718647.344    94556055.1391       2848.840          23.000  
R19  22154577.419   118512079.0730      -3165.030          34.000    22154570.376    92176050.2760      -2462.698          30.000  
G30  21223410.656   111529755.4820        347.780          47.000    21223412.896    86906302.0290        270.758          34.000  
G02  22992357.100   120825640.7790      -1816.093          39.000                                                                  
E33  27254450.717   143223104.7971       2472.200          19.000    27254439.247   109742332.7521       1888.398          26.000  
E13  28192005.623   148149989.1891      -1677.018          23.000    28192005.189   113517528.3080      -1284.015          26.000  
G14  22169755.193   116502821.1540       1086.896          36.000    22169751.180    90781441.9220        847.302          34.000  
E09  26896258.975   141340781.7580       -114.802          31.000    26896253.600   108300071.2610        -88.217          30.000  
E28  26884937.352   141281299.0751      -3118.839          21.000    26884904.284   108254344.7030      -2384.936          28.000  
G01  22576182.310   118638684.7010        649.826          36.000    22576175.079    92445612.6530        505.879          26.000  
E26  26073472.034   137017055.9520        729.521          36.000    26073471.094   104987063.0930        559.083          35.000  
G22  23306749.542   122477888.8000       1221.602          30.000                                                                  
E23  24881512.159   130753160.2690       -869.781          28.000    24881512.704   100187541.1681       -667.353          25.000  
> 2026  7 21  6 35 30.0030000  0 34                           
E04  26168488.157   137516307.8050      -2480.641          33.000                                                                  
S35  39087938.324   205408498.7480       -417.332          33.000  
S33  39345713.712   206763117.3800       -415.674          33.000  
S31  38639369.044   203051268.9330       -413.926          39.000  
G08  24503669.808   128767588.8140      -3768.358          34.000    24503669.573   100338430.3901      -2939.965          22.000  
E21  28086351.374   147594755.1940      -2092.154          27.000    28086343.986   113092073.6610      -1603.415          28.000  
C27  23647473.169   123138585.3670      -2115.113          28.000  
C30  22748533.214   118457600.3380       1085.711          27.000  
R01  24472045.611   130817108.3261       -693.548          24.000                                                                  
R10  21257089.928   113312265.1590       1000.970          30.000                                                                  
R09  21397489.684   114261411.7060      -1571.957          32.000                                                                  
R08  24040403.615   128735269.2951      -3099.160          25.000                                                                  
G20  25084300.541   131818891.0250        253.912          25.000    25084295.612   102715996.5441        201.381          18.000  
E31  25888429.887   136044592.6880        715.423          31.000    25888445.293   104242041.3041        548.914          21.000  
G07  21818930.241   114659194.1800      -2014.972          32.000    21818941.891    89344896.7520      -1570.910          26.000  
G17  22374462.632   117578664.1460       1402.515          29.000    22374448.639    91619626.0941       1093.683          24.000  
E06  26166105.372   137503765.0880      -1351.102          29.000    26166120.717   105360124.5541      -1033.328          22.000  
C36  23677773.454   123296391.3110       1462.866          28.000  
C28  27183202.735   141550069.8681      -3468.298          23.000  
C11  24698491.585   128611493.4190       2405.103          41.000  
R20  20407470.122   109127867.1090        952.749          29.000    20407464.097    84877226.8610        740.800          38.000  
R21  22711816.413   121535579.4320       3658.617          33.000    22711810.606    94527599.4931       2849.786          24.000  
R19  22160499.200   118543761.1590      -3171.559          34.000    22160492.018    92200691.8360      -2466.684          30.000  
G30  21222754.468   111526306.9540        341.613          47.000    21222756.204    86903614.8610        266.219          34.000  
G02  22995819.484   120843837.3570      -1822.922          38.000                                                                  
E33  27249771.057   143198513.0691       2461.556          19.000    27249755.537   109723472.8631       1885.671          26.000  
E13  28195202.938   148166791.4061      -1688.899          24.000    28195200.332   113530387.9211      -1288.338          26.000  
G14  22167688.209   116491960.2430       1085.653          36.000    22167684.677    90772978.8920        845.728          34.000  
E09  26896481.488   141341957.0230       -119.330          31.000    26896477.359   108300971.6990        -91.253          30.000  
E28  26890861.190   141312428.6201      -3110.549          22.000    26890829.126   108278201.8030      -2386.181          28.000  
G01  22574952.118   118632215.8960        643.406          35.000    22574944.205    92440622.0491        501.569          25.000  
E26  26072087.348   137009780.4910        725.710          37.000    26072086.793   104981488.4250        555.597          35.000  
G22  23304427.531   122465682.0450       1220.692          30.000                                                                  
E23  24883170.205   130761866.2360       -871.312          27.000    24883169.533   100194211.9261       -668.835          24.000  
> 2026  7 21  6 35 40.0030000  0 34                           
E04  26173210.514   137541129.6100      -2483.724          34.000                                                                  
S35  39088731.140   205412668.2730       -416.531          33.000  
S33  39346504.938   206767275.1420       -416.004          33.000  
S31  38640157.019   203055410.2970       -414.212          39.000  
G08  24510841.417   128805276.4580      -3768.941          34.000    24510842.124   100367800.9111      -2937.989          21.000  
E21  28090329.911   147615682.4350      -2093.052          28.000    28090325.797   113108108.7690      -1603.156          28.000  
C27  23651541.655   123159759.6760      -2119.743          29.000  
C30  22746460.767   118446765.2190       1081.269          29.000  
R01  24473357.927   130824123.7841       -704.392          25.000                                                                  
R10  21255213.860   113302260.1450        998.394          30.000                                                                  
R09  21400436.245   114277149.5550      -1575.906          33.000    21400530.851    88882609.0701      -1242.516          14.000  
R08  24046195.520   128766284.5351      -3103.343          25.000                                                                  
G20  25083824.746   131816377.1850        248.629          25.000    25083819.467   102714046.9801        191.362          19.000  
E31  25887070.002   136037442.2110        714.422          31.000    25887088.221   104236576.3901        557.222          20.000  
G07  21822768.877   114679375.0210      -2020.782          32.000    21822779.389    89360622.1220      -1574.630          25.000  
G17  22371795.808   117564662.1050       1397.936          30.000    22371788.368    91608733.4201       1089.548          25.000  
E06  26168683.169   137517296.7560      -1355.269          31.000    26168694.126   105370487.2621      -1040.435          21.000  
C36  23674960.546   123281768.3120       1461.687          29.000  
C28  27189869.135   141584783.1961      -3476.198          24.000  
C11  24693876.296   128587458.2990       2402.173          41.000  
R20  20405699.362   109118385.5140        943.546          31.000    20405690.879    84869852.2320        734.408          38.000  
R21  22704981.199   121499007.4990       3655.069          33.000    22704979.059    94499166.6851       2847.476          24.000  
R19  22166434.743   118575511.7500      -3177.989          34.000    22166427.475    92225386.7490      -2472.373          30.000  
G30  21222109.369   111522917.7840        336.106          46.000    21222111.301    86900973.9800        261.515          34.000  
G02  22999293.410   120862096.9550      -1829.135          38.000                                                                  
E13  28198404.332   148183614.0821      -1685.629          25.000    28198401.902   113543278.8211      -1292.191          25.000  
G14  22165624.027   116481114.6210       1083.650          35.000    22165620.632    90764527.7790        844.355          34.000  
E09  26896713.249   141343181.8160       -124.898          29.000    26896710.577   108301910.2420        -96.191          30.000  
E28  26896789.742   141343583.5561      -3117.109          20.000    26896756.180   108302069.9670      -2387.139          27.000  
G01  22573733.120   118625809.1660        637.686          34.000    22573724.069    92435625.8321        497.452          26.000  
E26  26070711.136   137002550.2520        721.095          36.000    26070710.833   104975948.3740        552.416          35.000  
G22  23302107.902   122453486.9300       1219.392          29.000                                                                  
E23  24884831.128   130770581.2370       -872.013          28.000    24884828.878   100200893.6721       -666.790          24.000  
E33                                                                  27245075.165   109704627.3621       1884.554          26.000  
> 2026  7 21  6 35 50.0030000  0 35                           
E04  26177940.284   137565982.3040      -2486.626          34.000                                                                  
S35  39089524.463   205416837.2480       -416.501          33.000  
S33  39347296.288   206771434.1060       -415.285          33.000  
S31  38640945.611   203059553.8160       -414.202          39.000  
G08  24518013.895   128842968.3500      -3769.036          34.000    24518011.598   100397157.9631      -2937.779          21.000  
E21  28094313.870   147636612.0460      -2092.663          28.000    28094310.460   113124145.7070      -1603.370          28.000  
C27  23655617.330   123180978.1640      -2122.536          29.000  
C30  22744387.754   118435979.1100       1076.837          29.000  
R01  24474681.609   130831199.1691       -711.027          26.000                                                                  
R11  24190646.697   129267475.1720       2561.253          28.000                                                                  
R10  21253342.143   113292280.5380        997.280          31.000                                                                  
R09  21403390.657   114292927.6120      -1579.915          34.000    21403485.757    88894881.1541      -1234.183          17.000  
R08  24051999.526   128797365.3401      -3107.039          26.000                                                                  
G20  25083355.509   131813922.8061        242.706          25.000    25083355.377   102712146.3581        196.257          17.000  
E31  25885709.219   136030298.2650        714.733          31.000    25885730.721   104231110.7771        551.911          18.000  
G07  21826619.594   114699611.5880      -2026.898          34.000    21826627.735    89376390.8901      -1576.326          24.000  
G17  22369137.238   117550705.8000       1392.960          30.000    22369134.146    91597864.3891       1087.096          26.000  
E06  26171268.476   137530872.6900      -1359.092          32.000    26171276.963   105380887.2161      -1036.253          21.000  
C36  23672151.454   123267161.5040       1460.026          29.000  
C28  27196539.018   141619515.3191      -3470.505          23.000  
C11  24689266.686   128563453.3210       2399.426          41.000  
R20  20403943.246   109108992.5680        935.256          31.000    20403934.089    84862546.6250        727.373          38.000  
R21  22698153.610   121462473.8020       3651.761          34.000    22698154.751    94470764.0741       2845.640          25.000  
R19  22172382.520   118607330.4020      -3185.420          33.000    22172375.118    92250134.5840      -2477.483          30.000  
G30  21221475.336   111519587.0950        330.729          46.000    21221477.385    86898378.6400        257.477          34.000  
G02  23002779.070   120880418.5420      -1834.806          37.000                                                                  
E13  28201613.924   148200481.4111      -1690.094          25.000    28201614.633   113556215.0191      -1294.634          24.000  
G14  22163562.652   116470283.2310       1082.626          35.000    22163559.719    90756087.7270        843.690          34.000  
E09  26896952.554   141344455.1050       -129.487          28.000    26896953.284   108302885.8710        -99.792          30.000  
E28  26902719.257   141374743.1011      -3115.178          19.000    26902687.252   108325948.4010      -2388.197          27.000  
G01  22572525.876   118619463.6420        631.660          33.000    22572517.625    92430686.2761        491.790          25.000  
E26  26069343.164   136995364.2510        716.928          36.000    26069343.674   104970442.2190        549.194          35.000  
G22  23299788.826   122441302.5810       1218.304          28.000                                                                  
E23  24886491.465   130779304.3400       -872.695          28.000    24886490.203   100207582.5881       -669.198          24.000  
E33                                                                  27240395.376   109685783.8161       1883.902          26.000  
> 2026  7 21  6 36  0.0030000  0 35                           
E04  26182675.307   137590863.1760      -2489.634          34.000                                                                  
S35  39090317.546   205421005.7840       -416.979          33.000  
S33  39348087.178   206775592.0620       -416.354          33.000  
S31  38641733.778   203063696.2230       -413.988          39.000  
G08  24525186.486   128880661.6830      -3769.607          33.000    24525183.592   100426526.3241      -2931.515          20.000  
E21  28098296.611   147657541.3510      -2092.736          28.000    28098293.624   113140182.4310      -1603.970          29.000  
C27  23659700.529   123202238.1880      -2128.246          29.000  
C30  22742324.807   118425239.3070       1071.744          28.000  
R01  24476015.187   130838327.6171       -720.412          25.000                                                                  
R11  24185852.281   129241860.3550       2561.895          27.000                                                                  
R10  21251474.099   113282323.3080        994.695          32.000                                                                  
R09  21406353.178   114308743.3810      -1584.087          34.000                                                                  
R08  24057805.401   128828455.4691      -3111.005          26.000                                                                  
G20  25082905.275   131811556.2901        236.292          25.000    25082896.421   102710267.0461        184.391          18.000  
E31  25884349.275   136023158.2670        713.109          31.000    25884374.353   104225648.8131        535.490          18.000  
G07  21830481.350   114719901.0280      -2031.580          35.000    21830484.380    89392183.8721      -1577.977          23.000  
G17  22366487.895   117536792.6020       1389.218          30.000    22366487.102    91587023.8140       1082.867          27.000  
E06  26173864.119   137544490.2230      -1364.037          33.000    26173869.083   105391324.2141      -1044.135          22.000  
C36  23669347.349   123252568.1640       1458.288          30.000  
C28  27203210.055   141654253.1261      -3473.665          24.000  
C11  24684661.888   128539475.8860       2396.252          41.000  
R20  20402202.203   109099685.7520        926.194          32.000    20402193.327    84855307.9630        720.330          37.000  
R21  22691332.756   121425975.4160       3647.718          34.000    22691330.474    94442361.0201       2837.429          25.000  
R19  22178341.741   118639209.9890      -3190.895          32.000    22178334.069    92274929.8090      -2481.514          30.000  
G30  21220852.121   111516312.1990        324.469          45.000    21220854.102    86895826.7500        253.197          34.000  
G02  23006275.935   120898799.3940      -1841.511          36.000                                                                  
E13  28204829.802   148217380.7291      -1693.007          24.000    28204832.546   113569172.3331      -1298.266          24.000  
G14  22161503.537   116459463.4600       1081.098          35.000    22161501.724    90747656.7300        842.863          35.000  
E09  26897201.889   141345774.2190       -134.168          28.000    26897204.060   108303896.6110       -102.693          30.000  
E28  26908647.301   141405895.6651      -3125.750          19.000    26908618.342   108349835.0760      -2389.522          26.000  
G01  22571329.599   118613176.6570        625.440          32.000    22571321.316    92425787.3401        487.947          26.000  
E26  26067983.420   136988219.7980        712.444          36.000    26067984.343   104964967.8990        546.006          35.000  
G22  23297469.555   122429126.1480       1217.717          29.000                                                                  
E23  24888152.839   130788032.7680       -872.876          27.000    24888151.792   100214273.6061       -670.598          23.000  
E33                                                                  27235718.013   109666953.0090       1883.575          26.000  
> 2026  7 21  6 36 10.0030000  0 35                           
E04  26187414.391   137615773.4920      -2492.464          33.000                                                                  
S35  39091110.851   205425173.6990       -416.686          33.000  
S33  39348878.003   206779749.9380       -415.557          33.000  
S31  38642522.062   203067838.2320       -414.083          39.000  
G08  24532359.710   128918357.8240      -3768.900          33.000    24532357.516   100455902.2811      -2942.784          19.000  
E21  28102280.305   147678471.7980      -2092.948          28.000    28102276.918   113156219.9950      -1603.878          29.000  
C27  23663791.471   123223540.9740      -2132.306          27.000  
C30  22740271.335   118414560.2051       1066.835          26.000  
R01  24477370.245   130845571.1681       -725.968          26.000                                                                  
R11  24181057.440   129216236.4360       2562.708          27.000                                                                  
R10  21249611.054   113272390.6970        992.529          32.000                                                                  
R09  21409322.867   114324598.2200      -1587.633          34.000                                                                  
R08  24063619.339   128859588.4341      -3115.052          25.000                                                                  
G20  25082459.574   131809213.8021        229.397          24.000    25082451.236   102708444.7431        178.232          16.000  
E31  25882994.551   136016023.6160        712.394          33.000    25883019.712   104220194.5831        543.769          17.000  
G07  21834354.302   114740244.8460      -2036.841          36.000    21834353.274    89408026.6441      -1584.201          20.000  
G17  22363846.680   117522923.8900       1384.473          30.000    22363848.815    91576217.0390       1079.240          28.000  
E06  26176467.441   137558150.6630      -1368.058          35.000    26176470.231   105401798.4601      -1056.343          22.000  
C36  23666547.298   123237989.6940       1457.743          30.000  
C28  27209881.439   141688992.7221      -3478.688          24.000  
C11  24680062.815   128515527.4460       2393.311          41.000  
R20  20400477.496   109090466.5640        917.899          32.000    20400469.009    84848137.4440        714.387          37.000  
R21  22684518.991   121389514.2580       3644.117          34.000    22684515.202    94413994.8661       2835.167          26.000  
R19  22184312.836   118671155.2840      -3198.072          32.000    22184306.567    92299776.1360      -2487.179          30.000  
G30  21220239.221   111513094.5860        319.031          45.000    21220241.100    86893319.5500        248.569          33.000  
G02  23009784.365   120917240.7770      -1847.267          35.000                                                                  
E33  27231053.164   143100149.2551       2464.091          16.000    27231042.204   109648124.1790       1882.188          27.000  
E13  28208060.418   148234357.4361      -1698.594          26.000    28208059.849   113582167.8581      -1296.640          22.000  
G14  22159447.282   116448656.7010       1080.280          35.000    22159445.872    90739235.9250        841.339          35.000  
E09  26897461.538   141347140.5810       -138.604          27.000    26897464.200   108304943.5980       -107.139          30.000  
E28  26914577.697   141437059.6171      -3118.418          20.000    26914553.595   108373730.8620      -2390.267          26.000  
G01  22570145.107   118606949.6770        619.792          31.000    22570138.172    92420942.1921        483.307          26.000  
E26  26066631.910   136981118.4320        707.825          36.000    26066633.198   104959526.5920        542.622          35.000  
G22  23295153.819   122416959.2640       1215.847          31.000                                                                  
E23  24889816.154   130796768.0860       -874.072          27.000    24889815.955   100220974.9161       -668.340          23.000  
> 2026  7 21  6 36 20.0030000  0 35                           
E04  26192158.224   137640709.6620      -2495.165          33.000                                                                  
S35  39091903.713   205429339.0040       -416.311          33.000  
S33  39349668.648   206783904.5560       -415.475          33.000  
S31  38643309.594   203071977.8430       -413.850          39.000  
G08  24539532.977   128956053.1810      -3769.958          32.000    24539529.250   100485270.0291      -2936.047          18.000  
E21  28106258.442   147699399.7590      -2093.091          29.000    28106259.908   113172255.6870      -1603.483          29.000  
C27  23667888.577   123244882.9610      -2136.036          27.000  
C30  22738232.123   118403941.3501       1062.380          26.000  
R01  24478733.030   130852856.8521       -733.057          25.000                                                                  
R11  24176255.470   129190600.2100       2564.068          26.000                                                                  
R10  21247752.080   113262478.6700        989.460          32.000                                                                  
R09  21412298.244   114340488.5850      -1590.506          34.000                                                                  
R08  24069438.053   128890747.6321      -3117.436          23.000                                                                  
G20  25082030.716   131806961.0141        226.138          25.000    25082023.429   102706692.1521        157.981          16.000  
E31  25881637.680   136008890.5990        713.239          33.000    25881663.729   104214734.4841        552.049          12.000  
G07  21838237.154   114760639.3770      -2042.462          37.000    21838226.895    89423888.0251      -1591.040          19.000  
G17  22361214.429   117509096.1330       1380.741          31.000    22361218.372    91565442.1870       1075.953          29.000  
E06  26179074.377   137571850.4140      -1371.940          35.000    26179077.610   105412297.2411      -1052.610          21.000  
C36  23663751.356   123223422.7280       1456.033          31.000  
C28  27216554.522   141723741.3661      -3476.767          23.000  
C11  24675468.399   128491604.5150       2390.912          41.000  
R20  20398767.649   109081331.3620        909.207          34.000    20398760.514    84841032.2640        706.904          37.000  
R21  22677711.440   121353086.6170       3640.904          34.000    22677709.128    94385668.3221       2832.285          26.000  
R19  22190295.392   118703163.2630      -3203.607          32.000    22190290.673    92324671.2630      -2492.456          31.000  
G30  21219636.829   111509930.7010        313.751          44.000    21219638.078    86890854.1950        244.280          33.000  
G02  23013302.711   120935739.1680      -1852.791          34.000                                                                  
E13  28211298.290   148251372.9211      -1702.371          26.000    28211293.274   113595186.8301      -1301.983          21.000  
G14  22157393.067   116437859.4180       1079.474          36.000    22157391.912    90730822.4630        841.303          35.000  
E09  26897731.852   141348534.5571       -144.497          26.000    26897732.761   108306023.9360       -109.513          30.000  
E28  26920507.883   141468223.0921      -3111.831          20.000    26920488.815   108397632.9970      -2390.522          25.000  
G01  22568971.817   118600779.2050        614.099          31.000    22568964.920    92416133.9300        478.698          26.000  
E26  26065287.916   136974056.5240        703.851          36.000    26065289.624   104954115.5300        539.562          35.000  
G22  23292840.804   122404798.1410       1215.877          32.000                                                                  
E23  24891480.963   130805506.5220       -874.587          26.000    24891480.689   100227677.7781       -668.365          22.000  
E33                                                                  27226367.157   109629299.5160       1882.050          27.000  
> 2026  7 21  6 36 30.0030000  0 35                           
E04  26196907.032   137665673.6740      -2497.784          32.000                                                                  
S35  39092696.070   205433502.2800       -416.089          33.000  
S33  39350458.990   206788057.2790       -415.769          33.000  
S31  38644096.795   203076115.0080       -413.768          39.000  
G08  24546705.970   128993749.7050      -3770.207          32.000    24546704.983   100514653.2141      -2935.052          17.000  
E21  28110239.772   147720327.3870      -2093.128          29.000    28110242.257   113188291.1130      -1604.122          30.000  
C27  23671994.672   123266266.2270      -2140.865          27.000  
C30  22736190.758   118393310.9021       1058.329          25.000  
R01  24480104.739   130860189.3751       -739.925          23.000                                                                  
R11  24171458.791   129164946.6041       2565.379          25.000                                                                  
R10  21245896.921   113252589.4510        987.218          32.000                                                                  
R09  21415280.553   114356416.6920      -1595.201          34.000    21415291.589    88943914.5051      -1239.687          26.000  
R08  24075265.248   128921951.3201      -3120.526          21.000                                                                  
G20  25081610.683   131804752.8841        219.727          26.000    25081592.912   102704929.4021        168.389          16.000  
E31  25880280.123   136001761.4400        712.855          33.000                                                                  
G07  21842129.112   114781086.7140      -2047.461          37.000    21842111.587    89439795.5231      -1594.270          20.000  
G17  22358589.459   117495311.5190       1376.199          30.000    22358596.619    91554700.9300       1072.411          30.000  
E06  26181689.524   137585591.5400      -1376.371          35.000    26181692.627   105422826.3651      -1051.396          21.000  
C36  23660957.778   123208869.2910       1455.132          32.000  
C28  27223227.227   141758487.2171      -3467.351          22.000  
C11  24670879.508   128467709.2470       2387.915          41.000  
R20  20397074.435   109072282.2830        900.784          35.000    20397068.064    84833994.1040        700.349          37.000  
R21  22670910.587   121316694.8290       3637.562          34.000    22670905.955    94357351.6310       2828.543          26.000  
R19  22196289.319   118735231.9070      -3209.009          31.000    22196286.079    92349613.5050      -2496.250          31.000  
G30  21219045.027   111506822.7370        307.859          44.000    21219045.795    86888432.4130        239.827          33.000  
G02  23016832.268   120954296.5640      -1858.526          34.000                                                                  
E33  27221695.492   143050974.6991       2449.702          13.000    27221693.844   109610480.7660       1881.466          27.000  
E13  28214537.655   148268395.1471      -1706.228          26.000    28214537.678   113608251.2481      -1301.003          20.000  
G14  22155341.416   116427073.7850       1077.698          37.000    22155339.636    90722418.0760        840.123          35.000  
E09  26898010.315   141349997.4091       -148.830          25.000    26898009.729   108307139.3780       -113.021          30.000  
E28  26926440.036   141499396.6371      -3120.920          21.000    26926427.295   108421563.9291      -2391.353          25.000  
G01  22567810.131   118594667.4150        607.716          31.000    22567802.867    92411371.4810        474.010          25.000  
E26  26063952.057   136967036.2530        699.735          36.000    26063953.788   104948736.3630        536.411          35.000  
G22  23290529.278   122392644.9740       1215.574          32.000                                                                  
E23  24893146.080   130814365.3181       -874.180          24.000    24893145.777   100234381.9151       -670.675          22.000  
> 2026  7 21  6 36 40.0030000  0 35                           
E04  26201664.361   137690668.7040      -2501.079          32.000                                                                  
S35  39093488.942   205437668.4270       -417.029          33.000  
S33  39351249.629   206792212.6760       -415.813          33.000  
S31  38644884.595   203080255.1190       -414.029          39.000  
G08  24553879.752   129031450.5550      -3770.196          31.000    24553878.797   100544028.4571      -2934.289          17.000  
E21  28114222.620   147741257.8150      -2092.915          29.000    28114224.728   113204328.7050      -1603.566          30.000  
C27  23676104.212   123287687.2891      -2144.685          26.000  
C30  22734165.250   118382764.2231       1045.511          25.000  
R01  24481496.776   130867630.1571       -753.372          22.000                                                                  
R11  24166658.415   129139294.8681       2563.750          22.000                                                                  
R10  21244046.662   113242726.2600        985.204          32.000                                                                  
R09  21418270.268   114372385.7360      -1598.786          34.000    21418284.687    88956325.8960      -1243.452          28.000  
R08  24081094.863   128953169.1811      -3127.158          19.000                                                                  
G20  25081196.891   131802578.6131        213.421          26.000    25081182.468   102703248.6171        175.022          16.000  
E31  25878924.524   135994639.2830        711.702          33.000                                                                  
G07  21846031.931   114801589.9320      -2053.162          37.000    21846013.496    89455772.7061      -1598.069          20.000  
G17  22355974.979   117481573.1030       1370.901          31.000    22355983.253    91543995.6190       1068.782          31.000  
E06  26184312.763   137599377.1860      -1380.826          35.000    26184316.245   105433390.9481      -1063.203          21.000  
C36  23658167.423   123194332.6890       1453.348          31.000  
C28  27229907.216   141793271.9791      -3476.615          22.000  
C11  24666295.981   128443844.8610       2384.906          41.000  
R20  20395398.759   109063322.6640        891.472          36.000    20395392.551    84827025.4980        693.536          37.000  
R21  22664116.914   121280342.3850       3632.508          33.000    22664116.258    94329077.4470       2826.074          26.000  
R19  22202296.065   118767367.2980      -3217.162          31.000    22202294.084    92374607.6010      -2501.580          31.000  
G30  21218464.263   111503773.8780        302.303          43.000    21218465.356    86886056.7120        234.760          32.000  
G02  23020374.339   120972916.2500      -1865.544          33.000                                                                  
E13  28217792.545   148285500.3981      -1710.871          26.000    28217790.484   113621348.5881      -1308.310          19.000  
G14  22153292.927   116416302.9050       1076.850          37.000    22153290.576    90714025.2110        838.866          35.000  
E09  26898295.504   141351496.2061       -153.307          24.000    26898296.036   108308292.3050       -116.220          30.000  
E28  26932373.251   141530576.4351      -3125.814          21.000    26932367.486   108445483.3741      -2392.819          24.000  
G01  22566660.113   118588617.4880        601.551          31.000    22566652.269    92406668.1341        469.212          25.000  
E26  26062624.698   136960060.8620        695.618          36.000    26062626.300   104943391.5910        532.946          35.000  
G22  23288218.657   122380502.9720       1213.884          33.000                                                                  
E23  24894806.976   130823092.9881       -880.260          22.000    24894811.728   100241090.7001       -666.113          21.000  
E33                                                                  27217021.634   109591670.5050       1879.946          27.000  
> 2026  7 21  6 36 50.0030000  0 35                           
E04  26206427.168   137715694.5190      -2503.949          32.000                                                                  
S35  39094281.912   205441836.0180       -415.855          33.000  
S33  39352041.364   206796369.9030       -415.605          33.000  
S31  38645672.556   203084396.6150       -413.708          39.000  
G08  24561053.868   129069155.5240      -3770.663          31.000    24561055.890   100573417.4031      -2936.305          17.000  
E21  28118206.950   147762191.0200      -2092.993          29.000    28118209.076   113220368.4070      -1603.816          30.000  
C27  23680227.288   123309156.9791      -2149.098          27.000  
C30  22732149.685   118372268.1861       1047.946          26.000  
R01  24482905.349   130875160.0081       -751.417          20.000                                                                  
R11  24161859.527   129113651.4041       2569.974          20.000                                                                  
R10  21242201.141   113232889.0670        982.066          32.000                                                                  
R09  21421268.135   114388395.7470      -1603.430          34.000    21421279.693    88968778.1660      -1246.515          28.000  
R08  24086937.394   128984455.8801      -3127.340          18.000                                                                  
G20  25080794.898   131800469.6520        208.524          27.000    25080771.725   102701566.8201        170.169          18.000  
E31  25877571.790   135987523.9290        712.262          33.000                                                                  
G07  21849945.207   114822148.8940      -2058.221          38.000    21849926.734    89471796.8801      -1609.262          21.000  
G17  22353369.598   117467880.7770       1367.013          33.000    22353378.474    91533326.2370       1065.722          31.000  
E06  26186944.434   137613207.1440      -1384.822          35.000    26186947.073   105443983.5281      -1055.889          22.000  
C36  23655379.259   123179812.7480       1451.663          31.000  
C28  27236589.230   141828067.1351      -3482.500          21.000  
C11  24661719.244   128420011.2460       2382.404          40.000  
R20  20393740.105   109054452.5370        883.050          37.000    20393733.748    84820126.5110        687.083          37.000  
R21  22657330.582   121244028.9680       3629.844          33.000    22657329.994    94300833.8180       2822.811          26.000  
R19  22208314.933   118799570.3840      -3223.625          31.000    22208313.949    92399654.4750      -2507.198          31.000  
G30  21217894.955   111500784.0910        296.487          43.000    21217895.704    86883727.0010        230.945          32.000  
G02  23023929.312   120991597.7160      -1870.839          33.000                                                                  
E33  27212332.861   143001773.8731       2456.578          16.000    27212352.356   109572868.5420       1879.568          27.000  
E13  28221049.385   148302615.4371      -1716.292          25.000    28221048.473   113634467.0641      -1311.074          17.000  
G14  22151247.214   116405546.7590       1075.098          37.000    22151243.794    90705643.8120        837.729          35.000  
E09  26898587.602   141353031.7181       -156.822          23.000    26898592.294   108309482.7230       -120.858          30.000  
E28  26938309.970   141561774.2221      -3126.580          22.000    26938309.977   108469410.9901      -2392.948          24.000  
G01  22565521.760   118582629.3910        596.036          31.000    22565510.463    92401993.0651        463.288          25.000  
E26  26061305.691   136953130.2530        691.360          36.000    26061307.566   104938081.1320        529.433          35.000  
G22  23285910.820   122368371.9540       1213.238          33.000                                                                  
E23  24896474.948   130831858.5881       -876.002          18.000    24896480.880   100247811.4081       -677.963          20.000  
> 2026  7 21  6 37  0.0030000  0 35                           
E04  26211194.652   137740743.2560      -2506.770          32.000                                                                  
S35  39095073.487   205445997.5130       -416.648          33.000  
S33  39352831.028   206800522.9200       -414.415          33.000  
S31  38646459.267   203088532.2460       -413.296          39.000  
G08  24568226.697   129106856.7440      -3769.299          30.000    24568231.990   100602802.9491      -2934.649          17.000  
E21  28122187.727   147783119.2040      -2092.381          29.000    28122191.957   113236404.2820      -1603.354          31.000  
C27  23684357.763   123330663.4200      -2153.008          27.000  
C30  22730143.320   118361814.7370       1043.567          28.000  
R01  24484322.611   130882735.5851       -760.138          16.000                                                                  
R11  24157050.042   129087950.8131       2566.212          19.000                                                                  
R10  21240358.530   113223070.1230        980.645          32.000                                                                  
R09  21424271.874   114404438.8980      -1606.301          35.000    21424283.231    88981256.2060      -1249.597          28.000  
R08  24092784.978   129015769.1091      -3137.636          19.000                                                                  
G20  25080399.329   131798412.1480        203.027          27.000    25080378.281   102699956.3371        158.597          19.000  
E31  25876217.773   135980407.6720        711.745          33.000                                                                  
G07  21853866.593   114842755.8730      -2063.306          37.000    21853843.543    89487835.5471      -1602.739          21.000  
G17  22350772.639   117454226.8290       1363.622          34.000    22350779.976    91522686.8470       1062.031          32.000  
E06  26189582.736   137627073.7050      -1388.875          35.000    26189584.174   105454602.6491      -1064.966          21.000  
C36  23652593.344   123165301.8080       1450.848          31.000  
C28  27243269.454   141862852.8371      -3478.046          21.000  
C11  24657146.585   128396200.8530       2379.578          41.000  
R20  20392096.732   109045663.9370        874.725          37.000    20392090.540    84813290.9330        680.304          37.000  
R21  22650550.009   121207747.2490       3627.129          32.000    22650548.711    94272624.7731       2821.463          26.000  
R19  22214344.334   118831829.0170      -3229.136          30.000    22214345.188    92424744.4600      -2510.762          31.000  
G30  21217335.459   111497845.6510        291.118          44.000    21217336.505    86881437.3410        227.085          31.000  
G02  23027495.339   121010333.3030      -1876.892          34.000                                                                  
E33  27207660.305   142977219.4531       2459.151          16.000    27207683.949   109554069.0930       1879.683          27.000  
E13  28224315.420   148319778.5491      -1717.727          24.000    28224316.777   113647628.0151      -1314.029          17.000  
G14  22149202.433   116394797.5180       1074.664          38.000    22149198.606    90697267.8030        837.183          34.000  
E09  26898891.894   141354630.3591       -162.760          22.000    26898895.947   108310704.5300       -123.261          30.000  
E28  26944250.473   141592991.6721      -3124.832          21.000    26944255.196   108493349.6941      -2394.355          23.000  
G01  22564393.328   118576695.4320        590.172          31.000    22564381.559    92397370.2111        461.262          24.000  
E26  26059994.218   136946236.7240        687.285          36.000    26059995.833   104932799.0740        526.688          36.000  
G22  23283603.526   122356244.1910       1212.213          34.000                                                                  
E23  24898145.437   130840636.3981       -884.896          13.000    24898148.714   100254526.9391       -667.059          20.000  
> 2026  7 21  6 37 10.0030000  0 35                           
E04  26215967.301   137765816.3480      -2508.678          32.000                                                                  
S35  39095864.673   205450154.4330       -415.970          33.000  
S33  39353620.300   206804668.8500       -414.339          33.000  
S31  38647245.504   203092663.3590       -412.980          39.000  
G08  24575399.677   129144555.7370      -3769.881          30.000    24575404.824   100632173.7271      -2927.808          16.000  
E21  28126172.679   147804043.8750      -2092.307          28.000    28126174.439   113252437.4450      -1603.115          31.000  
C27  23688502.145   123352209.1650      -2156.554          27.000  
C30  22728144.927   118351397.1470       1039.631          30.000  
R01  24485760.737   130890423.3061       -750.379          11.000                                                                  
R11  24152243.152   129062264.1501       2575.458          16.000                                                                  
R10  21238520.279   113213271.1580        979.204          32.000                                                                  
R09  21427283.271   114420516.6540      -1609.077          34.000    21427295.284    88993761.1210      -1251.768          28.000  
R08  24098636.140   129047101.4671      -3141.277          21.000                                                                  
G20  25080018.036   131796407.0920        198.032          27.000    25080000.493   102698408.6631        151.741          19.000  
E31  25874862.166   135973291.9930        710.992          33.000                                                                  
G07  21857797.168   114863412.2720      -2067.963          37.000    21857781.748    89503962.0341      -1616.392          23.000  
G17  22348183.634   117440612.8050       1359.357          35.000    22348189.246    91512078.4700       1059.303          32.000  
E06  26192227.619   137640978.1730      -1392.098          34.000    26192229.046   105465252.0181      -1071.417          22.000  
C36  23649809.510   123150801.4770       1449.917          31.000  
C28  27249957.947   141897681.2801      -3477.263          20.000  
C11  24652578.435   128372415.1520       2377.319          41.000  
R20  20390468.204   109036958.4770        866.312          37.000    20390462.569    84806520.0610        673.218          37.000  
R21  22643775.805   121171498.7380       3623.472          31.000    22643769.107    94244408.4591       2818.990          25.000  
R19  22220385.226   118864147.0020      -3234.303          30.000    22220388.804    92449845.1870      -2515.576          30.000  
G30  21216786.268   111494960.0960        285.843          44.000    21216786.652    86879188.8580        223.046          30.000  
G02  23031071.690   121029124.4220      -1881.860          35.000                                                                  
E33  27202995.811   142952707.7821       2458.646          20.000    27203017.087   109535273.3570       1879.018          27.000  
E13  28227588.095   148336975.9741      -1723.441          24.000                                                                  
G14  22147158.888   116384056.7660       1073.375          37.000    22147154.362    90688898.3380        836.951          34.000  
E09  26899207.792   141356290.5751       -161.873          23.000    26899207.897   108311958.9320       -127.133          30.000  
E28  26950193.138   141624220.2881      -3124.541          23.000    26950199.061   108517283.2691      -2394.754          22.000  
G01  22563276.111   118570817.0910        585.340          31.000    22563261.270    92392782.7711        455.383          23.000  
E26  26058690.024   136939381.7860        683.658          36.000    26058691.540   104927546.5790        523.783          36.000  
G22  23281297.448   122344121.1450       1212.478          34.000                                                                  
E23                                                                  24899817.085   100261244.4471       -671.203          19.000  
> 2026  7 21  6 37 20.0030000  0 34                           
E04  26220744.694   137790915.1020      -2510.839          32.000                                                                  
S35  39096654.904   205454307.8790       -414.674          33.000  
S33  39354408.695   206808812.3180       -413.886          33.000  
S31  38648030.987   203096791.4700       -412.483          39.000  
G08  24582573.330   129182253.7080      -3769.863          29.000    24582581.925   100661563.2001      -2943.406          15.000  
E21  28130153.441   147824966.4060      -2092.271          28.000    28130155.853   113268468.9140      -1602.487          31.000  
C27  23692645.297   123373793.9750      -2160.769          28.000  
C30  22726154.112   118341024.2580       1034.650          31.000  
R11  24147432.536   129036557.5681       2570.160          19.000                                                                  
R10  21236686.128   113203493.3680        977.584          32.000                                                                  
R09  21430300.989   114436630.1250      -1613.340          34.000    21430317.963    89006293.7730      -1254.691          27.000  
R08  24104494.185   129078470.9771      -3141.445          20.000                                                                  
G20  25079641.894   131794455.8310        192.799          26.000    25079634.733   102696911.3221        146.547          21.000  
E31  25873506.653   135966178.1000        712.393          33.000    25873507.590   104181893.4341        545.392          26.000  
G07  21861736.977   114884119.4200      -2072.723          36.000    21861726.870    89520116.5121      -1615.673          25.000  
G17  22345602.290   117427039.9210       1355.930          36.000    22345606.139    91501502.2310       1056.158          31.000  
E06  26194880.890   137654921.9800      -1396.309          33.000    26194879.705   105475925.2981      -1071.500          21.000  
C36  23647027.493   123136313.0540       1449.202          31.000  
C28  27256638.680   141932470.0881      -3476.850          18.000  
C11  24648015.645   128348655.5770       2374.622          41.000  
R20  20388855.369   109028337.5860        858.177          37.000    20388850.574    84799814.8980        667.419          37.000  
R21  22637007.384   121135284.8120       3620.319          31.000                                                                  
R19  22226438.554   118896527.5740      -3240.354          30.000    22226439.272    92475027.6350      -2522.189          29.000  
G30  21216247.352   111492128.8160        280.695          44.000    21216248.283    86876982.6620        219.594          30.000  
G02  23034659.324   121047972.4180      -1886.758          36.000                                                                  
E33  27198329.163   142928183.6541       2457.015          21.000    27198349.106   109516482.3500       1878.683          28.000  
E13  28230868.269   148354213.2621      -1726.539          23.000                                                                  
G14  22145116.686   116373325.8210       1072.403          38.000    22145111.906    90680536.6200        835.047          33.000  
E09  26899527.312   141357969.2711       -169.412          23.000    26899528.394   108313246.9350       -130.336          30.000  
E28  26956140.074   141655471.6591      -3131.540          23.000    26956147.290   108541234.3221      -2389.807          22.000  
G01  22562167.806   118564995.8300        579.905          30.000    22562147.480    92388221.7531        450.493          24.000  
E26  26057393.085   136932566.8040        679.980          36.000    26057394.519   104922324.7250        520.920          35.000  
G22  23278991.747   122332004.2230       1211.425          34.000                                                                  
E23                                                                  24901489.560   100267978.8961       -674.240          17.000  
> 2026  7 21  6 37 30.0030000  0 34                           
E04  26225527.369   137816039.9680      -2514.327          32.000                                                                  
S35  39097445.072   205458459.6220       -415.352          33.000  
S33  39355196.817   206812953.1400       -413.470          33.000  
S31  38648815.929   203100916.6670       -412.285          39.000  
G08  24589745.998   129219951.1190      -3769.733          29.000    24589748.081   100690907.2211      -2940.364          15.000  
E21  28134131.379   147845887.2430      -2092.078          27.000    28134137.243   113284499.2420      -1603.221          31.000  
C27  23696795.542   123395418.1600      -2164.128          28.000  
C30  22724171.191   118330696.4690       1030.164          31.000  
R11  24142623.417   129010859.0791       2574.441          21.000                                                                  
R10  21234855.907   113193737.4130        974.961          32.000                                                                  
R09  21433326.043   114452780.3780      -1617.311          34.000    21433344.259    89018855.0510      -1256.854          25.000  
R08  24110362.220   129109894.1141      -3143.831          20.000                                                                  
G20  25079275.506   131792558.9520        186.721          25.000    25079273.816   102695432.8991        142.201          21.000  
E31  25872154.118   135959066.7300        711.267          33.000    25872155.537   104176443.0260        544.446          26.000  
G07  21865686.420   114904877.9420      -2078.479          36.000    21865682.582    89536314.7951      -1620.676          25.000  
G17  22343028.586   117413508.8410       1350.795          37.000    22343031.041    91490958.5400       1053.020          31.000  
E06  26197541.012   137668905.5620      -1400.569          33.000    26197540.282   105486638.3711      -1073.503          21.000  
C36  23644248.159   123121837.2230       1445.999          30.000  
C28  27263328.462   141967305.2841      -3483.291          18.000  
C11  24643457.794   128324922.6920       2372.321          40.000  
R20  20387258.492   109019801.8500        849.656          37.000    20387254.568    84793176.0320        660.295          37.000  
R21  22630245.749   121099106.3310       3616.198          31.000                                                                  
R19  22232501.426   118928966.8050      -3246.830          29.000    22232503.025    92500258.0530      -2525.505          29.000  
G30  21215719.167   111489352.4150        274.908          44.000    21215719.483    86874819.2670        214.157          29.000  
G02  23038257.382   121066877.7040      -1893.343          36.000                                                                  
E33  27193665.254   142903674.8051       2450.314          22.000    27193684.568   109497696.5560       1878.243          28.000  
E13  28234155.992   148371491.1331      -1726.135          22.000                                                                  
G14  22143076.199   116362605.2200       1071.199          37.000    22143071.500    90672182.9190        834.881          32.000  
E09  26899857.242   141359703.2111       -176.110          24.000    26899857.076   108314568.9810       -133.893          30.000  
E28  26962090.539   141686741.9181      -3114.437          23.000    26962098.913   108565199.7121      -2392.774          21.000  
G01  22561071.694   118559232.2850        573.377          28.000    22561049.801    92383726.7121        447.434          24.000  
E26  26056104.596   136925792.4440        675.482          36.000    26056105.212   104917133.9910        517.441          36.000  
G22  23276687.738   122319893.9100       1210.270          35.000                                                                  
E23  24903122.101   130866789.2541       -876.526          14.000    24903154.354   100274682.6761       -667.173          14.000  
> 2026  7 21  6 37 40.0030000  0 34                           
E04  26230314.336   137841191.4380      -2516.697          32.000                                                                  
S35  39098234.509   205462608.3370       -415.081          33.000  
S33  39355984.125   206817091.6380       -413.497          33.000  
S31  38649601.016   203105040.2630       -412.255          39.000  
G08  24596919.390   129257648.5060      -3770.221          28.000    24596917.821   100720266.6471      -2929.135          14.000  
E21  28138113.818   147866807.1940      -2092.525          27.000    28138118.440   113300528.7060      -1602.454          32.000  
C27  23700952.870   123417082.4660      -2168.756          26.000  
C30  22722196.378   118320414.5000       1025.871          31.000  
R11  24137812.419   128985150.9551       2576.175          23.000                                                                  
R10  21233029.677   113184004.1020        971.440          32.000                                                                  
R09  21436357.926   114468967.7460      -1620.578          34.000                                                                  
R08  24116237.870   129141358.3001      -3150.001          18.000                                                                  
G20  25078923.169   131790717.0230        180.922          25.000    25078921.828   102693991.8851        148.155          21.000  
E31  25870803.010   135951958.3340        710.816          33.000    25870802.729   104170996.2610        544.611          28.000  
G07  21869645.660   114925688.2950      -2083.496          36.000    21869643.829    89552534.6931      -1623.390          25.000  
G17  22340462.191   117400020.0550       1346.570          38.000    22340464.070    91480447.8490       1049.106          31.000  
E06  26200209.350   137682929.4630      -1404.828          32.000    26200208.121   105497380.9461      -1075.827          22.000  
C36  23641472.561   123107374.4850       1445.197          30.000  
C28  27270022.255   142002161.9861      -3492.310          18.000  
C11  24638905.126   128301217.1850       2368.982          40.000  
R20  20385677.687   109011351.9810        840.710          37.000    20385674.330    84786603.8920        653.966          38.000  
R21  22623491.450   121062963.9350       3612.137          31.000    22623480.460    94159966.0981       2808.004          24.000  
R19  22238576.169   118961467.2320      -3253.130          29.000    22238578.954    92525536.1430      -2530.781          29.000  
G30  21215201.443   111486631.5330        269.146          44.000    21215200.613    86872699.1010        209.639          29.000  
G02  23041866.121   121085840.8510      -1899.812          37.000                                                                  
E33  27189009.418   142879208.1671       2454.406          24.000    27189019.607   109478916.5050       1878.164          28.000  
E13  28237453.562   148388819.1761      -1732.516          20.000                                                                  
G14  22141037.661   116351895.6090       1070.355          37.000    22141032.837    90663837.7570        833.748          31.000  
E09  26900188.787   141361445.2981       -174.806          24.000    26900194.041   108315925.5610       -137.323          30.000  
E28  26968037.872   141717995.3591      -3121.805          22.000    26968051.719   108589168.9791      -2395.991          20.000  
G01  22559985.950   118553527.0310        567.163          27.000    22559957.723    92379255.0361        441.495          25.000  
E26  26054823.368   136919059.2830        670.776          37.000    26054824.160   104911974.8090        514.151          35.000  
G22  23274384.657   122307790.8010       1209.843          35.000                                                                  
E23  24904792.867   130875569.0141       -874.394          18.000    24904823.814   100281404.9861       -658.200          12.000  
> 2026  7 21  6 37 50.0030000  0 34                           
E04  26235107.747   137866371.2260      -2519.363          32.000                                                                  
S35  39099023.851   205466757.5910       -413.844          33.000  
S33  39356771.325   206821230.1180       -413.047          33.000  
S31  38650385.644   203109163.4110       -412.335          39.000  
G08  24604093.364   129295347.5890      -3769.629          28.000    24604094.622   100749654.3371      -2941.871          16.000  
E21  28142091.616   147887727.8390      -2092.383          27.000    28142099.592   113316558.8120      -1602.413          31.000  
C27  23705117.209   123438788.4520      -2171.929          25.000  
C30  22720230.160   118310180.1900       1021.209          30.000  
R11  24133001.961   128959444.5011       2578.715          25.000                                                                  
R10  21231208.357   113174295.3620        970.035          33.000                                                                  
R09  21439397.744   114485194.1760      -1624.156          35.000    21439408.828    89044080.0751      -1262.999          18.000  
R08  24122120.383   129172858.6921      -3151.361          19.000                                                                  
G20  25078579.204   131788822.7091        175.702          24.000    25078583.285   102692605.8621        140.910          21.000  
E31  25869450.474   135944854.6900        710.542          32.000    25869451.973   104165553.2420        544.196          28.000  
G07  21873615.097   114946552.1920      -2088.654          35.000    21873616.844    89568804.2291      -1627.354          25.000  
G17  22337903.801   117386575.4300       1342.195          38.000    22337904.503    91469971.5230       1046.074          31.000  
E06  26202886.104   137696995.4900      -1408.871          32.000    26202883.926   105508154.7521      -1078.023          20.000  
C36  23638699.718   123092926.7430       1444.946          30.000  
C28  27276714.582   142037010.0401      -3479.843          20.000  
C11  24634358.170   128277540.8520       2366.693          40.000  
R20  20384112.448   109002989.7620        832.117          37.000    20384110.779    84780099.9660        646.995          38.000  
R21  22616744.949   121026859.6840       3608.517          31.000    22616735.996    94131895.1441       2806.819          24.000  
R19  22244664.048   118994032.9490      -3259.399          31.000    22244666.545    92550864.9660      -2535.163          29.000  
G30  21214695.011   111483967.9980        263.624          44.000    21214693.306    86870623.6190        205.685          28.000  
G02  23045487.098   121104863.5670      -1905.329          38.000                                                                  
E33  27184351.116   142854729.1701       2448.672          26.000    27184357.458   109460143.7840       1876.984          28.000  
E13  28240759.675   148406192.8241      -1745.427          19.000                                                                  
G14  22139001.391   116341198.8240       1069.555          37.000    22138995.329    90655502.6560        832.819          30.000  
E09  26900539.643   141363289.0171       -182.075          25.000    26900541.890   108317317.9970       -141.486          30.000  
E28  26973986.302   141749254.3561      -3126.705          20.000    26974003.715   108613135.3631      -2400.652          19.000  
G01  22558911.220   118547881.9240        561.849          27.000    22558884.857    92374862.3791        436.628          26.000  
E26  26053550.722   136912369.1440        666.844          37.000    26053551.289   104906848.5900        511.361          35.000  
G22  23272082.482   122295696.6400       1208.946          34.000                                                                  
E23  24906476.605   130884417.7591       -875.583          19.000                                                                  
> 2026  7 21  6 38  0.0030000  0 34                           
E04  26239904.089   137891578.2570      -2521.760          32.000    26239896.934   105657190.9921      -1933.108          26.000  
S35  39099813.217   205470904.6680       -414.642          33.000  
S33  39357558.229   206825366.8730       -413.679          33.000  
S31  38651170.316   203113285.4420       -412.465          39.000  
G08  24611266.562   129333047.2970      -3770.502          27.000    24611270.617   100779038.6021      -2943.641          17.000  
E21  28146072.535   147908648.2470      -2091.837          26.000    28146080.515   113332588.7540      -1603.390          31.000  
C27  23709290.070   123460535.1040      -2176.786          25.000  
C30  22718271.933   118299992.4300       1016.334          29.000  
R11  24128185.798   128933709.1481       2575.633          25.000                                                                  
R10  21229391.474   113164610.0600        967.052          33.000                                                                  
R09  21442444.574   114501458.4530      -1628.383          34.000    21442437.247    89056658.1661      -1225.794          14.000  
R08  24128012.357   129204410.0191      -3166.295          16.000                                                                  
G20  25078245.843   131787070.7041        163.361          22.000    25078254.048   102691257.2441        131.033          20.000  
E31  25868096.596   135937754.7890        709.038          32.000    25868102.257   104160113.0070        543.956          29.000  
G07  21877594.502   114967468.6530      -2094.574          34.000    21877597.323    89585103.7461      -1632.536          26.000  
G17  22335353.293   117373173.9680       1338.350          38.000    22335353.221    91459528.9170       1041.816          30.000  
E06  26205570.263   137711102.4730      -1412.915          32.000    26205567.994   105518962.7251      -1085.976          19.000  
C36  23635929.263   123078493.0220       1443.505          31.000  
C28  27283407.599   142071862.9151      -3481.673          17.000  
C11  24629816.723   128253892.7550       2363.263          40.000  
R20  20382563.997   108994714.2210        822.951          38.000    20382563.228    84773663.4590        640.262          38.000  
R21  22610005.423   120990792.6310       3604.369          31.000    22610007.402    94103889.9821       2803.060          25.000  
R19  22250762.751   119026658.3530      -3265.093          32.000    22250764.691    92576240.3310      -2540.349          28.000  
G30  21214199.002   111481360.7990        257.903          44.000    21214197.186    86868592.1160        200.438          28.000  
G02  23049118.493   121123944.8130      -1911.073          38.000                                                                  
E33  27179689.870   142830242.0420       2448.555          27.000    27179695.691   109441377.4050       1876.410          28.000  
E13  28244076.782   148423624.5671      -1716.755          18.000                                                                  
G14  22136967.453   116330513.8250       1067.606          37.000    22136960.429    90647176.6770        831.824          29.000  
E09  26900890.642   141365133.6891       -188.017          25.000    26900898.433   108318745.4110       -143.716          30.000  
E28  26979933.714   141780508.1911      -3122.240          20.000    26979958.971   108637114.4231      -2400.851          19.000  
G01  22557849.317   118542296.0190        555.653          27.000    22557822.855    92370513.8450        433.484          27.000  
E26  26052285.625   136905721.0420        662.634          37.000    26052286.070   104901754.6200        507.512          35.000  
G22  23269782.378   122283610.3800       1208.199          34.000                                                                  
E23  24908159.501   130893260.7771       -878.503          21.000                                                                  
> 2026  7 21  6 38 10.0030000  0 35                           
E04  26244704.711   137916813.0580      -2524.711          31.000    26244698.865   105676526.7791      -1934.665          26.000  
S35  39100602.757   205475052.2440       -414.359          33.000  
S33  39358345.803   206829503.6630       -414.200          33.000  
S31  38651954.404   203117406.4290       -412.222          39.000  
G08  24618440.374   129370748.0980      -3770.044          26.000    24618445.595   100808418.4101      -2929.258          18.000  
E21  28150055.817   147929569.0080      -2091.987          26.000    28150061.891   113348618.9460      -1603.047          31.000  
C27  23713470.998   123482266.3371      -2180.738          25.000  
C30  22716323.011   118289851.9010       1011.528          29.000  
R01  24494649.115   130937937.1771       -813.611          18.000                                                                  
R11  24123365.888   128907953.0831       2576.161          25.000                                                                  
R10  21227579.237   113154948.9820        965.024          33.000                                                                  
R09  21445497.992   114517761.4620      -1632.245          34.000                                                                  
R08  24133911.278   129235998.9861      -3164.596          17.000                                                                  
G20  25077931.012   131785416.8521        163.971          22.000    25077936.522   102689957.0961        125.572          18.000  
E31  25866746.305   135930659.1760        707.994          31.000    25866752.243   104154676.1600        543.166          30.000  
G07  21881584.260   114988438.1860      -2099.628          33.000    21881584.108    89601428.6321      -1635.839          25.000  
G17  22332810.667   117359816.2170       1333.807          39.000    22332810.264    91449120.2440       1039.562          30.000  
E06  26208262.679   137725251.0240      -1416.985          32.000    26208259.335   105529799.2651      -1074.161          19.000  
C36  23633161.183   123064074.0160       1441.292          30.000  
C28  27290104.758   142106736.4511      -3479.647          17.000  
C11  24625280.499   128230273.5310       2360.504          40.000  
R20  20381033.395   108986526.0880        814.311          39.000    20381031.930    84767294.9310        633.347          37.000  
R21  22603272.648   120954763.5350       3601.097          30.000    22603273.493    94075863.3931       2801.061          26.000  
R19  22256874.370   119059345.7510      -3271.956          33.000    22256874.871    92601663.8190      -2544.963          29.000  
G30  21213713.915   111478810.6300        252.185          44.000    21213712.172    86866604.9430        196.390          27.000  
G02  23052760.973   121143085.1030      -1917.223          38.000                                                                  
E33  27175033.805   142805759.4640       2447.709          27.000    27175037.182   109422618.0420       1875.389          28.000  
E13  28247400.814   148441092.2221      -1754.764          17.000                                                                  
G14  22134936.140   116319841.2020       1066.769          37.000    22134927.014    90638860.4550        830.253          27.000  
E09  26901260.162   141367076.0371       -194.114          25.000    26901263.738   108320208.4320       -148.310          30.000  
E28  26985889.885   141811808.0961      -3135.709          19.000    26985915.099   108661097.4081      -2406.954          19.000  
G01  22556799.950   118536769.9690        549.431          25.000    22556770.245    92366207.8850        428.092          28.000  
E26  26051029.388   136899115.6320        658.351          37.000    26051029.031   104896693.3380        504.119          35.000  
G22  23267484.910   122271532.7110       1207.531          35.000                                                                  
E23  24909834.312   130902062.1851       -877.418          23.000    24909819.301   100301519.2051       -673.274          25.000  
> 2026  7 21  6 38 20.0030000  0 35                           
E04  26249509.861   137942077.2300      -2527.585          30.000    26249508.170   105695889.7210      -1936.623          27.000  
S35  39101392.132   205479201.3140       -414.853          33.000  
S33  39359133.062   206833640.6780       -413.714          33.000  
S31  38652738.865   203121528.7780       -411.862          39.000  
G08  24625614.664   129408451.6910      -3770.526          26.000    24625619.944   100837796.2431      -2949.003          19.000  
E21  28154035.350   147950491.8880      -2093.086          27.000    28154043.041   113364650.6490      -1602.140          31.000  
C27  23717665.301   123504106.7901      -2185.178          26.000  
C30  22714384.099   118279760.2720       1007.190          30.000  
R01  24496179.736   130946119.1951       -819.610          18.000                                                                  
R11  24118544.324   128882187.3791       2576.923          25.000                                                                  
R10  21225771.868   113145313.6530        962.263          33.000                                                                  
R09  21448559.355   114534104.8840      -1635.533          34.000                                                                  
R08  24139821.720   129267649.1711      -3164.819          13.000                                                                  
G20  25077619.910   131783781.3141        155.521          20.000    25077627.512   102688691.8721        123.547          18.000  
E31  25865395.136   135923569.4730        708.399          31.000    25865403.486   104149243.8240        542.988          31.000  
G07  21885584.451   115009462.5130      -2105.442          32.000    21885584.300    89617808.2391      -1640.734          25.000  
G17  22330277.547   117346503.8880       1329.369          40.000    22330277.152    91438747.0320       1035.841          30.000  
E06  26210964.380   137739442.8020      -1421.466          31.000    26210961.916   105540681.7011      -1095.080          19.000  
C36  23630396.060   123049671.2890       1439.649          30.000  
C28  27296802.961   142141615.8031      -3491.033          18.000  
C11  24620750.435   128206684.9110       2357.660          40.000  
R20  20379521.486   108978427.1250        805.563          40.000    20379517.278    84760995.7260        626.791          37.000  
R21  22596546.845   120918774.1610       3597.386          30.000    22596551.858    94047887.6150       2798.808          27.000  
R19  22262998.146   119092099.2730      -3278.311          33.000    22262997.278    92627138.7510      -2549.020          30.000  
G30  21213239.896   111476319.1700        246.364          44.000    21213237.121    86864663.5460        192.160          27.000  
G02  23056415.020   121162285.9860      -1923.140          38.000                                                                  
E33  27170378.353   142781287.6160       2447.474          28.000    27170380.008   109403866.9510       1874.778          28.000  
E13  28250733.255   148458604.4551      -1746.696          16.000                                                                  
G14  22132907.847   116309182.6760       1065.289          37.000    22132895.162    90630555.0670        829.886          27.000  
E09  26901636.227   141369052.4131       -196.603          26.000    26901637.576   108321708.1890       -152.062          30.000  
E28  26991844.208   141843097.7021      -3135.312          19.000    26991874.771   108685094.1971      -2401.790          19.000  
G01  22555762.307   118531327.4900        542.737          23.000    22555732.314    92361949.8780        423.314          29.000  
E26  26049781.199   136892554.5840        654.215          37.000    26049780.395   104891666.0500        500.973          35.000  
G22  23265190.239   122259465.3280       1206.479          36.000                                                                  
E23  24911509.551   130910865.6731       -879.416          25.000    24911495.426   100308268.4231       -674.922          26.000  
> 2026  7 21  6 38 30.0030000  0 35                           
E04  26254318.964   137967369.1440      -2530.805          30.000    26254321.513   105715269.2500      -1939.392          28.000  
S35  39102180.799   205483349.3250       -414.301          33.000  
S33  39359920.215   206837777.4990       -413.482          33.000  
S31  38653523.219   203125650.5570       -411.968          39.000  
G08  24632789.158   129446156.3620      -3770.202          25.000    24632794.772   100867176.6821      -2935.460          20.000  
E21  28158014.424   147971415.2500      -2092.093          27.000    28158024.596   113380682.9230      -1603.459          31.000  
C27  23721863.928   123525979.9780      -2188.879          26.000  
C30  22712454.876   118269716.0840       1001.918          31.000  
R01  24497725.473   130954382.3541       -833.864          20.000                                                                  
R11  24113720.806   128856412.6661       2575.805          23.000                                                                  
R10  21223969.572   113135702.8630        959.405          33.000                                                                  
R09  21451627.845   114550487.3840      -1640.612          31.000                                                                  
R08  24145746.323   129299374.6091      -3164.855          11.000                                                                  
G20  25077326.956   131782241.8401        162.656          20.000    25077338.408   102687507.8571        108.010          17.000  
E31  25864046.528   135916484.2710        707.978          30.000    25864055.463   104143814.8800        543.028          31.000  
G07  21889593.637   115030539.9690      -2109.988          31.000    21889596.330    89634237.2581      -1643.889          25.000  
G17  22327752.454   117333235.5120       1324.659          40.000    22327751.767    91428411.0830       1032.319          30.000  
E06  26213674.268   137753676.1580      -1425.363          31.000    26213669.691   105551585.0591      -1086.641          19.000  
C36  23627633.711   123035283.5320       1437.225          31.000  
C28  27303497.578   142176476.2211      -3490.040          17.000  
C11  24616225.935   128183125.4780       2354.517          40.000  
R20  20378024.852   108970415.7650        796.834          41.000    20378019.391    84754764.6950        619.822          37.000  
R21  22589829.385   120882740.8070       3593.475          30.000    22589836.553    94019925.3340       2794.913          28.000  
R19  22269133.988   119124913.0960      -3284.352          34.000    22269132.322    92652660.6200      -2554.428          31.000  
G30  21212776.791   111473885.0110        240.420          44.000    21212772.427    86862766.8960        186.504          26.000  
G02  23060080.118   121181545.9150      -1929.081          39.000                                                                  
E33  27165723.122   142756825.3270       2445.657          29.000    27165726.474   109385123.1430       1873.530          28.000  
E13  28254070.802   148476143.8071      -1754.865          14.000                                                                  
G14  22130881.572   116298536.7810       1063.685          37.000    22130866.987    90622259.6230        828.770          27.000  
E09  26902012.648   141371030.2581       -202.574          26.000    26902019.626   108323243.6100       -155.084          30.000  
E28  26997812.734   141874463.3891      -3132.571          19.000    26997837.540   108709104.3111      -2396.616          19.000  
G01  22554736.974   118525941.9881        544.584          16.000    22554709.227    92357738.6200        418.223          31.000  
E26  26048541.066   136886036.5090        649.662          38.000    26048540.043   104886671.6770        497.725          34.000  
G22  23262895.894   122247406.5830       1205.624          37.000                                                                  
E23  24913181.186   130919650.2131       -881.126          26.000    24913172.399   100315016.9030       -675.478          28.000  
> 2026  7 21  6 38 40.0030000  0 33                           
E04  26259133.485   137992689.8750      -2533.503          29.000    26259140.999   105734670.8500      -1941.380          28.000  
S35  39102970.163   205487496.9590       -415.139          33.000  
S33  39360707.220   206841914.6240       -414.399          33.000  
S31  38654307.593   203129772.4180       -412.639          39.000  
G08  24639964.755   129483863.2940      -3770.135          26.000    24639974.318   100896574.8851      -2941.433          20.000  
E21  28161998.394   147992340.2780      -2092.509          27.000    28162006.235   113396716.3810      -1603.267          30.000  
C27  23726068.914   123547866.0931      -2193.479          26.000  
C30  22710535.880   118259720.4650        996.776          32.000  
R01  24499289.207   130962740.6021       -828.003          19.000                                                                  
R11  24108894.323   128830621.1061       2583.974          23.000                                                                  
R10  21222170.761   113126117.8450        956.989          32.000                                                                  
R09  21454703.235   114566909.8350      -1643.878          30.000                                                                  
G20  25077045.899   131780765.0731        144.404          20.000    25077050.436   102686329.4481        111.533          19.000  
E31  25862699.069   135909404.6300        707.793          31.000    25862708.487   104138390.2600        542.385          32.000  
G07  21893610.827   115051671.6540      -2115.746          30.000    21893617.921    89650704.5181      -1649.167          23.000  
G17  22325235.737   117320012.2020       1320.021          41.000    22325235.183    91418107.2750       1027.507          30.000  
E06  26216391.197   137767952.3090      -1430.053          30.000    26216387.028   105562526.9021      -1121.486          17.000  
C36  23624874.711   123020911.7800       1436.491          31.000  
C28  27310197.340   142211363.4631      -3487.850          18.000  
C11  24611707.181   128159596.3600       2351.154          39.000  
R20  20376544.275   108962493.2730        787.745          41.000    20376537.893    84748602.7480        612.755          36.000  
R21  22583114.370   120846811.0950       3589.458          29.000    22583127.447    93991994.4260       2791.685          28.000  
R19  22275280.904   119157789.4250      -3291.019          33.000    22275278.792    92678231.1120      -2560.767          32.000  
G30  21212324.642   111471509.2460        234.392          44.000    21212317.542    86860893.5361        182.914          25.000  
G02  23063756.566   121200866.0090      -1935.179          39.000                                                                  
E33  27161070.333   142732373.5360       2444.624          29.000    27161072.448   109366387.3480       1873.359          28.000  
G14  22128857.804   116287904.6070       1062.496          37.000    22128841.291    90613974.8240        828.099          27.000  
E09  26902406.761   141373100.8381       -206.971          26.000    26902410.989   108324815.5390       -158.861          30.000  
E28  27003781.376   141905828.1491      -3138.117          21.000    27003797.644   108733102.9021      -2391.553          19.000  
E26  26047309.263   136879562.5070        644.947          38.000    26047308.203   104881711.0790        494.583          34.000  
G22  23260604.121   122235357.6190       1204.071          37.000                                                                  
E23  24914853.872   130928439.9911       -881.286          26.000    24914850.108   100321770.3180       -675.948          28.000  
G01                                                                  22553693.817    92353575.1120        413.510          32.000  
> 2026  7 21  6 38 50.0030000  0 33                           
E04  26263955.834   138018039.9700      -2536.857          28.000    26263965.159   105754094.9250      -1944.243          29.000  
S35  39103760.019   205491646.2320       -415.157          33.000  
S33  39361495.184   206846053.5200       -413.976          33.000  
S31  38655092.502   203133896.3670       -412.600          39.000  
G08  24647144.217   129521617.0291      -3771.236          25.000    24647152.754   100925970.1291      -2941.763          21.000  
E21  28165984.869   148013267.6460      -2092.695          27.000    28165988.606   113412751.5690      -1603.934          30.000  
C27  23730283.940   123569814.7851      -2198.122          26.000  
C30  22708626.496   118249774.0140        991.517          33.000  
R01  24500865.456   130971166.9021       -852.197          17.000                                                                  
R11  24104067.953   128804830.8661       2581.008          23.000    24104063.537   100181516.4151       2004.805          25.000  
R10  21220377.209   113116559.0380        954.539          32.000                                                                  
R09  21457785.564   114583372.9980      -1648.384          27.000                                                                  
G20  25076776.381   131779348.9281        141.486          22.000    25076778.077   102685213.7931        105.066          19.000  
E31  25861353.025   135902331.1310        706.721          31.000    25861362.495   104132970.3110        541.770          32.000  
G07  21897638.769   115072858.1350      -2120.863          30.000    21897647.262    89667204.5091      -1652.495          23.000  
G17  22322728.037   117306834.5320       1315.065          41.000    22322727.488    91407838.9770       1023.890          30.000  
E06  26219115.986   137782271.6560      -1434.501          30.000    26219110.908   105573494.8731      -1099.642          18.000  
C36  23622118.163   123006556.8240       1433.962          31.000  
C28  27316899.826   142246265.6151      -3490.094          18.000  
C11  24607194.273   128136098.2020       2347.864          39.000  
R20  20375079.832   108954660.2190        778.454          42.000    20375072.948    84742510.3610        605.556          36.000  
R21  22576410.350   120810940.4660       3584.766          27.000    22576423.369    93964095.0500       2788.244          29.000  
R19  22281439.439   119190731.7940      -3298.195          32.000    22281437.948    92703852.8540      -2564.482          32.000  
G30  21211883.909   111469192.5440        228.463          44.000    21211872.387    86859071.3411        177.042          26.000  
G02  23067445.338   121220246.7910      -1941.361          39.000                                                                  
E33  27156420.113   142707933.0980       2442.245          30.000    27156422.430   109347660.2680       1871.765          28.000  
G14  22126837.129   116277286.7870       1060.713          36.000    22126819.872    90605701.2560        826.301          28.000  
E09  26902801.343   141375201.1780       -212.402          27.000    26902810.747   108326424.4640       -163.307          30.000  
E28  27009745.324   141937168.7881      -3143.253          22.000    27009763.993   108757126.9011      -2404.020          21.000  
G01  22552683.454   118515150.7541        531.294          20.000    22552689.946    92349459.8680        409.397          32.000  
E26  26046085.572   136873133.2210        639.973          38.000    26046084.615   104876784.7830        490.716          34.000  
G22  23258313.561   122223318.9880       1202.949          37.000                                                                  
E23  24916533.875   130937252.2510       -882.566          27.000    24916529.758   100328529.7130       -676.344          29.000  
> 2026  7 21  6 39  0.0030000  0 33                           
E04  26268784.660   138043420.0770      -2539.608          27.000    26268796.211   105773542.0280      -1945.978          29.000  
S35  39104549.724   205495796.8840       -414.745          33.000  
S33  39362282.882   206850194.0600       -412.901          33.000  
S31  38655877.315   203138021.4660       -412.329          39.000  
G08  24654325.653   129559355.2021      -3770.737          25.000    24654330.483   100955361.5341      -2937.676          22.000  
E21  28169969.305   148034198.0580      -2093.002          27.000    28169971.374   113428789.1470      -1603.468          30.000  
C27  23734516.945   123591818.4530      -2202.548          28.000  
C30  22706727.033   118239877.4720        987.248          35.000  
R01  24502453.276   130979654.4941       -847.743          17.000                                                                  
R11  24099237.141   128779016.5061       2581.841          23.000                                                                  
R10  21218588.616   113107027.5580        951.589          33.000                                                                  
R09  21460872.953   114599863.4811      -1652.807          25.000    21460888.043    89133289.7251      -1284.784          26.000  
G20  25076522.719   131778016.1131        133.452          23.000    25076518.770   102684152.0641        107.034          19.000  
E31  25860010.301   135895264.5400        706.057          32.000    25860017.893   104127555.6970        540.606          32.000  
G07  21901678.782   115094100.2430      -2127.435          30.000    21901687.999    89683750.7751      -1662.703          22.000  
G17  22320228.885   117293703.2920       1310.828          41.000    22320228.876    91397606.8600       1020.909          30.000  
E06  26221847.913   137796635.0150      -1438.611          30.000    26221845.122   105584503.5911      -1099.984          18.000  
C36  23619365.040   122992219.2410       1433.239          31.000  
C28  27323600.268   142281155.9651      -3486.816          19.000  
C11  24602687.658   128112631.8770       2345.227          39.000  
R20  20373632.315   108946917.5260        769.621          42.000    20373624.934    84736488.2660        598.492          36.000  
R21  22569713.149   120775093.7451       3582.409          25.000    22569726.278    93936227.7820       2785.354          29.000  
R19  22287609.393   119223736.7470      -3303.998          32.000    22287609.611    92729523.4110      -2569.860          33.000  
G30  21211454.374   111466935.7430        222.785          44.000    21211442.488    86857310.8351        174.055          25.000  
G02  23071145.210   121239688.9790      -1947.513          39.000                                                                  
E33  27151772.145   142683504.7000       2442.638          30.000    27151772.822   109328942.4270       1871.295          28.000  
G14  22124818.773   116266684.1180       1059.817          35.000    22124803.001    90597439.4490        825.507          28.000  
E09  26903211.619   141377349.8960       -217.618          28.000    26903219.326   108328070.8820       -166.523          29.000  
E28  27015712.926   141968529.5331      -3135.465          23.000    27015726.645   108781135.9041      -2395.818          19.000  
E26  26044870.893   136866749.4500        636.427          38.000    26044869.721   104871893.3120        487.479          34.000  
G22  23256025.131   122211291.5270       1202.297          38.000                                                                  
E23  24918213.821   130946082.3830       -883.168          29.000    24918210.920   100335295.6560       -675.993          30.000  
G01                                                                  22551698.190    92345393.6800        403.811          33.000  
> 2026  7 21  6 39 10.0030000  0 34                           
E04  26273615.916   138068824.6440      -2541.917          26.000    26273630.421   105793007.8300      -1947.576          29.000  
S35  39105339.004   205499944.5110       -415.084          33.000  
S33  39363070.048   206854330.5600       -413.136          32.000  
S31  38656661.856   203142143.5410       -412.286          39.000  
G08  24661497.581   129597044.1281      -3770.138          25.000    24661508.205   100984753.3801      -2940.282          22.000  
E21  28173954.145   148055125.9590      -2093.067          27.000    28173953.687   113444824.8460      -1603.773          29.000  
C27  23738747.137   123613856.2900      -2205.171          28.000  
C30  22704835.132   118230025.4150        982.873          35.000  
R01  24504059.549   130988241.3051       -849.891          17.000                                                                  
R11  24094404.930   128753194.1281       2574.593          23.000    24094412.125   100141398.8460       2007.782          27.000  
R10  21216804.400   113097517.6130        949.690          33.000                                                                  
R09  21463967.474   114616388.4951      -1656.296          24.000    21463982.227    89146140.5761      -1288.356          26.000  
G20  25076267.217   131776673.1411        129.117          22.000    25076268.523   102683126.7861         99.150          18.000  
E31  25858666.676   135888199.2660        706.444          31.000    25858673.434   104122142.0300        541.350          33.000  
G07  21905730.123   115115392.2100      -2131.850          31.000    21905740.307    89700344.2801      -1663.767          21.000  
G17  22317737.578   117280612.8710       1306.946          41.000    22317738.084    91387406.5390       1018.330          30.000  
E06  26224588.451   137811036.7320      -1442.126          30.000    26224590.595   105595558.9731      -1086.056          18.000  
C36  23616614.386   122977893.8370       1431.180          30.000  
C28  27330309.896   142316094.9051      -3491.185          19.000  
C11  24598186.223   128089191.8710       2342.700          38.000  
C29  25964507.385   135203987.5660       2809.847          27.000  
R20  20372200.040   108939259.5740        761.400          42.000    20372192.823    84730532.0560        592.385          36.000  
R21  22563021.779   120739287.0631       3576.388          23.000    22563038.169    93908388.2870       2782.518          28.000  
R19  22293789.412   119256799.2240      -3310.237          32.000    22293791.031    92755238.6330      -2573.419          33.000  
G30  21211035.403   111464733.3230        217.343          45.000    21211023.904    86855596.6671        169.920          26.000  
G02  23074855.813   121259186.9790      -1952.879          40.000                                                                  
E33  27147125.484   142659082.9710       2442.421          30.000    27147126.529   109310229.6950       1871.327          28.000  
G14  22122802.032   116256091.0390       1058.490          34.000    22122787.699    90589185.1060        824.888          29.000  
E09  26903634.273   141379542.0620       -221.485          29.000    26903635.448   108329750.5820       -169.395          29.000  
E28  27021678.118   141999876.1631      -3136.860          25.000    27021685.461   108805129.3391      -2403.879          20.000  
G01  22550715.457   118504798.6290        513.237          28.000    22550716.955    92341372.0000        400.121          33.000  
E26  26043663.949   136860405.7040        632.461          38.000    26043662.624   104867032.5670        484.164          34.000  
G22  23253737.496   122199269.6270       1201.363          38.000                                                                  
E23  24919894.176   130954915.5670       -883.395          29.000    24919892.374   100342063.9330       -676.673          31.000  
> 2026  7 21  6 39 20.0030000  0 34                           
E04  26278457.713   138094257.6310      -2544.381          26.000    26278470.924   105812495.4410      -1950.495          30.000  
S35  39106128.183   205504092.5260       -414.833          33.000  
S33  39363857.635   206858468.2230       -413.842          33.000  
S31  38657446.389   203146265.7240       -412.714          39.000  
G08  24668679.410   129634784.9481      -3771.040          26.000    24668688.389   101014154.1611      -2936.113          23.000  
E21  28177939.452   148076055.5060      -2093.405          26.000    28177936.047   113460861.7410      -1603.886          29.000  
C27  23742983.455   123635936.0720      -2210.638          28.000  
C30  22702952.585   118220221.9260        978.223          35.000  
R01  24505679.827   130996902.3311       -863.203          18.000                                                                  
R11  24089576.315   128727391.7071       2581.858          22.000    24089580.516   100121323.4500       2007.517          28.000  
R10  21215025.988   113088033.5160        946.508          34.000                                                                  
R09  21467075.484   114632985.0261      -1661.335          26.000    21467082.018    89159029.4420      -1291.414          28.000  
G20  25076026.173   131775406.3861        122.181          22.000    25076020.391   102682111.1321         96.760          16.000  
E31  25857321.747   135881139.4290        705.237          31.000    25857329.862   104116732.5410        540.825          33.000  
G07  21909793.332   115136738.2180      -2137.833          32.000    21909797.734    89716958.3331      -1673.255          21.000  
G17  22315254.941   117267567.3700       1302.041          41.000    22315255.955    91377241.1380       1015.939          30.000  
E06  26227336.557   137825480.8690      -1446.698          31.000    26227342.190   105606637.9771      -1105.732          19.000  
C36  23613867.158   122963584.4910       1429.381          29.000  
C28  27337016.930   142351020.0871      -3490.789          20.000  
C11  24593690.602   128065782.3610       2339.136          38.000  
C29  25959114.555   135175903.0500       2807.260          28.000  
R20  20370784.594   108931690.4470        752.287          42.000    20370777.446    84724644.9410        585.147          36.000  
R21  22556328.271   120703467.9401       3573.198          20.000    22556356.688    93880580.1470       2779.593          28.000  
R19  22299981.846   119289926.5530      -3315.910          32.000    22299984.221    92781004.4170      -2579.427          33.000  
G30  21210627.501   111462589.4130        211.501          45.000    21210617.378    86853932.1571        166.150          26.000  
G02  23078577.665   121278744.6820      -1958.989          40.000                                                                  
E33  27142479.663   142634672.0690       2440.358          30.000    27142479.516   109291525.2690       1869.830          28.000  
G14  22120788.293   116245511.6860       1056.737          33.000    22120777.043    90580941.4140        823.817          30.000  
E09  26904061.035   141381781.7720       -227.022          30.000    26904059.692   108331466.7220       -173.616          29.000  
E28  27027648.131   142031248.5881      -3138.148          26.000    27027650.787   108829149.2121      -2398.771          22.000  
G01  22549745.676   118499698.9410        506.431          29.000    22549747.149    92337398.2280        394.294          33.000  
E26  26042465.169   136854106.1060        627.638          38.000    26042463.888   104862205.6050        480.610          34.000  
G22  23251452.318   122187257.3630       1200.407          39.000                                                                  
E23  24921577.396   130963755.8780       -885.153          30.000    24921574.889   100348837.6430       -677.050          31.000  
> 2026  7 21  6 39 30.0030000  0 35                           
E04  26283309.077   138119722.3630      -2548.170          26.000    26283316.762   105832007.3310      -1952.466          30.000  
S35  39106918.257   205508243.9990       -415.040          33.000  
S33  39364645.790   206862608.9130       -414.107          33.000  
S31  38658231.389   203150391.7850       -412.325          39.000  
G08  24675859.706   129672506.9210      -3771.661          26.000    24675867.846   101043553.6131      -2933.710          22.000  
E21  28181920.618   148096989.9550      -2093.644          26.000    28181919.849   113476902.4390      -1604.333          28.000  
C27  23747228.954   123658060.8160      -2214.790          28.000  
C30  22701079.531   118210470.3670        972.439          36.000  
R01  24507310.908   131005621.3891       -881.535          16.000                                                                  
R11  24084749.758   128701600.0371       2583.417          22.000    24084745.290   100101244.3780       2008.267          29.000  
R10  21213252.358   113078578.9710        943.861          34.000                                                                  
R09  21470202.516   114649636.9360      -1664.623          29.000    21470189.110    89171959.4270      -1295.215          29.000  
R08  24181306.129   129489795.5541      -3192.851          16.000                                                                  
G20  25075798.882   131774212.1641        115.274          22.000    25075797.512   102681198.4661         99.582          15.000  
E31  25855979.621   135874088.3260        704.759          31.000    25855988.333   104111329.7450        540.555          33.000  
G07  21913868.654   115158141.6640      -2143.506          33.000    21913867.900    89733624.9441      -1663.183          21.000  
G17  22312781.654   117254570.1580       1297.439          41.000    22312782.829    91367113.4300       1012.736          31.000  
E06  26230093.398   137839970.7720      -1451.144          31.000    26230098.292   105617735.9351      -1111.478          20.000  
C36  23611123.932   122949294.6870       1427.964          28.000  
C28  27343730.818   142385980.9911      -3496.469          20.000  
C11  24589201.661   128042406.7080       2335.840          38.000  
C29  25953726.455   135147836.2730       2805.919          28.000  
R20  20369386.307   108924213.7580        743.229          42.000    20369379.343    84718829.7180        578.019          36.000  
R21  22549648.769   120667725.1201       3574.308          19.000    22549683.351    93852805.9860       2776.119          28.000  
R19  22306186.455   119323118.2920      -3322.613          31.000    22306189.829    92806820.1800      -2584.195          34.000  
G30  21210231.682   111460507.4390        205.153          46.000    21210222.548    86852308.8420        160.122          27.000  
G02  23082311.442   121298365.4810      -1965.159          40.000                                                                  
E33  27137837.093   142610275.4400       2438.585          30.000    27137838.879   109272831.6750       1869.462          28.000  
G14  22118777.997   116234949.4030       1055.819          31.000    22118768.423    90572711.0840        822.635          31.000  
E09  26904498.864   141384072.2590       -231.512          31.000    26904492.265   108333221.8390       -177.590          28.000  
E28  27033626.367   142062665.1461      -3139.674          27.000    27033625.937   108853209.3131      -2404.757          22.000  
G01  22548789.083   118494664.0320        500.031          30.000    22548789.009    92333474.9140        389.843          34.000  
E26  26041275.442   136847854.0620        622.857          37.000    26041274.215   104857415.0450        477.661          34.000  
G22  23249168.942   122175258.2340       1199.023          39.000                                                                  
E23  24923261.164   130972606.5610       -885.906          31.000    24923259.621   100355619.3860       -678.857          32.000  
> 2026  7 21  6 39 40.0030000  0 35                           
E04  26288175.613   138145294.7721      -2549.876          26.000    26288167.940   105851540.4890      -1954.075          30.000  
S35  39107708.342   205512395.9270       -414.361          33.000  
S33  39365433.831   206866750.3430       -413.545          33.000  
S31  38659016.650   203154518.3370       -412.902          39.000  
G08  24683037.846   129710226.1280      -3771.930          27.000    24683043.011   101072934.6801      -2946.494          23.000  
E21  28185908.924   148117925.6090      -2093.285          25.000    28185903.326   113492943.9530      -1603.601          28.000  
C27  23751487.494   123680226.8480      -2218.441          29.000  
C30  22699215.494   118200766.9010        968.359          36.000  
R01  24508953.544   131014401.9491       -880.791          16.000                                                                  
R11  24079916.468   128675772.3621       2588.897          21.000    24079919.727   100081158.8510       2009.342          29.000  
R10  21211484.044   113069149.6910        941.674          34.000                                                                  
R09  21473326.940   114666300.8340      -1668.190          30.000    21473307.150    89184920.1500      -1297.067          31.000  
R08  24187270.007   129521732.5471      -3198.003          18.000                                                                  
E31  25854639.259   135867042.1800        703.654          31.000    25854647.475   104105930.7540        539.705          33.000  
G07  21917954.371   115179598.5940      -2147.927          33.000    21917947.655    89750331.1091      -1667.985          21.000  
G17  22310316.543   117241617.3740       1293.164          41.000    22310317.956    91357020.4510       1007.828          30.000  
E06  26232858.870   137854502.5050      -1455.177          31.000    26232862.709   105628867.1671      -1119.133          21.000  
C36  23608383.361   122935020.6250       1427.481          27.000  
C28  27350444.612   142420941.6261      -3491.669          22.000  
C11  24584718.646   128019061.1470       2333.093          38.000  
C29  25948340.526   135119783.6760       2804.920          29.000  
R20  20368004.520   108916825.6160        734.638          43.000    20367997.981    84713083.3870        570.953          36.000  
R21  22542985.791   120632069.6561       3567.014          13.000    22543017.536    93825062.9190       2772.593          28.000  
R19  22312401.478   119356370.6090      -3328.204          31.000    22312406.789    92832683.0560      -2588.839          34.000  
G30  21209846.713   111458483.5940        199.632          46.000    21209838.183    86850731.8780        155.449          28.000  
G02  23086056.322   121318045.5270      -1970.773          39.000                                                                  
E33  27133196.675   142585889.1810       2438.375          30.000    27133196.810   109254146.2400       1868.257          28.000  
G14  22116765.426   116224402.4250       1053.999          30.000    22116763.002    90564491.0700        821.986          32.000  
E09  26904945.175   141386409.8140       -235.663          31.000    26904934.382   108335012.9610       -180.442          28.000  
E28  27039601.173   142094063.6330      -3140.021          27.000    27039599.519   108877262.3761      -2406.579          24.000  
G01  22547843.286   118489690.1190        494.726          30.000    22547842.129    92329599.1850        385.065          34.000  
E26  26040093.752   136841645.7090        619.274          37.000    26040092.830   104852658.0670        473.579          33.000  
G22  23246886.926   122163268.2610       1198.466          39.000                                                                  
E23  24924946.211   130981463.8200       -885.342          31.000    24924945.583   100362406.1500       -678.563          32.000  
G20                                                                  25075548.949   102680180.2601        102.018          12.000  
> 2026  7 21  6 39 50.0030000  0 36                           
E04  26293034.704   138170829.5391      -2552.936          25.000    26293024.561   105871093.0800      -1956.473          30.000  
S35  39108497.976   205516545.1580       -415.080          33.000  
S33  39366221.193   206870889.0110       -414.008          33.000  
S31  38659801.238   203158641.6440       -412.507          39.000  
G08  24690216.300   129747954.0310      -3772.265          27.000    24690222.292   101102332.0811      -2930.177          23.000  
E21  28189893.334   148138888.9041      -2093.805          25.000    28189886.532   113508984.5490      -1603.906          27.000  
C27  23755762.640   123702431.5760      -2222.824          30.000  
C22  27441223.312   142893650.5291      -2241.039          10.000  
C30  22697359.894   118191109.2100        963.306          36.000  
R01  24510610.378   131023258.9981       -883.520          18.000                                                                  
R11  24075084.718   128649952.6641       2591.184          18.000    24075088.171   100061065.0080       2009.756          29.000  
R10  21209719.392   113059743.4480        939.258          34.000                                                                  
R09  21476454.714   114683001.8030      -1672.460          30.000    21476435.926    89197909.7730      -1300.269          32.000  
R08  24193237.889   129553689.4391      -3192.355          20.000                                                                  
G20  25075367.630   131771946.1641        110.781          24.000    25075335.883   102679308.5381         77.835          13.000  
E31  25853296.899   135859998.4510        703.081          30.000    25853306.899   104100533.6240        539.405          33.000  
G07  21922049.186   115201106.5960      -2153.770          34.000    21922039.328    89767086.2111      -1681.375          23.000  
G17  22307859.577   117228706.6010       1288.553          40.000    22307861.190    91346960.1360       1003.634          30.000  
E06  26235631.596   137869073.6260      -1460.076          30.000    26235635.758   105640033.1411      -1119.681          22.000  
C36  23605643.100   122920778.0411       1424.018          24.000  
C28  27357157.925   142455899.8991      -3495.087          23.000  
C11  24580241.177   127995743.3730       2329.819          38.000  
C29  25942955.042   135091742.9130       2801.208          30.000  
R20  20366638.867   108909523.5080        725.661          42.000    20366632.556    84707403.8940        564.659          36.000  
R19  22318628.345   119389684.4580      -3334.416          31.000    22318635.119    92858593.8480      -2594.005          35.000  
G30  21209472.717   111456515.4640        193.780          47.000    21209468.864    86849198.2240        151.234          29.000  
G02  23089812.099   121337782.2690      -1977.338          39.000                                                                  
E33  27128556.939   142561511.1610       2436.854          30.000    27128558.101   109235466.9430       1867.246          28.000  
G14  22114760.933   116213864.2750       1052.917          29.000    22114759.759    90556279.4910        820.791          32.000  
E09  26905398.712   141388791.9330       -240.519          32.000    26905386.439   108336838.3250       -185.027          28.000  
E28  27045576.604   142125471.0840      -3141.394          28.000    27045577.067   108901331.3031      -2409.584          25.000  
G01  22546908.143   118484774.8740        488.003          31.000    22546906.108    92325769.0860        380.984          34.000  
E26  26038920.193   136835478.7450        614.277          37.000    26038919.506   104847932.7020        470.873          34.000  
G22  23244606.529   122151285.0490       1197.419          39.000                                                                  
E23  24926632.822   130990325.3140       -886.661          31.000    24926631.902   100369196.1470       -679.198          33.000  
R21                                                                  22536354.931    93797349.0740       2769.570          27.000  
> 2026  7 21  6 40  0.0030000  0 35                           
E04  26297893.881   138196364.2741      -2556.611          25.000    26297885.809   105890667.0640      -1958.741          30.000  
S35  39109287.790   205520694.8930       -415.317          33.000  
S33  39367008.805   206875028.2030       -414.003          32.000  
S31  38660586.263   203162766.0260       -412.096          39.000  
G08  24697393.366   129785673.2910      -3772.180          27.000    24697399.386   101131721.3071      -2936.360          22.000  
E21  28193877.316   148159824.7341      -2093.279          23.000    28193869.583   113525029.1021      -1604.690          27.000  
C27  23760034.617   123724677.7020      -2227.057          29.000  
C30  22695513.384   118181499.9670        958.394          35.000  
R01  24512278.865   131032178.3451       -885.080          21.000                                                                  
R11  24070247.294   128624103.0921       2568.521          14.000    24070251.121   100040964.8530       2010.265          30.000  
R10  21207959.075   113050363.2560        936.611          34.000                                                                  
R09  21479589.849   114699742.9300      -1676.567          30.000    21479571.495    89210930.5920      -1303.483          33.000  
R08  24199207.234   129585655.7171      -3197.490          20.000                                                                  
G20  25075161.820   131770864.3351         99.173          23.000    25075122.923   102678436.2591         71.304          10.000  
E31  25851953.288   135852959.8610        703.813          30.000    25851967.345   104095140.4690        538.829          33.000  
G07  21926154.348   115222668.1880      -2158.708          34.000    21926143.898    89783893.8831      -1681.790          24.000  
G17  22305411.366   117215840.6740       1284.293          40.000    22305412.166    91336934.6920       1001.204          29.000  
E06  26238412.810   137883686.7320      -1463.217          29.000    26238417.340   105651233.4561      -1116.008          23.000  
C36  23602909.666   122906544.0061       1422.643          25.000  
C28  27363875.719   142490880.7011      -3492.376          22.000  
C11  24575769.378   127972456.0630       2327.120          38.000  
C29  25937573.848   135063716.4270       2802.263          30.000  
R20  20365290.021   108902310.3990        716.904          43.000    20365283.611    84701793.7540        557.358          35.000  
R19  22324866.714   119423058.7580      -3340.979          30.000    22324874.133    92884551.6200      -2597.893          35.000  
G30  21209109.518   111454605.8580        187.859          47.000    21209107.613    86847710.2350        147.007          30.000  
G02  23093579.023   121357578.3150      -1982.622          38.000                                                                  
E33  27123919.413   142537144.0060       2435.639          30.000    27123920.707   109216796.0420       1866.177          28.000  
G14  22112759.593   116203339.7280       1051.754          27.000    22112758.720    90548078.5260        819.492          33.000  
E09  26905860.905   141391221.3740       -245.314          32.000    26905848.457   108338699.8370       -188.343          29.000  
E28  27051555.390   142156888.8970      -3142.596          28.000    27051555.911   108925405.1991      -2408.303          25.000  
G01  22545984.451   118479921.0250        482.064          31.000    22545982.348    92321986.8940        376.127          34.000  
E26  26037754.988   136829355.8700        610.018          37.000    26037754.357   104843241.1790        467.005          33.000  
G22  23242327.858   122139311.3310       1196.656          39.000                                                                  
E23  24928321.694   130999193.7270       -887.459          32.000    24928319.670   100375991.3870       -679.305          33.000  
R21                                                                  22529698.965    93769666.8830       2766.765          26.000  
> 2026  7 21  6 40 10.0030000  0 35                           
E04  26302756.072   138221916.0701      -2558.132          24.000    26302752.356   105910260.2790      -1960.301          30.000  
S35  39110076.819   205524841.8780       -414.570          33.000  
S33  39367795.552   206879164.0470       -414.024          33.000  
S31  38661370.260   203166887.3980       -412.303          39.000  
G08  24704574.306   129823391.1360      -3772.400          27.000    24704575.176   101161104.6581      -2935.635          22.000  
E21  28197862.995   148180769.3831      -2091.456          22.000    28197851.996   113541064.9501      -1603.561          26.000  
C27  23764312.967   123746962.3090      -2230.117          31.000  
C30  22693676.065   118171936.4990        953.442          35.000  
R01  24513958.417   131041156.4871       -899.197          21.000                                                                  
R11  24065404.300   128598224.0201       2584.208          13.000    24065413.146   100020856.3080       2011.513          30.000  
R10  21206203.856   113041006.1840        934.261          33.000                                                                  
R09  21482730.956   114716521.3110      -1679.994          30.000    21482714.593    89223980.4550      -1307.203          33.000  
R08  24205187.669   129617680.6091      -3205.071          20.000                                                                  
G20  25074968.018   131769845.9551         90.475          21.000                                                                  
E31  25850610.767   135845923.6650        703.357          29.000    25850628.382   104089749.1360        538.382          33.000  
G07  21930267.918   115244280.6830      -2164.436          34.000    21930258.980    89800743.9310      -1686.563          27.000  
G17  22302971.101   117203016.5650       1279.976          40.000    22302970.599    91326941.8870        997.818          28.000  
E06  26241199.874   137898339.1030      -1467.450          29.000    26241204.330   105662455.9121      -1129.575          24.000  
C36  23600179.795   122892336.4250       1422.409          28.000  
C28  27370593.826   142525863.9491      -3501.677          23.000  
C11  24571303.109   127949196.6200       2324.500          37.000  
C29  25932194.802   135035701.9330       2800.279          30.000  
R20  20363957.175   108895183.3620        707.801          43.000    20363951.221    84696250.4570        550.438          35.000  
R19  22331115.854   119456490.4490      -3346.371          31.000    22331124.190    92910554.0570      -2602.656          35.000  
G30  21208756.875   111452752.0240        182.204          47.000    21208755.012    86846265.7270        141.380          30.000  
G02  23097356.355   121377430.7880      -1988.560          37.000                                                                  
E33  27119284.783   142512785.0610       2434.857          29.000    27119285.252   109198131.3500       1865.953          27.000  
G14  22110760.777   116192826.0120       1050.452          27.000    22110759.237    90539886.0240        818.614          33.000  
E09  26906331.266   141393695.3190       -249.067          32.000    26906319.258   108340595.4590       -191.736          29.000  
E28  27057535.750   142188314.1640      -3142.975          28.000    27057536.184   108949485.3221      -2408.526          26.000  
G01  22545071.118   118475148.3590        476.410          31.000    22545070.008    92318250.4630        371.271          34.000  
E26  26036597.440   136823274.3780        605.846          37.000    26036597.314   104838581.3390        463.563          33.000  
G22  23240050.402   122127344.2680       1196.162          39.000                                                                  
E23  24930009.962   131008066.2200       -887.874          32.000    24930008.346   100382789.8000       -680.062          33.000  
R21                                                                  22523052.801    93742014.0780       2763.672          26.000  
> 2026  7 21  6 40 20.0030000  0 37                           
E04  26307632.784   138247542.4561      -2561.285          23.000    26307624.384   105929876.7720      -1962.949          30.000  
S35  39110866.362   205528991.6580       -415.330          33.000  
S33  39368583.191   206883303.3000       -413.418          32.000  
S31  38662155.405   203171012.1020       -412.166          39.000  
G08  24711747.710   129861112.7620      -3772.418          26.000    24711755.499   101190507.0731      -2942.927          22.000  
E21  28201848.040   148201711.4201      -2082.281          20.000    28201837.290   113557111.7951      -1603.195          26.000  
C27  23768601.364   123769290.7540      -2235.136          32.000  
C30  22691847.986   118162424.0460        949.058          34.000  
C37  26841988.762   139773278.8941      -2858.385          25.000  
R01  24515654.342   131050222.3541       -908.366          22.000                                                                  
R10  21204453.678   113031677.7170        932.070          33.000                                                                  
R09  21485879.364   114733342.3290      -1683.683          29.000    21485864.854    89237063.4000      -1309.613          34.000  
R08  24211166.784   129649698.7731      -3211.161          19.000                                                                  
G20  25074785.360   131768885.6201         83.459          17.000                                                                  
E31  25849271.828   135838895.2190        703.119          28.000    25849290.996   104084363.7220        538.197          33.000  
G07  21934392.534   115265949.4830      -2168.950          34.000    21934388.767    89817628.6680      -1689.801          29.000  
G17  22300539.954   117190239.9030       1275.470          39.000    22300538.988    91316986.1050        994.179          28.000  
E06  26243994.864   137913036.0190      -1471.327          28.000    26244000.879   105673715.6121      -1133.580          25.000  
C36  23597445.752   122878124.1980       1421.135          30.000  
C28  27377315.368   142560865.0711      -3505.590          23.000  
C11  24566842.751   127925970.3860       2321.221          37.000  
C29  25926818.714   135007704.6030       2798.885          31.000  
R20  20362641.545   108888147.9840        699.162          43.000    20362636.157    84690778.4910        544.175          34.000  
R21  22516420.642   120489914.1811       3551.976          20.000    22516418.140    93714395.1280       2760.926          25.000  
R19  22337377.617   119489988.7400      -3353.608          31.000    22337386.278    92936608.2470      -2607.374          35.000  
G30  21208415.970   111450959.3620        176.549          47.000    21208414.118    86844868.7950        137.728          30.000  
G02  23101145.895   121397345.1190      -1994.109          37.000                                                                  
E33  27114651.458   142488439.7410       2434.189          29.000    27114652.951   109179477.1790       1865.372          28.000  
E13  28291330.919   148671946.5401      -1799.004          19.000                                                                  
G14  22108764.190   116182328.4710       1049.551          27.000    22108761.969    90531706.0970        817.973          34.000  
E09  26906810.834   141396219.1790       -254.584          32.000    26906799.431   108342529.3010       -194.988          30.000  
E28  27063521.301   142219752.2900      -3144.073          28.000    27063518.379   108973569.2250      -2408.893          27.000  
G01  22544170.986   118470416.8400        469.577          32.000    22544170.051    92314563.9470        366.602          35.000  
E26  26035449.040   136817239.6520        601.398          37.000    26035448.963   104833957.3280        460.431          33.000  
G22  23237775.197   122115389.2870       1194.985          38.000                                                                  
E23  24931699.551   131016948.2200       -888.462          32.000    24931698.362   100389595.4850       -680.437          34.000  
R11                                                                  24060574.023   100000743.4210       2010.464          30.000  
> 2026  7 21  6 40 30.0030000  0 36                           
E04  26312521.317   138273232.3641      -2559.328          22.000    26312501.166   105949513.3290      -1964.798          30.000  
S35  39111656.040   205533140.2140       -415.628          33.000  
S33  39369370.968   206887441.7990       -414.248          33.000  
S31  38662940.105   203175135.0680       -412.568          39.000  
G08  24718924.832   129898826.0511      -3772.350          26.000    24718930.558   101219887.5421      -2938.432          22.000  
E21  28205829.316   148222633.0751      -2098.282          19.000    28205822.408   113573158.5231      -1604.436          26.000  
C27  23772897.093   123791658.8290      -2239.468          33.000  
C30  22690028.937   118152958.6520        943.783          33.000  
C37  26847478.190   139801863.4971      -2860.161          25.000  
R01  24517364.715   131059364.7221       -912.557          20.000                                                                  
R10  21202707.746   113022374.0670        929.136          32.000                                                                  
R09  21489036.204   114750201.7270      -1687.462          29.000    21489022.452    89250176.2400      -1312.953          35.000  
R08  24217156.026   129681770.7541      -3210.007          18.000                                                                  
E31  25847935.284   135831870.3770        702.203          28.000    25847954.286   104078981.0730        537.371          33.000  
G07  21938526.515   115287670.3450      -2174.601          33.000    21938526.005    89834554.0160      -1694.695          30.000  
G17  22298117.142   117177506.5240       1270.441          39.000    22298115.089    91307063.9910        990.543          27.000  
E06  26246797.698   137927773.3070      -1476.473          27.000    26246805.525   105685009.4551      -1130.228          26.000  
C36  23594718.326   122863926.8270       1418.505          32.000  
C28  27384037.547   142595869.2551      -3504.378          24.000  
C11  24562388.101   127902773.3200       2318.017          37.000  
C29  25921445.157   134979720.4510       2797.723          31.000  
R20  20361342.081   108881200.1250        689.747          43.000    20361337.168    84685374.5640        536.574          33.000  
R21  22509792.389   120454445.9501       3546.045          23.000    22509792.638    93686791.9771       2757.433          25.000  
R19  22343651.719   119523545.5910      -3358.688          31.000    22343659.458    92962708.0710      -2611.473          35.000  
G30  21208085.936   111449223.8280        170.544          47.000    21208084.067    86843516.4680        133.037          30.000  
G02  23104946.783   121417317.0680      -2000.473          38.000                                                                  
E33  27110020.065   142464104.0780       2432.792          29.000    27110021.684   109160830.4030       1863.998          28.000  
E13  28294766.396   148690000.0181      -1805.766          19.000                                                                  
G14  22106769.421   116171856.9851       1047.228          26.000    22106767.658    90523535.6920        816.259          33.000  
E09  26907298.974   141398788.7230       -259.224          31.000    26907288.710   108344498.1440       -198.043          30.000  
E28  27069504.848   142251199.0300      -3145.569          29.000    27069502.136   108997664.7420      -2410.321          27.000  
G01  22543282.392   118465745.8280        464.343          32.000    22543281.474    92310924.2330        361.141          34.000  
E26  26034309.069   136811247.6230        596.886          37.000    26034308.978   104829366.0260        457.637          33.000  
G22  23235501.231   122103442.2070       1194.023          38.000                                                                  
E23  24933390.540   131025835.6040       -889.456          32.000    24933389.702   100396405.2900       -681.412          34.000  
R11                                                                  24055732.898    99980623.1920       2012.755          30.000  
> 2026  7 21  6 40 40.0030000  0 37                           
E04  26317411.408   138298930.2011      -2569.766          20.000    26317383.194   105969168.9950      -1966.927          29.000  
S35  39112444.884   205537286.2690       -414.589          33.000  
S33  39370157.475   206891577.0460       -413.470          32.000  
S31  38663724.313   203179255.9060       -411.848          39.000  
G08  24726103.042   129936547.8101      -3770.667          25.000    24726105.986   101249269.7531      -2936.586          20.000  
E21  28209810.382   148243553.2961      -2095.205          18.000    28209806.725   113589201.3711      -1603.338          24.000  
C27  23777200.245   123814065.2050      -2242.621          34.000  
C30  22688218.373   118143539.0600        939.827          32.000  
C37  26852967.842   139830449.3141      -2862.399          25.000  
R01  24519085.230   131068562.2501       -922.910          19.000                                                                  
R11  24050883.721   128520630.2421       2581.263          18.000    24050890.120    99960494.8750       2013.418          29.000  
R10  21200967.179   113013094.0480        926.418          32.000                                                                  
R09  21492200.138   114767098.5110      -1692.033          28.000    21492186.765    89263318.1300      -1315.559          35.000  
R08  24223152.328   129713879.9871      -3227.359          18.000                                                                  
G20  25074454.405   131767146.4831         74.303          12.000                                                                  
E31  25846600.285   135824847.9850        701.715          28.000    25846617.851   104073600.2460        537.849          34.000  
G07  21942670.230   115309442.0100      -2179.745          33.000    21942671.846    89851518.9830      -1699.012          31.000  
G17  22295702.088   117164815.1510       1266.466          38.000    22295699.627    91297174.6700        986.970          26.000  
E06  26249607.587   137942549.7130      -1479.419          27.000    26249618.939   105696330.4250      -1133.854          27.000  
C36  23591994.319   122849743.0230       1417.811          33.000  
C28  27390762.104   142630885.1521      -3498.570          23.000  
C11  24557938.985   127879604.3230       2315.307          37.000  
C29  25916074.013   134951748.3810       2796.448          32.000  
R20  20360059.124   108874338.5320        681.715          43.000    20360054.227    84680037.7710        530.473          32.000  
R21  22503172.786   120419022.3081       3542.095          25.000    22503169.557    93659226.5161       2753.240          24.000  
R19  22349935.872   119557159.3390      -3364.865          31.000    22349942.717    92988852.1150      -2616.588          34.000  
G30  21207766.460   111447544.2310        165.249          47.000    21207764.378    86842207.6970        128.020          31.000  
G02  23108758.134   121437345.3420      -2005.732          38.000                                                                  
E33  27105391.219   142439776.8320       2432.490          28.000    27105392.616   109142190.0920       1863.752          28.000  
E13  28298213.760   148708116.5911      -1815.387          20.000                                                                  
G14  22104773.791   116161369.5421       1047.041          26.000    22104774.675    90515373.8020        815.590          33.000  
E09  26907797.010   141401402.8690       -263.686          31.000    26907785.900   108346501.2500       -202.530          31.000  
E28  27075493.120   142282653.0320      -3146.252          29.000    27075487.547   109021765.8800      -2410.742          28.000  
G01  22542404.442   118461133.7390        457.995          31.000    22542404.562    92307330.4510        356.256          35.000  
E26  26033176.337   136805297.1490        592.772          37.000    26033176.559   104824806.5690        454.751          34.000  
G22  23233228.696   122091501.9000       1193.423          38.000                                                                  
E23  24935081.848   131034727.1210       -889.577          31.000    24935081.520   100403218.2760       -681.448          35.000  
> 2026  7 21  6 40 50.0030000  0 36                           
S35  39113233.890   205541431.7300       -414.366          33.000  
S33  39370944.706   206895712.0030       -413.206          33.000  
S31  38664507.941   203183375.9470       -411.697          39.000  
G08  24733281.586   129974271.2391      -3772.180          23.000    24733283.921   101278663.0251      -2943.264          21.000  
C27  23781510.979   123836511.7880      -2246.728          35.000  
C30  22686416.927   118134167.2010        935.057          32.000  
C37  26858467.859   139859089.5561      -2863.827          26.000  
R01  24520823.378   131077853.6981       -925.157          19.000                                                                  
R11  24046043.625   128494765.6421       2580.558          20.000    24046044.583    99940359.5050       2014.243          29.000  
R10  21199230.713   113003839.2150        924.228          31.000                                                                  
R09  21495371.514   114784034.6290      -1695.900          27.000    21495358.618    89276490.6690      -1319.153          35.000  
R08  24229146.905   129745980.7341      -3207.965          16.000                                                                  
E31  25845267.695   135817829.8130        701.501          28.000    25845282.528   104068222.6810        537.910          34.000  
G07  21946823.234   115331266.3880      -2184.599          32.000    21946825.334    89868524.9800      -1702.986          32.000  
G17  22293295.510   117152167.7430       1262.552          38.000    22293289.113    91287291.3621        986.125          22.000  
E06  26252427.925   137957367.1210      -1483.470          27.000    26252438.974   105707684.0140      -1136.512          28.000  
C36  23589272.710   122835574.8420       1415.846          34.000  
C28  27397487.937   142665908.3361      -3508.919          24.000  
C11  24553495.457   127856465.2640       2312.752          37.000  
C29  25910705.494   134923790.2800       2794.953          32.000  
R20  20358792.323   108867565.1910        672.889          43.000    20358787.502    84674769.6290        522.980          31.000  
R21  22496563.161   120383653.3690       3537.375          27.000    22496553.407    93631689.9701       2752.470          24.000  
R19  22356232.274   119590835.7290      -3371.291          32.000    22356237.190    93015044.8510      -2621.839          34.000  
G30  21207457.770   111445922.5330        159.309          47.000    21207456.441    86840943.9840        125.402          31.000  
G02  23112580.649   121457431.8430      -2011.542          38.000                                                                  
E33  27100763.738   142415460.1270       2431.389          28.000    27100764.207   109123557.8030       1862.768          28.000  
E13  28301666.190   148726259.1631      -1807.826          20.000                                                                  
G14  22102777.205   116150877.9761       1045.595          26.000    22102783.453    90507221.8890        814.517          34.000  
E09  26908302.201   141404063.3680       -267.651          31.000    26908292.214   108348539.8500       -205.814          31.000  
E28  27081479.735   142314116.1540      -3146.838          28.000    27081475.141   109045873.9610      -2410.974          28.000  
G01  22541537.965   118456582.4770        451.718          32.000    22541538.667    92303784.0190        351.948          35.000  
E26  26032052.016   136799390.1330        588.272          37.000    26032052.894   104820280.4210        451.220          33.000  
G22  23230957.797   122079570.2250       1192.826          38.000                                                                  
E23  24936773.661   131043624.7120       -890.225          31.000    24936774.783   100410035.9130       -682.080          35.000  
E04                                                                  26322269.837   105988845.1660      -1968.862          29.000  
E21                                                                  28213792.276   113605249.6661      -1603.544          23.000  
> 2026  7 21  6 41  0.0030000  0 36                           
S35  39114022.986   205545576.2230       -414.655          33.000  
S33  39371731.437   206899845.7250       -412.718          33.000  
S31  38665291.852   203187494.9150       -411.749          39.000  
G08  24740465.102   130012021.3151      -3768.953          22.000    24740457.609   101308037.6041      -2940.802          20.000  
E21  28217774.026   148285402.7071      -2095.471          18.000    28217777.770   113621297.9831      -1604.281          22.000  
C27  23785829.294   123858997.7640      -2250.762          35.000  
C30  22684625.369   118124842.4400        929.738          32.000  
C37  26863968.294   139887732.5021      -2865.271          26.000  
R01  24522575.206   131087217.7591       -941.562          19.000                                                                  
R11  24041197.804   128468871.7281       2592.866          20.000    24041197.931    99920216.8880       2014.587          28.000  
R10  21197498.777   112994609.3530        922.031          31.000                                                                  
R09  21498550.536   114801009.3380      -1699.111          25.000    21498537.653    89289693.1990      -1321.779          35.000  
R08  24235157.472   129778167.7591      -3237.437          15.000                                                                  
E31  25843935.615   135810815.2200        701.154          29.000    25843947.483   104062847.8920        537.217          34.000  
G07  21950985.745   115353142.7700      -2190.870          32.000    21950988.935    89885571.4630      -1706.475          33.000  
G17  22290897.134   117139563.6470       1258.258          37.000    22290886.142    91277451.8201        973.755          21.000  
E06  26255256.622   137972224.7860      -1487.758          28.000    26255267.112   105719068.4790      -1140.170          29.000  
C36  23586554.360   122821421.5240       1414.781          35.000  
C28  27404214.729   142700936.9931      -3502.079          24.000  
C11  24549057.212   127833355.5800       2309.404          37.000  
C29  25905338.609   134895845.5130       2794.179          32.000  
R20  20357542.061   108860879.4470        664.281          43.000    20357536.310    84669569.6460        517.094          30.000  
R21  22489959.600   120348301.2110       3532.962          27.000                                                                  
R19  22362539.602   119624570.5160      -3376.511          32.000    22362542.939    93041283.0760      -2626.409          33.000  
G30  21207159.738   111444358.0540        153.570          46.000    21207158.359    86839724.9060        120.446          31.000  
G02  23116413.860   121477575.7910      -2017.489          38.000                                                                  
E33  27096136.764   142391153.1960       2430.595          28.000    27096138.815   109104933.0120       1862.438          28.000  
E13  28305126.395   148744443.0141      -1818.572          20.000                                                                  
G14  22100791.319   116140427.6110       1043.556          27.000    22100794.740    90499079.4360        814.474          33.000  
E09  26908814.621   141406769.6960       -273.279          30.000    26908807.610   108350613.4850       -209.076          32.000  
E28  27087468.528   142345587.5740      -3147.113          28.000    27087463.836   109069988.4890      -2411.920          29.000  
G01  22540682.983   118452091.4160        445.496          31.000    22540684.462    92300284.4990        347.029          35.000  
E26  26030936.368   136793525.8760        584.611          37.000    26030937.242   104815787.0650        447.618          34.000  
G22  23228688.342   122067646.4330       1192.104          38.000                                                                  
E23  24938466.809   131052527.6530       -890.887          30.000    24938468.755   100416857.6640       -682.674          35.000  
E04                                                                  26327161.489   106008541.1580      -1970.419          29.000  
> 2026  7 21  6 41 10.0030000  0 36                           
E04  26332040.339   138375805.2861      -2574.926          18.000    26332058.753   106028257.0000      -1972.545          29.000  
S35  39114810.967   205549718.7440       -414.344          33.000  
S33  39372518.018   206903977.9710       -412.932          32.000  
S31  38666075.406   203191612.6770       -412.048          39.000  
G08  24747640.344   130049727.1721      -3769.898          21.000    24747635.345   101337429.5771      -2938.393          20.000  
C27  23790154.789   123881522.9950      -2254.116          35.000  
C30  22682843.507   118115564.6730        924.758          31.000  
C37  26869476.901   139916417.1251      -2867.324          26.000  
R01  24524336.497   131096633.2541       -946.912          17.000                                                                  
R11  24036349.713   128442965.0701       2593.711          18.000    24036348.937    99900066.7200       2015.670          27.000  
R10  21195771.078   112985404.4650        918.167          29.000                                                                  
R09  21501736.294   114818072.0861      -1708.029          21.000    21501723.727    89302925.8050      -1324.944          35.000  
R08  24241169.634   129810362.5681      -3212.576          15.000                                                                  
E31  25842601.462   135803804.1010        701.404          29.000    25842613.330   104057475.7460        537.215          34.000  
G07  21955158.753   115375070.8550      -2195.087          32.000    21955162.043    89902658.3480      -1711.056          33.000  
G17  22288507.393   117127002.6930       1253.782          36.000    22288492.805    91267651.3931        975.443          19.000  
E06  26258094.644   137987122.5730      -1492.105          29.000    26258102.166   105730483.6330      -1142.904          30.000  
C36  23583838.973   122807283.1600       1413.148          35.000  
C28  27410943.947   142735977.9561      -3504.328          25.000  
C11  24544624.783   127810275.2220       2306.788          37.000  
C29  25899974.705   134867914.1290       2792.331          32.000  
R20  20356308.042   108854281.3760        655.472          43.000    20356301.845    84664437.7640        509.922          29.000  
R21  22483366.089   120312989.0920       3529.567          27.000    22483348.333    93576729.4051       2743.557          24.000  
R19  22368857.465   119658362.6050      -3382.188          33.000    22368859.173    93067565.8130      -2630.140          33.000  
G30  21206872.769   111442850.7940        147.984          46.000    21206871.200    86838550.4750        115.164          31.000  
G02  23120258.156   121497777.0570      -2023.344          38.000                                                                  
E33  27091513.070   142366856.1430       2429.374          29.000    27091515.285   109086315.8450       1861.352          28.000  
E13  28308595.542   148762672.8251      -1827.976          20.000                                                                  
G14  22098798.506   116129990.2150       1043.638          26.000    22098807.855    90490946.5060        813.252          33.000  
E09  26909335.976   141409521.5890       -277.267          29.000    26909331.525   108352722.0970       -212.644          32.000  
E28  27093455.933   142377067.2620      -3147.894          27.000    27093453.616   109094109.2640      -2412.219          29.000  
G01  22539839.526   118447660.4960        440.546          32.000    22539841.178    92296831.8160        342.509          34.000  
E26  26029829.038   136787704.4310        580.063          37.000    26029829.355   104811326.4900        443.987          34.000  
G22  23226420.672   122055730.4740       1191.285          39.000                                                                  
E23  24940161.495   131061435.8800       -890.769          29.000    24940163.342   100423683.4210       -682.630          35.000  
E21                                                                  28221761.827   113637339.3611      -1602.436          22.000  
