     3.05           O: OBSERVATION      M: MIXED            RINEX VERSION / TYPE
PYRINEXCONV 0.1.2 ALDELTUNES            20260721 004948 UTC PGM / RUN BY / DATE
UNKN                                                        MARKER NAME
NONE                                                        MARKER TYPE
                                                            OBSERVER / AGENCY
                                                            REC # / TYPE / VERS
                                                            ANT # / TYPE
   114523.7015 -5410757.3735  3552127.3787                  APPROX POSITION XYZ
        0.0000        0.0000        0.0000                  ANTENNA: DELTA H/E/N
S    4 C1C L1C D1C S1C                                      SYS / # / OBS TYPES
E    8 C1C L1C D1C S1C C7Q L7Q D7Q S7Q                      SYS / # / OBS TYPES
C    4 C2I L2I D2I S2I                                      SYS / # / OBS TYPES
R    8 C1C L1C D1C S1C C2C L2C D2C S2C                      SYS / # / OBS TYPES
G    8 C1C L1C D1C S1C C2L L2L D2L S2L                      SYS / # / OBS TYPES
DBHZ                                                        SIGNAL STRENGTH UNIT
    10.000                                                  INTERVAL
  2026     7    21     0    40   10.9970000     GPS         TIME OF FIRST OBS
  2026     7    21     0    50    0.9980000     GPS         TIME OF LAST OBS
  7 R03  5 R04  6 R05  1 R06 -4 R14 -7 R15  0 R16 -1        GLONASS SLOT / FRQ
 C1C    0.000 C1P    0.000 C2C    0.000 C2P    0.000        GLONASS COD/PHS/BIS
    18        2428     2GPS                                 LEAPSECONDS
    34                                                      # OF SATELLITES
                                                            END OF HEADER
> 2026  7 21  0 40 10.9970000  0 29                           
S35  37373676.859   196399997.2000       -421.151          33.000  
S33  37639232.571   197795499.4920       -418.672          33.000  
S31  36938968.158   194115574.9270       -417.528          39.000  
E21  24351872.155   127969997.8050       2065.923          38.000    24351879.246    98054925.4630       1583.413          33.000  
C41  23002650.250   119780760.6350      -2951.251          31.000  
C23  21145772.763   110111527.6510      -1415.025          34.000  
C25  23728284.485   123559397.4350      -3158.734          27.000  
C32  21100269.552   109874568.1260        -35.115          41.000  
C37  22276231.592   115998111.0530       1332.935          34.000  
R04  19342587.306   103578637.2750      -2259.661          33.000    19342581.528    80561172.5430      -1757.377          39.000  
R06  22154646.332   118221437.2261       3460.262          25.000    22154642.722    91949984.7240       2690.941          26.000  
R14  21021042.936   112053878.9740      -4001.677          31.000    21021020.026    87153005.6471      -3119.440          23.000  
R16  20496305.393   109487524.2260       2587.772          30.000    20496303.737    85157003.0121       2012.423          23.000  
R05  18769499.632   100333731.4561       1351.327          25.000    18769509.806    78037395.5510       1050.912          32.000  
G26  19387333.775   101881126.1131       -841.743          22.000    19387356.359    79388004.6700       -662.891          34.000  
G03  20104544.753   105650129.3170       -885.925          36.000    20104536.355    82324722.3850       -690.083          29.000  
G32  22883149.776   120251763.5511      -3051.244          25.000    22883156.424    93702699.6561      -2381.776          22.000  
E07  24883957.736   130766123.6540      -1919.668          30.000    24883971.454   100197414.9390      -1470.630          31.000  
G31  20328862.408   106828886.3730      -2170.124          38.000    20328863.463    83243309.3580      -1690.780          29.000  
C20  24312154.768   126599757.7740       2500.516          37.000  
R15  18444075.884    98559522.4800      -1036.771          32.000    18444077.935    76657410.0300       -806.205          39.000  
E30  26293098.437   138171179.7090      -2698.119          29.000    26293094.287   105871430.5140      -2067.496          28.000  
G04  21897946.797   115074469.6850       2358.412          37.000    21897948.454    89668441.9410       1837.374          31.000  
G16  19663756.880   103333855.4550       1777.224          30.000                                                                  
G28  22419089.922   117813191.1660      -2785.936          33.000    22419097.546    91802455.9841      -2170.239          26.000  
E33  26812772.023   140902067.2751      -2797.046          17.000                                                                  
E19  23921182.778   125706667.2120       1486.254          26.000    23921190.775    96320724.2550       1139.474          28.000  
E27  23355955.074   122736324.5040       -480.347          40.000    23355954.646    94044773.9860       -367.875          42.000  
E29  22842225.215   120036690.8430        -49.740          30.000    22842228.471    91976198.5480        -38.352          37.000  
> 2026  7 21  0 40 20.9970000  0 29                           
S35  37374477.400   196404202.3150       -420.041          33.000  
S33  37640028.982   197799684.0070       -418.101          33.000  
S31  36939762.258   194119748.5380       -417.036          39.000  
E21  24347942.790   127949351.3640       2063.719          37.000    24347950.255    98039105.5020       1580.639          33.000  
C41  23008321.681   119810290.8600      -2954.541          30.000  
C23  21148493.723   110125687.6500      -1417.545          34.000  
C25  23734347.455   123590979.9970      -3158.668          27.000  
C32  21100341.098   109874940.3280        -39.627          41.000  
C37  22273674.719   115984793.9540       1329.864          32.000  
R04  19346811.578   103601261.8710      -2265.566          31.000    19346807.253    80578769.4560      -1762.115          39.000  
R06  22148161.358   118186832.2691       3458.869          25.000    22148158.973    91923074.2910       2691.668          26.000  
R14  21028550.021   112093894.7630      -4002.370          31.000    21028528.608    87184136.6911      -3114.747          22.000  
R16  20491467.262   109461677.9580       2581.765          29.000    20491462.405    85136888.1251       2012.358          22.000  
R05  18766971.966   100320216.5320       1346.718          27.000    18766986.499    78026900.5210       1048.223          31.000  
G26  19388966.054   101889703.3541       -851.399          22.000    19388980.781    79394655.1770       -667.414          34.000  
G03  20106237.604   105659020.7800       -892.818          36.000    20106229.871    82331650.7940       -695.458          29.000  
G32  22888961.909   120282306.0061      -3052.371          24.000    22888969.638    93726504.0081      -2381.869          22.000  
E07  24887612.736   130785322.4670      -1920.651          31.000    24887625.157   100212125.7350      -1471.761          31.000  
G31  20332993.301   106850594.8090      -2171.784          38.000    20332994.341    83260225.0470      -1692.438          29.000  
C20  24307354.069   126574758.1900       2499.248          37.000  
R15  18446020.400    98569920.6110      -1043.324          31.000    18446023.712    76665497.4400       -811.355          39.000  
E30  26298235.159   138198169.0280      -2700.137          29.000    26298230.012   105892110.6310      -2069.129          28.000  
G04  21893459.602   115050887.1530       2357.884          37.000    21893460.494    89650065.9180       1837.670          31.000  
G16  19660380.840   103316109.5800       1772.115          30.000                                                                  
G28  22424392.188   117841049.7610      -2785.767          34.000    22424401.210    91824173.9991      -2170.917          26.000  
E33  26818090.960   140930019.1421      -2803.407          18.000                                                                  
E19  23918347.425   125691763.2061       1487.298          26.000    23918361.522    96309331.9720       1139.229          28.000  
E27  23356872.714   122741147.9400       -484.487          40.000    23356872.562    94048469.8830       -371.212          42.000  
E29  22842320.379   120037196.5300        -51.411          31.000    22842325.066    91976586.0420        -39.554          37.000  
> 2026  7 21  0 40 30.9970000  0 30                           
S35  37375277.297   196408407.2350       -420.977          33.000  
S33  37640825.147   197803868.9710       -418.311          34.000  
S31  36940556.839   194123922.2640       -417.153          39.000  
E21  24344018.143   127928731.7570       2060.603          37.000    24344026.683    98023306.0600       1578.955          33.000  
C41  23013999.045   119839853.8920      -2957.806          30.000  
C23  21151220.447   110139881.5150      -1420.989          34.000  
C25  23740414.840   123622567.8390      -3158.733          27.000  
C32  21100422.046   109875361.6130        -44.051          41.000  
C37  22271124.373   115971511.1750       1326.933          31.000  
R04  19351048.259   103623950.9440      -2272.885          31.000    19351044.794    80596416.4960      -1767.141          39.000  
R06  22141680.740   118152250.8981       3460.547          25.000    22141675.002    91896166.8940       2690.357          27.000  
R14  21036060.507   112133929.8980      -4004.278          31.000    21036040.735    87215282.0461      -3116.335          22.000  
R16  20486638.639   109435882.4110       2577.733          28.000    20486637.421    85116841.4431       2003.280          21.000  
R05  18764463.330   100306799.9720       1341.236          30.000    18764473.749    78016449.0320       1043.179          32.000  
G26  19390600.365   101898291.7341       -852.919          18.000    19390617.846    79401356.7780       -672.219          35.000  
G03  20107944.448   105667982.0980       -899.425          37.000    20107936.014    82338633.6420       -700.295          30.000  
G32  22894770.931   120312832.4711      -3056.428          23.000    22894778.308    93750289.1341      -2376.335          21.000  
E07  24891272.500   130804538.5010      -1922.823          32.000    24891282.255   100226849.6460      -1472.307          32.000  
G31  20337128.240   106872322.8100      -2173.670          38.000    20337127.959    83277155.9190      -1693.854          29.000  
C20  24302556.337   126549772.8720       2498.130          38.000  
R15  18447978.071    98580388.6540      -1049.921          31.000    18447982.692    76673639.2600       -816.787          40.000  
E30  26303373.913   138225184.2270      -2702.535          30.000    26303370.725   105912810.5860      -2071.126          27.000  
G04  21888974.027   115027312.4320       2356.882          38.000    21888974.136    89631696.0840       1836.648          30.000  
G16  19657015.284   103298424.1380       1765.567          29.000                                                                  
G28  22429695.364   117868911.7470      -2785.800          34.000    22429705.123    91845892.6011      -2171.606          26.000  
E33  26823401.835   140957927.7821      -2786.830          19.000                                                                  
E19  23915517.112   125676889.8061       1486.600          26.000    23915532.272    96297940.0800       1139.286          28.000  
E27  23357799.099   122746017.5940       -488.841          40.000    23357799.264    94052201.1900       -374.639          42.000  
E29  22842419.390   120037718.9450        -54.030          32.000    22842424.402    91976986.3020        -40.342          38.000  
R03                                                                  23277904.576    96917679.0881      -3276.830          17.000  
> 2026  7 21  0 40 40.9970000  0 30                           
S35  37376077.279   196412611.8220       -420.943          33.000  
S33  37641621.339   197808053.1470       -418.654          33.000  
S31  36941350.847   194128095.4750       -417.538          39.000  
E21  24340098.754   127908138.3060       2057.624          37.000    24340107.854    98007526.6570       1576.851          33.000  
C41  23019681.787   119869449.0160      -2961.865          30.000  
C23  21153952.089   110154108.4750      -1425.228          34.000  
C25  23746483.546   123654160.2110      -3159.716          28.000  
C32  21100511.841   109875831.4170        -49.773          41.000  
C37  22268580.756   115958262.1610       1322.946          31.000  
R04  19355297.079   103646703.9460      -2278.634          30.000    19355294.349    80614113.3090      -1772.505          39.000  
R06  22135198.319   118117659.4921       3459.283          25.000    22135188.532    91869261.6440       2690.865          27.000  
R14  21043575.415   112173983.6120      -4007.104          31.000    21043554.335    87246432.8011      -3110.401          23.000  
R16  20481819.899   109410137.2170       2572.400          26.000    20481816.840    85096813.3311       1998.748          19.000  
R05  18761961.591   100293417.8280       1335.148          33.000    18761970.696    78006040.7230       1038.662          31.000  
G26  19392243.156   101906924.8831       -867.893          14.000    19392267.283    79408108.9830       -678.330          35.000  
G03  20109663.680   105677012.5890       -906.440          36.000    20109655.974    82345670.3930       -706.850          31.000  
G32  22900586.097   120343391.4691      -3060.043          23.000    22900594.838    93774106.9571      -2372.003          21.000  
E07  24894934.742   130823771.1050      -1925.066          33.000    24894942.513   100241586.3440      -1475.005          32.000  
G31  20341266.903   106894069.6630      -2176.132          38.000    20341266.510    83294101.4780      -1695.668          28.000  
C20  24297760.946   126524801.3230       2496.076          38.000  
R15  18449948.991    98590925.7380      -1057.803          31.000    18449954.749    76681834.7270       -822.501          40.000  
E30  26308519.581   138252224.6670      -2705.792          30.000    26308516.039   105933529.8850      -2073.372          27.000  
G04  21884489.942   115003744.9080       2356.198          38.000    21884489.184    89613331.7620       1835.629          30.000  
G16  19653661.083   103280798.4920       1759.344          28.000                                                                  
G28  22434998.762   117896776.4150      -2786.693          35.000    22435008.727    91867610.3061      -2171.209          26.000  
E33  26828723.460   140985893.0661      -2782.160          19.000                                                                  
E19  23912687.272   125662019.2581       1486.762          27.000    23912703.178    96286548.0440       1139.236          28.000  
E27  23358734.167   122750932.8240       -494.337          39.000    23358734.727    94055967.4040       -378.617          42.000  
E29  22842521.325   120038257.3230        -54.709          32.000    22842527.009    91977398.8800        -42.140          38.000  
R03                                                                  23285805.142    96950573.5551      -3285.444          16.000  
> 2026  7 21  0 40 50.9970000  0 30                           
S35  37376877.374   196416816.7030       -420.294          33.000  
S33  37642417.664   197812236.9560       -417.848          34.000  
S31  36942145.376   194132268.4570       -416.858          39.000  
E21  24336185.069   127887571.6070       2055.934          36.000    24336193.850    97991767.7920       1575.563          33.000  
C41  23025371.196   119899076.6230      -2964.447          30.000  
C23  21156689.878   110168368.9410      -1427.061          34.000  
C25  23752550.292   123685757.5350      -3159.473          28.000  
C32  21100611.328   109876350.2180        -53.791          41.000  
C37  22266044.397   115945047.3850       1320.002          30.000  
R04  19359557.982   103669556.4910      -2284.675          28.000    19359555.573    80631860.2910      -1776.734          38.000  
R06  22128712.847   118083051.8531       3459.358          25.000    22128708.341    91842359.3130       2690.933          27.000  
R14  21051093.698   112214056.3550      -4006.979          30.000    21051072.336    87277602.6261      -3112.906          23.000  
R16  20477010.058   109384511.6741       2568.663          24.000    20477007.593    85076831.7831       2005.377          17.000  
R05  18759471.744   100280091.9550       1330.145          36.000    18759478.069    77995676.1430       1034.593          30.000  
G03  20111395.682   105686112.7160       -912.465          35.000    20111389.461    82352761.3760       -710.978          31.000  
G32  22906409.198   120373992.6671      -3062.505          23.000    22906418.048    93797952.3361      -2386.937          20.000  
E07  24898599.227   130843020.7150      -1925.600          34.000    24898605.761   100256336.0500      -1475.714          33.000  
G31  20345409.360   106915835.7760      -2176.773          38.000    20345408.785    83311062.0780      -1696.406          28.000  
C20  24292968.223   126499844.0720       2495.501          38.000  
R15  18451932.647    98601532.4910      -1063.889          30.000    18451939.901    76690084.4170       -827.163          40.000  
E30  26313669.569   138279290.7380      -2707.339          30.000    26313666.220   105954268.7840      -2074.567          27.000  
G04  21880006.897   114980185.1260       2356.269          38.000    21880005.662    89594973.4880       1836.049          29.000  
G16  19650318.625   103263233.3490       1753.979          29.000                                                                  
G28  22440303.123   117924644.2460      -2786.700          35.000    22440311.153    91889322.5491      -2170.829          24.000  
E33  26834035.242   141013806.2951      -2793.878          20.000                                                                  
E19  23909860.817   125647155.0010       1487.135          27.000    23909873.698    96275156.2450       1139.596          28.000  
E27  23359677.600   122755894.0550       -497.824          39.000    23359679.017    94059768.8890       -381.595          42.000  
E29  22842626.912   120038812.3210        -55.287          33.000    22842632.691    91977824.1550        -42.756          38.000  
R03                                                                  23293707.910    96983476.7421      -3285.113          16.000  
G26                                                                  19393929.176    79414912.0070       -682.182          35.000  
> 2026  7 21  0 41  0.9970000  0 30                           
S35  37377676.121   196421017.3000       -419.960          34.000  
S33  37643213.061   197816417.4910       -417.924          33.000  
S31  36942938.633   194136437.8130       -416.777          39.000  
E21  24332275.287   127867028.0540       2052.874          36.000    24332284.625    97976026.6500       1572.985          33.000  
C41  23031066.930   119928733.0760      -2967.279          30.000  
C23  21159432.627   110182659.2680      -1431.367          34.000  
C25  23758615.090   123717356.1380      -3160.203          29.000  
C32  21100719.245   109876914.4120        -58.745          41.000  
C37  22263512.903   115931863.2400       1316.995          29.000  
R04  19363828.828   103692434.5510      -2291.067          26.000    19363828.178    80649654.3640      -1781.948          38.000  
R06  22122227.854   118048446.1501       3458.519          25.000    22122228.695    91815457.0800       2690.000          27.000  
R14  21058614.067   112254262.1010      -4009.266          30.000    21058590.254    87308771.9021      -3122.172          22.000  
R16  20472200.046   109358817.1141       2561.891          23.000    20472206.023    85056882.6801       1994.160          13.000  
R05  18756991.689   100266818.3930       1324.579          37.000    18756994.766    77985352.2250       1030.276          30.000  
G26  19395593.076   101924528.8621       -897.520          16.000    19395602.877    79421763.0360       -687.222          35.000  
G03  20113139.068   105695278.8180       -920.016          33.000    20113135.248    82359903.7950       -717.179          31.000  
G32  22912232.989   120404596.8951      -3060.704          23.000    22912241.964    93821800.1301      -2386.175          20.000  
E07  24902267.797   130862283.7510      -1927.287          35.000    24902271.952   100271096.0150      -1476.717          33.000  
G31  20349554.405   106937617.4760      -2178.945          38.000    20349553.618    83328034.8110      -1698.011          29.000  
C20  24288177.702   126474897.5290       2494.204          39.000  
R15  18453928.376    98612204.9690      -1070.648          30.000    18453937.280    76698385.1960       -832.910          40.000  
E30  26318822.786   138306378.6960      -2710.271          30.000    26318820.932   105975024.4460      -2076.260          27.000  
G04  21875524.659   114956629.5110       2355.248          38.000    21875522.772    89576618.4690       1835.522          29.000  
G16  19646988.577   103245724.9850       1748.325          29.000                                                                  
G28  22445607.225   117952511.4830      -2786.661          36.000    22445614.648    91911039.2331      -2171.043          25.000  
E33  26839357.545   141041775.1221      -2778.616          21.000                                                                  
E19  23907030.787   125632284.4290       1487.458          28.000    23907044.360    96263761.9460       1139.435          28.000  
E27  23360629.576   122760897.6440       -502.645          38.000    23360631.175    94063602.8010       -385.149          42.000  
E29  22842733.882   120039380.2940        -57.298          33.000    22842741.001    91978259.3490        -44.240          38.000  
R03                                                                  23301606.619    97016363.4591      -3282.248          16.000  
> 2026  7 21  0 41 10.9970000  0 30                           
S35  37378474.494   196425214.9850       -420.108          33.000  
S33  37644008.086   197820594.8500       -418.016          33.000  
S31  36943731.345   194140603.7660       -416.536          39.000  
E21  24328370.261   127846508.0090       2050.389          36.000    24328379.500    97960303.5000       1571.422          33.000  
C41  23036767.386   119958418.6260      -2971.002          31.000  
C23  21162181.861   110196979.6400      -1433.775          34.000  
C25  23764681.999   123748956.3020      -3160.871          30.000  
C32  21100836.116   109877524.4020        -63.598          41.000  
C37  22260987.476   115918710.0220       1313.522          28.000  
R04  19368117.336   103715373.7940      -2297.343          26.000    19368111.873    80667495.9640      -1786.942          37.000  
R06  22115745.252   118013853.9951       3458.489          26.000    22115746.537    91788555.1530       2690.148          26.000  
R14  21066137.039   112294365.3230      -4011.158          30.000    21066109.280    87339945.9371      -3119.996          23.000  
R16  20467406.417   109333210.6961       2556.863          25.000    20467411.935    85036964.2851       1991.637          13.000  
R05  18754520.602   100253597.8660       1318.939          38.000    18754520.952    77975069.5830       1025.632          30.000  
G26  19397290.674   101933449.7491       -891.454          25.000    19397288.253    79428662.2990       -692.556          35.000  
G03  20114893.629   105704511.1680       -925.669          30.000    20114892.633    82367097.8400       -723.127          31.000  
G32  22918068.080   120435260.1951      -3061.393          24.000    22918075.616    93845688.2391      -2389.698          21.000  
E07  24905936.512   130881560.5150      -1928.518          36.000    24905940.430   100285866.5200      -1478.067          33.000  
G31  20353702.292   106959415.0450      -2180.707          38.000    20353702.539    83345019.9070      -1699.229          29.000  
C20  24283388.991   126449962.1400       2492.635          39.000  
R15  18455936.871    98622943.4390      -1076.639          29.000    18455946.989    76706737.3670       -837.865          40.000  
E30  26323981.630   138333488.8690      -2713.605          30.000    26323979.676   105995797.1370      -2078.318          26.000  
G04  21871043.209   114933078.4100       2354.837          38.000    21871040.046    89558267.0230       1834.568          28.000  
G16  19643669.643   103228273.8720       1741.722          28.000                                                                  
G28  22450910.974   117980378.5200      -2786.786          37.000    22450920.770    91932766.7841      -2171.752          25.000  
E33  26844678.203   141069735.2911      -2792.177          22.000                                                                  
E19  23904202.134   125617410.9140       1487.141          27.000    23904213.709    96252365.3410       1139.164          28.000  
E27  23361589.371   122765943.8500       -506.743          38.000    23361591.503    94067469.4040       -388.530          42.000  
E29  22842843.737   120039961.5940        -59.459          34.000    22842851.409    91978704.7420        -45.349          38.000  
R03                                                                  23309502.713    97049239.0081      -3297.456          16.000  
> 2026  7 21  0 41 20.9970000  0 30                           
S35  37379273.423   196429411.1700       -419.640          33.000  
S33  37644802.846   197824770.0820       -417.338          33.000  
S31  36944523.477   194144768.2140       -416.467          39.000  
E21  24324470.246   127826013.3610       2048.247          36.000    24324479.293    97944599.8740       1569.339          34.000  
C41  23042474.020   119988135.0970      -2973.596          31.000  
C23  21164938.146   110211331.9100      -1436.857          35.000  
C25  23770751.088   123780559.7240      -3160.782          30.000  
C32  21100962.379   109878182.0570        -68.100          40.000  
C37  22258466.595   115905589.6390       1310.220          28.000  
R06  22109260.753   117979251.4751       3459.423          26.000    22109259.838    91761644.2570       2689.455          26.000  
R14  21073663.849   112334485.5740      -4012.661          28.000    21073634.279    87371144.2321      -3122.487          22.000  
R16  20462623.752   109307662.3281       2552.305          24.000    20462635.093    85017117.4951       1978.636          14.000  
R05  18752059.911   100240432.2530       1313.676          39.000    18752057.724    77964829.6430       1021.616          29.000  
G26  19398989.216   101942375.3940       -894.768          27.000    19398985.419    79435611.1640       -696.851          35.000  
G03  20116660.875   105713811.7020       -933.647          29.000    20116662.666    82374344.8550       -727.286          31.000  
G32  22923904.318   120465930.2361      -3067.109          24.000    22923909.624    93869577.0381      -2392.792          20.000  
E07  24909608.786   130900852.9070      -1930.270          36.000    24909611.669   100300648.9600      -1479.078          34.000  
G31  20357853.562   106981230.3880      -2182.281          37.000    20357854.687    83362018.8830      -1700.548          29.000  
C20  24278603.039   126425039.8080       2491.288          39.000  
R15  18457958.331    98633749.9120      -1084.209          29.000    18457968.964    76715142.3760       -843.028          40.000  
E30  26329145.304   138360622.8940      -2715.224          30.000    26329143.180   106016588.2570      -2080.500          27.000  
G04  21866562.700   114909533.7980       2354.099          37.000    21866558.013    89539920.5270       1834.611          27.000  
G16  19640361.116   103210881.8610       1736.175          27.000                                                                  
G28  22456215.051   118008247.1770      -2786.788          37.000    22456224.599    91954485.5941      -2170.527          25.000  
E33  26849993.771   141097668.6721      -2787.922          22.000    26849999.878   108113822.5601      -2141.414          25.000  
E19  23901370.391   125602536.2770       1487.885          27.000    23901383.479    96240967.9110       1139.746          28.000  
E27  23362557.550   122771034.6000       -511.192          37.000    23362560.399    94071370.1270       -392.057          42.000  
E29  22842956.130   120040558.0570        -60.523          34.000    22842965.125    91979161.7600        -45.948          38.000  
R04                                                                  19372407.046    80685386.5600      -1791.537          37.000  
R03                                                                  23317415.759    97082184.1011      -3286.844          16.000  
> 2026  7 21  0 41 30.9970000  0 30                           
S35  37380072.605   196433603.7360       -418.933          33.000  
S33  37645596.683   197828942.8680       -417.365          34.000  
S31  36945315.104   194148929.7790       -416.015          39.000  
E21  24320575.392   127805542.9330       2045.164          35.000    24320583.859    97928914.7440       1567.177          34.000  
C41  23048186.071   120017881.1030      -2976.355          31.000  
C23  21167700.455   110225714.7650      -1439.895          35.000  
C25  23776821.045   123812165.1360      -3160.430          30.000  
C32  21101096.513   109878886.1010        -72.812          40.000  
C37  22255950.845   115892500.7490       1307.006          28.000  
R04  19376709.566   103761399.0541      -2313.191          22.000    19376713.492    80703324.8740      -1796.264          36.000  
R06  22102780.512   117944671.1461       3458.624          25.000    22102775.524    91734723.5331       2692.095          25.000  
R14  21081192.184   112374621.4470      -4014.790          27.000    21081163.519    87402360.9551      -3121.337          24.000  
R16  20457845.532   109282138.0621       2548.311          25.000    20457860.990    84997283.0001       1980.141          15.000  
R05  18749608.135   100227320.6440       1308.363          39.000    18749604.510    77954631.6680       1017.730          29.000  
G26  19400701.315   101951355.4430       -901.227          29.000    19400694.386    79442608.6620       -702.449          34.000  
G03  20118442.210   105723178.9110       -941.054          30.000    20118444.507    82381643.8730       -731.943          31.000  
G32  22929741.134   120496602.4371      -3069.569          24.000    22929744.788    93893471.4111      -2386.619          21.000  
E07  24913283.552   130920159.6140      -1931.468          37.000    24913285.633   100315442.3820      -1479.613          34.000  
G31  20362007.918   107003062.0200      -2184.130          37.000    20362009.110    83379030.5500      -1701.761          29.000  
C20  24273818.783   126400129.2940       2490.054          39.000  
R15  18459992.942    98644622.4160      -1091.128          27.000    18460003.542    76723598.8030       -848.283          40.000  
E30  26334313.425   138387779.5610      -2717.498          31.000    26334311.190   106037396.5790      -2081.764          27.000  
G04  21862083.032   114885994.3670       2353.766          36.000    21862075.814    89521545.1941       1834.765          26.000  
G16  19637063.694   103193465.7121       1730.489          25.000                                                                  
G28  22461518.587   118036116.0980      -2786.942          37.000    22461526.256    91976194.5601      -2171.900          23.000  
E33  26855312.597   141125619.3911      -2792.903          22.000    26855319.193   108135241.7131      -2141.701          25.000  
E19  23898537.645   125587659.3630       1487.223          27.000    23898552.359    96229568.6750       1139.970          27.000  
E27  23363534.663   122776168.5370       -516.036          37.000    23363537.483    94075303.9070       -395.171          42.000  
E29  22843071.693   120041168.4540        -62.026          34.000    22843081.300    91979629.4900        -47.269          38.000  
R03                                                                  23325331.259    97115140.3041      -3296.782          16.000  
> 2026  7 21  0 41 40.9970000  0 29                           
S35  37380870.450   196437796.5070       -418.906          33.000  
S33  37646390.510   197833114.6140       -416.887          33.000  
S31  36946107.076   194153090.5870       -416.182          39.000  
E21  24316685.261   127785098.9200       2043.030          36.000    24316693.077    97913249.8670       1565.759          34.000  
C41  23053904.433   120047658.8880      -2978.912          31.000  
C23  21170468.214   110240130.3010      -1442.696          35.000  
C25  23782891.601   123843774.7520      -3161.059          31.000  
C32  21101240.057   109879638.7800        -77.393          40.000  
C37  22253442.288   115879445.5170       1303.931          28.000  
R04  19381025.697   103784512.1021      -2315.136          25.000    19381031.829    80721312.7250      -1800.608          36.000  
R06  22096303.298   117910107.4211       3458.256          25.000    22096294.663    91707825.8101       2689.635          23.000  
R14  21088724.600   112414775.0900      -4015.806          26.000    21088703.108    87433620.0391      -3123.167          26.000  
R16  20453069.964   109256628.5331       2542.757          26.000    20453086.200    84977444.7041       1981.633          15.000  
R05  18747166.172   100214265.0900       1302.830          39.000    18747162.079    77944477.3380       1013.345          29.000  
G26  19402422.713   101960400.0500       -907.059          31.000    19402415.517    79449656.4460       -707.255          34.000  
G03  20120237.660   105732614.9630       -946.544          31.000    20120239.661    82388996.6960       -737.894          31.000  
G32  22935590.177   120527339.4601      -3073.932          23.000    22935586.829    93917393.3791      -2389.984          22.000  
E07  24916961.270   130939482.8600      -1933.371          37.000    24916962.713   100330248.5200      -1481.324          34.000  
G31  20366165.815   107024912.2050      -2186.204          37.000    20366167.772    83396056.6030      -1703.533          30.000  
C20  24269037.490   126375232.9120       2488.654          39.000  
R15  18462040.421    98655563.6480      -1097.314          26.000    18462051.018    76732108.6700       -853.385          40.000  
E30  26339485.795   138414960.9840      -2719.895          31.000    26339483.819   106058223.8940      -2084.076          27.000  
G04  21857604.248   114862462.4540       2352.717          36.000    21857592.990    89503188.6451       1832.669          26.000  
G16  19633775.173   103176184.7411       1724.642          21.000                                                                  
G28  22466823.088   118063987.5380      -2787.300          38.000    22466825.548    91997894.3711      -2164.804          20.000  
E33  26860631.278   141153569.7581      -2799.922          23.000    26860639.684   108156665.4341      -2141.999          26.000  
E19  23895709.700   125572782.3040       1487.636          28.000    23895721.279    96218169.4230       1139.711          28.000  
E27  23364519.640   122781347.8610       -520.505          37.000    23364523.015    94079272.4800       -398.554          42.000  
E29  22843190.836   120041795.0650        -63.987          35.000    22843200.392    91980109.6040        -48.588          38.000  
> 2026  7 21  0 41 50.9970000  0 29                           
S35  37381667.628   196441987.1620       -419.173          34.000  
S33  37647184.170   197837284.8730       -416.678          33.000  
S31  36946898.386   194157249.7210       -416.238          39.000  
E21  24312800.256   127764680.1940       2040.728          36.000    24312807.622    97897604.4060       1563.000          34.000  
C41  23059627.651   120077467.1580      -2983.081          31.000  
C23  21173242.491   110254577.2870      -1446.407          36.000  
C25  23788963.119   123875387.1570      -3161.028          32.000  
C32  21101393.309   109880438.9640        -82.338          39.000  
C37  22250940.654   115866422.7820       1300.808          28.000  
R04  19385361.377   103807695.4140      -2321.965          28.000    19385361.765    80739349.2130      -1806.310          36.000  
R06  22089825.288   117875540.1981       3458.342          27.000    22089808.574    91680906.0421       2688.530          23.000  
R14  21096260.214   112454937.9590      -4018.760          26.000    21096243.806    87464883.3760      -3124.759          27.000  
R16  20448315.279   109231215.9780       2537.581          28.000    20448328.007    84957676.1001       1974.234          18.000  
R05  18744733.882   100201264.3000       1297.202          38.000    18744730.187    77934365.6320       1009.013          29.000  
G26  19404156.670   101969507.9340       -913.765          31.000    19404148.598    79456753.4750       -711.978          35.000  
G03  20122046.188   105742118.7580       -953.229          31.000    20122046.915    82396402.2200       -743.215          31.000  
G32  22941431.600   120558036.2321      -3068.946          22.000    22941439.131    93941357.7731      -2393.153          22.000  
E07  24920641.503   130958821.4610      -1934.563          38.000    24920642.941   100345066.3690      -1481.596          34.000  
G31  20370326.803   107046779.6290      -2188.076          37.000    20370329.216    83413096.1370      -1704.286          30.000  
C20  24264258.856   126350349.4550       2487.817          39.000  
R15  18464101.615    98666560.5661      -1103.137          23.000    18464111.067    76740670.8150       -858.875          40.000  
E30  26344663.106   138442165.8590      -2721.629          32.000    26344660.844   106079069.2160      -2085.794          28.000  
G04  21853127.103   114838936.8320       2352.024          35.000    21853115.115    89484852.9001       1832.192          26.000  
G16  19630491.529   103158929.2201       1719.032          16.000                                                                  
G28  22472127.682   118091860.1920      -2786.944          38.000    22472127.735    92019606.2821      -2169.582          18.000  
E33  26865953.170   141181535.8431      -2792.424          22.000    26865960.100   108178087.8171      -2141.500          26.000  
E19  23892882.027   125557903.9880       1487.765          28.000    23892890.380    96206769.1670       1139.752          28.000  
E27  23365513.683   122786571.3300       -524.845          36.000    23365516.905    94083274.9020       -401.963          42.000  
E29  22843317.364   120042436.6150        -64.890          35.000    22843322.748    91980601.2020        -49.596          38.000  
> 2026  7 21  0 42  0.9970000  0 28                           
S35  37382464.470   196446176.0330       -418.951          33.000  
S33  37647977.057   197841452.8690       -416.753          33.000  
S31  36947689.466   194161406.6150       -415.953          39.000  
E21  24308919.490   127744286.7600       2037.597          36.000    24308926.892    97881978.2730       1561.405          34.000  
C41  23065357.128   120107305.7320      -2985.223          33.000  
C23  21176022.830   110269055.5430      -1449.503          36.000  
C25  23795034.783   123907002.3770      -3162.223          32.000  
C32  21101555.836   109881286.5620        -87.093          39.000  
C37  22248446.125   115853432.5110       1296.930          28.000  
R04  19389710.399   103830947.7840      -2329.010          29.000    19389703.547    80757434.3440      -1811.118          36.000  
R06  22083341.133   117840953.6030       3457.742          27.000    22083322.366    91653985.9471       2685.919          22.000  
R14  21103798.863   112495123.9560      -4019.738          25.000    21103780.767    87496139.1920      -3126.495          28.000  
R16  20443572.415   109205862.8500       2532.041          29.000    20443580.729    84937951.4761       1958.958          20.000  
R05  18742311.194   100188318.6240       1291.631          37.000    18742309.433    77924296.7080       1004.797          29.000  
G26  19405901.536   101978678.9590       -920.413          31.000    19405893.555    79463899.7510       -717.392          35.000  
G03  20123867.867   105751690.1690       -960.785          32.000    20123867.352    82403860.3540       -747.814          31.000  
G32  22947279.159   120588765.1131      -3077.021          21.000    22947290.782    93965318.9591      -2392.917          23.000  
E07  24924324.730   130978175.3360      -1936.310          38.000    24924325.836   100359896.0070      -1484.193          34.000  
G31  20374491.081   107068664.2180      -2190.106          36.000    20374494.147    83430149.0970      -1706.809          30.000  
C20  24259483.030   126325479.0190       2486.075          39.000  
R15  18466182.192    98677678.1261      -1107.428          20.000    18466183.583    76749285.2440       -864.179          39.000  
E30  26349844.960   138469394.1060      -2724.259          31.000    26349842.861   106099932.3580      -2087.444          28.000  
G04  21848650.944   114815417.5660       2351.617          35.000    21848641.324    89466533.2711       1832.150          26.000  
G28  22477432.555   118119734.0470      -2787.573          39.000    22477431.524    92041324.5941      -2181.983          17.000  
E33  26871268.385   141209467.9681      -2798.073          22.000    26871281.774   108199515.7511      -2143.336          26.000  
E19  23890050.072   125543024.2680       1487.514          28.000    23890058.777    96195367.8300       1139.815          28.000  
E27  23366515.237   122791838.8680       -529.098          36.000    23366519.105    94087311.0870       -405.615          42.000  
E29  22843443.883   120043093.1750        -66.522          36.000    22843447.671    91981104.2820        -51.134          38.000  
> 2026  7 21  0 42 10.9970000  0 28                           
S35  37383260.831   196450361.8020       -418.781          33.000  
S33  37648769.756   197845618.6990       -416.462          33.000  
S31  36948480.286   194165560.9270       -415.217          39.000  
E21  24305044.352   127723917.6640       2035.837          36.000    24305050.318    97866370.8250       1559.474          34.000  
C41  23071092.157   120137173.7400      -2989.111          33.000  
C23  21178808.733   110283564.1320      -1452.539          36.000  
C25  23801106.989   123938619.3000      -3162.240          33.000  
C32  21101727.415   109882180.7100        -91.633          39.000  
C37  22245957.784   115840473.7100       1293.945          29.000  
R04  19394067.427   103854261.4240      -2334.739          30.000    19394056.672    80775567.1670      -1815.706          36.000  
R06  22076864.751   117806379.6920       3457.188          28.000    22076839.189    91627077.8211       2684.060          22.000  
R14  21111340.540   112535325.2690      -4021.007          25.000    21111327.539    87527406.8800      -3127.534          28.000  
R16  20438836.477   109180595.5670       2527.994          29.000    20438843.662    84918270.7361       1970.966          20.000  
R05  18739898.677   100175427.2420       1286.492          37.000    18739898.622    77914270.1250       1000.648          29.000  
G26  19407656.899   101987912.1230       -926.551          31.000    19407650.231    79471094.4330       -722.170          35.000  
G03  20125702.689   105761328.1500       -967.213          33.000    20125700.710    82411370.4990       -753.595          31.000  
G32  22953138.631   120619557.3141      -3079.275          21.000    22953151.924    93989319.5061      -2397.057          23.000  
E07  24928010.300   130997543.5750      -1937.933          38.000    24928011.737   100374736.5630      -1484.428          34.000  
G31  20378658.628   107090564.8350      -2190.983          35.000    20378660.963    83447214.5050      -1707.514          31.000  
C20  24254709.306   126300620.6670       2485.226          39.000  
R15  18468275.837    98688866.3741      -1117.706          19.000    18468268.476    76757951.0210       -868.987          39.000  
E30  26355030.449   138496644.6030      -2725.686          32.000    26355028.679   106120812.6140      -2089.013          28.000  
G04  21844175.643   114791903.7320       2351.436          33.000    21844165.535    89448205.8461       1831.183          26.000  
G28  22482737.671   118147608.0600      -2787.364          39.000    22482735.879    92063044.1141      -2168.918          18.000  
E33  26876592.752   141237447.6651      -2803.400          22.000    26876602.560   108220942.3940      -2143.269          27.000  
E19  23887217.326   125528142.2450       1488.083          28.000    23887226.517    96183964.7380       1140.059          28.000  
E27  23367525.959   122797149.5280       -533.298          36.000    23367529.768    94091380.2890       -408.625          42.000  
E29  22843572.172   120043763.7690        -68.192          36.000    22843575.405    91981618.0890        -52.013          38.000  
> 2026  7 21  0 42 20.9970000  0 29                           
S35  37384057.502   196454548.2490       -418.533          33.000  
S33  37649562.524   197849784.1040       -417.222          33.000  
S31  36949270.870   194169715.4410       -415.334          39.000  
E21  24301173.657   127703576.1640       2032.626          36.000    24301179.113    97850784.4820       1557.217          34.000  
C41  23076834.473   120167074.1200      -2991.767          34.000  
C23  21181601.487   110298106.0280      -1455.831          36.000  
C25  23807179.811   123970241.0110      -3162.071          33.000  
C32  21101908.407   109883124.5270        -96.661          39.000  
C37  22243476.287   115827549.5170       1290.882          29.000  
R04  19398433.379   103877639.5280      -2338.899          31.000    19398422.635    80793750.2070      -1821.003          37.000  
R06  22070390.623   117771810.7010       3456.675          28.000    22070361.482    91600193.3231       2682.989          22.000  
R14  21118885.396   112575544.7150      -4022.727          26.000    21118872.490    87558688.6290      -3128.887          29.000  
R16  20434102.872   109155342.0220       2523.197          27.000    20434118.476    84898638.7631       1958.763          22.000  
R05  18737497.419   100162593.4540       1280.609          37.000    18737498.024    77904288.3490        995.767          27.000  
G27  24205241.320   127199400.7431       2799.242          18.000                                                                  
G26  19409425.340   101997210.5650       -933.651          31.000    19409419.677    79478339.9760       -727.199          35.000  
G03  20127551.219   105771035.8100       -974.005          35.000    20127547.545    82418934.9000       -759.497          32.000  
G32  22959018.105   120650453.7341      -3083.829          24.000    22959017.113    94013337.0581      -2397.475          23.000  
E07  24931699.324   131016929.2610      -1939.204          38.000    24931700.834   100389590.5250      -1485.402          34.000  
G31  20382829.634   107112484.6850      -2193.050          35.000    20382832.292    83464294.9170      -1709.297          31.000  
C20  24249938.696   126275777.6160       2483.682          39.000  
R15  18470379.107    98700105.6261      -1123.574          25.000    18470366.242    76766670.5680       -874.948          38.000  
E30  26360221.163   138523920.5440      -2728.894          32.000    26360219.497   106141712.3530      -2090.972          29.000  
G04  21839701.533   114768398.5420       2349.463          32.000    21839693.924    89429895.1141       1832.700          25.000  
G28  22488042.484   118175485.3820      -2787.756          39.000    22488044.400    92084782.3991      -2166.320          18.000  
E33  26881916.055   141265422.1481      -2796.892          21.000    26881926.650   108242374.0980      -2142.834          26.000  
E19  23884382.959   125513261.1400       1488.370          28.000    23884395.059    96172562.3420       1140.760          28.000  
E27  23368545.129   122802506.4090       -537.717          36.000    23368548.962    94095484.9270       -412.264          42.000  
E29  22843703.420   120044451.5550        -69.642          36.000    22843706.201    91982145.0980        -53.214          38.000  
> 2026  7 21  0 42 30.9970000  0 28                           
S35  37384854.625   196458736.0250       -418.352          33.000  
S33  37650355.496   197853951.5260       -416.862          33.000  
S31  36950061.812   194173872.2540       -415.374          39.000  
E21  24297308.479   127683264.2360       2029.874          36.000    24297313.776    97835220.8270       1555.236          35.000  
C41  23082582.513   120197008.8720      -2995.233          34.000  
C23  21184400.826   110312683.1990      -1458.817          36.000  
C25  23813254.167   124001869.5050      -3162.904          34.000  
C32  21102099.122   109884120.0400       -101.836          39.000  
C37  22241001.761   115814661.9120       1287.684          28.000  
R04  19402811.707   103901084.3760      -2347.624          29.000    19402800.669    80811985.0200      -1825.904          37.000  
R06  22063916.230   117737248.7450       3456.754          27.000    22063886.463    91573320.0961       2692.569          23.000  
R14  21126434.082   112615783.3130      -4024.627          27.000    21126428.817    87589986.1370      -3130.619          30.000  
R16  20429377.452   109130142.8460       2517.216          24.000    20429404.264    84879052.4671       1956.093          18.000  
R05  18735107.074   100149819.0110       1274.364          37.000    18735107.926    77894357.1801        990.148          24.000  
G26  19411206.973   102006576.1740       -939.907          31.000    19411201.897    79485637.8660       -732.103          35.000  
G03  20129412.746   105780815.1590       -981.265          35.000    20129408.017    82426555.1750       -764.855          33.000  
G32  22964886.673   120681293.2381      -3081.762          23.000    22964889.178    94037381.4441      -2412.533          24.000  
E07  24935390.835   131036334.4870      -1941.166          37.000    24935393.477   100404459.4710      -1487.340          34.000  
G31  20387004.319   107134425.7350      -2194.424          35.000    20387008.119    83481391.8190      -1710.426          31.000  
C20  24245171.106   126250951.9260       2482.284          39.000  
R15  18472498.202    98711408.6600      -1131.427          27.000    18472477.452    76775445.4060       -880.345          38.000  
E30  26365415.822   138551223.7760      -2731.674          31.000    26365415.386   106162633.0010      -2092.881          29.000  
G04  21835229.759   114744904.0110       2349.012          32.000    21835220.103    89411575.6931       1830.411          24.000  
G28  22493348.924   118203367.9710      -2788.338          39.000    22493349.181    92106504.6341      -2184.030          16.000  
E33  26887237.107   141293384.5181      -2801.892          21.000    26887249.661   108263811.4540      -2143.639          27.000  
E19  23881556.122   125498382.9650       1488.079          28.000    23881563.189    96161162.2050       1140.004          28.000  
E27  23369574.428   122807911.4880       -542.333          36.000    23369577.246    94099626.4850       -415.963          41.000  
E29  22843838.237   120045158.5820        -71.372          36.000    22843840.447    91982686.8450        -54.765          37.000  
> 2026  7 21  0 42 40.9970000  0 29                           
S35  37385650.876   196462921.5750       -418.356          33.000  
S33  37651148.110   197858116.0670       -415.585          33.000  
S31  36950852.283   194178025.3910       -414.945          39.000  
E21  24293448.571   127662976.2680       2027.218          36.000    24293452.675    97819675.5200       1553.382          35.000  
C41  23088337.125   120226972.3050      -2998.262          35.000  
C23  21187205.551   110327289.9510      -1462.350          36.000  
C25  23819328.390   124033498.9570      -3162.323          35.000  
C32  21102298.957   109885161.6310       -106.500          39.000  
C37  22238533.117   115801805.2750       1283.989          28.000  
R04  19407200.237   103924589.8950      -2353.399          29.000    19407190.546    80830267.1060      -1830.741          38.000  
R06  22057437.416   117702688.2880       3456.095          26.000    22057412.278    91546449.1011       2686.698          23.000  
R14  21133984.931   112656036.9120      -4026.222          27.000    21133980.683    87621294.4670      -3131.441          31.000  
R16  20424666.743   109104903.2381       2520.112          22.000    20424689.552    84859464.2351       1953.450          16.000  
R05  18732726.879   100137098.7510       1269.121          36.000    18732720.581    77884431.6251        977.825          21.000  
G26  19412999.737   102016003.2050       -945.311          30.000    19412995.890    79492983.6510       -737.387          35.000  
G03  20131286.157   105790660.4410       -987.887          36.000    20131281.619    82434226.7940       -770.184          33.000  
G32  22970752.251   120712116.8881      -3080.030          21.000    22970761.961    94061429.7121      -2394.892          24.000  
E07  24939085.929   131055753.4970      -1942.576          37.000    24939088.725   100419338.9690      -1488.591          34.000  
G31  20391182.087   107156382.2780      -2196.598          34.000    20391186.098    83498500.7990      -1711.619          31.000  
C20  24240406.026   126226137.9480       2480.643          39.000  
R15  18474615.753    98722755.7720      -1137.478          27.000    18474600.625    76784270.9410       -885.205          37.000  
E30  26370616.126   138578548.5690      -2733.608          32.000    26370614.986   106183570.1430      -2094.201          29.000  
G04  21830759.375   114721414.5180       2348.909          32.000    21830750.221    89393272.1791       1831.113          25.000  
G16  19614284.642   103073761.3251       1687.891          22.000                                                                  
G28  22498655.040   118231250.1180      -2788.394          39.000    22498649.898    92128209.7161      -2170.027          16.000  
E33  26892562.272   141321367.7551      -2801.430          21.000    26892574.754   108285249.9610      -2143.833          26.000  
E19  23878725.771   125483502.0210       1487.925          29.000    23878731.743    96149759.8490       1140.967          27.000  
E27  23370611.239   122813359.0710       -546.809          36.000    23370613.655    94103800.5950       -418.970          41.000  
E29  22843975.899   120045879.1490        -72.522          36.000    22843977.321    91983238.9720        -56.132          37.000  
> 2026  7 21  0 42 50.9970000  0 30                           
G29  24399622.087   128220879.4551       -718.750          25.000                                                                  
S35  37386446.661   196467105.7980       -418.027          33.000  
S33  37651940.425   197862280.2460       -416.551          33.000  
S31  36951642.523   194182178.1110       -415.245          39.000  
E21  24289593.012   127642715.0990       2024.880          36.000    24289597.026    97804150.7610       1551.271          35.000  
C41  23094097.595   120256967.0830      -3000.606          35.000  
C23  21190017.159   110341928.9700      -1465.689          35.000  
C25  23825403.169   124065132.1900      -3163.279          35.000  
C32  21102508.217   109886252.1160       -111.370          39.000  
C37  22236070.414   115788982.3130       1280.719          27.000  
R04  19411601.663   103948159.2180      -2360.561          29.000    19411592.401    80848598.7890      -1835.730          38.000  
R06  22050964.712   117668132.2290       3455.184          27.000    22050942.912    91519599.4351       2690.559          24.000  
R14  21141539.688   112696307.4000      -4027.917          28.000    21141535.639    87652615.8850      -3132.152          32.000  
R16  20419960.230   109079762.0631       2512.300          19.000    20419992.717    84839949.7421       1953.289          18.000  
R05  18730358.149   100124435.4700       1263.773          36.000    18730352.848    77874587.8061        985.332          18.000  
G26  19414805.604   102025494.4970       -951.433          30.000    19414801.625    79500379.4490       -742.054          35.000  
G03  20133172.134   105800574.4230       -995.032          36.000    20133168.709    82441951.9470       -775.036          34.000  
G32  22976624.565   120742976.9691      -3084.066          20.000    22976640.269    94085499.9951      -2407.278          24.000  
E07  24942783.590   131075189.1210      -1944.426          37.000    24942786.978   100434231.2080      -1490.001          34.000  
G31  20395363.466   107178356.9360      -2198.221          34.000    20395368.624    83515623.9420      -1713.672          31.000  
C20  24235643.121   126201338.6070       2478.766          39.000  
R15  18476745.475    98734170.9740      -1145.305          26.000    18476736.593    76793149.3800       -890.244          37.000  
E30  26375820.877   138605897.6290      -2735.818          31.000    26375819.239   106204525.9290      -2096.449          29.000  
G04  21826290.591   114697932.9480       2347.874          32.000    21826281.250    89374972.9021       1829.361          25.000  
G16  19611090.208   103056974.4411       1682.566          26.000                                                                  
G28  22503961.431   118259134.5770      -2788.486          38.000    22503950.886    92149916.9381      -2180.348          14.000  
E33  26897889.877   141349364.8951      -2796.422          21.000    26897898.527   108306691.6600      -2145.010          26.000  
E19  23875894.220   125468621.0910       1487.912          28.000    23875900.074    96138357.6810       1140.318          27.000  
E27  23371656.617   122818851.9260       -551.487          36.000    23371658.592    94108009.4170       -422.742          41.000  
E29  22844116.256   120046616.1210        -74.412          36.000    22844116.996    91983803.6570        -57.041          36.000  
> 2026  7 21  0 43  0.9970000  0 31                           
G29  24400997.756   128228108.3931       -725.278          25.000                                                                  
S35  37387243.085   196471290.6160       -418.794          33.000  
S33  37652732.723   197866444.1490       -416.028          33.000  
S31  36952432.778   194186331.2480       -415.254          39.000  
E21  24285742.631   127622481.9760       2021.816          37.000    24285746.476    97788647.4980       1549.125          35.000  
C41  23099864.520   120286994.4280      -3004.477          35.000  
C23  21192834.857   110356601.4000      -1469.446          35.000  
C25  23831478.645   124096770.3000      -3163.888          35.000  
C32  21102727.180   109887392.7230       -116.596          39.000  
C37  22233614.090   115776194.3140       1276.946          26.000  
R04  19416015.263   103971793.1380      -2366.707          30.000    19416006.267    80866980.7540      -1841.069          38.000  
R06  22044487.164   117633581.9550       3454.293          27.000    22044474.695    91492753.5661       2687.746          25.000  
R14  21149097.231   112736595.8740      -4030.088          28.000    21149094.638    87683951.4050      -3134.254          32.000  
R16  20415279.074   109054756.2361       2498.941          19.000    20415296.620    84820438.5741       1942.924          20.000  
R05  18728000.357   100111830.6020       1257.161          36.000    18727997.307    77864794.3721        982.941          17.000  
G27  24183890.828   127087203.4721       2809.881          22.000                                                                  
G26  19416624.136   102035051.1250       -958.942          30.000    19416620.022    79507826.1810       -747.337          35.000  
G03  20135071.887   105810558.2930      -1001.864          36.000    20135069.591    82449731.5840       -780.788          34.000  
G32  22982494.571   120773823.8161      -3090.423          19.000    22982523.467    94109591.6261      -2410.436          24.000  
E07  24946484.925   131094642.5840      -1946.389          36.000    24946488.723   100449137.0730      -1491.387          34.000  
G31  20399548.122   107200351.0200      -2200.604          34.000    20399554.586    83532762.1520      -1714.825          30.000  
C20  24230883.745   126176555.1040       2477.336          39.000  
R15  18478892.137    98745655.1580      -1152.855          25.000    18478885.295    76802081.5090       -896.081          37.000  
E30  26381028.090   138633272.1400      -2738.834          30.000    26381028.204   106225501.2240      -2098.591          29.000  
G04  21821823.907   114674460.5750       2347.045          31.000    21821819.417    89356701.6831       1827.871          26.000  
G16  19607898.551   103040189.0230       1676.156          29.000                                                                  
G28  22509268.557   118287022.5590      -2789.105          38.000    22509256.836    92171643.6621      -2181.284          17.000  
E33  26903220.571   141377378.2571      -2778.045          21.000    26903224.430   108328137.3860      -2144.702          26.000  
E19  23873059.470   125453741.3700       1487.417          27.000    23873068.323    96126956.3340       1140.354          27.000  
E27  23372710.920   122824391.2140       -556.329          36.000    23372712.497    94112253.8230       -426.408          40.000  
E29  22844260.509   120047370.7470        -76.530          36.000    22844260.470    91984381.8650        -58.781          36.000  
> 2026  7 21  0 43 10.9970000  0 30                           
G29  24402384.977   128235397.6931       -731.502          25.000                                                                  
S35  37388040.092   196475477.2530       -418.588          33.000  
S33  37653525.634   197870609.9640       -416.964          33.000  
S31  36953223.408   194190486.0460       -415.619          39.000  
E21  24281897.606   127602277.8220       2018.922          36.000    24281901.602    97773166.3970       1547.007          35.000  
C41  23105637.616   120317055.0280      -3007.632          34.000  
C23  21195659.245   110371308.0270      -1472.527          35.000  
C25  23837555.553   124128414.1030      -3164.844          36.000  
C32  21102955.982   109888584.3080       -122.068          39.000  
C37  22231164.526   115763442.0890       1273.191          26.000  
R04  19420440.357   103995492.8970      -2372.915          29.000    19420432.718    80885413.8840      -1845.923          38.000  
R06  22038013.009   117599059.3651       3453.900          27.000    22038002.752    91465892.6611       2688.339          25.000  
R14  21156658.256   112776903.1930      -4031.338          28.000    21156657.701    87715301.5050      -3135.864          32.000  
R16  20410614.083   109029836.6151       2496.429          23.000    20410609.808    84800965.6521       1944.309          22.000  
R05  18725653.816   100099284.7960       1251.410          37.000    18725653.246    77855048.4901        971.447          19.000  
G26  19418456.072   102044673.9410       -965.356          30.000    19418451.315    79515324.4270       -752.080          35.000  
G03  20136985.430   105820612.8870      -1009.230          36.000    20136983.665    82457566.2880       -785.909          35.000  
G32  22988379.611   120804750.1681      -3095.173          19.000    22988408.429    94133689.3831      -2412.323          24.000  
E07  24950189.920   131114114.7120      -1948.398          36.000    24950194.405   100464057.2810      -1492.870          34.000  
G31  20403737.154   107222365.2510      -2202.859          34.000    20403743.278    83549916.0500      -1715.825          30.000  
C20  24226127.567   126151788.4230       2475.555          39.000  
R15  18481048.498    98757118.9111      -1159.419          24.000    18481047.285    76811067.9290       -901.297          37.000  
E30  26386243.332   138660672.8490      -2741.725          30.000    26386242.532   106246496.5230      -2100.526          29.000  
G04  21817358.580   114650998.2540       2345.199          31.000    21817356.024    89338430.3430       1827.466          26.000  
G16  19604714.848   103023459.8550       1670.176          30.000                                                                  
G28  22514576.555   118314914.8700      -2789.419          38.000    22514567.568    92193390.0491      -2172.378          21.000  
E33  26908545.642   141405360.9361      -2791.705          19.000    26908550.954   108349587.7810      -2144.644          26.000  
E19  23870225.600   125438863.7410       1487.842          27.000    23870237.112    96115556.6280       1139.999          27.000  
E27  23373773.841   122829977.8220       -561.034          36.000    23373775.272    94116534.4390       -429.880          40.000  
E29  22844408.078   120048143.8510        -78.414          36.000    22844407.192    91984974.2300        -60.196          35.000  
> 2026  7 21  0 43 20.9970000  0 30                           
G29  24403780.162   128242740.9820       -736.067          26.000                                                                  
S35  37388836.369   196479662.1670       -417.994          33.000  
S33  37654318.522   197874774.3550       -416.598          33.000  
S31  36954013.585   194194639.1090       -415.115          39.000  
E21  24278057.903   127582100.1090       2016.564          36.000    24278061.914    97757705.5720       1545.356          35.000  
C41  23111416.389   120347146.4200      -3010.312          34.000  
C23  21198489.465   110386046.2340      -1475.623          34.000  
C25  23843632.927   124160060.9290      -3165.285          36.000  
C32  21103193.966   109889824.3720       -126.522          39.000  
C37  22228721.862   115750723.1160       1269.779          26.000  
R04  19424877.047   104019255.7020      -2379.137          30.000    19424870.564    80903896.0510      -1850.613          38.000  
R06  22031541.611   117564526.8741       3453.946          26.000    22031528.072    91439020.6871       2687.039          25.000  
R14  21164222.719   112817226.2350      -4033.261          29.000    21164223.391    87746663.8090      -3136.464          32.000  
R16  20405948.159   109004912.0821       2492.490          26.000    20405934.629    84781541.7051       1939.429          23.000  
R05  18723317.861   100086796.0200       1246.012          37.000    18723315.816    77845329.7891        973.523          21.000  
G26  19420302.012   102054360.3440       -972.325          31.000    19420294.601    79522872.2390       -757.185          35.000  
G03  20138912.103   105830735.5290      -1015.787          36.000    20138911.212    82465454.0640       -791.793          34.000  
G32  22994278.441   120835748.2201      -3108.172          18.000    22994302.660    94157825.2151      -2413.915          24.000  
E07  24953898.320   131133602.9750      -1949.632          36.000    24953902.794   100478989.8680      -1493.723          34.000  
G31  20407929.469   107244396.9360      -2204.419          34.000    20407935.584    83567083.5990      -1717.173          29.000  
C20  24221374.035   126127036.0560       2474.674          39.000  
R15  18483219.072    98768718.5471      -1166.986          24.000    18483221.819    76820106.5780       -906.651          37.000  
E30  26391461.022   138688097.1090      -2743.359          29.000    26391461.417   106267509.9200      -2102.345          29.000  
G04  21812895.366   114627543.4630       2344.856          31.000    21812890.443    89320153.8130       1827.466          26.000  
G16  19601543.423   103006791.1300       1663.210          31.000                                                                  
G28  22519884.742   118342808.9610      -2789.472          38.000    22519878.947    92215139.4451      -2165.106          22.000  
E33  26913867.130   141433326.3451      -2793.829          21.000    26913878.261   108371040.8880      -2145.687          25.000  
E19  23867393.000   125423985.8590       1487.708          27.000    23867405.969    96104156.7230       1139.991          27.000  
E27  23374845.792   122835609.1180       -565.374          36.000    23374846.623    94120849.3420       -433.319          40.000  
E29  22844558.629   120048932.9150        -79.809          35.000    22844557.427    91985578.8290        -60.951          35.000  
> 2026  7 21  0 43 30.9970000  0 30                           
G29  24405183.671   128250129.5360       -741.821          27.000                                                                  
S35  37389632.676   196483847.6910       -418.563          33.000  
S33  37655110.967   197878938.9210       -415.794          33.000  
S31  36954803.998   194198792.5370       -415.425          39.000  
E21  24274223.536   127561949.9680       2013.327          36.000    24274227.273    97742265.8740       1542.900          35.000  
C41  23117201.475   120377269.4980      -3013.392          33.000  
C23  21201326.155   110400817.0140      -1479.372          33.000  
C25  23849711.490   124191711.8050      -3165.166          36.000  
C32  21103441.939   109891113.9800       -131.703          39.000  
C37  22226285.610   115738038.3250       1266.728          26.000  
R04  19429325.765   104043082.6580      -2385.200          31.000    19429319.934    80922428.1200      -1855.920          38.000  
R06  22025072.686   117530007.7201       3453.450          26.000    22025056.313    91412159.7721       2685.067          25.000  
R14  21171790.315   112857566.1920      -4035.331          30.000    21171791.556    87778039.3610      -3139.029          33.000  
R16  20401295.394   108980030.9720       2486.794          29.000    20401272.481    84762172.1481       1940.946          24.000  
R05  18720992.206   100074365.1810       1239.903          37.000    18720993.032    77835673.0381        958.269          22.000  
G26  19422161.047   102064111.1920       -977.669          31.000    19422149.754    79530470.3190       -762.168          35.000  
G03  20140850.908   105840927.2380      -1022.443          36.000    20140850.638    82473395.6520       -796.530          34.000  
G32  23000165.405   120866684.4781      -3101.692          12.000    23000199.198    94181969.8911      -2417.260          23.000  
E07  24957610.025   131153108.4340      -1951.283          36.000    24957614.470   100493935.5900      -1495.497          33.000  
G31  20412125.479   107266447.1820      -2205.563          33.000    20412131.448    83584265.5730      -1718.880          28.000  
C20  24216623.675   126102299.1200       2472.924          39.000  
R15  18485409.217    98780416.3870      -1173.033          26.000    18485409.286    76829198.3290       -911.318          38.000  
E30  26396682.591   138715545.9880      -2746.680          29.000    26396685.046   106288542.1220      -2104.147          29.000  
G04  21808433.606   114604097.3160       2344.605          31.000    21808428.763    89301884.1860       1826.327          25.000  
G16  19598383.282   102990183.9390       1656.860          30.000                                                                  
G28  22525193.639   118370705.8350      -2789.922          38.000    22525190.066    92236887.1841      -2179.678          22.000  
E33  26919197.935   141461339.7021      -2806.231          20.000    26919207.580   108392493.2301      -2144.874          25.000  
E19  23864560.909   125409108.4530       1487.403          26.000    23864574.592    96092757.1770       1140.086          27.000  
E27  23375926.646   122841286.1230       -570.109          36.000    23375926.863    94125199.2630       -436.746          39.000  
E29  22844712.273   120049739.0550        -81.952          34.000    22844710.035    91986196.5160        -62.351          34.000  
> 2026  7 21  0 43 40.9970000  0 30                           
G29  24406605.492   128257576.7211       -747.699          26.000                                                                  
S35  37390429.611   196488036.7190       -419.261          33.000  
S33  37655904.214   197883108.0620       -416.726          33.000  
S31  36955595.255   194202950.2790       -416.446          39.000  
E21  24270395.398   127541832.1760       2009.736          36.000    24270399.164    97726850.9780       1540.200          35.000  
C41  23122993.082   120407429.0360      -3018.186          32.000  
C23  21204169.663   110415624.9850      -1482.189          31.000  
C25  23855791.225   124223371.4380      -3166.711          35.000  
C32  21103700.618   109892457.9290       -137.374          39.000  
C37  22223865.925   115725485.5730       1262.538          25.000  
R04  19433788.841   104066978.3610      -2392.494          32.000    19433782.373    80941013.6470      -1861.718          37.000  
R06  22018603.237   117495484.9561       3452.105          25.000                                                                  
R14  21179362.164   112897927.9810      -4037.263          29.000    21179364.462    87809431.8270      -3139.767          32.000  
R16  20396650.057   108955195.0490       2479.830          30.000    20396627.479    84742872.5911       1927.932          25.000  
R05  18718678.134   100061997.0770       1233.461          36.000    18718683.317    77826069.4891        959.312          25.000  
G26  19424032.415   102073931.3630       -985.635          32.000    19424018.515    79538122.4070       -768.368          35.000  
G03  20142802.987   105851192.8790      -1030.684          35.000    20142804.288    82481394.8480       -803.048          34.000  
E07  24961326.423   131172635.8960      -1954.149          36.000    24961330.351   100508898.1970      -1497.158          33.000  
G31  20416326.276   107288520.6870      -2208.596          33.000    20416331.978    83601465.6930      -1721.164          27.000  
C20  24211877.191   126077582.4430       2470.571          39.000  
R15  18487615.892    98792213.8620      -1180.094          27.000    18487610.589    76838346.5590       -917.986          38.000  
E30  26401911.295   138743024.0650      -2748.816          28.000    26401914.190   106309596.7620      -2106.573          29.000  
G04  21803975.030   114580664.7290       2342.875          31.000    21803972.134    89283624.9770       1824.930          26.000  
G16  19595235.088   102973643.1140       1651.112          29.000                                                                  
G28  22530503.785   118398610.2350      -2791.139          37.000    22530498.523    92258624.9131      -2178.797          23.000  
E33  26924529.455   141489356.3801      -2796.946          17.000    26924537.577   108413955.6081      -2145.807          24.000  
E19  23861726.358   125394217.6861       1487.394          25.000    23861744.669    96081361.8540       1139.360          27.000  
E27  23377016.254   122847013.6310       -575.252          36.000    23377016.553    94129587.8960       -441.164          39.000  
E29  22844870.212   120050567.0340        -84.290          33.000    22844867.097    91986830.9130        -64.525          33.000  
G32                                                                  23006102.717    94206144.0981      -2418.214          22.000  
> 2026  7 21  0 43 50.9970000  0 30                           
G29  24408034.765   128265083.4880       -753.127          27.000                                                                  
S35  37391227.087   196492229.9440       -419.197          33.000  
S33  37656698.198   197887279.9180       -417.246          33.000  
S31  36956387.180   194207111.4890       -415.655          39.000  
E21  24266572.800   127521745.2360       2007.996          36.000    24266576.519    97711459.7480       1538.357          35.000  
C41  23128792.167   120437623.3210      -3020.064          32.000  
C23  21207018.906   110430468.7740      -1485.902          26.000  
C25  23861872.370   124255038.1530      -3166.156          36.000  
C32  21103969.394   109893854.7040       -141.561          39.000  
C37  22221446.050   115712891.2500       1259.337          26.000  
R04  19438263.085   104090941.2700      -2399.354          31.000    19438257.398    80959651.4510      -1866.204          37.000  
R06  22012131.576   117460950.9971       3452.690          24.000    22012116.624    91358455.1461       2686.425          23.000  
R14  21186937.757   112938309.8240      -4038.688          28.000    21186941.526    87840839.8750      -3140.635          31.000  
R16  20392009.463   108930414.0260       2475.706          31.000    20391988.652    84723599.8941       1921.633          23.000  
R05  18716375.571   100049690.7740       1227.656          36.000    18716380.893    77816496.3941        954.668          24.000  
G26  19425915.568   102083819.1990       -991.674          32.000    19425900.043    79545827.1710       -772.469          36.000  
G03  20144769.298   105861530.6560      -1035.972          35.000    20144771.728    82489450.2900       -807.776          34.000  
E07  24965046.555   131192183.7940      -1955.479          36.000    24965050.034   100523876.4190      -1497.760          33.000  
G31  20420530.703   107310615.8560      -2209.794          34.000    20420535.908    83618682.6500      -1722.133          26.000  
C20  24207134.312   126052884.5770       2469.238          39.000  
R15  18489826.870    98804046.8750      -1186.024          26.000    18489825.582    76847550.4290       -922.524          38.000  
E30  26407146.117   138770529.9100      -2751.642          27.000    26407148.462   106330672.5980      -2107.865          29.000  
G04  21799518.577   114557244.1740       2341.986          31.000    21799518.563    89265375.2270       1824.557          26.000  
G16  19592098.629   102957167.2400       1645.142          30.000                                                                  
G28  22535815.617   118426520.6250      -2791.024          37.000    22535808.572    92280368.2311      -2167.444          22.000  
E33  26929860.982   141517374.4231      -2807.297          18.000    26929868.834   108435421.7161      -2146.131          23.000  
E19  23858901.770   125379374.7621       1485.599          26.000    23858915.407    96069969.5900       1139.779          27.000  
E27  23378115.491   122852790.0890       -579.703          35.000    23378115.691    94134013.9930       -444.101          38.000  
E29  22845031.489   120051415.3120        -85.056          33.000    22845028.469    91987480.9080        -64.964          32.000  
G32                                                                  23012013.461    94230347.9451      -2426.051          22.000  
> 2026  7 21  0 44  0.9970000  0 30                           
G29  24409472.460   128272616.1810       -758.568          25.000                                                                  
S35  37392024.684   196496420.7000       -419.442          33.000  
S33  37657491.935   197891450.6910       -417.402          33.000  
S31  36957178.866   194211270.6660       -415.594          39.000  
E21  24262755.551   127501684.5240       2004.655          36.000    24262758.884    97696088.5290       1536.434          35.000  
C41  23134596.922   120467847.7760      -3024.404          31.000  
C23  21209874.717   110445383.2941      -1489.995          24.000  
C25  23867954.293   124286707.3280      -3166.882          36.000  
C32  21104247.308   109895299.6510       -146.854          40.000  
C37  22219028.997   115700314.6591       1255.743          24.000  
R04  19442749.853   104114966.7520      -2405.582          33.000    19442743.836    80978337.9180      -1871.046          37.000  
R06  22005661.475   117426426.1631       3449.232          25.000    22005645.215    91331596.3711       2683.883          23.000  
R14  21194517.086   112978706.6110      -4040.283          28.000    21194521.254    87872259.6080      -3141.718          31.000  
R16  20387380.679   108905683.4890       2469.926          32.000    20387362.531    84704379.7781       1920.760          24.000  
R05  18714083.320   100037441.2000       1222.225          36.000    18714085.599    77806953.8941        946.904          23.000  
G26  19427809.737   102093769.8810       -998.076          31.000    19427793.461    79553580.9730       -777.660          35.000  
G03  20146748.752   105871936.0840      -1043.623          34.000    20146751.568    82497558.3780       -813.917          34.000  
E07  24968769.296   131211747.3590      -1956.733          36.000    24968773.084   100538866.7150      -1499.646          33.000  
G31  20424738.326   107332727.9600      -2212.203          33.000    20424742.385    83635912.8250      -1724.564          25.000  
C20  24202394.310   126028200.8290       2467.645          39.000  
R15  18492051.016    98815946.5730      -1193.306          27.000    18492052.634    76856805.7750       -928.341          39.000  
E30  26412386.627   138798058.4840      -2753.723          27.000    26412386.977   106351765.9790      -2110.264          29.000  
G04  21795063.562   114533830.9320       2340.702          31.000    21795065.146    89247131.1160       1824.284          27.000  
G16  19588973.513   102940751.5930       1638.411          28.000                                                                  
G28  22541127.231   118454432.2290      -2791.508          36.000    22541122.649    92302129.0861      -2175.575          23.000  
E33  26935191.383   141545385.1431      -2786.233          16.000    26935202.188   108456897.7661      -2147.494          23.000  
E19  23856075.579   125364523.0881       1485.990          26.000    23856086.015    96058576.7930       1139.004          27.000  
E27  23379223.151   122858610.7210       -584.604          34.000    23379223.049    94138473.9510       -447.747          38.000  
E29  22845196.346   120052279.2750        -87.381          31.000    22845191.910    91988142.8780        -66.559          31.000  
G32                                                                  23017925.143    94254555.0181      -2419.719          21.000  
> 2026  7 21  0 44 10.9970000  0 30                           
G29  24410918.495   128280242.0391       -762.729          25.000                                                                  
S35  37392820.977   196500606.9720       -418.229          33.000  
S33  37658284.830   197895615.8940       -416.663          33.000  
S31  36957969.266   194215425.3710       -414.974          38.000  
E21  24258942.912   127481646.7700       2002.787          36.000    24258945.923    97680734.9710       1534.636          35.000  
C41  23140406.430   120498098.9800      -3027.040          31.000  
C23  21212734.187   110460272.6481      -1493.106          16.000  
C25  23874035.563   124318375.5660      -3166.719          36.000  
C32  21104533.774   109896789.5770       -151.324          40.000  
C37  22216624.965   115687795.7671       1252.471          26.000  
R04  19447246.643   104139051.3320      -2411.664          34.000    19447241.621    80997070.3580      -1875.711          37.000  
R06  21999198.356   117391937.2040       3451.004          26.000    21999180.328    91304764.8871       2684.617          23.000  
R14  21202098.419   113019114.6390      -4041.233          29.000    21202102.681    87903688.1030      -3143.353          31.000  
R16  20382760.176   108880999.8790       2465.803          32.000    20382735.380    84685154.8331       1920.344          24.000  
R05  18711800.911   100025245.1040       1216.739          33.000    18711800.998    77797455.5091        944.946          24.000  
G26  19429715.227   102103780.1810      -1003.364          32.000    19429698.361    79561381.2220       -782.071          35.000  
G03  20148740.326   105882405.6660      -1050.496          34.000    20148744.302    82505716.4920       -818.880          33.000  
E07  24972494.863   131231323.4660      -1958.645          36.000    24972498.612   100553866.5640      -1500.296          33.000  
G31  20428949.071   107354853.6660      -2213.411          33.000    20428952.274    83653153.5040      -1724.263          25.000  
C20  24197656.221   126003528.1110       2467.125          39.000  
R15  18494283.928    98827909.2870      -1199.372          27.000    18494291.560    76866110.1110       -932.536          38.000  
E30  26417629.051   138825577.6471      -2755.604          26.000    26417629.174   106372874.3150      -2111.889          28.000  
G04  21790610.018   114510421.8250       2340.784          30.000    21790606.977    89228890.3320       1823.828          26.000  
G16  19585859.626   102924392.9620       1632.179          30.000                                                                  
G28  22546438.366   118482341.7620      -2790.619          35.000    22546435.709    92323884.4151      -2168.836          24.000  
E33  26940521.825   141573396.9081      -2797.566          14.000    26940534.976   108478370.4351      -2147.152          22.000  
E19  23853249.085   125349664.2780       1487.189          27.000    23853255.965    96047180.7890       1139.991          27.000  
E27  23380338.313   122864472.2460       -588.059          34.000    23380338.557    94142965.2610       -450.642          38.000  
E29  22845364.472   120053155.6320        -87.281          29.000    22845357.511    91988814.3980        -67.444          29.000  
G32                                                                  23023840.113    94278776.0791      -2426.787          20.000  
> 2026  7 21  0 44 20.9970000  0 29                           
G29  24412370.002   128287869.6561       -767.212          24.000                                                                  
S35  37393617.117   196504788.2820       -417.615          34.000  
S33  37659076.810   197899776.7770       -416.044          34.000  
S31  36958758.730   194219574.2410       -414.494          40.000  
E21  24255134.414   127461632.1400       2000.426          36.000    24255137.099    97665399.0690       1533.433          36.000  
C41  23146221.066   120528376.9530      -3029.318          32.000  
C25  23880117.009   124350042.9470      -3166.816          36.000  
C32  21104829.137   109898324.5410       -155.657          41.000  
C37  22214216.541   115675254.4841       1249.673          25.000  
R04  19451754.684   104163194.9700      -2417.218          35.000    19451750.499    81015848.7270      -1880.143          37.000  
R14  21209682.011   113059534.3520      -4041.982          30.000    21209685.839    87935125.6320      -3144.458          31.000  
R16  20378148.277   108856363.4590       2461.523          34.000    20378131.964    84666028.9221       1913.384          26.000  
R05  18709529.275   100013102.8120       1211.284          33.000    18709526.767    77787999.2101        943.039          23.000  
G26  19431632.185   102113850.0610      -1009.792          35.000    19431614.559    79569227.8860       -786.981          35.000  
G03  20150744.896   105892939.4610      -1056.766          36.000    20150748.950    82513924.6160       -823.238          34.000  
E07  24976222.869   131250912.0700      -1959.662          37.000    24976226.129   100568875.9810      -1500.931          34.000  
G31  20433162.162   107376992.9880      -2214.401          34.000    20433164.577    83670392.8951      -1725.152          26.000  
C20  24192920.153   125978866.5610       2465.595          40.000  
R15  18496537.251    98839934.9580      -1205.197          31.000    18496541.791    76875463.4400       -937.930          38.000  
E30  26422873.758   138853138.3281      -2757.624          25.000    26422874.829   106393997.5910      -2113.077          29.000  
G04  21786155.761   114487017.0360       2340.540          30.000    21786152.529    89210652.8030       1823.584          27.000  
G16  19582756.906   102908091.3840       1627.784          32.000                                                                  
G28  22551748.963   118510249.2910      -2790.546          35.000    22551750.993    92345649.8851      -2173.904          26.000  
E33  26945848.546   141601388.8831      -2803.247          16.000    26945865.082   108499831.8631      -2147.520          22.000  
E19  23850415.871   125334787.5190       1487.839          26.000    23850425.054    96035781.7970       1139.733          27.000  
E27  23381462.852   122870374.7260       -592.184          34.000    23381461.753    94147487.9220       -453.925          38.000  
E29  22845535.419   120054044.4980        -89.971          29.000    22845526.215    91989495.5060        -68.915          29.000  
G32                                                                  23029761.642    94303023.3241      -2415.473          19.000  
R06                                                                  21992718.284    91277945.6821       2683.138          24.000  
> 2026  7 21  0 44 30.9970000  0 29                           
G29  24413836.371   128295575.8571       -773.516          23.000                                                                  
S35  37394412.242   196508964.5850       -417.181          34.000  
S33  37659867.375   197903932.7240       -415.709          33.000  
S31  36959547.364   194223719.0130       -414.182          39.000  
E21  24251329.789   127441640.4850       1997.501          36.000    24251332.805    97650080.8340       1531.092          36.000  
C41  23152040.093   120558681.5580      -3031.195          33.000  
C25  23886198.481   124381709.2160      -3166.475          36.000  
C32  21105132.954   109899904.4820       -160.229          41.000  
C37  22211811.431   115662731.6460       1247.148          27.000  
R04  19456273.269   104187397.5000      -2423.259          34.000    19456270.241    81034672.9060      -1884.702          38.000  
R06  21986264.273   117322924.8740       3450.498          28.000    21986252.366    91251109.4521       2684.089          25.000  
R14  21217266.784   113099965.3800      -4043.643          28.000    21217271.056    87966571.9930      -3145.918          30.000  
R16  20373545.150   108831774.2170       2457.111          34.000    20373532.702    84646920.0961       1911.417          26.000  
R05  18707266.802   100001014.3420       1206.205          30.000    18707264.139    77778592.6331        941.624          23.000  
G26  19433559.101   102123979.3380      -1016.254          34.000    19433542.334    79577120.8310       -791.703          35.000  
G03  20152761.724   105903537.2770      -1063.059          36.000    20152765.714    82522182.6640       -828.136          34.000  
E07  24979953.337   131270513.0520      -1960.843          36.000    24979956.140   100583894.9560      -1502.698          34.000  
G31  20437377.635   107399145.6790      -2216.019          34.000    20437381.568    83687654.7730      -1727.315          28.000  
C20  24188185.836   125954216.0250       2464.433          39.000  
R15  18498801.857    98852023.3170      -1213.706          32.000    18498803.721    76884865.4320       -942.557          37.000  
E30  26428118.492   138880699.3671      -2759.470          25.000    26428124.539   106415135.6500      -2114.674          29.000  
G04  21781702.212   114463616.3490       2339.369          30.000    21781702.854    89192418.5800       1822.716          28.000  
G16  19579665.648   102891846.8980       1621.988          31.000                                                                  
G28  22557058.827   118538154.6380      -2791.003          32.000    22557063.932    92367405.2811      -2174.613          27.000  
E33  26951177.943   141629395.5391      -2797.530          16.000    26951197.409   108521303.8581      -2146.186          22.000  
E19  23847584.248   125319906.7400       1488.352          26.000    23847593.201    96024379.6380       1140.413          27.000  
E27  23382593.645   122876317.9630       -596.402          34.000    23382592.507    94152041.8360       -457.085          38.000  
E29  22845710.634   120054945.7010        -90.548          28.000    22845696.807    91990186.0520        -69.647          28.000  
G32                                                                  23035686.289    94327283.5831      -2425.286          19.000  
> 2026  7 21  0 44 40.9970000  0 29                           
G29  24415309.216   128303315.4661       -779.012          22.000                                                                  
S35  37395206.549   196513141.0750       -417.448          34.000  
S33  37660658.509   197908088.8020       -415.981          34.000  
S31  36960335.974   194227863.5780       -414.844          39.000  
E21  24247531.519   127421677.1280       1994.853          36.000    24247533.845    97634784.2840       1528.216          36.000  
C41  23157865.517   120589017.9220      -3034.873          33.000  
C25  23892280.910   124413379.5610      -3167.295          36.000  
C32  21105446.020   109901534.5530       -165.407          41.000  
C37  22209422.349   115650279.4710       1243.568          29.000  
R04  19460803.920   104211664.4290      -2430.586          34.000    19460802.162    81053547.1550      -1890.001          38.000  
R06  21979800.043   117288423.7950       3449.463          27.000    21979784.757    91224266.2111       2683.617          25.000  
R14  21224854.711   113140412.7520      -4045.428          29.000    21224859.027    87998030.9640      -3145.242          30.000  
R16  20368952.090   108807237.2910       2451.265          34.000    20368940.091    84627835.9040       1905.969          27.000  
R05  18705016.691    99988984.9810       1199.607          26.000    18705019.477    77769259.4341        940.387          24.000  
G26  19435497.359   102134173.1780      -1023.027          33.000    19435482.252    79585064.1110       -796.584          36.000  
G03  20154791.959   105914204.3860      -1070.613          36.000    20154794.495    82530494.6930       -833.649          34.000  
G32  23041602.962   121084440.0441      -3110.883          18.000    23041607.469    94351530.1181      -2430.407          19.000  
E07  24983686.246   131290131.7030      -1962.574          36.000    24983689.335   100598927.4140      -1503.946          34.000  
G31  20441596.324   107421316.9200      -2218.444          34.000    20441602.398    83704930.9840      -1728.743          29.000  
C20  24183455.301   125929581.8730       2462.299          39.000  
R15  18501078.184    98864179.6030      -1218.960          33.000    18501078.237    76894320.3730       -948.029          37.000  
E30  26433373.055   138908312.8321      -2764.091          23.000    26433378.558   106436292.5380      -2116.802          29.000  
G04  21777250.419   114440225.1330       2338.725          29.000    21777253.992    89174191.7710       1821.500          28.000  
G16  19576586.845   102875655.8330       1614.909          32.000                                                                  
G28  22562368.969   118566062.9950      -2791.691          30.000    22562371.373    92389144.1130      -2174.787          27.000  
E33  26956512.496   141657428.8401      -2801.462          17.000    26956531.561   108542781.8911      -2140.971          22.000  
E19  23844754.573   125305027.1690       1487.456          26.000    23844761.819    96012978.4390       1139.518          27.000  
E27  23383733.835   122882307.1870       -601.297          34.000    23383732.416    94156630.9930       -460.988          38.000  
E29  22845888.885   120055864.5820        -92.529          28.000    22845870.169    91990890.1830        -71.851          26.000  
> 2026  7 21  0 44 50.9970000  0 30                           
G29  24416793.756   128311116.5821       -783.792          19.000                                                                  
S35  37396002.295   196517319.7980       -417.997          33.000  
S33  37661449.242   197912246.6390       -415.616          33.000  
S31  36961125.004   194232010.2310       -414.831          39.000  
E21  24243738.054   127401743.8800       1991.822          36.000    24243740.687    97619510.7650       1526.487          36.000  
C41  23163696.406   120619387.7990      -3039.307          33.000  
C23  21224253.773   110520258.6171      -1504.727          25.000  
C25  23898364.273   124445055.7040      -3167.629          37.000  
C32  21105769.196   109903216.6790       -170.745          41.000  
C37  22207039.355   115637863.6650       1239.603          30.000  
R04  19465347.035   104235997.4060      -2436.586          34.000    19465346.184    81072472.8340      -1895.241          38.000  
R06  21973332.446   117253931.1050       3448.452          27.000    21973321.840    91197442.6521       2683.139          26.000  
R14  21232447.224   113180878.4090      -4047.554          29.000    21232450.361    88029504.2710      -3148.023          31.000  
R16  20364369.163   108782754.7620       2445.316          35.000    20364357.929    84608793.9760       1901.775          29.000  
R05  18702776.000    99977055.7401       1195.052          22.000    18702779.831    77759948.4191        928.405          23.000  
G26  19437448.555   102144433.3670      -1029.418          32.000    19437434.895    79593059.0810       -801.763          36.000  
G03  20156835.170   105924942.4600      -1077.219          36.000    20156838.478    82538862.0450       -839.328          34.000  
E07  24987422.864   131309769.8420      -1965.247          36.000    24987426.828   100613974.7980      -1505.708          34.000  
G31  20445819.285   107443508.4850      -2219.833          33.000    20445828.415    83722223.0450      -1729.952          30.000  
C20  24178728.031   125904965.8830       2460.917          39.000  
R15  18503367.275    98876405.4000      -1225.022          34.000    18503365.647    76903829.3880       -953.893          35.000  
E30  26438625.424   138935914.0991      -2766.137          21.000    26438637.691   106457469.4990      -2119.162          28.000  
G04  21772802.220   114416845.3770       2337.336          30.000    21772803.214    89155973.7360       1821.158          28.000  
G16  19573519.017   102859538.0040       1608.138          31.000                                                                  
G28  22567679.699   118593976.1810      -2791.774          29.000    22567683.705    92410894.6950      -2175.900          27.000  
E33  26961855.772   141685507.5591      -2805.351          18.000    26961866.148   108564262.2851      -2147.891          21.000  
E19  23841928.944   125290150.6410       1487.582          27.000    23841930.963    96001579.4910       1140.088          27.000  
E27  23384882.569   122888344.2080       -606.136          33.000    23384881.096    94161256.7230       -464.443          37.000  
E29  22846069.661   120056802.9450        -94.348          27.000    22846046.764    91991609.1880        -73.090          25.000  
G32                                                                  23047542.636    94375833.6901      -2437.268          18.000  
> 2026  7 21  0 45  0.9970000  0 30                           
G29  24418288.762   128318973.5031       -792.035          19.000                                                                  
S35  37396797.150   196521495.9810       -417.363          33.000  
S33  37662240.267   197916402.4500       -415.297          33.000  
S31  36961913.774   194236154.8390       -414.262          39.000  
E21  24239949.535   127381836.4240       1989.378          35.000    24239952.440    97604257.0230       1524.368          36.000  
C41  23169533.242   120649786.7020      -3041.673          32.000  
C23  21227137.636   110535275.9741      -1506.470          25.000  
C25  23904447.713   124476733.1880      -3168.121          37.000  
C32  21106101.109   109904946.4220       -175.376          41.000  
C37  22204661.721   115625479.9670       1236.286          31.000  
R04  19469902.314   104260391.8740      -2441.880          35.000    19469901.414    81091446.3040      -1900.107          37.000  
R06  21966868.752   117219442.6270       3448.005          27.000    21966863.907    91170631.4720       2682.107          26.000  
R14  21240042.245   113221357.2910      -4048.383          29.000    21240045.066    88060987.8850      -3149.218          30.000  
R16  20359795.011   108758322.2620       2440.438          35.000    20359784.514    84589790.9660       1897.492          29.000  
R05  18700556.479    99965191.2881       1188.533          25.000    18700550.012    77750677.2031        927.046          22.000  
G26  19439411.176   102154755.4380      -1035.610          33.000    19439399.019    79601102.2840       -807.045          36.000  
G03  20158891.191   105935747.0990      -1083.559          35.000    20158894.812    82547281.2710       -844.438          34.000  
E07  24991162.984   131329422.9810      -1966.499          35.000    24991166.720   100629033.6970      -1506.831          34.000  
G31  20450044.749   107465715.9690      -2221.130          33.000    20450051.142    83739527.5580      -1730.389          30.000  
C20  24174003.556   125880363.8020       2459.138          39.000  
R15  18505667.088    98888696.3450      -1232.887          34.000    18505664.779    76913388.9950       -959.208          34.000  
E30  26443891.881   138963589.2411      -2766.586          22.000    26443900.887   106478663.0370      -2119.728          28.000  
G04  21768355.796   114393472.5700       2336.744          30.000    21768357.529    89137761.1410       1820.987          29.000  
G16  19570463.335   102843479.9790       1603.517          31.000                                                                  
G28  22572990.591   118621889.7150      -2791.400          27.000    22572996.364    92432645.4640      -2175.219          27.000  
E33  26967190.640   141713542.8881      -2795.310          19.000    26967201.620   108585745.2861      -2142.199          21.000  
E19  23839097.466   125275272.8030       1487.586          28.000    23839102.229    95990182.6030       1140.500          27.000  
E27  23386039.494   122894424.5080       -610.473          33.000    23386038.257    94165915.7060       -467.772          37.000  
E29  22846251.554   120057756.4310        -95.868          26.000    22846239.440    91992338.2361        -77.651          21.000  
G32                                                                  23053477.482    94400136.0881      -2416.800          18.000  
> 2026  7 21  0 45 10.9970000  0 31                           
G29  24419796.654   128326897.2551       -789.980          16.000                                                                  
S35  37397591.298   196525671.2380       -417.167          34.000  
S33  37663030.822   197920556.6950       -415.065          33.000  
S31  36962702.334   194240298.0570       -414.322          39.000  
E21  24236166.320   127361955.9160       1986.782          35.000    24236169.465    97589023.9670       1521.784          36.000  
C41  23175376.100   120680215.7390      -3044.831          32.000  
C23  21230028.773   110550330.7161      -1510.261          25.000  
C25  23910531.958   124508413.1000      -3167.672          37.000  
C32  21106442.755   109906724.9970       -180.249          41.000  
C37  22202289.815   115613129.4300       1233.472          30.000  
R04  19474469.810   104284849.1850      -2448.839          36.000    19474468.595    81110468.6310      -1904.567          37.000  
R06  21960407.734   117184959.4070       3447.515          27.000    21960400.331    91143811.2320       2681.313          26.000  
R14  21247639.334   113261850.9610      -4049.923          28.000    21247641.836    88092482.9220      -3150.415          31.000  
R16  20355229.777   108733940.9750       2435.146          35.000    20355221.966    84570827.6960       1894.338          30.000  
R05  18698348.357    99953377.5930       1183.072          27.000    18698335.969    77741472.0311        918.319          23.000  
G26  19441385.569   102165140.4470      -1041.963          32.000    19441375.254    79609194.5490       -811.970          36.000  
G03  20160960.543   105946619.4320      -1090.350          35.000    20160963.966    82555753.1770       -849.173          34.000  
E07  24994905.670   131349092.3460      -1967.654          36.000    24994910.066   100644105.0200      -1508.016          34.000  
G31  20454273.242   107487940.4560      -2223.022          32.000    20454280.602    83756845.2920      -1731.392          31.000  
C20  24169281.797   125855776.8330       2457.976          39.000  
R15  18507980.153    98901053.2870      -1239.253          34.000    18507976.189    76922999.9970       -963.569          32.000  
E30  26449163.128   138991290.2131      -2771.078          23.000    26449168.220   106499874.2010      -2121.871          28.000  
G04  21763911.016   114370107.9020       2336.131          31.000    21763910.021    89119554.9310       1820.493          29.000  
G16  19567419.429   102827483.1700       1596.160          32.000                                                                  
G28  22578302.638   118649804.7900      -2791.712          26.000    22578307.443    92454397.4470      -2175.563          26.000  
E33  26972529.764   141741600.5871      -2800.250          19.000    26972535.793   108607224.2231      -2139.026          20.000  
E28  27241723.561   143156222.8011       1794.488          25.000                                                                  
E19  23836268.632   125260394.6700       1488.084          27.000    23836270.851    95978782.5330       1139.946          27.000  
E27  23387205.091   122900549.3190       -614.619          34.000    23387203.720    94170608.7230       -470.813          37.000  
E29  22846437.850   120058726.2460        -97.412          25.000    22846429.604    91993104.7781        -73.832          24.000  
G32                                                                  23059418.973    94424465.6891      -2441.469          18.000  
> 2026  7 21  0 45 20.9970000  0 30                           
S35  37398385.901   196529847.5640       -417.994          34.000  
S33  37663821.819   197924712.3380       -416.782          34.000  
S31  36963491.048   194244442.3040       -414.970          39.000  
E21  24232389.056   127342104.9620       1983.196          35.000    24232391.850    97573813.5080       1519.501          37.000  
C41  23181224.810   120710677.3360      -3047.725          31.000  
C23  21232935.881   110565468.7961      -1514.052          26.000  
C25  23916616.733   124540097.8960      -3168.783          36.000  
C32  21106794.587   109908554.8980       -186.117          41.000  
C37  22199925.026   115600814.6350       1228.933          30.000  
R04  19479049.602   104309371.6040      -2456.127          35.000    19479047.759    81129541.6310      -1910.110          37.000  
R06  21953948.704   117150484.2390       3447.307          27.000    21953939.263    91116997.2350       2681.055          26.000  
R14  21255238.519   113302361.6730      -4052.445          27.000    21255242.415    88123991.2660      -3151.718          30.000  
R16  20350674.578   108709613.5080       2430.387          33.000    20350669.237    84551924.4020       1889.034          30.000  
R05  18696143.270    99941584.9610       1175.717          29.000    18696131.436    77732306.6281        911.399          24.000  
G26  19443372.641   102175590.8820      -1048.226          32.000    19443363.718    79617337.7360       -816.840          36.000  
G03  20163042.142   105957561.8860      -1097.922          34.000    20163046.359    82564279.7920       -855.194          34.000  
E07  24998652.238   131368780.4310      -1969.765          35.000    24998656.592   100659190.6740      -1509.148          34.000  
G31  20458506.057   107510184.4420      -2225.792          32.000    20458513.405    83774178.2810      -1734.243          32.000  
C20  24164563.207   125831207.4950       2455.949          39.000  
R15  18510305.972    98913478.9250      -1246.461          33.000    18510300.151    76932664.4110       -969.115          31.000  
E30  26454434.970   139018994.0051      -2772.646          23.000    26454440.632   106521104.7160      -2124.729          27.000  
G04  21759467.535   114346754.0480       2334.141          32.000    21759467.156    89101357.1720       1819.193          30.000  
G16  19564388.050   102811550.0470       1589.514          32.000                                                                  
G28  22583615.390   118677723.8560      -2792.831          26.000    22583616.051    92476152.5120      -2176.033          26.000  
E33  26977865.147   141769637.6521      -2813.108          21.000    26977872.884   108628714.8831      -2150.149          22.000  
E28  27238305.364   143138260.2431       1795.427          25.000                                                                  
E19  23833439.316   125245518.9750       1487.114          27.000    23833440.717    95967384.2670       1139.344          27.000  
E27  23388379.335   122906721.0940       -620.294          34.000    23388378.418    94175337.7550       -474.950          37.000  
E29  22846624.517   120059822.0591        -98.777          25.000    22846619.567    91993869.0840        -77.075          26.000  
G32                                                                  23065372.725    94448845.3991      -2435.553          19.000  
> 2026  7 21  0 45 30.9970000  0 30                           
S35  37399181.719   196534026.4490       -417.882          33.000  
S33  37664612.476   197928870.5450       -416.117          33.000  
S31  36964280.097   194248589.8340       -414.676          39.000  
E21  24228616.946   127322285.0000       1980.665          35.000    24228620.307    97558626.7820       1517.802          36.000  
C41  23187079.377   120741172.9270      -3051.089          30.000  
C23  21235853.324   110580629.1260      -1516.875          29.000  
C25  23922702.770   124571788.9490      -3169.074          36.000  
C32  21107156.479   109910437.5570       -190.426          41.000  
C37  22197566.980   115588536.9730       1226.218          29.000  
R04  19483642.242   104333960.6580      -2461.830          36.000    19483639.425    81148666.4330      -1914.776          36.000  
R06  21947490.747   117116018.7140       3446.242          27.000    21947483.160    91090190.7700       2681.233          26.000  
R14  21262840.168   113342902.4971      -4052.286          26.000    21262846.500    88155513.7760      -3152.770          30.000  
R16  20346128.851   108685341.2520       2424.673          31.000    20346125.515    84533049.9260       1886.219          30.000  
R05  18693944.873    99929854.4250       1170.432          33.000    18693939.757    77723193.9231        910.557          26.000  
G26  19445372.492   102186108.1100      -1054.513          33.000    19445365.288    79625533.0270       -822.077          36.000  
G03  20165137.124   105968575.8770      -1105.000          33.000    20165142.789    82572862.1100       -860.284          35.000  
E07  25002402.342   131388488.6870      -1971.498          35.000    25002406.865   100674291.8170      -1510.815          34.000  
G31  20462742.828   107532449.2100      -2227.059          32.000    20462749.186    83791527.4270      -1734.991          32.000  
C20  24159848.802   125806657.3370       2454.485          39.000  
R15  18512644.453    98925974.5790      -1252.827          32.000    18512636.432    76942383.3150       -974.609          31.000  
E30  26459715.753   139046744.6531      -2777.268          23.000    26459717.633   106542317.5410      -2125.880          27.000  
G04  21755026.768   114323412.3810       2334.136          32.000    21755026.182    89083168.9580       1817.563          31.000  
G16  19561368.638   102795682.1460       1583.569          32.000                                                                  
G28  22588930.220   118705648.2460      -2791.914          25.000    22588932.272    92497900.7770      -2176.125          26.000  
E33  26983202.154   141797683.9301      -2807.933          21.000    26983210.540   108650207.1021      -2158.650          20.000  
E28  27234890.687   143120316.1751       1795.850          25.000                                                                  
E19  23830608.526   125230647.0490       1487.173          26.000    23830609.870    95955988.8950       1139.598          27.000  
E27  23389562.943   122912941.1530       -623.829          35.000    23389562.442    94180103.8130       -478.182          37.000  
E29  22846822.767   120060863.6571       -106.557          23.000    22846812.053    91994642.0740        -77.502          28.000  
G32                                                                  23071327.162    94473227.1341      -2439.956          21.000  
> 2026  7 21  0 45 40.9970000  0 30                           
S35  37399976.731   196538204.2500       -417.543          34.000  
S33  37665403.683   197933027.7730       -415.847          34.000  
S31  36965068.916   194252735.6510       -414.427          39.000  
E21  24224850.285   127302492.6150       1977.771          35.000    24224854.059    97543461.2380       1515.566          37.000  
C41  23192940.522   120771699.0060      -3054.474          29.000  
C23  21238767.603   110595813.1150      -1519.616          29.000  
C25  23928789.125   124603482.7580      -3170.015          36.000  
C32  21107527.625   109912369.6670       -195.724          41.000  
C37  22195214.672   115576292.9460       1222.840          27.000  
R04  19488246.530   104358612.7750      -2468.261          36.000    19488242.604    81167840.3080      -1920.194          36.000  
R06  21941028.292   117081559.2920       3445.753          26.000    21941028.187    91063412.1391       2680.146          26.000  
R14  21270447.914   113383456.1031      -4055.443          26.000    21270453.051    88187047.6810      -3154.827          30.000  
R16  20341592.486   108661120.8820       2419.145          32.000    20341591.859    84514211.8890       1881.760          30.000  
R05  18691762.198    99918182.9250       1163.881          34.000    18691758.857    77714126.1491        906.083          26.000  
G26  19447384.205   102196688.6340      -1060.536          32.000    19447378.479    79633777.6010       -826.711          36.000  
G03  20167244.920   105979657.8230      -1110.900          32.000    20167251.885    82581497.4960       -866.060          35.000  
E07  25006155.043   131408213.6340      -1973.391          34.000    25006160.499   100689405.7380      -1512.087          33.000  
G31  20466982.713   107554731.3160      -2228.932          33.000    20466988.754    83808890.0930      -1736.464          32.000  
C20  24155137.287   125782122.9680       2453.008          39.000  
R15  18514994.083    98938536.5330      -1258.528          30.000    18514986.105    76952153.7690       -979.191          32.000  
E30  26464988.638   139074453.0011      -2775.142          23.000    26464999.158   106563586.1970      -2128.739          26.000  
G04  21750587.798   114300079.6410       2332.747          33.000    21750587.349    89064987.6210       1817.188          31.000  
G16  19558361.128   102779876.0590       1577.208          31.000                                                                  
G28  22594255.089   118733611.0211      -2793.752          25.000    22594247.130    92519661.5680      -2176.111          28.000  
E33  26988536.968   141825718.0781      -2807.708          22.000    26988548.738   108671702.1821      -2151.541          19.000  
E28  27231468.951   143102334.3201       1797.493          26.000                                                                  
E19  23827778.637   125215821.5131       1487.485          26.000    23827779.924    95944593.7620       1139.816          27.000  
E27  23390754.471   122919206.1690       -628.393          35.000    23390754.776    94184904.2830       -481.523          37.000  
E29  22847025.626   120061929.7431        -98.088          21.000    22847007.964    91995428.0340        -79.144          29.000  
G32                                                                  23077286.845    94497631.6081      -2437.557          21.000  
> 2026  7 21  0 45 50.9970000  0 31                           
G29  24425921.848   128359085.1391       -810.909          18.000                                                                  
S35  37400771.231   196542381.0380       -417.781          34.000  
S33  37666194.776   197937183.9790       -415.861          33.000  
S31  36965857.493   194256880.2720       -414.616          39.000  
E21  24221089.741   127282726.7450       1974.819          34.000    24221092.968    97528315.9600       1513.319          37.000  
C41  23198806.515   120802254.2540      -3057.094          28.000  
C23  21241690.418   110611027.0470      -1522.643          30.000  
C25  23934875.829   124635178.0440      -3169.844          36.000  
C32  21107908.232   109914350.0010       -200.578          41.000  
C37  22192867.622   115564081.5110       1219.295          27.000  
R04  19492863.280   104383326.7650      -2475.000          37.000    19492857.228    81187062.2570      -1925.012          35.000  
R06  21934576.209   117047105.0070       3444.943          27.000    21934574.139    91036617.3420       2679.297          26.000  
R14  21278056.087   113424011.5211      -4057.722          26.000    21278061.618    88218591.9750      -3155.396          31.000  
R16  20337066.281   108636951.1740       2414.342          33.000    20337067.221    84495413.2520       1877.360          30.000  
R05  18689589.341    99906569.2070       1158.329          35.000    18689580.732    77705068.9090        901.395          26.000  
G26  19449408.047   102207331.2840      -1067.417          32.000    19449403.672    79642070.5500       -831.777          36.000  
G03  20169365.419   105990806.6800      -1118.044          31.000    20169373.528    82590184.8820       -871.250          34.000  
G32  23083242.103   121303255.5841      -3135.975          25.000    23083251.886    94522057.1701      -2448.612          22.000  
E07  25009910.467   131427954.1460      -1975.112          33.000    25009916.493   100704531.5480      -1513.224          33.000  
G31  20471226.265   107577029.4950      -2230.980          34.000    20471232.214    83826265.2550      -1737.538          33.000  
C20  24150428.729   125757603.3210       2450.901          39.000  
R15  18517355.894    98951163.6330      -1265.389          30.000    18517349.568    76961974.8270       -984.836          33.000  
E30  26470277.087   139102244.5261      -2777.816          21.000    26470286.029   106584871.4110      -2129.145          26.000  
G04  21746150.359   114276754.6190       2331.764          33.000    21746150.259    89046812.3420       1816.507          31.000  
G16  19555365.101   102764130.6970       1570.490          30.000                                                                  
G28  22599577.133   118761579.1481      -2792.266          23.000    22599560.861    92541422.8920      -2175.877          28.000  
E33  26993874.964   141853769.5281      -2807.552          22.000    26993884.644   108693186.8601      -2141.742          19.000  
E28  27228053.025   143084365.7790       1797.959          26.000                                                                  
E19  23824946.087   125200939.0370       1487.085          26.000    23824950.930    95933198.0470       1139.364          27.000  
E27  23391955.135   122925514.8630       -633.185          36.000    23391955.318    94189738.2450       -485.409          37.000  
E29  22847239.921   120063055.6891       -101.053          18.000    22847205.185    91996226.0320        -80.039          30.000  
> 2026  7 21  0 46  0.9970000  0 31                           
G29  24427492.112   128367336.9651       -818.078          18.000                                                                  
S35  37401564.845   196546553.6360       -417.307          33.000  
S33  37666984.895   197941335.7580       -415.306          34.000  
S31  36966645.325   194261020.5870       -414.107          39.000  
E21  24217332.895   127262985.7000       1972.051          35.000    24217336.350    97513189.7480       1511.125          37.000  
C41  23204678.548   120832837.0840      -3059.527          28.000  
C23  21244617.994   110626269.3490      -1525.982          29.000  
C25  23940962.992   124666873.1650      -3169.489          36.000  
C32  21108298.023   109916376.9580       -205.180          41.000  
C37  22190526.671   115551900.8980       1216.356          26.000  
R04  19497491.444   104408100.8830      -2480.388          38.000    19497482.965    81206331.0060      -1929.509          35.000  
R06  21928128.513   117012654.2780       3444.784          27.000    21928120.369    91009835.3200       2679.212          27.000  
R14  21285663.203   113464562.3851      -4057.511          26.000    21285671.938    88250145.4870      -3156.837          31.000  
R16  20332549.729   108612830.3570       2410.233          35.000    20332551.557    84476652.6670       1874.300          30.000  
R05  18687427.188    99895011.7790       1152.672          36.000    18687420.913    77696079.8430        896.298          27.000  
G26  19451443.300   102218034.2270      -1073.540          32.000    19451440.517    79650410.5420       -836.752          36.000  
G03  20171498.608   106002020.5660      -1124.699          30.000    20171507.846    82598922.9900       -876.439          35.000  
G32  23089208.588   121334609.8611      -3137.911          26.000    23089220.472    94546497.6971      -2441.235          21.000  
E07  25013668.945   131447708.5230      -1976.710          33.000    25013675.394   100719668.0230      -1514.444          33.000  
G31  20475472.342   107599342.0360      -2231.854          34.000    20475477.263    83843651.6860      -1739.293          33.000  
C20  24145722.970   125733096.7700       2449.885          39.000  
R15  18519730.321    98963853.8460      -1272.852          31.000    18519726.318    76971845.0130       -990.212          34.000  
E30  26475564.254   139130029.1271      -2782.121          20.000    26475575.703   106606172.1680      -2130.909          26.000  
G04  21741714.060   114253435.7240       2331.818          33.000    21741713.302    89028641.7510       1816.640          31.000  
G16  19552378.913   102748444.3960       1564.999          27.000                                                                  
G28  22604891.259   118789504.9651      -2788.892          20.000    22604873.070    92563183.4730      -2176.258          28.000  
E33  26999210.530   141881808.4111      -2807.832          22.000    26999224.929   108714689.9161      -2154.642          19.000  
E28  27224627.346   143066378.3890       1799.164          27.000                                                                  
E19  23822117.892   125186064.1380       1488.015          26.000    23822118.832    95921800.3980       1139.689          27.000  
E27  23393163.583   122931865.5590       -637.410          36.000    23393164.083    94194604.3600       -488.502          37.000  
E29  22847456.110   120064191.3701        -98.282          17.000    22847405.132    91997034.7990        -81.471          31.000  
> 2026  7 21  0 46 10.9970000  0 31                           
G29  24429061.228   128375582.8361       -830.643          17.000                                                                  
S35  37402359.632   196550727.5870       -416.880          33.000  
S33  37667775.156   197945488.3480       -415.571          34.000  
S31  36967433.633   194265162.4780       -414.465          39.000  
E21  24213581.609   127243274.2350       1969.493          34.000    24213584.924    97498086.1580       1509.486          37.000  
C41  23210556.540   120863452.0810      -3062.426          27.000  
C23  21247550.859   110641544.4810      -1529.346          29.000  
C25  23947050.810   124698572.7030      -3170.278          36.000  
C32  21108697.441   109918455.2360       -210.235          41.000  
C37  22188193.893   115539755.8210       1213.052          28.000  
R04  19502132.060   104432939.8730      -2486.963          38.000    19502120.962    81225650.1830      -1934.108          34.000  
R06  21921676.656   116978211.8740       3444.191          26.000    21921665.673    90983048.8510       2679.022          28.000  
R14  21293274.566   113505135.0411      -4058.970          26.000    21293284.967    88281711.2660      -3156.472          31.000  
R16  20328043.384   108588763.6420       2404.094          35.000    20328046.794    84457934.1040       1870.168          30.000  
R05  18685276.580    99883515.4830       1146.351          36.000    18685271.424    77687138.2640        892.157          27.000  
G26  19453490.156   102228802.1570      -1080.125          32.000    19453489.580    79658801.1360       -841.707          36.000  
G03  20173645.151   106013304.2780      -1131.926          29.000    20173655.475    82607715.4820       -882.123          34.000  
G32  23095183.828   121365996.8460      -3139.697          27.000    23095195.050    94570961.9991      -2442.284          21.000  
E07  25017430.600   131467481.4530      -1978.296          33.000    25017437.827   100734818.7310      -1515.727          33.000  
G31  20479722.483   107621673.6070      -2233.622          35.000    20479726.118    83861052.8980      -1740.238          33.000  
C20  24141020.043   125708608.0800       2447.878          39.000  
R15  18522117.746    98976612.0250      -1279.692          33.000    18522114.959    76981767.9640       -994.968          35.000  
E30  26480866.917   139157894.6241      -2781.216          21.000    26480870.186   106627491.8100      -2132.271          25.000  
G04  21737279.150   114230127.7450       2330.008          33.000    21737277.895    89010479.6970       1815.811          31.000  
G16  19549403.309   102732806.9871       1559.708          24.000                                                                  
G28  22610210.173   118817455.9511      -2791.124          23.000    22610188.028    92584946.9820      -2176.507          28.000  
E33  27004548.135   141909857.2801      -2795.848          21.000    27004563.955   108736188.4201      -2151.770          17.000  
E28  27221203.725   143048385.0530       1799.520          26.000                                                                  
E19  23819283.701   125171180.5441       1487.876          25.000    23819289.770    95910404.4750       1139.760          27.000  
E27  23394381.726   122938262.9240       -642.159          37.000    23394381.624    94199506.2390       -492.002          37.000  
E29  22847645.044   120065184.9821       -108.724          14.000    22847609.229    91997857.9870        -83.079          32.000  
> 2026  7 21  0 46 20.9980000  0 31                           
G29  24430636.047   128383858.6311       -814.222          14.000                                                                  
S35  37403153.490   196554899.5050       -416.597          34.000  
S33  37668564.971   197949639.8570       -415.056          34.000  
S31  36968221.158   194269302.5660       -414.062          39.000  
E21  24209834.057   127223587.2330       1966.751          33.000    24209838.769    97483001.3220       1507.210          37.000  
C41  23216441.473   120894099.0480      -3066.284          28.000  
C23  21250488.625   110656850.7080      -1532.188          28.000  
C25  23953138.974   124730276.6170      -3170.822          36.000  
C32  21109106.069   109920581.9110       -215.546          41.000  
C37  22185867.974   115527641.8380       1208.993          30.000  
R04  19506784.817   104457842.9840      -2493.604          38.000    19506771.060    81245019.2630      -1939.885          34.000  
R06  21915223.115   116943829.2331       3442.376          23.000    21915214.106    90956261.8020       2677.877          27.000  
R14  21300887.068   113545713.6131      -4060.589          26.000    21300901.027    88313290.2550      -3158.414          32.000  
R16  20323546.917   108564745.0780       2398.578          37.000    20323550.809    84439253.0650       1865.595          31.000  
R05  18683136.348    99872075.7730       1140.681          36.000    18683124.385    77678240.7490        887.273          28.000  
G26  19455550.208   102239632.8990      -1086.580          33.000    19455550.286    79667240.6480       -846.580          36.000  
G03  20175803.819   106024655.6080      -1138.731          29.000    20175815.367    82616560.6640       -887.512          34.000  
G32  23101160.729   121397406.6970      -3142.950          27.000    23101169.920    94595428.4591      -2452.620          21.000  
E07  25021196.400   131487271.7530      -1979.730          32.000    25021203.701   100749982.7460      -1517.574          32.000  
G31  20483976.336   107644023.2280      -2235.504          35.000    20483979.308    83878468.1680      -1742.356          33.000  
C20  24136319.615   125684131.6820       2446.118          39.000  
R15  18524518.099    98989436.0220      -1285.869          34.000    18524516.053    76991742.1870      -1000.072          35.000  
E30  26486168.807   139185756.4621      -2786.518          23.000    26486169.340   106648830.1880      -2135.186          25.000  
G04  21732844.996   114206825.1540       2329.222          34.000    21732843.901    88992321.8600       1814.265          31.000  
G16  19546436.363   102717215.8831       1563.839          18.000                                                                  
G28  22615521.014   118845365.0311      -2801.042          21.000    22615498.999    92606712.9620      -2176.347          27.000  
E33  27009883.021   141937893.2231      -2802.546          21.000    27009903.857   108757689.8831      -2153.659          16.000  
E28  27217780.209   143030380.8160       1800.394          27.000                                                                  
E19  23816455.111   125156315.5081       1487.131          25.000    23816459.694    95899006.8000       1139.047          27.000  
E27  23395607.157   122944704.3590       -646.331          37.000    23395607.750    94204441.9100       -495.552          37.000  
E29  22847810.448   120066053.7391       -105.751          21.000    22847816.400    91998693.1850        -84.578          32.000  
> 2026  7 21  0 46 30.9980000  0 30                           
S35  37403946.944   196559070.7210       -417.362          34.000  
S33  37669354.718   197953790.6340       -415.264          34.000  
S31  36969008.976   194273442.0600       -413.604          39.000  
E21  24206092.319   127203930.3350       1964.422          33.000    24206098.176    97467939.5760       1505.268          37.000  
C41  23222331.884   120924773.4280      -3069.098          28.000  
C23  21253431.298   110672186.7210      -1535.099          29.000  
C25  23959227.275   124761980.1220      -3170.723          36.000  
C32  21109524.235   109922758.1840       -219.941          40.000  
C37  22183549.215   115515563.0240       1206.034          32.000  
R04  19511446.766   104482806.7890      -2499.448          37.000    19511432.639    81264435.5490      -1944.234          33.000  
R06  21908770.572   116909397.0461       3441.060          23.000    21908762.842    90929482.8490       2678.077          27.000  
R14  21308504.670   113586317.0790      -4061.968          27.000    21308519.445    88344877.2930      -3160.269          31.000  
R16  20319060.635   108540781.3620       2393.726          38.000    20319065.148    84420614.6870       1861.237          31.000  
R05  18681007.006    99860697.1220       1135.017          35.000    18680993.400    77669390.7460        882.580          28.000  
G26  19457622.855   102250525.8530      -1092.235          34.000    19457622.855    79675728.6840       -851.433          36.000  
G03  20177978.259   106035980.8470      -1144.611          31.000    20177987.855    82625458.0510       -892.365          33.000  
G32  23107141.579   121428838.4790      -3144.476          28.000    23107150.225    94619916.6991      -2450.260          22.000  
E07  25024964.622   131507077.1630      -1981.347          32.000    25024971.770   100765158.2710      -1518.844          32.000  
G31  20488232.946   107666388.0450      -2237.787          35.000    20488235.354    83895895.2590      -1742.637          33.000  
C20  24131622.738   125659674.1890       2445.028          38.000  
R15  18526930.924    99002324.9090      -1291.788          35.000    18526928.774    77001766.8380      -1004.000          36.000  
E30  26491474.657   139213638.6321      -2785.502          25.000    26491470.988   106670176.0381      -2135.738          25.000  
G04  21728412.066   114183534.3190       2328.695          36.000    21728412.356    88974173.1510       1815.081          31.000  
G16  19543489.296   102701728.5391       1553.500          16.000                                                                  
G28  22620821.246   118873217.6701      -2784.096          21.000    22620815.233    92628478.5420      -2176.983          27.000  
E33  27015225.682   141965968.5431      -2801.059          20.000                                                                  
E28  27214350.447   143012370.9930       1800.996          27.000                                                                  
E19  23813628.165   125141459.7651       1484.056          24.000    23813629.113    95887610.8150       1139.253          27.000  
E27  23396841.703   122951190.2650       -650.954          37.000    23396842.082    94209411.6090       -498.520          37.000  
E29  22848007.092   120067086.6711       -111.264          27.000    22848026.598    91999541.5850        -85.120          32.000  
> 2026  7 21  0 46 40.9980000  0 30                           
G29  24433808.584   128400530.4421       -850.677          15.000                                                                  
S35  37404740.572   196563241.4580       -417.490          33.000  
S33  37670144.313   197957940.3180       -414.976          33.000  
S31  36969796.766   194277580.4040       -414.231          39.000  
E21  24202356.098   127184301.5740       1961.157          32.000    24202363.013    97452899.3940       1502.601          37.000  
C41  23228228.937   120955478.1160      -3071.912          29.000  
C23  21256381.123   110687553.6840      -1538.074          30.000  
C25  23965315.729   124793686.2430      -3171.135          35.000  
C32  21109951.662   109924984.2900       -225.400          40.000  
C37  22181236.760   115503518.0950       1202.820          33.000  
R04  19516120.684   104507833.7220      -2506.282          36.000    19516106.049    81283900.8810      -1949.022          33.000  
R06  21902319.407   116874973.0481       3441.981          24.000    21902308.872    90902721.3910       2677.541          27.000  
R14  21316130.028   113626967.7021      -4063.313          27.000    21316139.973    88376475.3500      -3160.221          31.000  
R16  20314584.025   108516870.0350       2388.171          38.000    20314589.109    84402016.9720       1857.092          31.000  
R05  18678889.044    99849378.3470       1128.646          34.000    18678883.598    77660587.2050        878.078          30.000  
G26  19459708.236   102261482.0320      -1098.849          35.000    19459707.806    79684265.9300       -856.192          36.000  
G03  20180165.794   106047467.1620      -1151.971          31.000    20180172.522    82634408.4100       -897.778          32.000  
G32  23113135.888   121460294.9650      -3147.443          28.000    23113134.565    94644422.0241      -2452.910          19.000  
E07  25028736.963   131526899.5720      -1983.803          31.000    25028743.330   100780346.8320      -1520.226          32.000  
G31  20492492.279   107688770.0930      -2239.623          35.000    20492493.849    83913335.7870      -1744.499          33.000  
C20  24126928.813   125635233.1770       2442.708          39.000  
R15  18529355.954    99015279.7950      -1299.442          36.000    18529353.194    77011842.8600      -1010.555          36.000  
E30  26496782.857   139241533.5551      -2790.077          26.000    26496779.881   106691552.4121      -2139.268          25.000  
G04  21723980.908   114160252.9690       2327.309          36.000    21723981.864    88956031.8930       1812.989          31.000  
G28  22626135.102   118901141.8481      -2791.190          23.000    22626129.558    92650245.5750      -2176.722          27.000  
E33  27020563.312   141994018.4411      -2803.229          19.000                                                                  
E28  27210919.992   142994353.5220       1802.062          26.000                                                                  
E19  23810798.749   125126591.6931       1488.867          23.000    23810797.758    95876215.3180       1138.969          27.000  
E27  23398084.415   122957721.1100       -655.493          37.000    23398085.054    94214415.8060       -502.501          37.000  
E29  22848224.949   120068221.0020       -113.828          28.000    22848240.290    92000403.2060        -86.867          32.000  
> 2026  7 21  0 46 50.9980000  0 30                           
G29  24435426.679   128409033.8001       -842.935          17.000                                                                  
S35  37405534.083   196567413.5780       -416.993          33.000  
S33  37670934.395   197962091.5530       -415.886          33.000  
S31  36970584.816   194281720.7620       -413.878          39.000  
E21  24198625.819   127164703.3080       1958.303          32.000    24198633.764    97437882.5430       1500.542          38.000  
C41  23234131.919   120986215.5260      -3075.928          31.000  
C23  21259338.320   110702954.0860      -1541.952          30.000  
C25  23971406.020   124825397.3250      -3171.577          35.000  
C32  21110389.532   109927262.5010       -230.536          39.000  
C37  22178930.974   115491509.4430       1199.174          34.000  
R04  19520806.510   104532926.1480      -2512.088          34.000    19520791.784    81303417.2020      -1954.400          33.000  
R06  21895870.882   116840562.5011       3440.003          25.000    21895860.488    90875955.4250       2676.096          27.000  
R14  21323757.793   113667611.7200      -4065.238          28.000    21323763.366    88408086.1520      -3161.493          31.000  
R16  20310117.199   108493013.2590       2382.721          38.000    20310122.098    84383461.7120       1853.357          31.000  
R05  18676781.951    99838121.7870       1121.836          32.000    18676775.371    77651832.0680        873.001          31.000  
G26  19461805.844   102272503.6950      -1105.796          36.000    19461804.920    79692854.2090       -861.400          36.000  
G03  20182367.509   106059023.8400      -1159.106          33.000    20182371.079    82643436.5840       -903.497          30.000  
G32  23119121.447   121491778.2890      -3149.786          28.000    23119122.493    94668941.1371      -2465.294          20.000  
E07  25032514.153   131546741.2500      -1985.763          32.000    25032518.705   100795550.1680      -1521.103          31.000  
G31  20496755.082   107711171.7120      -2240.979          35.000    20496756.684    83930791.6570      -1746.629          33.000  
C20  24122238.199   125610810.9930       2441.313          38.000  
R15  18531792.485    99028302.9850      -1305.820          36.000    18531790.123    77021971.9960      -1015.417          36.000  
E30  26502096.752   139269458.2791      -2793.589          26.000    26502092.510   106712944.1441      -2138.751          25.000  
G04  21719552.321   114136983.4340       2326.719          36.000    21719553.348    88937899.7900       1812.999          32.000  
G28  22631452.395   118929084.4401      -2792.486          20.000    22631449.817    92672016.1090      -2177.221          27.000  
E33  27025901.386   142022069.6931      -2816.473          19.000                                                                  
E28  27207492.251   142976330.9890       1802.620          26.000                                                                  
E19  23807970.263   125111728.1581       1491.725          21.000    23807970.298    95864822.1410       1139.429          27.000  
E27  23399336.485   122964299.2870       -660.194          37.000    23399337.071    94219456.2070       -505.660          37.000  
E29  22848443.156   120069365.0520       -115.412          30.000    22848457.696    92001279.8430        -88.364          32.000  
> 2026  7 21  0 47  0.9980000  0 30                           
G29  24437048.389   128417555.3261       -858.077          19.000                                                                  
S35  37406328.850   196571587.0700       -416.813          33.000  
S33  37671724.625   197966244.0980       -415.386          33.000  
S31  36971372.894   194285861.8410       -414.330          39.000  
E21  24194901.040   127145134.7460       1955.616          32.000    24194909.929    97422888.4650       1498.190          38.000  
C41  23240041.657   121016984.6380      -3078.564          31.000  
C23  21262302.232   110718386.7750      -1543.631          30.000  
C25  23977496.728   124857112.4040      -3171.579          35.000  
C32  21110836.490   109929592.0500       -235.353          38.000  
C37  22176631.385   115479536.1600       1195.549          34.000  
R04  19525503.974   104558083.2810      -2519.310          33.000    19525489.766    81322983.8090      -1959.443          33.000  
R06  21889424.123   116806160.8471       3439.546          26.000    21889414.150    90849196.2370       2676.369          28.000  
R14  21331387.530   113708269.6310      -4066.498          27.000    21331389.455    88439709.0390      -3163.391          30.000  
R16  20305659.984   108469210.6980       2377.332          38.000    20305665.996    84364948.6320       1849.396          31.000  
R05  18674686.330    99826926.8110       1116.205          31.000    18674681.826    77643124.8210        868.958          32.000  
G26  19463916.288   102283589.9130      -1111.531          36.000    19463914.409    79701492.8060       -865.877          36.000  
G03  20184581.816   106070649.8930      -1166.254          34.000    20184582.079    82652491.8140       -908.225          29.000  
G32  23125116.291   121523287.6890      -3151.917          28.000    23125122.497    94693510.5811      -2454.634          20.000  
E07  25036292.930   131566601.3980      -1986.185          31.000    25036297.866   100810767.7500      -1522.887          30.000  
G31  20501021.618   107733592.0150      -2242.780          34.000    20501023.461    83948262.0180      -1748.092          33.000  
C20  24117551.547   125586406.8970       2439.593          38.000  
R15  18534242.008    99041393.5120      -1311.736          36.000    18534240.630    77032153.5470      -1021.313          36.000  
E30  26507412.606   139297392.4720      -2795.308          26.000    26507409.850   106734354.4871      -2142.469          25.000  
G04  21715126.088   114113724.9930       2325.452          36.000    21715127.348    88919776.3140       1811.749          32.000  
G28  22636762.548   118956989.5641      -2798.332          20.000    22636769.138    92693789.2650      -2176.730          27.000  
E33  27031239.719   142050123.0581      -2797.848          18.000                                                                  
E28  27204061.002   142958304.5121       1803.262          25.000                                                                  
E19  23805139.207   125096850.4801       1484.975          21.000    23805140.817    95853430.7240       1139.129          27.000  
E27  23400597.360   122970923.9000       -664.882          37.000    23400597.691    94224532.2160       -509.160          36.000  
E29  22848666.204   120070528.0070       -117.615          31.000    22848679.077    92002170.9250        -89.750          32.000  
> 2026  7 21  0 47 10.9980000  0 30                           
G29  24438682.706   128426144.0071       -858.577          20.000                                                                  
S35  37407122.269   196575759.3600       -416.861          33.000  
S33  37672514.798   197970396.3170       -414.716          33.000  
S31  36972160.768   194290002.4240       -414.105          39.000  
E21  24191181.825   127125594.4530       1953.075          31.000    24191191.668    97407916.0320       1496.309          38.000  
C41  23245956.691   121047783.9950      -3081.323          32.000  
C23  21265272.034   110733850.4030      -1547.225          31.000  
C25  23983587.904   124888829.9950      -3172.437          35.000  
C32  21111293.025   109931971.5000       -240.436          36.000  
C37  22174338.706   115467596.7720       1192.382          35.000  
R04  19530213.746   104583303.3720      -2525.737          32.000    19530199.842    81342599.3550      -1963.388          33.000  
R06  21882980.533   116771772.6220       3439.380          27.000    21882973.333    90822442.9260       2675.010          29.000  
R14  21339018.362   113748941.3760      -4067.788          27.000    21339018.663    88471342.5920      -3163.707          30.000  
R16  20301212.654   108445460.5850       2372.858          38.000    20301219.878    84346476.3470       1845.490          31.000  
R05  18672602.078    99815792.0560       1110.258          32.000    18672599.106    77634464.4720        863.877          32.000  
G26  19466037.769   102294739.1540      -1118.150          36.000    19466036.258    79710180.5000       -870.764          35.000  
G03  20186808.828   106082343.8360      -1173.279          34.000    20186806.294    82661603.9820       -913.624          28.000  
G32  23131114.062   121554821.6300      -3154.138          27.000    23131123.327    94718082.5341      -2461.798          20.000  
E07  25040074.810   131586478.6330      -1988.720          31.000    25040080.308   100825998.2090      -1522.632          30.000  
G31  20505290.994   107756029.3920      -2244.396          34.000    20505293.213    83965745.6950      -1749.097          33.000  
C20  24112867.689   125562019.4830       2438.032          38.000  
R15  18536703.795    99054549.9160      -1318.281          35.000    18536703.147    77042386.2860      -1025.925          36.000  
E30  26512733.354   139325356.2400      -2797.444          26.000    26512731.377   106755782.3011      -2143.129          26.000  
G04  21710701.537   114090476.1750       2324.472          35.000    21710703.273    88901660.3450       1811.797          33.000  
G28  22642081.187   118984939.1911      -2780.133          19.000    22642086.363    92715564.0460      -2177.495          27.000  
E33  27036579.140   142078181.7721      -2810.334          19.000                                                                  
E28  27200630.512   142940277.5041       1805.731          25.000                                                                  
E19  23802309.946   125081982.7471       1490.023          20.000    23802311.366    95842039.8820       1139.122          27.000  
E27  23401866.052   122977593.3920       -668.625          36.000    23401866.927    94229642.6220       -512.623          36.000  
E29  22848891.677   120071708.2450       -118.714          32.000    22848903.407    92003075.3200        -91.713          32.000  
> 2026  7 21  0 47 20.9980000  0 30                           
G29  24440329.226   128434796.8751       -858.765          22.000                                                                  
S35  37407915.536   196579931.0420       -416.709          34.000  
S33  37673304.604   197974546.9510       -415.050          34.000  
S31  36972948.603   194294141.5790       -413.827          39.000  
E21  24187464.482   127106081.7810       1950.125          30.000    24187478.263    97392964.7890       1493.566          38.000  
C41  23251877.486   121078612.8150      -3084.943          33.000  
C23  21268248.111   110749344.2220      -1551.418          31.000  
C25  23989679.285   124920549.3060      -3172.140          34.000  
C32  21111758.410   109934400.1500       -244.620          34.000  
C37  22172052.276   115455690.6370       1188.608          35.000  
R04  19534934.883   104608585.8080      -2531.895          31.000    19534921.798    81362263.4910      -1968.773          33.000  
R06  21876536.437   116737382.2470       3438.539          28.000    21876526.843    90795694.8520       2674.652          29.000  
R14  21346652.784   113789626.1240      -4069.104          26.000    21346650.547    88502986.2690      -3165.242          30.000  
R16  20296775.611   108421762.2070       2367.120          38.000    20296783.416    84328044.2740       1841.504          31.000  
R05  18670529.981    99804716.8830       1104.571          33.000    18670527.428    77625850.4520        859.270          32.000  
G26  19468170.578   102305950.6820      -1124.742          36.000    19468169.901    79718916.7760       -876.536          35.000  
G03  20189047.919   106094104.9140      -1179.700          35.000    20189042.800    82670768.4520       -919.133          27.000  
G32  23137109.347   121586379.3840      -3157.343          25.000    23137127.942    94742670.6481      -2465.029          19.000  
E07  25043861.720   131606372.1540      -1990.738          31.000    25043865.950   100841241.3300      -1524.909          30.000  
G31  20509564.009   107778483.1620      -2246.422          35.000    20509565.781    83983242.1320      -1750.348          33.000  
C20  24108187.740   125537648.1710       2435.861          38.000  
R15  18539177.433    99067771.2320      -1326.207          35.000    18539177.047    77052669.4910      -1030.639          36.000  
E30  26518054.198   139353341.9650      -2799.424          26.000    26518056.431   106777223.8961      -2145.736          26.000  
G04  21706279.122   114067236.3950       2322.848          35.000    21706280.430    88883551.4370       1810.434          33.000  
G28  22647393.427   119012855.4741      -2796.453          17.000    22647403.698    92737339.7350      -2177.597          27.000  
E33  27041924.873   142106274.1561      -2812.198          19.000                                                                  
E28  27197195.580   142922227.3311       1805.347          23.000                                                                  
E19  23799489.774   125067162.1241       1483.672          22.000    23799484.441    95830649.1080       1139.414          27.000  
E27  23403143.350   122984307.1650       -673.961          36.000    23403144.866    94234786.9120       -516.269          36.000  
E29  22849120.411   120072905.2220       -120.776          33.000    22849130.729    92003992.4270        -92.148          32.000  
> 2026  7 21  0 47 30.9980000  0 30                           
G29  24441989.188   128443519.8641       -870.821          23.000                                                                  
S35  37408710.605   196584108.6330       -417.171          34.000  
S33  37674095.590   197978703.9050       -415.672          33.000  
S31  36973737.533   194298287.2550       -414.846          39.000  
E21  24183754.392   127086604.4230       1946.106          29.000    24183771.823    97378040.5360       1491.371          38.000  
C41  23257805.269   121109478.5830      -3088.074          33.000  
C23  21271231.359   110764875.6650      -1555.279          32.000  
C25  23995772.107   124952277.8540      -3172.503          34.000  
C32  21112234.094   109936885.6140       -250.535          30.000  
C37  22169773.758   115443825.2200       1184.922          36.000  
R04  19539669.609   104633938.3300      -2538.481          30.000    19539657.315    81381982.1580      -1974.622          33.000  
R06  21870094.437   116703006.5120       3436.946          28.000    21870082.914    90768958.2740       2673.106          30.000  
R14  21354282.636   113830331.3620      -4071.667          24.000    21354282.753    88534727.9090      -3166.856          30.000  
R16  20292349.648   108398123.6340       2361.426          38.000    20292358.194    84309658.7520       1836.871          31.000  
R05  18668471.152    99793709.1190       1097.269          33.000    18668468.196    77617288.8950        853.289          32.000  
G26  19470316.655   102317232.0620      -1131.647          35.000    19470316.454    79727707.4480       -881.386          35.000  
G03  20191301.339   106105940.7160      -1186.902          34.000    20191291.628    82679963.0991       -923.859          25.000  
G32  23143123.378   121617968.5300      -3160.309          25.000    23143142.544    94767299.4201      -2465.625          18.000  
E07  25047652.000   131626289.6320      -1992.382          32.000    25047656.181   100856502.8140      -1527.488          30.000  
G31  20513841.381   107800960.9980      -2248.667          36.000    20513843.609    84000757.3440      -1752.812          33.000  
C20  24103512.007   125513300.5340       2433.799          38.000  
R15  18541664.225    99081064.9800      -1332.678          34.000    18541664.698    77063009.0970      -1036.918          36.000  
E30  26523384.828   139381357.2870      -2803.227          25.000    26523388.438   106798694.1141      -2147.628          25.000  
G04  21701859.817   114044013.2350       2321.609          35.000    21701861.065    88865455.5100       1808.922          33.000  
G28  22652712.718   119040808.5211      -2801.323          17.000    22652722.315    92759122.3520      -2178.444          27.000  
E33  27047267.281   142134347.9841      -2824.697          17.000                                                                  
E28  27193764.536   142904196.5561       1804.505          23.000                                                                  
E19  23796655.364   125052267.6681       1482.894          21.000    23796656.076    95819264.4070       1138.184          27.000  
E27  23404430.827   122991072.6700       -679.056          36.000    23404431.991    94239970.8840       -520.009          35.000  
E29  22849354.059   120074126.5110       -123.190          34.000    22849362.566    92004928.2700        -94.509          31.000  
> 2026  7 21  0 47 40.9980000  0 29                           
G29  24443648.891   128452241.4901       -876.089          22.000                                                                  
S35  37409505.836   196588286.3520       -417.124          34.000  
S33  37674886.907   197982860.3630       -415.746          34.000  
S31  36974526.366   194302432.6790       -414.643          39.000  
E21  24180050.317   127067155.6910       1943.088          29.000    24180070.882    97363138.2620       1489.156          38.000  
C41  23263739.215   121140374.6960      -3091.510          34.000  
C23  21274220.018   110780438.0140      -1558.299          32.000  
C25  24001865.546   124984009.0280      -3173.834          33.000  
C32  21112717.737   109939421.3580       -256.807          28.000  
C37  22167501.998   115431993.9570       1181.130          36.000  
R04  19544415.743   104659353.9240      -2544.531          28.000    19544404.171    81401749.7980      -1978.777          34.000  
R06  21863649.418   116668638.7700       3436.410          27.000    21863642.348    90742227.8280       2672.864          29.000  
R14  21361908.709   113870993.1981      -4073.089          24.000    21361921.189    88566398.1370      -3167.688          29.000  
R16  20287933.930   108374538.1980       2355.731          39.000    20287943.426    84291314.5400       1832.160          31.000  
R05  18666423.317    99782761.8050       1091.326          33.000    18666420.534    77608774.3060        848.635          32.000  
G26  19472474.164   102328576.5360      -1138.077          34.000    19472475.168    79736547.2640       -886.667          34.000  
G03  20193566.702   106117844.4870      -1193.542          34.000    20193554.492    82689229.6421       -931.339          25.000  
G32  23149140.586   121649582.3360      -3162.787          26.000    23149155.901    94791922.8481      -2466.694          19.000  
E07  25051444.900   131646224.3510      -1993.969          32.000    25051449.812   100871777.4190      -1528.110          30.000  
G31  20518122.598   107823456.0210      -2250.094          37.000    20518124.604    84018285.9180      -1753.732          32.000  
C20  24098839.914   125488970.0310       2431.878          38.000  
R15  18544163.791    99094424.4140      -1338.826          33.000    18544164.304    77073399.7470      -1041.810          35.000  
E30  26528718.890   139409358.2801      -2804.735          25.000    26528723.858   106820177.7901      -2148.368          25.000  
G04  21697442.042   114020800.1420       2320.729          36.000    21697443.480    88847367.3810       1808.087          34.000  
G28  22658038.082   119068793.7461      -2801.854          18.000    22658042.004    92780906.6320      -2178.418          27.000  
E33  27052608.477   142162416.9261      -2806.472          18.000                                                                  
E19  23793824.313   125037390.0991       1496.454          22.000    23793830.266    95807880.3630       1138.684          27.000  
E27  23405726.653   122997883.2840       -683.312          35.000    23405728.198    94245189.4140       -523.652          35.000  
E29  22849590.555   120075365.4870       -124.872          34.000    22849598.047    92005877.6120        -95.627          31.000  
> 2026  7 21  0 47 50.9980000  0 29                           
G29  24445325.611   128461052.6031       -881.745          22.000                                                                  
S35  37410301.264   196592463.3560       -417.583          34.000  
S33  37675677.808   197987017.5300       -416.018          33.000  
S31  36975315.009   194306577.7330       -414.777          39.000  
E21  24176355.634   127047735.7230       1940.187          29.000    24176375.511    97348257.9990       1486.906          38.000  
C41  23269678.807   121171301.0800      -3094.672          34.000  
C23  21277215.103   110796031.2160      -1560.823          33.000  
C25  24007959.651   125015742.7060      -3174.054          33.000  
C32  21113191.150   109941926.5951       -259.446          23.000  
C37  22165236.013   115420196.8900       1177.987          36.000  
R04  19549172.940   104684832.6780      -2551.185          25.000    19549162.791    81421566.6470      -1984.271          34.000  
R06  21857206.376   116634279.0980       3435.966          27.000    21857203.509    90715503.7490       2672.243          29.000  
R14  21369545.191   113911700.2131      -4074.221          25.000    21369561.612    88598079.0100      -3169.591          28.000  
R16  20283528.793   108351005.7190       2350.574          39.000    20283538.166    84273011.5400       1827.594          30.000  
R05  18664386.599    99771875.3880       1085.307          33.000    18664383.907    77600307.0680        844.146          32.000  
G26  19474643.956   102339984.0780      -1144.168          35.000    19474645.768    79745436.2730       -891.344          34.000  
G03  20195844.755   106129816.2920      -1200.696          34.000    20195834.652    82698566.4061       -935.530          25.000  
G32  23155163.179   121681204.3050      -3164.819          25.000    23155174.918    94816570.0171      -2466.830          17.000  
E07  25055241.937   131666176.4950      -1996.284          32.000    25055246.574   100887065.3850      -1529.513          30.000  
G31  20522407.242   107845968.3610      -2252.225          38.000    20522408.635    84035827.9980      -1754.803          32.000  
C20  24094170.518   125464656.7980       2430.000          38.000  
R15  18546676.053    99107849.4270      -1346.112          32.000    18546676.088    77083841.3930      -1047.147          34.000  
E30  26534058.692   139437419.0491      -2807.425          26.000    26534064.572   106841681.9781      -2151.840          24.000  
G04  21693026.281   113997597.2140       2319.692          35.000    21693028.325    88829287.1840       1807.839          34.000  
G28  22663356.951   119096744.6111      -2792.977          20.000    22663362.233    92802692.6460      -2179.198          26.000  
E33  27057955.231   142190513.7041      -2800.859          19.000                                                                  
E19  23790994.999   125022522.3321       1485.695          24.000    23791002.236    95796497.2610       1138.616          27.000  
E27  23407030.902   123004739.0150       -687.846          34.000    23407032.935    94250442.5100       -527.513          34.000  
E29  22849829.603   120076622.2200       -126.329          34.000    22849836.477    92006840.5690        -96.388          31.000  
> 2026  7 21  0 48  0.9980000  0 30                           
G29  24447002.704   128469866.1281       -888.506          20.000                                                                  
S35  37411096.284   196596640.2060       -417.680          34.000  
S33  37676468.868   197991172.9970       -415.043          33.000  
S31  36976103.622   194310721.9220       -414.094          39.000  
E21  24172668.683   127028344.1800       1938.158          30.000    24172685.145    97333399.5500       1484.884          38.000  
C41  23275623.922   121202257.3760      -3097.284          34.000  
C23  21280215.478   110811655.0180      -1563.643          33.000  
C25  24014054.239   125047478.6090      -3173.611          32.000  
C32  21113694.754   109944548.3451       -272.440          19.000  
C37  22162976.918   115408433.6840       1174.413          37.000  
R04  19553931.279   104710413.9171      -2552.926          22.000    19553934.223    81441432.3540      -1988.836          34.000  
R06  21850772.423   116599927.4870       3434.365          27.000    21850766.421    90688785.8190       2671.445          29.000  
R14  21377190.718   113952455.0041      -4074.391          26.000    21377204.593    88629770.1410      -3170.181          28.000  
R16  20279133.435   108327526.0860       2345.551          38.000    20279142.841    84254749.5990       1823.882          30.000  
R05  18662360.950    99761049.8800       1079.213          32.000    18662358.387    77591887.2250        840.080          32.000  
G26  19476825.840   102351454.3330      -1149.865          35.000    19476828.468    79754374.1650       -896.156          33.000  
G03  20198135.145   106141855.6840      -1207.086          35.000    20198124.653    82707943.7361       -940.003          24.000  
G32  23161181.016   121712827.6251      -3168.162          25.000    23161195.916    94841224.6121      -2458.925          17.000  
E07  25059042.904   131686145.5910      -1997.495          32.000    25059046.703   100902366.3590      -1531.000          30.000  
G31  20526695.246   107868497.5890      -2253.969          39.000    20526694.882    84053383.2290      -1756.277          32.000  
C20  24089504.418   125440360.5890       2428.833          38.000  
R15  18549200.547    99121339.6970      -1351.656          32.000    18549199.715    77094333.8020      -1051.193          33.000  
E30  26539407.168   139465525.2491      -2809.084          26.000    26539408.203   106863199.0971      -2153.111          23.000  
G04  21688612.078   113974404.1940       2319.337          36.000    21688615.120    88811214.7340       1807.362          35.000  
G16  19517512.931   102565221.7911       1489.191          26.000                                                                  
G28  22668687.003   119124754.2031      -2795.774          23.000    22668681.077    92824459.1011      -2179.488          25.000  
E33  27063296.280   142218581.7871      -2807.562          18.000                                                                  
E19  23788167.134   125007661.3041       1486.135          26.000    23788176.204    95785114.8330       1138.182          27.000  
E27  23408343.697   123011639.4830       -691.822          33.000    23408345.879    94255729.8610       -529.915          34.000  
E29  22850071.384   120077896.4350       -128.125          34.000    22850077.990    92007816.9220        -97.644          30.000  
> 2026  7 21  0 48 10.9980000  0 30                           
G29  24448693.052   128478749.0981       -893.856          20.000                                                                  
S35  37411890.756   196600815.1180       -417.988          34.000  
S33  37677259.133   197995327.1100       -415.529          33.000  
S31  36976892.266   194314865.1410       -414.417          39.000  
E21  24168989.383   127008980.3030       1935.133          31.000    24169000.019    97318562.2910       1482.094          38.000  
C41  23281574.804   121233242.6820      -3100.812          34.000  
C23  21283221.575   110827308.4770      -1566.826          32.000  
C25  24020149.090   125079215.7820      -3174.208          32.000  
C32  21114218.809   109947278.0251       -274.924          20.000  
C37  22160724.074   115396703.4180       1171.301          37.000  
R04  19558702.433   104735962.9741      -2554.428          22.000    19558716.433    81461346.1400      -1994.146          33.000  
R06  21844335.611   116565582.9880       3433.419          27.000    21844330.435    90662073.4760       2671.263          29.000  
R14  21384834.620   113993213.4020      -4076.384          28.000    21384850.280    88661470.7140      -3170.375          27.000  
R16  20274747.887   108304098.2800       2339.996          39.000    20274757.205    84236527.9600       1820.008          29.000  
R05  18660346.271    99750284.1500       1073.031          31.000    18660344.628    77583513.8750        835.213          32.000  
G26  19479020.553   102362986.4050      -1156.579          35.000    19479022.864    79763360.1650       -901.016          33.000  
G03  20200438.328   106153961.7730      -1213.812          34.000    20200430.281    82717385.0801       -946.139          24.000  
G32  23167215.408   121744537.9141      -3170.448          25.000    23167228.705    94865928.6121      -2476.341          18.000  
E07  25062845.733   131706130.8200      -1999.476          32.000    25062849.761   100917679.7030      -1532.490          30.000  
G31  20530986.075   107891042.7320      -2255.557          39.000    20530984.990    84070950.8660      -1758.027          32.000  
C20  24084841.186   125416080.6320       2426.388          37.000  
R15  18551736.841    99134894.0550      -1358.250          32.000    18551736.015    77104876.1060      -1057.256          32.000  
E30  26544750.340   139493603.8401      -2811.608          25.000    26544756.183   106884733.1471      -2154.771          22.000  
G04  21684200.791   113951220.2920       2317.565          37.000    21684203.154    88793149.3470       1806.052          35.000  
G16  19514692.033   102550361.3020       1482.597          29.000                                                                  
G28  22674020.023   119152778.7251      -2797.818          26.000    22673995.532    92846221.1701      -2180.253          24.000  
E33  27068644.187   142246684.5061      -2810.620          19.000                                                                  
E19  23785339.352   124992801.2591       1486.959          27.000    23785349.310    95773732.3310       1139.004          27.000  
E27  23409665.096   123018583.8990       -697.294          33.000    23409667.310    94261050.8670       -533.568          33.000  
E29  22850317.111   120079187.2500       -129.741          34.000    22850322.853    92008806.0790       -100.386          30.000  
> 2026  7 21  0 48 20.9980000  0 30                           
G29  24450393.731   128487685.5411       -901.811          18.000                                                                  
S35  37412685.586   196604992.0090       -418.031          34.000  
S33  37678049.898   197999483.0020       -415.732          33.000  
S31  36977680.831   194319009.7950       -414.767          39.000  
E21  24165318.270   126989647.3370       1931.543          32.000    24165321.136    97303748.6940       1480.308          38.000  
C41  23287531.515   121264260.1120      -3103.229          34.000  
C23  21286233.551   110842994.6860      -1569.901          32.000  
C25  24026244.777   125110957.3640      -3174.822          31.000  
C32  21114757.357   109950081.5371       -277.297          22.000  
C37  22158478.864   115385009.3860       1167.638          37.000  
R04  19563497.364   104761639.5531      -2570.448          25.000    19563510.280    81481310.6110      -1999.077          33.000  
R06  21837900.431   116531249.0200       3432.715          27.000    21837896.628    90635369.4530       2669.832          29.000  
R14  21392484.666   114033986.6650      -4077.967          28.000    21392498.470    88693183.1600      -3171.523          26.000  
R16  20270373.249   108280725.5070       2334.448          39.000    20270381.859    84218349.2080       1815.105          28.000  
R05  18658342.902    99739581.4260       1067.917          32.000    18658343.042    77575189.6610        829.661          32.000  
G26  19481227.631   102374583.4160      -1162.803          36.000    19481229.758    79772396.7920       -906.380          33.000  
G03  20202754.208   106166137.7840      -1221.570          34.000    20202743.285    82726855.9141       -952.716          23.000  
G32  23173247.980   121776239.7751      -3171.728          25.000    23173262.588    94890635.5421      -2459.733          17.000  
E07  25066650.701   131726135.4480      -2001.318          32.000    25066656.897   100933007.9060      -1534.130          30.000  
G31  20535279.992   107913606.9920      -2257.198          39.000    20535278.173    84088533.4280      -1758.856          31.000  
C20  24080182.459   125391820.1140       2425.103          37.000  
R15  18554286.776    99148515.7730      -1365.641          33.000    18554283.719    77115470.7280      -1061.680          31.000  
E30  26550104.791   139521741.9761      -2814.184          26.000    26550109.682   106906289.3191      -2161.353          20.000  
G04  21679791.796   113928048.7240       2316.859          37.000    21679793.318    88775093.6120       1805.086          35.000  
G16  19511872.128   102535563.8200       1476.658          29.000                                                                  
G28  22679336.850   119180749.1280      -2796.429          26.000    22679319.827    92868022.6101      -2178.743          24.000  
E33  27073991.077   142274783.1361      -2809.930          19.000                                                                  
E19  23782512.163   124977945.8390       1485.439          27.000    23782522.599    95762352.4540       1138.211          27.000  
E27  23410995.624   123025575.2780       -700.951          32.000    23410997.673    94266407.9400       -537.225          33.000  
E29  22850564.918   120080497.9510       -131.985          34.000    22850571.696    92009810.3290       -100.954          29.000  
> 2026  7 21  0 48 30.9980000  0 30                           
G29  24452109.112   128496699.9201       -900.515          14.000                                                                  
S35  37413480.799   196609170.3250       -418.413          34.000  
S33  37678841.081   198003640.5080       -416.013          33.000  
S31  36978469.584   194323155.6730       -414.822          39.000  
E21  24161651.248   126970345.3280       1928.772          32.000    24161648.020    97288958.8650       1477.724          38.000  
C41  23293494.064   121295309.6800      -3106.732          34.000  
C23  21289251.850   110858713.6390      -1573.561          32.000  
C25  24032340.853   125142703.2750      -3174.424          31.000  
C32  21115303.903   109952927.8761       -281.458          25.000  
C37  22156239.924   115373351.5460       1164.211          38.000  
R04  19568313.021   104787426.8991      -2576.916          26.000    19568315.864    81501325.8780      -2004.763          32.000  
R06  21831461.617   116496925.8580       3431.714          26.000    21831464.082    90608673.7010       2668.955          29.000  
R14  21400141.939   114074775.0500      -4079.476          30.000    21400147.880    88724868.0721      -3171.536          24.000  
R16  20266009.178   108257408.2130       2329.083          39.000    20266017.101    84200213.5160       1811.479          27.000  
R05  18656351.786    99728942.3720       1060.310          31.000    18656353.324    77566914.8180        824.659          32.000  
G26  19483447.132   102386245.3570      -1169.197          37.000    19483449.151    79781484.0040       -910.959          32.000  
G03  20205083.727   106178383.6180      -1227.478          33.000    20205071.096    82736387.8241       -954.230          23.000  
G32  23179288.722   121807983.8251      -3175.403          25.000    23179302.809    94915370.1561      -2478.079          18.000  
E07  25070460.880   131746159.5470      -2003.380          32.000    25070467.298   100948350.9370      -1534.374          30.000  
G31  20539577.808   107936190.3910      -2259.578          39.000    20539575.384    84106130.8680      -1761.090          31.000  
C20  24075526.687   125367579.2480       2423.061          37.000  
R15  18556849.382    99162204.8670      -1372.549          34.000    18556844.895    77126117.8480      -1067.368          31.000  
E30  26555462.199   139549895.7061      -2815.253          26.000    26555463.522   106927847.2071      -2153.260          19.000  
G04  21675384.512   113904889.6760       2315.255          37.000    21675386.242    88757047.5820       1804.221          35.000  
G16  19509077.673   102520831.8050       1469.850          27.000                                                                  
G28  22684658.951   119208718.9350      -2796.953          26.000    22684641.434    92889814.2731      -2178.888          23.000  
E33  27079331.648   142302847.7201      -2801.970          18.000                                                                  
E19  23779686.892   124963097.3710       1484.555          27.000    23779696.889    95750975.0540       1137.554          27.000  
E27  23412334.485   123032613.8010       -705.961          31.000    23412336.744    94271801.1300       -541.585          32.000  
E29  22850816.868   120081828.5960       -133.724          33.000    22850823.535    92010829.9540       -102.410          29.000  
> 2026  7 21  0 48 40.9980000  0 30                           
G29  24453833.807   128505763.7461       -912.911          13.000                                                                  
S35  37414275.814   196613349.5030       -418.237          33.000  
S33  37679632.560   198007798.7770       -415.784          33.000  
S31  36979258.814   194327303.2930       -414.560          39.000  
E21  24157985.885   126951073.2940       1925.723          32.000    24157980.377    97274191.9840       1475.571          38.000  
C41  23299463.188   121326390.2000      -3109.253          34.000  
C23  21292276.537   110874464.1750      -1576.410          31.000  
C25  24038437.901   125174452.5140      -3175.412          30.000  
C32  21115858.671   109955815.0290       -286.582          27.000  
C37  22154008.119   115361728.8510       1160.242          38.000  
R04  19573137.930   104813237.1110      -2583.338          27.000    19573133.147    81521390.8310      -2008.446          32.000  
R06  21825030.096   116462542.2891       3431.408          26.000    21825034.481    90581985.4540       2668.566          29.000  
R14  21407797.930   114115577.4250      -4081.779          31.000    21407802.825    88756605.2701      -3174.125          24.000  
R16  20261654.869   108234145.2780       2323.535          39.000    20261662.386    84182120.0930       1807.421          25.000  
R05  18654372.055    99718365.7190       1055.032          31.000    18654374.657    77558688.5680        820.207          32.000  
G26  19485678.464   102397971.0720      -1176.027          38.000    19485680.721    79790620.9260       -916.241          32.000  
G03  20207426.078   106190698.2610      -1235.083          34.000    20207412.396    82745975.2341       -960.188          22.000  
G32  23185332.632   121839744.8671      -3177.229          25.000    23185346.628    94940118.2931      -2478.447          17.000  
E07  25074275.307   131766201.9480      -2005.358          32.000    25074281.358   100963708.0930      -1536.253          30.000  
G31  20543879.267   107958791.6910      -2261.031          40.000    20543875.876    84123742.2420      -1761.835          31.000  
C20  24070874.689   125343356.9440       2421.660          37.000  
R15  18559424.841    99175960.0010      -1378.806          34.000    18559418.720    77136816.2710      -1072.243          30.000  
E30  26560822.683   139578064.8591      -2819.228          26.000    26560825.900   106949439.3201      -2157.755          19.000  
G04  21670979.599   113881742.0280       2314.291          37.000    21670981.506    88739010.4670       1803.340          36.000  
G16  19506283.383   102506210.1011       1464.629          24.000                                                                  
G28  22689986.321   119236691.8460      -2797.537          27.000    22689962.369    92911602.2081      -2180.289          24.000  
E33  27084676.553   142330935.5331      -2806.948          19.000                                                                  
E19  23776861.352   124948250.9880       1485.107          28.000    23776870.758    95739599.2810       1137.535          26.000  
E27  23413681.055   123039698.3080       -710.185          30.000    23413684.930    94277229.4920       -544.592          31.000  
E29  22851074.036   120083178.1320       -136.014          33.000    22851079.420    92011863.9950       -103.630          28.000  
> 2026  7 21  0 48 50.9980000  0 29                           
S35  37415070.516   196617525.1980       -416.762          33.000  
S33  37680423.180   198011954.1020       -414.692          33.000  
S31  36980047.265   194331446.1110       -413.892          39.000  
E21  24154325.939   126931827.3530       1923.346          32.000    24154318.117    97259445.1110       1473.574          38.000  
C41  23305437.426   121357497.8640      -3112.342          34.000  
C23  21295305.314   110890242.4290      -1578.947          31.000  
C25  24044534.498   125206201.0970      -3174.797          30.000  
C32  21116408.627   109958703.9780       -291.313          27.000  
C37  22151782.487   115350137.4460       1157.736          38.000  
R04  19577965.524   104839094.9320      -2588.439          27.000    19577960.944    81541502.4970      -2013.381          31.000  
R06  21818603.988   116428243.5990       3430.680          28.000    21818605.370    90555301.8410       2667.404          28.000  
R14  21415455.168   114156389.5450      -4080.877          32.000    21415459.890    88788351.5351      -3173.832          25.000  
R16  20257309.987   108210932.6560       2318.799          38.000    20257316.889    84164072.3181       1804.415          23.000  
R05  18652405.350    99707847.7050       1048.837          32.000    18652407.952    77550507.8820        816.073          31.000  
G26  19487921.870   102409756.6260      -1181.051          38.000    19487923.735    79799804.5010       -920.849          32.000  
G03  20209782.591   106203077.6830      -1240.912          34.000    20209769.896    82755628.9231       -969.656          23.000  
G32  23191380.247   121871525.5641      -3179.240          24.000    23191392.329    94964874.2221      -2483.897          17.000  
E07  25078091.017   131786258.7790      -2005.826          31.000    25078098.492   100979076.3140      -1536.973          30.000  
G31  20548183.513   107981407.1360      -2262.194          40.000    20548180.395    84141364.6130      -1762.953          32.000  
C20  24066225.824   125319149.5240       2419.895          37.000  
R15  18562011.505    99189777.2260      -1384.427          34.000    18562004.513    77147563.0550      -1077.346          31.000  
E30  26566189.065   139606265.3921      -2820.898          25.000    26566191.734   106971045.1371      -2171.905          19.000  
G04  21666575.552   113858602.0170       2313.949          37.000    21666578.128    88720979.3130       1803.077          36.000  
G16  19503508.135   102491626.6101       1449.319          16.000                                                                  
G28  22695297.985   119264595.4331      -2796.551          24.000    22695285.419    92933399.5731      -2180.205          24.000  
E33  27090026.978   142359051.6271      -2808.171          20.000                                                                  
E19  23774035.611   124933403.2390       1485.331          29.000    23774044.874    95728222.4780       1137.528          26.000  
E27  23415039.098   123046824.9090       -715.186          30.000    23415040.974    94282690.0960       -547.714          30.000  
E29  22851333.771   120084542.7200       -137.031          33.000    22851338.130    92012909.6360       -105.228          28.000  
> 2026  7 21  0 49  0.9980000  0 30                           
S35  37415865.150   196621700.8110       -417.512          34.000  
S33  37681214.004   198016108.8920       -415.580          33.000  
S31  36980835.901   194335590.3520       -414.558          39.000  
E21  24150671.424   126912610.6150       1919.918          32.000    24150661.212    97244720.6100       1471.100          37.000  
C41  23311416.892   121388635.5000      -3115.381          35.000  
C23  21298340.615   110906051.2790      -1582.354          31.000  
C25  24050631.784   125237951.9420      -3175.555          30.000  
C32  21116974.488   109961643.4700       -296.592          27.000  
C37  22149563.096   115338580.3210       1153.565          37.000  
R04  19582806.023   104865016.1100      -2595.695          27.000    19582801.233    81561663.3950      -2018.927          31.000  
R06  21812180.357   116393945.0170       3429.324          28.000    21812178.133    90528625.0910       2667.271          27.000  
R14  21423114.584   114197214.6350      -4083.481          32.000    21423119.701    88820108.3871      -3177.091          25.000  
R16  20252974.682   108187773.4720       2313.232          37.000    20252989.411    84146093.1111       1787.602          19.000  
R05  18650449.451    99697391.4520       1042.003          32.000    18650451.899    77542375.2180        810.773          31.000  
G26  19490176.833   102421605.0200      -1188.485          39.000    19490178.797    79809037.0000       -925.660          31.000  
G03  20212151.294   106215524.8970      -1248.529          35.000    20212140.134    82765334.4771       -970.435          23.000  
G32  23197432.987   121903332.2661      -3184.184          25.000    23197440.768    94989641.8791      -2469.346          14.000  
E07  25081910.340   131806333.1670      -2008.748          31.000    25081918.782   100994457.9180      -1538.590          31.000  
G31  20552490.626   108004039.5920      -2264.307          39.000    20552487.691    84159000.3090      -1764.754          31.000  
C20  24061580.451   125294959.9500       2417.965          37.000  
R15  18564610.286    99203659.6140      -1391.549          34.000    18564604.107    77158360.4460      -1082.434          32.000  
E30  26571561.213   139634496.3661      -2823.660          26.000    26571562.084   106992668.7771      -2152.961          19.000  
G04  21662173.974   113835472.7380       2312.034          38.000    21662176.759    88702956.5320       1801.195          36.000  
G16  19500730.015   102477027.8341       1454.651          18.000                                                                  
G28  22700625.304   119292590.7121      -2795.645          25.000    22700612.520    92955212.6591      -2178.749          25.000  
E33  27095380.147   142387183.2191      -2817.454          19.000                                                                  
E19  23771206.620   124918556.8560       1484.169          29.000    23771220.109    95716846.5950       1137.246          26.000  
G09  24359290.442   128008934.9211       2894.179          20.000                                                                  
E27  23416407.905   123053996.5560       -719.548          29.000    23416406.306    94288185.2560       -552.553          30.000  
E29  22851597.310   120085925.3590       -139.096          33.000    22851600.378    92013969.0680       -106.755          28.000  
> 2026  7 21  0 49 10.9980000  0 29                           
S35  37416660.086   196625877.4330       -417.255          34.000  
S33  37682004.976   198020264.9840       -416.331          33.000  
S31  36981624.625   194339734.1240       -414.701          39.000  
E21  24147021.152   126893424.3940       1917.184          31.000    24147010.225    97230019.4940       1468.819          38.000  
C41  23317403.376   121419804.4140      -3118.439          34.000  
C23  21301381.774   110921891.9700      -1585.496          29.000  
C25  24056729.959   125269706.3580      -3176.054          29.000  
C32  21117547.267   109964634.8910       -301.730          28.000  
C37  22147350.263   115327058.7600       1150.086          37.000  
R04  19587656.321   104891001.3840      -2602.167          27.000    19587654.151    81581874.0450      -2023.263          31.000  
R06  21805749.669   116359656.9190       3428.118          28.000    21805752.932    90501956.6850       2665.607          27.000  
R14  21430776.405   114238053.7800      -4084.223          31.000                                                                  
R16  20248649.552   108164669.2080       2307.355          36.000    20248669.226    84128143.5101       1790.235          17.000  
R05  18648505.144    99686998.4590       1036.139          31.000    18648508.444    77534291.7940        807.022          31.000  
G26  19492444.382   102433517.4350      -1194.749          39.000    19492445.439    79818319.4410       -931.449          31.000  
G03  20214532.564   106228041.1550      -1255.273          35.000    20214525.887    82775103.4781       -975.356          25.000  
G32  23203494.967   121935188.4031      -3185.091          25.000    23203498.473    95014447.2061      -2477.380          14.000  
E07  25085734.712   131826426.2990      -2010.349          31.000    25085742.713   101009853.9620      -1540.439          31.000  
G31  20556801.256   108026690.4010      -2266.020          39.000    20556797.879    84176650.2800      -1765.513          32.000  
C20  24056938.702   125270789.6270       2416.324          37.000  
R15  18567220.946    99217608.1270      -1398.596          33.000    18567215.222    77169209.3050      -1087.916          32.000  
E30  26576933.455   139662737.9480      -2825.918          26.000    26576935.346   107014304.7771      -2172.003          17.000  
G04  21657774.682   113812355.5570       2310.876          38.000    21657777.941    88684943.1220       1800.776          36.000  
G16  19497955.423   102462446.9561       1444.024          26.000                                                                  
G28  22705949.026   119320566.8251      -2797.326          24.000    22705938.405    92977021.2951      -2181.221          25.000  
E33  27100729.638   142415294.7041      -2816.146          20.000                                                                  
E19  23768384.259   124903713.0900       1484.216          29.000    23768393.899    95705472.8230       1137.464          26.000  
E27  23417785.592   123061214.5250       -724.532          29.000    23417780.040    94293715.8220       -554.925          29.000  
E29  22851862.037   120087327.4220       -141.110          33.000    22851867.086    92015043.3530       -107.565          27.000  
> 2026  7 21  0 49 20.9980000  0 30                           
G29  24460818.590   128542468.9031       -920.650          16.000                                                                  
S35  37417455.131   196630055.6790       -417.108          34.000  
S33  37682795.996   198024422.0200       -415.186          33.000  
S31  36982413.402   194343880.5170       -414.570          39.000  
E21  24143377.088   126874268.7940       1914.596          30.000    24143365.107    97215341.8730       1466.678          38.000  
C41  23323394.811   121451004.6240      -3121.655          34.000  
C23  21304427.529   110937764.4930      -1588.504          25.000  
C25  24062829.140   125301464.3220      -3175.629          28.000  
C32  21118128.216   109967678.3700       -307.033          28.000  
C37  22145144.586   115315572.8080       1146.986          36.000  
R04  19592527.395   104917051.1210      -2608.093          28.000    19592519.317    81602134.9870      -2028.999          31.000  
R06  21799321.751   116325379.5750       3427.311          27.000    21799329.004    90475296.5230       2665.490          26.000  
R14  21438440.160   114278907.2510      -4085.904          31.000                                                                  
R16  20244334.955   108141619.9190       2302.332          35.000    20244363.608    84110254.5231       1801.134          19.000  
R05  18646572.915    99676668.9030       1030.386          31.000    18646576.130    77526257.7590        800.981          29.000  
G26  19494723.530   102445493.8950      -1200.921          39.000    19494724.766    79827651.7710       -936.047          30.000  
G03  20216927.208   106240626.4410      -1261.664          35.000    20216923.333    82784920.8141       -979.117          24.000  
G32  23209566.704   121967086.3740      -3187.665          27.000    23209565.863    95039292.2411      -2479.453          15.000  
E07  25089562.567   131846538.2910      -2011.353          31.000    25089570.310   101025264.4410      -1541.412          31.000  
G31  20561115.091   108049359.5430      -2267.746          38.000    20561112.233    84194314.5370      -1767.799          32.000  
C20  24052300.340   125246638.7290       2414.357          37.000  
R15  18569843.835    99231622.8140      -1404.098          32.000    18569838.165    77180109.6530      -1092.340          33.000  
E30  26582313.162   139691004.1130      -2827.637          27.000    26582315.037   107035966.4541      -2163.255          16.000  
G04  21653377.423   113789250.5380       2309.880          38.000    21653381.543    88666939.2500       1799.763          36.000  
G16  19495201.952   102448018.7700       1438.626          30.000                                                                  
G28  22711269.925   119348528.0361      -2797.934          25.000    22711261.244    92998817.7241      -2180.185          25.000  
E33  27106076.347   142443392.0071      -2808.430          19.000                                                                  
E19  23765561.176   124888872.1600       1484.333          29.000    23765570.938    95694101.2740       1136.846          26.000  
E27  23419167.904   123068478.8660       -728.880          28.000    23419163.242    94299281.9970       -558.304          28.000  
E29  22852132.559   120088749.0410       -143.021          33.000    22852137.003    92016132.7170       -110.224          27.000  
> 2026  7 21  0 49 30.9980000  0 30                           
G29  24462603.501   128551848.9471       -932.720          19.000                                                                  
S35  37418249.589   196634230.7880       -417.652          34.000  
S33  37683586.256   198028575.5390       -416.116          33.000  
S31  36983201.654   194348022.8770       -414.277          39.000  
E21  24139738.559   126855139.8540       1911.757          29.000    24139725.060    97200684.6480       1464.501          38.000  
C41  23329391.429   121482231.9840      -3124.377          34.000  
C23  21307466.223   110953568.0351      -1593.741          22.000  
C25  24068926.740   125333221.7290      -3175.532          27.000  
C32  21118719.452   109970769.7540       -311.434          28.000  
C37  22142944.823   115304118.4310       1144.062          35.000  
R04  19597408.689   104943161.0070      -2614.217          27.000    19597395.683    81622442.6080      -2033.166          31.000  
R06  21792893.971   116291108.8060       3426.781          26.000    21792906.663    90448641.5080       2665.465          25.000  
R14  21446105.987   114319770.2170      -4086.950          31.000                                                                  
R16  20240029.581   108118621.5580       2297.223          35.000    20240052.481    84092343.3231       1780.405          22.000  
R05  18644647.443    99666347.6250       1024.269          30.000    18644654.364    77518269.7380        796.938          28.000  
G26  19497014.508   102457530.2560      -1206.698          39.000    19497014.911    79837030.7810       -940.293          30.000  
G03  20219334.209   106253276.6930      -1268.201          34.000    20219327.289    82794765.0691       -991.188          23.000  
G32  23215630.463   121998971.1360      -3189.130          27.000    23215625.989    95064107.0261      -2486.652          16.000  
E07  25093393.713   131866665.1660      -2013.499          31.000    25093400.474   101040686.3040      -1543.084          31.000  
G31  20565431.993   108072042.8370      -2268.905          38.000    20565429.575    84211989.8170      -1768.083          32.000  
C20  24047665.589   125222503.2400       2412.729          36.000  
R15  18572478.195    99245699.5140      -1410.109          30.000    18572473.203    77191058.2630      -1097.507          33.000  
E30  26587693.423   139719289.8460      -2829.780          27.000    26587701.427   107057655.9481      -2164.824          14.000  
G04  21648981.842   113766153.7270       2309.150          39.000    21648986.401    88648941.7290       1799.170          37.000  
G16  19492474.517   102433666.7680       1432.304          32.000                                                                  
G28  22716594.119   119376507.5131      -2798.254          26.000    22716583.420    93020610.6791      -2180.386          26.000  
E33  27111421.356   142471480.5971      -2807.992          19.000                                                                  
E19  23762736.176   124874030.1800       1484.131          29.000    23762745.409    95682728.8421       1136.995          25.000  
E27  23420557.873   123075785.4510       -732.792          27.000    23420555.223    94304880.5090       -561.516          28.000  
E29  22852405.294   120090186.0470       -144.145          34.000    22852410.338    92017233.7650       -110.420          28.000  
> 2026  7 21  0 49 40.9980000  0 30                           
G29  24464397.534   128561275.9421       -956.592          19.000                                                                  
S35  37419043.897   196638404.1990       -417.134          33.000  
S33  37684376.577   198032728.6220       -414.815          33.000  
S31  36983989.833   194352164.2730       -414.537          39.000  
E21  24136106.163   126836039.2230       1908.691          28.000    24136090.304    97186049.1150       1462.414          38.000  
C41  23335393.599   121513488.1020      -3127.264          33.000  
C23  21310519.008   110969463.8311      -1586.055          21.000  
C25  24075024.340   125364980.1920      -3175.877          26.000  
C32  21119322.824   109973910.8510       -316.475          29.000  
C37  22140751.900   115292697.3220       1140.125          34.000  
R04  19602297.162   104969332.8010      -2620.085          26.000    19602283.118    81642798.4020      -2038.107          31.000  
R06  21786471.148   116256846.5310       3424.983          27.000    21786484.967    90422002.1040       2664.812          25.000  
R14  21453773.159   114360644.2140      -4087.551          30.000    21453785.544    88947249.1721      -3180.033          25.000  
R16  20235734.072   108095675.9410       2291.345          35.000    20235751.466    84074473.0501       1786.161          24.000  
R05  18642738.463    99656138.8180       1017.251          29.000    18642743.381    77510323.5870        791.702          27.000  
G26  19499317.044   102469628.1620      -1213.096          39.000    19499317.352    79846457.7130       -945.421          30.000  
G03  20221753.540   106265993.4700      -1274.463          33.000    20221745.567    82804667.0941       -996.617          22.000  
G32  23221705.316   122030879.3820      -3192.328          27.000    23221700.978    95088983.0131      -2480.145          15.000  
E07  25097229.909   131886808.4520      -2015.157          31.000    25097233.852   101056120.7540      -1544.733          30.000  
G31  20569751.790   108094741.9750      -2271.011          36.000    20569749.822    84229677.4310      -1770.060          31.000  
C20  24043033.880   125198384.9020       2410.723          36.000  
R15  18575123.539    99259839.9150      -1417.124          28.000    18575120.360    77202056.3120      -1102.609          33.000  
E30  26593083.815   139747596.5890      -2831.486          26.000    26593084.294   107079329.9971      -2167.272           8.000  
G04  21644588.740   113743066.8190       2308.037          40.000    21644593.345    88630951.9420       1798.491          36.000  
G16  19489756.370   102419377.5790       1425.727          33.000                                                                  
G28  22721924.325   119404518.1411      -2798.530          27.000    22721908.988    93042418.4651      -2180.288          26.000  
E33  27116767.500   142499574.2381      -2817.798          18.000                                                                  
E19  23759912.261   124859188.5430       1484.049          29.000    23759920.377    95671353.6881       1137.325          25.000  
E27  23421954.255   123083136.0080       -737.651          26.000    23421955.537    94310512.7100       -565.115          29.000  
E29  22852682.671   120091640.2540       -145.871          34.000    22852686.888    92018348.1240       -112.822          28.000  
> 2026  7 21  0 49 50.9980000  0 30                           
G29  24466198.238   128570739.1341       -946.907          20.000                                                                  
S35  37419837.657   196642577.7030       -417.449          33.000  
S33  37685166.944   198036881.1120       -415.485          33.000  
S31  36984777.612   194356305.5950       -414.096          39.000  
E21  24132478.934   126816967.6470       1905.594          27.000    24132461.207    97171435.8660       1460.232          38.000  
C41  23341401.268   121544773.6490      -3130.481          33.000  
C23  21313584.853   110985428.6231      -1604.306          22.000  
C25  24081123.913   125396730.9911      -3176.361          25.000  
C32  21119935.314   109977102.3120       -321.775          29.000  
C37  22138564.733   115281310.0710       1137.186          33.000  
R04  19607196.462   104995567.0800      -2627.049          25.000    19607181.926    81663202.8340      -2044.023          31.000  
R06  21780056.123   116222593.5140       3424.607          28.000    21780063.376    90395348.7721       2663.029          23.000  
R14  21461442.591   114401530.5200      -4090.752          30.000    21461456.770    88979054.0941      -3179.278          24.000  
R16  20231448.597   108072783.6680       2286.017          35.000    20231458.355    84056636.6011       1779.162          25.000  
R05  18640840.864    99645991.6420       1011.124          30.000    18640846.994    77502431.3590        786.924          26.000  
G26  19501631.560   102481788.2420      -1219.440          39.000    19501630.863    79855933.1380       -950.121          30.000  
G03  20224185.764   106278777.5210      -1282.367          32.000    20224175.557    82814617.9481      -1009.232          21.000  
G32  23227777.751   122062811.6630      -3194.409          27.000    23227772.483    95113844.8401      -2488.745          17.000  
E07  25101070.213   131906968.9590      -2017.317          31.000    25101070.417   101071568.3440      -1545.550          31.000  
G31  20574074.156   108117457.5730      -2272.562          34.000    20574072.119    84247377.9090      -1770.907          31.000  
C20  24038405.354   125174284.5300       2408.557          35.000  
R15  18577780.302    99274044.3360      -1423.195          25.000    18577779.065    77213104.2300      -1106.884          33.000  
E30  26598473.271   139775925.0810      -2833.876          27.000                                                                  
G04  21640197.493   113719990.6360       2306.873          40.000    21640202.308    88612970.4970       1797.517          36.000  
G16  19487050.160   102405151.9920       1418.810          34.000                                                                  
G28  22727246.436   119432490.3810      -2798.469          27.000    22727232.840    93064218.5400      -2180.753          27.000  
E33  27122117.029   142527686.2511      -2806.436          18.000                                                                  
E19  23757089.144   124844348.1930       1483.971          29.000    23757096.747    95659983.5131       1138.697          25.000  
E27  23423361.667   123090531.1250       -741.586          26.000    23423364.060    94316179.1120       -568.755          29.000  
E29  22852961.904   120093112.3750       -148.154          34.000    22852966.731    92019476.0240       -113.761          28.000  
> 2026  7 21  0 50  0.9980000  0 30                           
G29  24467997.179   128580192.4751       -945.160          19.000                                                                  
S35  37420632.148   196646750.5570       -416.937          33.000  
S33  37685956.980   198041033.6740       -414.957          33.000  
S31  36985565.657   194360446.0520       -414.129          39.000  
E21  24128856.577   126797996.9141       1901.809          24.000    24128837.783    97156845.4920       1458.131          38.000  
C41  23347415.134   121576089.2860      -3133.038          32.000  
C23  21316665.895   111001472.5380      -1600.187          27.000  
C25  24087226.522   125428508.5361      -3176.563          25.000  
C32  21120553.103   109980344.9540       -326.844          28.000  
C37  22136384.661   115269957.5390       1133.843          33.000  
R04  19612103.719   105021864.6650      -2632.466          25.000    19612093.666    81683656.3730      -2046.455          30.000  
R06  21773643.500   116188350.6850       3423.796          29.000    21773639.299    90368686.4151       2657.627          23.000  
R14  21469114.865   114442429.2550      -4090.454          30.000                                                                  
R16  20227174.144   108049945.6940       2281.165          35.000    20227181.735    84038868.3201       1773.111          26.000  
R05  18638955.591    99635907.3030       1005.228          30.000    18638966.982    77494588.0420        782.655          26.000  
G26  19503957.661   102494011.1410      -1225.100          38.000    19503956.169    79865439.4991       -954.406          30.000  
G03  20226630.433   106291629.3760      -1288.434          33.000    20226620.846    82824630.6651      -1005.136          21.000  
G32  23233859.245   122094768.7380      -3196.619          28.000    23233859.007    95138767.9611      -2483.877          17.000  
E07  25104911.128   131927147.3760      -2018.569          30.000    25104910.307   101087029.7220      -1547.057          30.000  
G31  20578399.437   108140190.3150      -2274.432          32.000    20578398.255    84265091.7480      -1772.521          31.000  
C20  24033780.236   125150202.8280       2407.246          35.000  
R15  18580449.547    99288313.7230      -1430.389          23.000    18580449.862    77224202.6590      -1112.464          33.000  
E30  26603870.319   139804276.0240      -2836.318          27.000                                                                  
G04  21635808.465   113696925.9300       2305.849          40.000    21635813.722    88594997.9920       1796.897          36.000  
G16  19484356.141   102390990.8060       1412.666          33.000                                                                  
G28  22732564.487   119460476.0810      -2797.966          28.000    22732563.433    93086025.5790      -2180.883          27.000  
E33  27127468.115   142555806.1701      -2814.834          18.000                                                                  
E19  23754266.090   124829509.7390       1484.144          29.000    23754273.638    95648615.7741       1138.017          25.000  
E27  23424781.440   123097971.5130       -745.672          27.000    23424780.658    94321880.1460       -571.637          29.000  
E29  22853244.793   120094603.1420       -149.910          34.000    22853250.830    92020618.3110       -114.865          28.000  
