     3.05           O: OBSERVATION      M: MIXED            RINEX VERSION / TYPE
PYRINEXCONV 0.1.2 ALDELTUNES            20260721 003946 UTC PGM / RUN BY / DATE
UNKN                                                        MARKER NAME
NONE                                                        MARKER TYPE
                                                            OBSERVER / AGENCY
                                                            REC # / TYPE / VERS
                                                            ANT # / TYPE
   114560.9423 -5412491.3897  3553275.5096                  APPROX POSITION XYZ
        0.0000        0.0000        0.0000                  ANTENNA: DELTA H/E/N
G    8 C1C L1C D1C S1C C2L L2L D2L S2L                      SYS / # / OBS TYPES
S    4 C1C L1C D1C S1C                                      SYS / # / OBS TYPES
E    8 C1C L1C D1C S1C C7Q L7Q D7Q S7Q                      SYS / # / OBS TYPES
C    4 C2I L2I D2I S2I                                      SYS / # / OBS TYPES
R    8 C1C L1C D1C S1C C2C L2C D2C S2C                      SYS / # / OBS TYPES
DBHZ                                                        SIGNAL STRENGTH UNIT
    10.000                                                  INTERVAL
  2026     7    21     0    30   10.9970000     GPS         TIME OF FIRST OBS
  2026     7    21     0    40    0.9970000     GPS         TIME OF LAST OBS
  7 R03  5 R04  6 R05  1 R06 -4 R14 -7 R15  0 R16 -1        GLONASS SLOT / FRQ
 C1C    0.000 C1P    0.000 C2C    0.000 C2P    0.000        GLONASS COD/PHS/BIS
    18        2428     2GPS                                 LEAPSECONDS
    32                                                      # OF SATELLITES
                                                            END OF HEADER
> 2026  7 21  0 30 10.9970000  0 31                           
G29  24324799.636   127827684.8281       -315.513          21.000                                                                  
S35  37325822.900   196148526.3040       -419.540          33.000  
S33  37591610.211   197545242.9030       -417.254          33.000  
S31  36891469.547   193865968.4960       -416.282          39.000  
E21  24596661.909   129256314.8590       2217.344          34.000    24596656.643    99040539.7730       1699.018          34.000  
C41  22674326.154   118071103.5060      -2746.587          32.000  
C23  20995008.110   109326634.5290      -1200.503          38.000  
C25  23366729.582   121676692.7131      -3115.709          25.000  
C32  21113040.015   109941084.0580        252.664          41.000  
C37  22441807.242   116860449.3040       1538.727          25.000  
R04  19111367.164   102340483.4780      -1868.823          35.000    19111365.100    79598164.8330      -1454.052          34.000  
R06  22544287.791   120300635.4800       3462.882          28.000    22544286.229    93567157.2691       2693.779          18.000  
R03  22798267.436   122040910.4271      -4058.806          17.000    22798277.141    94920748.4201      -3160.604          20.000  
R14  20578301.786   109693855.6910      -3859.904          35.000    20578297.455    85317507.8360      -3002.146          26.000  
R16  20803626.781   111129161.9780       2878.743          30.000    20803621.948    86433833.0101       2254.932          20.000  
R05  18939382.696   101241827.7260       1665.654          39.000    18939383.380    78743671.4590       1295.260          27.000  
G26  19313111.926   101491070.8220       -449.385          41.000    19313114.141    79083994.6010       -350.335          39.000  
G03  20027609.396   105245772.7920       -462.427          37.000    20027611.293    82009699.8660       -360.321          36.000  
G32  22544084.266   118469933.2920      -2888.355          31.000                                                                  
E07  24670765.181   129645683.9920      -1817.665          36.000    24670771.009    99338939.2270      -1392.642          36.000  
G31  20088269.992   105564588.5830      -2042.920          39.000    20088272.992    82258119.4591      -1591.689          23.000  
C20  24604823.523   128123742.7450       2574.082          32.000  
R15  18351926.017    98067092.6990       -601.717          41.000    18351923.780    76274409.0320       -468.333          39.000  
E30  25994525.144   136602151.3841      -2529.220          24.000    25994529.242   104669228.6840      -1939.057          32.000  
G04  22169618.550   116502096.0520       2395.243          33.000    22169622.491    90780886.7050       1867.684          31.000  
G16  19886959.042   104506727.2700       2125.810          27.000                                                                  
G28  22102456.944   116149081.2570      -2761.253          38.000    22102470.864    90505913.7340      -2151.339          28.000  
E33  26496777.673   139241506.1871      -2748.785          21.000                                                                  
E19  24091073.748   126599446.7571       1485.848          24.000    24091065.299    97004736.2861       1139.169          25.000  
E27  23317161.264   122532470.8660       -200.555          28.000    23317160.423    93888574.2290       -153.671          39.000  
E29  22842148.894   120036255.2560         45.293          29.000    22842144.091    91975853.1650         34.138          28.000  
> 2026  7 21  0 30 20.9970000  0 31                           
G29  24325405.843   127830870.4151       -326.877          20.000                                                                  
S35  37326621.246   196152719.6270       -419.256          33.000  
S33  37592404.403   197549416.1720       -417.667          33.000  
S31  36892261.494   193870130.8380       -416.410          39.000  
E21  24592445.821   129234159.6630       2214.000          34.000    24592440.870    99023563.6960       1697.061          34.000  
C41  22679603.630   118098585.7110      -2750.378          32.000  
C23  20997317.849   109338662.7030      -1204.786          37.000  
C25  23372717.655   121707873.9781      -3117.432          26.000  
C32  21112559.942   109938585.3390        247.550          41.000  
C37  22438847.717   116844967.9571       1533.568          24.000  
R04  19114864.155   102359208.6330      -1876.430          35.000    19114861.863    79612728.8010      -1459.226          34.000  
R06  22537794.086   120266005.1690       3463.130          29.000    22537788.762    93540190.3991       2692.456          18.000  
R03  22805859.104   122081548.3931      -4057.699          16.000    22805858.720    94952314.0741      -3149.900          19.000  
R14  20585546.028   109732469.0500      -3862.691          35.000    20585535.246    85347489.6221      -3003.376          24.000  
R16  20798240.071   111100393.2190       2873.848          30.000    20798239.035    86411468.6721       2236.095          22.000  
R05  18936271.694   101225196.6130       1660.524          39.000    18936272.425    78730736.1790       1291.200          25.000  
G26  19313975.286   101495604.6350       -456.862          41.000    19313976.922    79087527.4240       -355.796          39.000  
G03  20028496.236   105250435.4990       -469.800          35.000    20028498.243    82013333.1210       -366.052          36.000  
G32  22549584.338   118498841.8930      -2892.788          30.000                                                                  
E07  24674226.858   129663872.9730      -1819.734          36.000    24674232.230    99352876.2290      -1394.319          36.000  
G31  20092160.040   105585031.7160      -2045.728          39.000    20092162.092    82274044.2351      -1603.793          20.000  
C20  24599882.616   128098014.7220       2571.689          32.000  
R15  18353060.053    98073154.2660       -610.203          41.000    18353057.834    76279123.5720       -474.594          39.000  
E30  25999340.490   136627456.4091      -2534.108          23.000    25999346.918   104688627.4010      -1940.644          32.000  
G04  22165061.277   116478147.1510       2394.557          33.000    22165065.727    90762225.2940       1866.079          31.000  
G16  19882916.381   104485500.6140       2119.407          25.000                                                                  
G28  22107711.292   116176694.5450      -2761.365          38.000    22107721.070    90527430.6140      -2152.047          29.000  
E33  26501991.123   139268903.2691      -2752.553          19.000                                                                  
E19  24088246.779   126584591.1691       1485.847          24.000    24088237.103    96993348.7081       1138.452          25.000  
E27  23317551.754   122534500.8390       -205.030          29.000    23317546.612    93890129.6690       -157.432          38.000  
E29  22842066.331   120035815.9000         43.027          28.000    22842059.950    91975516.5420         32.817          29.000  
> 2026  7 21  0 30 30.9970000  0 31                           
G29  24326027.030   127834134.2991       -317.600          21.000                                                                  
S35  37327419.900   196156914.8200       -420.560          33.000  
S33  37593198.681   197553591.3470       -416.970          33.000  
S31  36893054.071   193874295.7380       -416.377          39.000  
E21  24588234.428   129212029.4730       2211.783          35.000    24588229.436    99006606.8580       1694.687          34.000  
C41  22684888.376   118126104.8460      -2754.398          32.000  
C23  20999635.327   109350729.5550      -1208.188          37.000  
C25  23378703.164   121739041.5231      -3117.349          26.000  
C32  21112089.414   109936134.6810        242.831          41.000  
C37  22435908.362   116829662.4091       1529.846          25.000  
R04  19118373.513   102378000.5390      -1882.477          35.000    19118370.720    79627344.7030      -1463.883          34.000  
R06  22531309.529   120231374.1140       3462.801          29.000    22531304.340    93513277.8041       2700.769          18.000  
R03  22813447.196   122122168.3771      -4070.935          17.000    22813445.987    94983903.9791      -3162.194          19.000  
R14  20592795.471   109771111.2810      -3865.428          35.000    20592779.502    85377523.9521      -3006.294          25.000  
R16  20792862.699   111071672.5560       2869.775          30.000    20792861.043    86389124.4981       2229.587          23.000  
R05  18933170.668   101208615.6830       1655.896          39.000                                                                  
G26  19314851.671   101500207.5590       -463.561          41.000    19314852.884    79091114.1270       -361.133          39.000  
G03  20029396.783   105255170.6170       -476.929          33.000    20029398.919    82017022.8170       -371.118          36.000  
G32  22555090.065   118527779.4240      -2895.210          30.000                                                                  
E07  24677692.196   129682079.9460      -1821.569          37.000    24677697.004    99366827.0110      -1395.605          36.000  
G31  20096054.781   105605499.0180      -2047.727          39.000    20096062.407    82290016.0791      -1597.533          16.000  
C20  24594943.795   128072298.2220       2571.522          31.000  
R15  18354209.046    98079291.8240       -617.274          41.000    18354206.406    76283897.2370       -480.167          39.000  
E30  26004161.404   136652789.6981      -2537.369          23.000    26004170.527   104708050.1000      -1943.130          32.000  
G04  22160504.368   116454204.3580       2394.499          33.000    22160510.378    90743568.6210       1865.517          31.000  
G16  19878881.383   104464226.6491       2112.302          24.000                                                                  
G28  22112966.627   116204314.2610      -2762.105          38.000    22112977.806    90548952.4710      -2152.514          29.000  
E33  26507208.558   139296320.9591      -2723.772          18.000                                                                  
E19  24085424.851   126569761.6181       1485.111          23.000    24085409.697    96981963.7081       1138.361          25.000  
E27  23317947.841   122536579.2110       -210.029          30.000    23317941.836    93891722.1540       -160.795          38.000  
E29  22841984.045   120035392.9740         41.307          27.000    22841978.890    91975192.4990         31.487          30.000  
> 2026  7 21  0 30 40.9970000  0 31                           
G29  24326652.208   127837419.5531       -332.105          20.000                                                                  
S35  37328217.620   196161107.3000       -419.404          33.000  
S33  37593992.698   197557763.7550       -417.354          33.000  
S31  36893846.119   193878457.1750       -416.137          39.000  
E21  24584025.275   129189919.8350       2210.219          35.000    24584022.255    98989665.7460       1693.428          34.000  
C41  22690179.270   118153656.3220      -2756.781          33.000  
C23  21001959.552   109362830.5760      -1211.987          37.000  
C25  23384693.269   121770233.7221      -3119.179          26.000  
C32  21111627.227   109933727.6700        238.285          41.000  
C37  22432972.187   116814372.2411       1527.632          24.000  
R04  19121893.776   102396854.5340      -1888.358          34.000    19121891.153    79642008.9170      -1469.097          34.000  
R06  22524819.955   120196737.6680       3464.345          30.000    22524819.890    93486364.3061       2707.491          16.000  
R03  22821046.380   122162847.6571      -4057.986          16.000    22821045.594    95015545.0221      -3165.402          20.000  
R14  20600048.990   109809777.7200      -3868.177          35.000    20600033.874    85407600.3431      -3008.465          24.000  
R16  20787493.288   111042995.4840       2865.215          30.000    20787492.736    86366820.1181       2227.806          24.000  
R05  18930077.521   101192080.4650       1650.993          39.000                                                                  
G26  19315740.212   101504875.0800       -470.127          42.000    19315741.200    79094751.1540       -366.105          39.000  
G03  20030309.994   105259973.5630       -483.398          30.000    20030312.709    82020765.3960       -376.569          36.000  
G32  22560600.405   118556741.2660      -2897.204          29.000                                                                  
E07  24681159.585   129700300.3950      -1822.767          37.000    24681164.127    99380788.1450      -1396.843          36.000  
G31  20099953.382   105625985.8740      -2049.681          39.000    20099960.868    82305979.2651      -1596.528          17.000  
C20  24590006.539   128046588.9400       2571.076          31.000  
R15  18355370.690    98085500.5410       -624.332          41.000    18355368.003    76288726.2320       -485.632          39.000  
E30  26008993.363   136678182.4891      -2535.396          21.000    26008999.545   104727493.2920      -1945.513          33.000  
G04  22155948.132   116430263.1840       2394.400          33.000    22155954.315    90724913.1380       1866.373          31.000  
G16  19874864.776   104443118.7381       2107.631          26.000                                                                  
G28  22118223.295   116231935.8310      -2762.286          38.000    22118233.950    90570475.7620      -2152.423          29.000  
E33  26512420.233   139323707.9361      -2746.523          17.000                                                                  
E19  24082594.607   126554888.3091       1485.674          23.000    24082581.492    96970575.9741       1140.146          25.000  
E27  23318352.364   122538701.2790       -213.663          30.000    23318345.354    93893348.2190       -164.498          38.000  
E29  22841905.992   120034981.8940         40.420          27.000    22841900.906    91974877.5510         30.861          31.000  
> 2026  7 21  0 30 50.9970000  0 31                           
G29  24327292.727   127840785.7221       -341.192          18.000                                                                  
S35  37329015.104   196165297.9840       -418.531          34.000  
S33  37594786.428   197561934.2010       -416.802          33.000  
S31  36894637.547   193882617.2510       -416.118          39.000  
E21  24579821.683   129167831.5760       2207.889          35.000    24579818.906    98972741.0090       1691.398          34.000  
C41  22695476.737   118181240.8510      -2759.924          34.000  
C23  21004290.353   109374966.4080      -1215.867          36.000  
C25  23390678.717   121801401.3471      -3119.373          25.000  
C32  21111173.897   109931365.0550        233.996          41.000  
C37  22430045.664   116799133.7281       1525.404          25.000  
R04  19125425.527   102415771.2710      -1894.120          33.000    19125423.080    79656721.9590      -1473.531          34.000  
R06  22518327.926   120162096.9720       3462.656          30.000    22518327.518    93459418.6071       2700.684          15.000  
R14  20607307.173   109848468.8910      -3870.261          34.000    20607291.281    85437690.0481      -3011.026          24.000  
R16  20782131.704   111014362.8480       2860.301          30.000    20782131.866    86344546.7921       2223.553          25.000  
R05  18926993.244   101175591.9590       1646.511          39.000                                                                  
G26  19316641.099   101509607.8730       -476.873          42.000    19316641.792    79098439.0530       -371.236          38.000  
G03  20031236.058   105264845.2380       -491.017          27.000    20031239.430    82024561.4510       -382.605          35.000  
G32  22566114.482   118585728.2460      -2899.730          29.000                                                                  
E07  24684629.803   129718535.0640      -1824.311          37.000    24684634.204    99394760.1570      -1397.844          36.000  
G31  20103855.830   105646492.9730      -2051.753          39.000    20103867.671    82321976.6031      -1605.201          20.000  
C20  24585070.879   128020887.7200       2569.122          30.000  
R15  18356546.146    98091781.3900       -631.727          41.000    18356543.336    76293611.3340       -491.220          39.000  
E30  26013821.839   136703555.9471      -2544.528          22.000    26013833.320   104746957.4360      -1947.632          33.000  
G04  22151393.067   116406324.3760       2393.955          34.000    22151399.343    90706259.5660       1865.292          31.000  
G16  19870868.227   104422077.6110       2103.521          28.000                                                                  
G28  22123480.756   116259559.9000      -2762.347          39.000    22123485.482    90592001.0570      -2152.840          29.000  
E33  26517628.345   139351077.0521      -2742.992          12.000                                                                  
E19  24079766.877   126540028.2331       1487.479          23.000    24079753.612    96959189.0751       1138.982          25.000  
E27  23318765.325   122540867.9610       -218.816          30.000    23318757.491    93895008.3720       -167.736          37.000  
E29  22841831.042   120034583.5120         39.203          27.000    22841825.209    91974572.3140         29.463          32.000  
R03                                                                  22828648.057    95047197.8671      -3163.110          19.000  
> 2026  7 21  0 31  0.9970000  0 30                           
G29  24327944.803   127844212.1541       -341.784          18.000                                                                  
S35  37329812.343   196169488.1810       -418.666          33.000  
S33  37595580.062   197566105.0620       -416.951          33.000  
S31  36895429.087   193886777.3470       -415.491          39.000  
E21  24575622.775   129145767.0390       2205.567          35.000    24575620.283    98955834.4280       1689.649          33.000  
C41  22700781.249   118208860.6740      -2762.974          34.000  
C23  21006628.266   109387139.2550      -1218.779          36.000  
C25  23396663.456   121832565.5511      -3119.969          23.000  
C32  21110729.393   109929049.1720        229.365          41.000  
C37  22427120.040   116783899.1051       1521.982          26.000  
R04  19128969.701   102434753.2160      -1901.360          33.000    19128967.427    79671485.6550      -1478.689          34.000  
R06  22511836.699   120127454.0760       3464.353          31.000    22511826.647    93432437.8161       2697.414          12.000  
R14  20614570.313   109887187.1310      -3873.182          34.000    20614555.523    85467806.7271      -3012.857          25.000  
R16  20776780.710   110985777.0300       2856.392          31.000    20776783.023    86322323.4381       2221.971          27.000  
R05  18923918.275   101159152.4470       1641.639          39.000    18923914.566    78679353.2461       1278.736          26.000  
G26  19317554.630   101514408.2310       -483.229          42.000    19317555.161    79102179.5980       -376.348          38.000  
G03  20032174.367   105269786.0831       -498.394          24.000    20032179.912    82028412.7080       -387.524          35.000  
G32  22571634.784   118614742.5660      -2902.373          28.000                                                                  
E07  24688103.269   129736786.2620      -1825.489          37.000    24688107.230    99408744.8430      -1399.223          36.000  
G31  20107762.821   105667022.5820      -2053.897          38.000    20107775.425    82337978.9841      -1601.802          21.000  
C20  24580136.674   127995196.7280       2568.739          30.000  
R15  18357735.236    98098136.3020       -639.081          41.000    18357732.679    76298554.0390       -496.750          39.000  
E30  26018667.245   136729018.6901      -2545.618          20.000    26018672.795   104766444.1990      -1949.483          33.000  
G04  22146839.862   116382390.2960       2393.711          34.000    22146844.970    90687609.6570       1864.842          31.000  
G16  19866869.375   104401070.0000       2098.164          29.000                                                                  
G28  22128738.208   116287188.8170      -2762.970          39.000    22128742.932    90613530.0620      -2152.916          29.000  
E19  24076936.350   126525154.1251       1497.185          22.000    24076924.263    96947796.8791       1139.190          26.000  
E27  23319188.418   122543081.4210       -223.014          30.000    23319178.555    93896704.3890       -171.043          37.000  
E29  22841759.480   120034200.1460         37.668          27.000    22841752.405    91974278.5470         29.064          32.000  
R03                                                                  22836253.455    95078862.5481      -3165.165          18.000  
> 2026  7 21  0 31 10.9970000  0 30                           
G29  24328604.956   127847681.6801       -341.149          16.000                                                                  
S35  37330608.611   196173673.2720       -418.578          33.000  
S33  37596372.525   197570269.0640       -416.455          33.000  
S31  36896219.310   193890931.1270       -415.543          39.000  
E21  24571426.531   129123719.9980       2203.849          35.000    24571424.972    98938941.2520       1688.735          33.000  
C41  22706090.938   118236509.5900      -2767.068          34.000  
C23  21008971.988   109399342.9050      -1222.010          36.000  
C25  23402653.007   121863755.3031      -3120.794          21.000  
C32  21110292.705   109926773.8780        225.401          41.000  
C37  22424201.485   116768697.4160       1518.769          27.000  
R04  19132525.524   102453793.9800      -1906.885          34.000    19132522.815    79686295.1280      -1483.075          35.000  
R06  22505343.287   120092802.9460       3465.427          30.000                                                                  
R14  20621836.822   109925925.6970      -3874.616          33.000    20621827.218    85497955.6681      -3014.611          25.000  
R16  20771436.976   110957231.7410       2852.478          31.000    20771440.681    86300121.3260       2217.999          27.000  
R05  18920851.002   101142755.8600       1637.592          39.000    18920856.637    78666606.8370       1273.316          27.000  
G26  19318480.003   101519269.8670       -489.139          42.000    19318480.373    79105967.8790       -381.429          38.000  
G03  20033120.468   105274758.4421       -510.835          21.000    20033132.566    82032314.3290       -392.780          35.000  
G32  22577159.286   118643777.9480      -2904.252          28.000                                                                  
E07  24691578.150   129755047.7910      -1826.783          37.000    24691582.345    99422737.4220      -1399.856          36.000  
G31  20111672.886   105687568.3200      -2055.349          38.000    20111688.809    82354002.8931      -1603.935          23.000  
C20  24575203.703   127969509.9510       2568.124          29.000  
R15  18358937.263    98104559.1360       -645.677          41.000    18358934.844    76303549.5900       -501.942          39.000  
E30  26023503.871   136754435.0811      -2548.015          22.000    26023517.074   104785948.8380      -1951.376          33.000  
G04  22142285.606   116358454.7470       2393.875          34.000    22142289.767    90668958.6310       1864.894          30.000  
G16  19862880.817   104380112.0220       2093.719          31.000                                                                  
G28  22133995.396   116314816.2270      -2762.624          39.000    22134000.608    90635057.9020      -2152.657          29.000  
E19  24074112.468   126510314.4361       1487.142          19.000    24074095.289    96936404.8170       1139.813          26.000  
E27  23319616.111   122545335.4750       -227.549          30.000    23319607.244    93898431.5060       -174.549          37.000  
E29  22841689.101   120033825.5430         36.564          25.000    22841681.151    91973991.4860         28.384          33.000  
R03                                                                  22843859.409    95110530.0761      -3171.570          19.000  
> 2026  7 21  0 31 20.9970000  0 30                           
G29  24329267.945   127851165.1921       -351.877          16.000                                                                  
S35  37331404.331   196177854.7840       -418.145          34.000  
S33  37597164.545   197574431.1790       -416.446          33.000  
S31  36897009.511   193895082.4800       -414.592          39.000  
E21  24567234.658   129101693.5150       2201.549          35.000    24567233.297    98922063.8240       1687.195          33.000  
C41  22711406.942   118264190.4540      -2769.826          35.000  
C23  21011321.971   109411580.2470      -1224.927          36.000  
C25  23408647.375   121894969.3241      -3121.181          22.000  
C32  21109864.054   109924542.1320        221.037          42.000  
C37  22421289.231   116753521.2510       1515.911          28.000  
R04  19136093.427   102472896.6320      -1913.627          35.000    19136089.798    79701152.7490      -1488.385          35.000  
R06  22498848.718   120058146.6970       3465.566          30.000                                                                  
R14  20629107.774   109964687.6840      -3877.571          33.000    20629112.322    85528159.8421      -3016.568          26.000  
R16  20766100.982   110928730.1220       2848.790          31.000    20766098.620    86277953.3560       2215.145          27.000  
R05  18917792.604   101126404.9720       1632.596          39.000    18917798.777    78653889.5030       1269.793          28.000  
G26  19319417.722   101524195.7360       -495.710          41.000    19319417.504    79109806.2320       -386.210          38.000  
G32  22582688.134   118672837.4300      -2907.252          27.000                                                                  
E07  24695055.829   129773322.5890      -1828.142          37.000    24695060.019    99436740.1830      -1400.895          36.000  
G31  20115586.180   105708133.1820      -2057.679          38.000    20115603.012    82370031.2511      -1607.441          24.000  
C20  24570271.713   127943830.3780       2567.750          29.000  
R15  18360152.339    98111052.6370       -653.061          40.000    18360150.104    76308600.0720       -507.648          39.000  
E30  26028351.502   136779910.2511      -2542.572          24.000    26028365.954   104805473.5320      -1953.429          34.000  
G04  22137730.936   116334520.7620       2392.868          34.000    22137735.860    90650308.7130       1864.446          30.000  
G16  19858903.414   104359206.7790       2087.659          32.000                                                                  
G28  22139253.275   116342445.1610      -2763.068          39.000    22139258.464    90656586.9240      -2152.635          29.000  
E19  24071276.400   126495410.9101       1495.708          16.000    24071264.285    96925005.3420       1140.315          27.000  
E27  23320052.204   122547632.9950       -231.994          29.000    23320044.305    93900191.9410       -177.632          36.000  
E29  22841617.815   120033462.6700         35.706          24.000    22841612.360    91973713.4900         27.277          34.000  
G03                                                                  20034098.000    82036268.6420       -398.077          34.000  
R03                                                                  22851475.788    95142240.8761      -3173.040          20.000  
> 2026  7 21  0 31 30.9970000  0 30                           
G29  24329941.242   127854704.0351       -361.497          12.000                                                                  
S35  37332199.918   196182034.4900       -418.022          33.000  
S33  37597956.194   197578590.5150       -415.930          33.000  
S31  36897798.917   193899230.7370       -415.090          39.000  
E21  24563046.645   129079688.2440       2199.291          35.000    24563045.977    98905202.7020       1684.546          33.000  
C41  22716728.835   118291903.8300      -2772.873          35.000  
C23  21013678.680   109423851.8720      -1229.465          36.000  
C25  23414637.937   121926164.1581      -3123.541          22.000  
C32  21109443.816   109922354.6170        216.424          42.000  
C37  22418378.956   116738376.3820       1512.601          29.000  
R04  19139673.489   102492061.6140      -1919.999          36.000    19139668.487    79716058.8340      -1493.590          36.000  
R06  22492352.748   120023485.9520       3465.769          30.000                                                                  
R14  20636383.458   110003473.4760      -3879.806          32.000    20636389.662    85558331.6081      -3017.494          26.000  
R16  20760774.358   110900272.8810       2843.034          31.000    20760766.578    86255819.9580       2211.610          27.000  
R05  18914743.201   101110101.2900       1627.808          39.000    18914748.774    78641208.8670       1266.123          29.000  
G26  19320367.860   101529186.4070       -502.410          42.000    19320367.057    79113695.0460       -391.388          38.000  
G32  22588223.038   118701921.5020      -2909.373          27.000                                                                  
E07  24698535.922   129791611.3030      -1830.025          37.000    24698540.095    99450753.5860      -1402.065          36.000  
G31  20119503.308   105728717.7180      -2060.173          38.000    20119517.165    82386059.1641      -1601.219          25.000  
C20  24565341.780   127918158.7110       2566.465          29.000  
R15  18361380.499    98117617.3820       -660.221          40.000    18361378.615    76313706.0000       -513.647          40.000  
E30  26033203.673   136805408.3791      -2552.943          25.000    26033219.940   104825018.7030      -1955.951          34.000  
G04  22133176.369   116310588.9380       2393.219          34.000    22133182.538    90631660.5400       1864.771          30.000  
G16  19854935.926   104338354.9280       2082.068          32.000                                                                  
G28  22144511.781   116370076.0900      -2762.925          39.000    22144516.145    90678117.5380      -2153.342          29.000  
E27  23320497.216   122549974.6460       -236.451          28.000    23320489.910    93901986.1960       -181.671          36.000  
E29  22841550.006   120033155.3141         35.614          23.000    22841545.883    91973444.9910         26.139          34.000  
E19                                                                  24068433.765    96913603.4120       1140.238          27.000  
G03                                                                  20035076.378    82040276.0820       -403.760          33.000  
R03                                                                  22859089.350    95173940.2891      -3168.950          21.000  
> 2026  7 21  0 31 40.9970000  0 30                           
G29  24330629.765   127858321.6791       -362.974          14.000                                                                  
S35  37332995.104   196186212.6270       -418.524          33.000  
S33  37598746.845   197582748.5140       -415.709          33.000  
S31  36898588.175   193903378.7780       -414.779          39.000  
E21  24558861.955   129057705.3240       2197.246          35.000    24558863.146    98888358.6610       1683.739          33.000  
C41  22722057.182   118319650.7740      -2776.455          36.000  
C23  21016042.095   109436158.7110      -1232.600          36.000  
C25  23420631.128   121957371.7631      -3123.134          21.000  
C32  21109032.252   109920212.4700        211.825          41.000  
C37  22415481.734   116723263.9560       1509.807          29.000  
R04  19143265.387   102511290.2320      -1926.259          38.000    19143259.193    79731014.4110      -1497.778          36.000  
R06  22485856.865   119988822.0030       3466.493          29.000                                                                  
R03  22866684.289   122407151.1781      -4089.377          17.000    22866708.261    95205661.5701      -3167.406          20.000  
R14  20643664.160   110042283.9490      -3882.551          32.000    20643674.681    85588534.4871      -3018.222          26.000  
R16  20755455.895   110871860.9540       2838.960          31.000    20755448.548    86233685.8940       2207.535          27.000  
R05  18911702.174   101093845.2900       1623.153          39.000    18911708.129    78628565.3120       1262.558          29.000  
G26  19321330.184   101534242.9860       -508.948          42.000    19321329.213    79117635.2500       -396.786          37.000  
G32  22593763.370   118731031.3800      -2912.292          28.000                                                                  
E07  24702019.032   129809915.0130      -1831.294          37.000    24702023.080    99464778.5030      -1402.974          36.000  
G31  20123424.252   105749322.8860      -2061.672          37.000    20123432.784    82402092.8551      -1606.155          26.000  
C20  24560413.539   127892496.0720       2566.101          28.000  
R15  18362621.925    98124254.6550       -667.307          39.000    18362620.695    76318868.3150       -519.162          39.000  
E30  26038070.648   136830984.2051      -2555.628          26.000    26038079.508   104844585.1460      -1957.917          34.000  
G04  22128623.187   116286660.4770       2392.601          35.000    22128629.403    90613015.0120       1864.229          29.000  
G16  19850978.916   104317557.7670       2076.849          33.000                                                                  
G28  22149770.597   116397710.1710      -2763.150          39.000    22149773.424    90699650.6450      -2153.810          28.000  
E27  23320952.991   122552361.5020       -240.766          28.000    23320943.746    93903815.0720       -184.243          36.000  
E29  22841489.506   120032837.1571         26.875          22.000    22841481.683    91973186.8520         25.304          35.000  
E19                                                                  24065602.530    96902199.9170       1140.270          27.000  
G03                                                                  20036068.107    82044337.4740       -408.643          32.000  
> 2026  7 21  0 31 50.9970000  0 30                           
G29  24331314.677   127861921.0981       -390.793          11.000                                                                  
S35  37333789.809   196190391.4970       -417.887          33.000  
S33  37599538.633   197586907.3580       -416.051          33.000  
S31  36899377.312   193907526.4870       -415.115          39.000  
E21  24554682.968   129035746.9470       2194.247          35.000    24554684.966    98871533.4070       1681.546          33.000  
C41  22727392.590   118347433.3230      -2780.323          36.000  
C23  21018412.443   109448502.8430      -1236.126          36.000  
C25  23426621.492   121988565.4781      -3117.146          21.000  
C32  21108629.881   109918117.7870        206.730          42.000  
C37  22412585.733   116708212.0780       1505.721          30.000  
R04  19146869.636   102530584.7410      -1932.793          38.000    19146862.858    79746021.2610      -1503.249          36.000  
R06  22479360.343   119954157.0270       3466.377          29.000                                                                  
R03  22874313.342   122447989.7961      -4076.878          12.000    22874336.914    95237423.6211      -3172.778          20.000  
R14  20650949.725   110081121.4410      -3885.816          32.000    20650959.635    85618738.4121      -3022.402          25.000  
R16  20750146.711   110843496.9520       2834.498          32.000    20750143.369    86211625.0160       2204.285          27.000  
R05  18908670.531   101077639.4700       1617.972          39.000    18908675.576    78615960.7740       1258.547          29.000  
G26  19322305.745   101539367.4960       -516.218          41.000    19322304.160    79121628.3580       -402.277          37.000  
G32  22599309.177   118760168.9870      -2915.334          28.000                                                                  
E07  24705505.161   129828235.8390      -1833.150          37.000    24705509.348    99478816.5310      -1404.385          36.000  
G31  20127349.428   105769950.8100      -2064.061          37.000    20127357.230    82418162.5851      -1607.946          26.000  
C20  24555487.446   127866844.6520       2564.549          28.000  
R15  18363877.420    98130966.1630       -675.393          39.000    18363876.738    76324088.3430       -524.954          39.000  
E30  26042934.439   136856543.9511      -2557.680          26.000    26042944.816   104864174.3850      -1959.890          34.000  
G04  22124069.967   116262737.5560       2391.425          35.000    22124077.143    90594373.7770       1863.452          29.000  
G16  19847031.393   104296817.4270       2071.198          33.000                                                                  
G28  22155030.388   116425349.4560      -2764.036          39.000    22155032.044    90721187.7150      -2154.017          28.000  
E27  23321415.765   122554795.6330       -245.339          28.000    23321406.954    93905680.2450       -188.624          36.000  
E29  22841427.572   120032511.3631         32.781          22.000    22841420.416    91972940.7470         23.399          35.000  
E19                                                                  24062769.928    96890796.5140       1139.998          27.000  
G03                                                                  20037073.475    82048454.5590       -415.448          32.000  
> 2026  7 21  0 32  0.9970000  0 29                           
S35  37334585.527   196194573.7220       -418.309          34.000  
S33  37600330.641   197591069.1890       -415.926          33.000  
S31  36900167.407   193911677.8470       -415.398          39.000  
E21  24550508.755   129013815.4160       2191.587          35.000    24550511.456    98854728.7660       1679.630          32.000  
C41  22732735.226   118375253.6910      -2783.745          36.000  
C23  21020790.923   109460886.5080      -1240.235          36.000  
C25  23432613.023   122019765.0911      -3123.635          18.000  
C32  21108236.925   109916072.9000        201.831          42.000  
C37  22409697.692   116693170.9670       1501.466          30.000  
R04  19150486.182   102549947.2300      -1939.606          39.000    19150478.720    79761080.9640      -1508.971          36.000  
R06  22472864.527   119919493.4380       3465.896          28.000    22472842.380    93270638.3791       2700.563          20.000  
R14  20658240.182   110119987.8060      -3887.604          31.000    20658250.834    85648967.8051      -3022.908          25.000  
R16  20744847.424   110815183.1180       2829.082          31.000    20744842.384    86189603.1680       2199.784          28.000  
R05  18905648.610   101061486.1880       1612.712          39.000    18905655.634    78603397.1500       1253.992          29.000  
G26  19323294.847   101544562.1970       -522.809          41.000    19323292.621    79125676.1740       -407.338          37.000  
G32  22604860.320   118789336.7090      -2918.458          29.000                                                                  
E07  24708995.670   129846576.1170      -1835.157          37.000    24708999.377    99492869.4660      -1406.050          35.000  
G31  20131279.476   105790603.7120      -2066.364          37.000    20131281.751    82434233.2571      -1610.003          26.000  
C20  24550562.765   127841222.1161       2562.190          27.000  
R15  18365147.579    98137754.3450       -682.562          38.000    18365147.025    76329368.0510       -530.711          39.000  
E30  26047807.418   136882141.0670      -2561.313          27.000    26047815.737   104883788.2080      -1962.511          34.000  
G04  22119519.421   116238822.4500       2391.037          35.000    22119526.313    90575738.6120       1863.402          28.000  
G16  19843095.002   104276136.3890       2064.685          33.000                                                                  
G28  22160291.593   116452996.1990      -2764.542          38.000    22160292.709    90742730.6390      -2154.710          28.000  
E27  23321890.493   122557279.4620       -250.963          27.000    23321879.323    93907583.3600       -191.958          35.000  
E29  22841370.957   120032213.7911         32.708          22.000    22841362.919    91972708.3860         22.380          36.000  
E19                                                                  24059939.216    96879394.7680       1140.385          28.000  
G03                                                                  20038092.538    82052628.9540       -420.087          32.000  
R03                                                                  22881971.138    95269208.9481      -3177.164          20.000  
> 2026  7 21  0 32 10.9970000  0 29                           
S35  37335381.778   196198754.9230       -418.320          33.000  
S33  37601122.629   197595231.0060       -417.056          33.000  
S31  36900957.505   193915828.9430       -414.833          39.000  
E21  24546339.289   128991907.0580       2189.760          35.000    24546342.654    98837941.8660       1677.761          33.000  
C41  22738084.628   118403108.1760      -2786.970          35.000  
C23  21023176.302   109473305.9300      -1243.572          37.000  
C25  23438608.487   122050985.0081      -3121.418          19.000  
C32  21107853.054   109914074.1360        197.593          42.000  
C37  22406816.215   116678162.9510       1499.365          30.000  
R04  19154113.806   102569373.7900      -1945.820          40.000    19154106.273    79776190.4900      -1513.450          36.000  
R06  22466367.923   119884827.4240       3466.889          28.000    22466352.943    93243705.0681       2699.736          20.000  
R14  20665535.873   110158879.1830      -3889.978          32.000    20665549.399    85679227.6271      -3025.116          25.000  
R16  20739555.691   110786915.8720       2823.856          32.000    20739550.169    86167617.4980       2197.126          28.000  
R05  18902636.106   101045382.1340       1607.918          39.000    18902636.976    78590871.8190       1250.019          27.000  
G26  19324295.778   101549823.3660       -529.506          41.000    19324293.745    79129775.8050       -412.636          36.000  
G03  20039153.040   105306459.1441       -546.999          25.000    20039125.153    82056857.8650       -425.769          32.000  
G32  22610416.938   118818530.7020      -2920.287          29.000                                                                  
E07  24712488.981   129864932.0910      -1836.319          37.000    24712492.355    99506934.4210      -1406.714          35.000  
G31  20135213.570   105811277.7650      -2068.191          37.000    20135215.375    82450340.9051      -1612.107          27.000  
C20  24545638.005   127815586.2130       2562.524          27.000  
R15  18366431.400    98144615.4350       -689.749          38.000    18366430.853    76334704.4620       -536.657          38.000  
E30  26052682.856   136907767.0450      -2563.645          28.000    26052692.102   104903423.6340      -1964.001          34.000  
G04  22114969.405   116214911.5290       2390.881          35.000    22114976.398    90557106.7270       1863.181          28.000  
G16  19839168.570   104255510.8360       2059.363          34.000                                                                  
G28  22165553.469   116480646.6340      -2765.024          38.000    22165552.838    90764236.4670      -2154.684          28.000  
E27  23322371.392   122559809.0620       -254.958          27.000    23322360.851    93909521.6520       -195.716          35.000  
E29  22841317.648   120031933.6691         16.845          23.000    22841308.043    91972486.9870         21.388          36.000  
E19                                                                  24057107.415    96867992.0930       1140.523          28.000  
R03                                                                  22889616.127    95301038.5691      -3188.151          19.000  
> 2026  7 21  0 32 20.9970000  0 29                           
S35  37336177.126   196202934.2180       -417.671          33.000  
S33  37601914.194   197599390.6710       -415.681          33.000  
S31  36901746.948   193919977.6760       -414.640          39.000  
E21  24542173.993   128970020.9570       2187.758          36.000    24542178.073    98821172.0410       1675.912          32.000  
C41  22743440.218   118430995.7090      -2790.421          35.000  
C23  21025568.062   109485760.0240      -1247.234          38.000  
C25  23444605.962   122082215.5401      -3123.588          17.000  
C32  21107478.008   109912120.5790        193.055          42.000  
C37  22403940.876   116663187.1030       1495.890          29.000  
R04  19157753.259   102588863.8090      -1952.300          40.000    19157746.085    79791349.3860      -1518.449          36.000  
R06  22459870.612   119850158.2850       3466.752          28.000    22459857.696    93216747.4411       2694.126          20.000  
R14  20672835.989   110197794.5560      -3892.203          33.000    20672854.460    85709507.0400      -3027.301          26.000  
R16  20734272.775   110758693.9910       2820.772          31.000    20734267.179    86145667.2040       2193.753          28.000  
R05  18899632.697   101029326.0240       1603.347          40.000    18899630.814    78578383.6840       1247.050          26.000  
G26  19325309.065   101555149.9520       -535.992          40.000    19325307.238    79133926.3500       -417.153          36.000  
G03  20040201.772   105311970.7541       -555.603          24.000    20040170.934    82061140.4480       -430.676          32.000  
G32  22615979.680   118847750.0620      -2923.157          29.000                                                                  
E07  24715984.508   129883302.7770      -1837.818          37.000    24715987.835    99521010.6850      -1408.366          35.000  
G31  20139151.584   105831971.9550      -2070.778          37.000    20139152.579    82466462.2631      -1613.177          27.000  
C20  24540720.233   127789966.5880       2561.565          27.000  
R15  18367728.565    98151548.2020       -697.044          37.000    18367727.738    76340096.6010       -541.937          38.000  
E30  26057565.114   136933420.1120      -2566.609          28.000    26057573.824   104923079.9200      -1966.836          34.000  
G04  22110420.633   116191003.8400       2390.669          34.000    22110426.375    90538477.3600       1862.719          27.000  
G16  19835253.060   104234939.7660       2055.121          34.000                                                                  
G28  22170816.155   116508299.7690      -2765.736          39.000    22170814.972    90785784.3290      -2154.883          28.000  
E27  23322861.627   122562383.6040       -260.057          27.000    23322850.905    93911494.2810       -198.776          35.000  
E29  22841261.585   120031639.7421         23.795          24.000    22841255.444    91972275.7870         20.574          36.000  
E19                                                                  24054275.141    96856587.6270       1141.067          28.000  
R03                                                                  22897260.626    95332866.8621      -3185.423          19.000  
> 2026  7 21  0 32 30.9970000  0 31                           
S35  37336972.719   196207114.8220       -417.974          33.000  
S33  37602705.670   197603549.7720       -416.750          33.000  
S31  36902536.632   193924126.9470       -415.487          39.000  
G01  24398436.771   128214649.9371      -2743.239          23.000                                                                  
E21  24538013.519   128948158.9150       2184.573          36.000    24538018.017    98804420.5720       1673.896          32.000  
C41  22748802.591   118458918.0060      -2794.317          35.000  
C23  21027967.244   109498250.4670      -1251.109          39.000  
C25  23450611.941   122113490.1471      -3133.813          20.000  
C32  21107112.148   109910213.9610        188.112          42.000  
C37  22401071.876   116648245.0920       1492.434          27.000  
R04  19161404.980   102608418.5360      -1959.044          39.000    19161397.921    79806558.5820      -1523.659          36.000  
R06  22453373.089   119815487.7270       3466.786          28.000    22453359.735    93189778.7081       2707.916          20.000  
R03  22904874.196   122611584.2811      -4098.226          12.000    22904905.982    95364697.8691      -3186.589          18.000  
R14  20680142.148   110236735.4950      -3895.564          33.000    20680161.490    85739794.3920      -3029.976          28.000  
R16  20728997.620   110730519.5220       2814.195          32.000    20728996.037    86123753.7150       2189.412          28.000  
R05  18896638.750   101013320.1720       1597.647          40.000    18896637.204    78565943.0881       1243.573          23.000  
G26  19326335.286   101560543.6780       -543.169          40.000    19326333.465    79138129.2670       -423.315          36.000  
G03  20041258.245   105317522.9081       -558.315          22.000    20041230.450    82065478.0780       -437.213          33.000  
G32  22621547.565   118876996.4550      -2926.546          29.000                                                                  
E07  24719483.486   129901689.9240      -1839.810          37.000    24719486.498    99535099.5120      -1409.998          35.000  
G31  20143093.686   105852687.9800      -2073.156          38.000    20143092.372    82482600.5680      -1614.984          27.000  
C20  24535801.338   127764358.2910       2560.058          27.000  
R15  18369039.475    98158554.4700       -704.308          37.000    18369038.624    76345545.9360       -548.107          38.000  
E30  26062448.828   136959102.0430      -2569.829          29.000    26062460.903   104942758.2650      -1969.119          34.000  
G04  22105872.126   116167101.1130       2390.258          34.000    22105877.287    90519851.8310       1862.457          26.000  
G16  19831349.785   104214425.2350       2048.132          36.000                                                                  
G28  22176079.087   116535957.2200      -2766.060          39.000    22176077.083    90807335.5790      -2155.551          29.000  
E27  23323362.258   122565004.5900       -264.885          27.000    23323349.448    93913502.6030       -202.810          35.000  
E29  22841215.939   120031399.5361         26.212          25.000    22841205.977    91972076.1330         18.845          36.000  
E19                                                                  24051443.100    96845182.6920       1140.260          28.000  
G29                                                                  24334186.440    99644424.7911       -308.780          21.000  
> 2026  7 21  0 32 40.9970000  0 30                           
G29  24334930.711   127880923.4621       -386.919          19.000    24334931.909    99647478.1121       -302.739          21.000  
S35  37337768.238   196211298.8370       -418.075          33.000  
S33  37603498.027   197607714.5320       -416.810          33.000  
S31  36903327.060   193928280.2970       -415.688          39.000  
E21  24533858.529   128926325.4540       2181.992          36.000    24533863.355    98787691.0630       1672.006          32.000  
C41  22754172.407   118486879.4850      -2798.476          34.000  
C23  21030373.907   109510781.6970      -1255.204          39.000  
C25  23456619.105   122144770.6451      -3127.115          21.000  
C32  21106756.200   109908358.8160        182.853          42.000  
C37  22398209.698   116633341.4870       1487.244          25.000  
R04  19165069.058   102628042.9080      -1965.883          38.000    19165062.706    79821821.9540      -1529.146          37.000  
R06  22446876.209   119780820.4800       3466.386          29.000    22446862.064    93162810.6121       2687.475          22.000  
R03  22912539.118   122652615.4371      -4096.164          14.000    22912562.637    95396576.1031      -3195.015          19.000  
R14  20687453.197   110275706.4000      -3898.238          34.000    20687471.615    85770105.1310      -3032.387          29.000  
R16  20723731.629   110702396.6220       2810.236          33.000    20723733.701    86101880.4090       2185.357          28.000  
R05  18893654.965   100997368.8690       1592.250          41.000    18893658.398    78553558.0701       1236.950          21.000  
G26  19327374.912   101566009.0100       -550.202          39.000    19327373.241    79142387.9690       -428.796          35.000  
G03  20042335.048   105323180.5771       -569.012          26.000    20042304.336    82069874.2520       -442.999          33.000  
G32  22627120.579   118906274.3360      -2929.812          29.000                                                                  
E07  24722986.846   129920098.0880      -1842.264          37.000    24722989.543    99549204.4290      -1411.291          35.000  
G31  20147041.186   105873430.2510      -2075.643          39.000    20147038.389    82498763.3930      -1617.294          27.000  
C20  24530888.230   127738765.3410       2558.008          27.000  
R15  18370365.198    98165638.6130       -712.766          38.000    18370363.791    76351055.8000       -554.026          37.000  
E30  26067346.376   136984817.2610      -2573.321          29.000    26067354.744   104962462.1250      -1972.018          34.000  
G04  22101325.640   116143208.0170       2388.535          34.000    22101329.520    90501233.8060       1862.313          26.000  
G16  19827458.201   104193971.7050       2042.212          36.000                                                                  
G28  22181343.723   116563623.5790      -2766.987          39.000    22181341.638    90828893.8320      -2156.697          29.000  
E27  23323871.418   122567676.6890       -270.209          28.000    23323857.907    93915550.0820       -206.972          35.000  
E29  22841167.519   120031145.3191         23.972          24.000    22841159.898    91971891.4970         17.432          36.000  
E19                                                                  24048611.562    96833780.7350       1139.892          29.000  
> 2026  7 21  0 32 50.9970000  0 30                           
S35  37338566.355   196215489.9440       -419.449          34.000  
S33  37604291.767   197611885.3680       -417.105          33.000  
S31  36904118.801   193932440.5380       -416.071          39.000  
E21  24529709.408   128904522.5350       2179.143          36.000    24529714.908    98770984.9860       1669.700          32.000  
C41  22759550.118   118514881.9430      -2802.279          33.000  
C23  21032789.005   109523355.5270      -1259.324          39.000  
C25  23462628.579   122176063.4711      -3123.494          20.000  
C32  21106410.827   109906557.0460        177.708          42.000  
C37  22395357.162   116618501.1111       1483.188          23.000  
R04  19168747.100   102647738.8320      -1973.063          38.000    19168740.679    79837140.9820      -1534.203          37.000  
R06  22440380.824   119746158.6040       3465.591          29.000    22440375.364    93135888.3631       2697.869          22.000  
R14  20694770.204   110314709.0230      -3901.358          34.000    20694788.368    85800440.4880      -3035.104          29.000  
R16  20718477.492   110674327.9650       2804.395          33.000    20718479.603    86080049.2510       2181.153          28.000  
R05  18890681.991   100981474.2730       1586.977          40.000    18890678.902    78541170.4021       1231.137          17.000  
G26  19328428.595   101571547.7850       -557.285          39.000    19328427.010    79146703.9150       -434.479          35.000  
G03  20043426.366   105328914.2040       -575.536          27.000    20043392.686    82074330.4120       -447.888          33.000  
G32  22632698.782   118935585.5540      -2932.521          28.000                                                                  
E07  24726494.102   129938529.0940      -1844.015          36.000    24726496.588    99563326.8810      -1413.074          34.000  
G31  20150993.930   105894200.6660      -2078.497          39.000    20150988.631    82514948.0730      -1618.882          26.000  
C20  24525977.019   127713189.4610       2557.456          27.000  
R15  18371705.759    98172802.6260       -720.322          38.000    18371704.025    76356627.8330       -560.149          37.000  
E30  26072242.985   137010567.5780      -2576.707          29.000    26072254.820   104982192.8650      -1974.348          35.000  
G04  22096780.598   116119326.3850       2387.742          34.000    22096784.068    90482624.8200       1860.405          25.000  
G16  19823578.443   104173581.2260       2035.602          35.000                                                                  
G28  22186610.609   116591300.6510      -2768.125          38.000    22186608.641    90850460.3310      -2156.837          29.000  
E19  24045761.783   126361330.4151       1490.039          15.000    24045781.804    96822383.2940       1139.222          29.000  
E27  23324390.371   122570401.7100       -274.667          28.000    23324376.442    93917638.0840       -210.262          35.000  
E29  22841118.123   120030885.8441         20.041          24.000    22841117.935    91971723.3400         16.298          37.000  
R03                                                                  22920219.620    95428456.5291      -3188.990          18.000  
G29                                                                  24335690.161    99650583.0401       -311.736          22.000  
> 2026  7 21  0 33  0.9970000  0 30                           
S35  37339362.691   196219676.4700       -417.964          33.000  
S33  37605084.958   197616052.3090       -416.585          33.000  
S31  36904909.580   193936596.8630       -415.279          39.000  
E21  24525564.065   128882739.8160       2177.047          36.000    24525570.085    98754294.2720       1668.813          32.000  
C41  22764933.852   118542915.0030      -2803.937          32.000  
C23  21035209.428   109535961.5460      -1262.315          38.000  
C25  23468632.905   122207329.2901      -3122.802          19.000  
C32  21106073.338   109904798.3740        173.635          42.000  
C37  22392507.970   116603664.2361       1481.143          25.000  
R04  19172436.388   102667495.6650      -1978.654          37.000    19172430.665    79852507.4050      -1538.830          37.000  
R06  22433884.410   119711491.4710       3466.823          30.000    22433877.076    93108917.8131       2692.357          22.000  
R14  20702090.494   110353732.5960      -3903.171          34.000    20702104.661    85830792.0880      -3036.040          29.000  
R16  20713231.287   110646302.7860       2799.897          33.000    20713233.264    86058251.8240       2178.345          28.000  
R05  18887717.094   100965625.8850       1582.473          41.000    18887709.898    78528826.4051       1225.160          11.000  
G26  19329493.913   101577149.5900       -563.218          38.000    19329492.660    79151068.9390       -439.358          34.000  
G03  20044518.962   105334699.5590       -581.769          27.000    20044494.009    82078838.4480       -453.302          34.000  
G32  22638281.189   118964919.7390      -2934.497          29.000                                                                  
E07  24730004.206   129956972.5940      -1844.970          36.000    24730006.008    99577458.9100      -1413.566          34.000  
G31  20154950.268   105914988.7290      -2079.822          40.000    20154943.981    82531146.5590      -1620.453          26.000  
C20  24521065.293   127687620.6720       2556.378          27.000  
R15  18373059.511    98180035.6590       -726.606          38.000    18373057.450    76362253.5060       -565.195          36.000  
E30  26077151.133   137036342.5000      -2579.076          29.000    26077159.851   105001942.4950      -1976.027          35.000  
G04  22092236.207   116095445.8780       2387.614          34.000    22092238.386    90464022.8641       1860.278          25.000  
G16  19819708.241   104153243.3290       2031.158          35.000                                                                  
G28  22191877.376   116618977.9570      -2767.452          38.000    22191877.788    90872027.0870      -2156.890          29.000  
E19  24042931.132   126346455.6321       1492.297          16.000    24042949.460    96810982.2290       1140.235          29.000  
E27  23324916.150   122573169.2720       -278.724          29.000    23324902.873    93919758.7070       -213.999          35.000  
E29  22841081.036   120030690.5371         19.005          25.000    22841078.125    91971563.7270         15.516          36.000  
R03                                                                  22927888.345    95460384.8591      -3199.659          17.000  
G29                                                                  24336455.318    99653715.9661       -317.833          22.000  
> 2026  7 21  0 33 10.9970000  0 30                           
S35  37340159.143   196223860.6480       -418.600          34.000  
S33  37605877.633   197620215.9910       -416.630          33.000  
S31  36905699.977   193940749.5020       -415.244          39.000  
E21  24521422.676   128860978.1650       2174.801          36.000    24521428.913    98737619.7800       1666.998          31.000  
C41  22770323.823   118570979.5640      -2808.404          32.000  
C23  21037636.207   109548600.5630      -1265.211          38.000  
C25  23474638.363   122238601.8721      -3101.661          18.000  
C32  21105744.504   109903083.6800        169.311          43.000  
C37  22389665.644   116588864.3660       1478.737          27.000  
R04  19176136.327   102687314.0770      -1985.078          37.000    19176131.977    79867921.7080      -1543.715          37.000  
R06  22427387.439   119676820.2090       3466.557          30.000    22427380.628    93081955.1901       2700.254          23.000  
R14  20709414.951   110392777.9690      -3905.718          34.000    20709427.957    85861160.6650      -3037.454          30.000  
R16  20707992.861   110618321.9300       2795.323          32.000    20707995.142    86036488.9840       2174.446          28.000  
R05  18884761.170   100949824.8190       1577.520          41.000                                                                  
G26  19330572.033   101582815.2500       -569.993          38.000    19330570.505    79155483.6970       -443.604          35.000  
G03  20045625.650   105340473.3510       -589.015          26.000    20045608.224    82083399.0200       -458.911          34.000  
G32  22643868.639   118994277.7090      -2937.079          29.000                                                                  
E07  24733516.726   129975429.4320      -1846.456          36.000    24733518.252    99591601.1570      -1415.163          34.000  
G31  20158909.902   105935795.2530      -2081.599          41.000    20158903.135    82547359.4920      -1622.565          26.000  
C20  24516156.292   127662059.6970       2555.765          27.000  
R15  18374425.878    98187338.5330       -733.890          37.000    18374423.600    76367933.5190       -571.121          36.000  
E30  26082057.804   137062142.8370      -2581.377          28.000    26082069.460   105021711.5830      -1978.350          35.000  
G04  22087692.937   116071567.4020       2387.629          33.000    22087691.428    90445403.6381       1858.968          23.000  
G16  19815848.261   104132959.0730       2024.896          34.000                                                                  
G28  22197145.054   116646656.3980      -2767.957          38.000    22197145.436    90893594.7270      -2157.114          28.000  
E19  24040104.132   126331598.9351       1492.907          19.000    24040114.942    96799578.3730       1140.348          29.000  
E27  23325450.504   122575980.2350       -283.053          29.000    23325437.764    93921912.5530       -217.513          34.000  
E29  22841041.773   120030483.7601         18.860          26.000    22841040.734    91971413.3090         14.525          37.000  
R03                                                                  22935552.267    95492293.9221      -3201.403          17.000  
G29                                                                  24337229.996    99656888.0161       -326.826          21.000  
> 2026  7 21  0 33 20.9970000  0 30                           
S35  37340955.501   196228044.1500       -418.993          33.000  
S33  37606669.573   197624379.0960       -416.135          33.000  
S31  36906490.419   193944902.5500       -415.839          39.000  
E21  24517286.023   128839240.4080       2172.404          36.000    24517292.612    98720963.6220       1665.152          31.000  
C41  22775720.153   118599078.2310      -2811.917          33.000  
C23  21040070.213   109561275.3050      -1269.979          37.000  
C25  23480651.336   122269913.2181      -3122.063          21.000  
C32  21105424.635   109901415.7840        164.303          43.000  
C37  22386829.535   116574094.6180       1475.711          30.000  
R04  19179848.611   102707197.0520      -1991.953          38.000    19179845.447    79883386.2530      -1549.085          38.000  
R06  22420890.474   119642147.5840       3467.376          29.000    22420887.726    93055007.5261       2694.156          23.000  
R14  20716744.068   110431847.9210      -3908.751          34.000    20716757.339    85891548.4020      -3040.267          31.000  
R16  20702763.281   110590388.4790       2790.693          31.000    20702765.070    86014762.9480       2171.126          29.000  
R05  18881814.264   100934073.7750       1572.318          41.000    18881799.201    78504251.2441       1221.697          16.000  
G26  19331662.603   101588547.4880       -576.765          38.000    19331661.305    79159950.3730       -449.602          35.000  
G03  20046752.028   105346392.1611       -596.999          25.000    20046735.666    82088014.2650       -464.429          34.000  
G32  22649460.792   119023662.1480      -2940.083          29.000                                                                  
E07  24737031.832   129993902.4280      -1848.208          36.000    24737033.208    99605755.7710      -1416.361          33.000  
G31  20162873.595   105956622.9380      -2084.073          41.000    20162865.218    82563588.8060      -1623.774          25.000  
C20  24511247.537   127636509.4560       2554.614          26.000  
R15  18375806.146    98194714.2530       -741.596          38.000    18375803.725    76373670.1890       -576.760          36.000  
E30  26086973.478   137087971.3170      -2584.643          28.000    26086984.676   105041502.2250      -1980.120          35.000  
G04  22083150.072   116047693.8640       2386.708          34.000    22083148.453    90426800.5871       1858.585          23.000  
G16  19811998.354   104112731.2780       2019.763          33.000                                                                  
G28  22202413.064   116674338.6770      -2768.793          39.000    22202412.869    90915165.3320      -2157.471          28.000  
E19  24037278.773   126316752.2751       1485.863          22.000    24037282.922    96788173.8640       1140.376          29.000  
E27  23325990.909   122578837.3470       -288.354          30.000    23325981.119    93924101.7510       -220.832          34.000  
E29  22841004.466   120030302.3540         17.505          26.000    22841006.405    91971274.2740         12.861          37.000  
R03                                                                  22943225.089    95524239.7501      -3187.457          17.000  
G29                                                                  24338014.761    99660101.6781       -323.545          22.000  
> 2026  7 21  0 33 30.9970000  0 30                           
S35  37341751.204   196232226.3010       -418.371          33.000  
S33  37607461.308   197628541.7500       -415.585          33.000  
S31  36907280.261   193949053.0750       -414.994          39.000  
E21  24513153.897   128817525.4460       2170.262          36.000    24513160.679    98704324.9090       1662.868          31.000  
C41  22781122.865   118627209.7790      -2814.982          33.000  
C23  21042510.364   109573984.4280      -1272.889          36.000  
C25  23486671.076   122301258.6831      -3134.130          23.000  
C32  21105113.558   109899793.5160        159.874          44.000  
C37  22384000.232   116559357.6600       1471.744          32.000  
R04  19183572.852   102727143.4530      -1997.515          39.000    19183571.029    79898900.1320      -1553.604          38.000  
R06  22414392.179   119607472.4790       3467.929          28.000    22414386.849    93028025.8691       2700.975          22.000  
R14  20724078.274   110470940.8290      -3909.876          35.000    20724091.160    85921954.0300      -3041.600          31.000  
R16  20697541.533   110562501.1370       2786.364          31.000    20697546.401    85993072.8130       2167.503          29.000  
R05  18878876.733   100918372.0350       1567.819          41.000    18878865.438    78492053.3181       1219.959          19.000  
G26  19332765.616   101594345.0380       -582.956          39.000    19332764.513    79164467.9640       -454.447          35.000  
G03  20047898.011   105352414.8911       -602.929          23.000    20047876.029    82092683.1820       -469.617          34.000  
G32  22655058.346   119053071.9160      -2942.071          29.000                                                                  
E07  24740549.589   130012390.3300      -1849.531          35.000    24740551.155    99619921.7980      -1417.612          33.000  
G31  20166841.323   105977470.4710      -2085.619          42.000    20166837.081    82579833.6420      -1624.990          25.000  
C20  24506341.580   127610968.8470       2553.419          26.000  
R15  18377199.857    98202161.1270       -748.362          39.000    18377197.441    76379462.1770       -582.036          37.000  
E30  26091888.349   137113826.7060      -2587.741          26.000    26091904.974   105061313.4290      -1982.297          35.000  
G04  22078607.883   116023823.9720       2387.559          34.000    22078602.745    90408187.1061       1857.171          23.000  
G16  19808158.905   104092558.7800       2014.801          32.000                                                                  
G28  22207681.615   116702023.5660      -2768.896          39.000    22207680.033    90936737.9530      -2157.281          28.000  
E19  24034444.143   126301855.6321       1488.833          23.000    24034450.945    96776767.7210       1140.416          29.000  
E27  23326539.865   122581739.3550       -292.473          30.000    23326533.025    93926325.3760       -224.343          34.000  
E29  22840970.246   120030134.6060         15.585          26.000    22840974.113    91971145.6460         12.542          36.000  
R03                                                                  22950904.383    95556212.7771      -3199.965          18.000  
G29                                                                  24338812.736    99663369.0321       -327.392          21.000  
> 2026  7 21  0 33 40.9970000  0 30                           
S35  37342546.546   196236407.5200       -417.807          33.000  
S33  37608252.746   197632702.2830       -416.183          33.000  
S31  36908070.100   193953203.8540       -414.636          39.000  
E21  24509025.895   128795834.2030       2168.215          36.000    24509032.958    98687704.3750       1660.955          30.000  
C41  22786532.083   118655375.0880      -2817.652          33.000  
C23  21044957.348   109586728.8780      -1276.482          35.000  
C25  23492685.927   122332579.7811      -3131.621          25.000  
C32  21104811.504   109898217.8220        155.093          44.000  
C37  22381177.033   116544653.9450       1468.223          33.000  
R04  19187309.614   102747154.0030      -2004.119          39.000    19187308.461    79914463.8940      -1558.614          39.000  
R06  22407893.069   119572796.1010       3467.717          27.000    22407884.623    93001039.9081       2699.383          23.000  
R14  20731416.541   110510057.7680      -3912.258          35.000    20731430.094    85952378.2970      -3043.884          32.000  
R16  20692329.003   110534660.8470       2781.797          29.000    20692334.461    85971419.2560       2163.795          29.000  
R05  18875947.985   100902720.3260       1562.629          41.000    18875944.038    78479907.1441       1213.583          22.000  
G26  19333881.471   101600208.8290       -589.452          38.000    19333880.733    79169037.1480       -459.460          35.000  
G03  20049041.360   105358423.3061       -611.258          24.000    20049029.959    82097406.5410       -474.591          34.000  
G32  22660660.162   119082507.8690      -2945.003          28.000                                                                  
E07  24744070.520   130030894.1310      -1851.221          34.000    24744071.987    99634099.9800      -1417.965          33.000  
G31  20170812.866   105998338.7460      -2087.672          43.000    20170805.038    82596074.5521      -1627.467          24.000  
C20  24501437.642   127585438.7360       2552.178          26.000  
R15  18378607.393    98209680.3890       -755.550          40.000    18378604.628    76385310.4990       -587.423          37.000  
E30  26096805.399   137139709.6540      -2589.874          26.000    26096830.302   105081145.8540      -1984.397          35.000  
G04  22074065.913   115999958.8240       2386.393          33.000    22074064.281    90389602.8621       1859.337          23.000  
G16  19804330.129   104072442.6380       2008.606          32.000                                                                  
G28  22212950.946   116729711.9310      -2768.857          38.000    22212948.764    90958313.3060      -2157.141          29.000  
E19  24031611.791   126286971.8311       1482.018          23.000    24031617.815    96765360.6250       1140.678          30.000  
E27  23327101.249   122584687.1830       -297.545          31.000    23327093.810    93928584.1030       -227.647          34.000  
E29  22840942.259   120029981.3390         14.404          27.000    22840944.946    91971028.2240         11.303          36.000  
R03                                                                  22958592.281    95588221.5291      -3199.838          18.000  
G29                                                                  24339614.501    99666652.1351       -326.246          20.000  
> 2026  7 21  0 33 50.9970000  0 30                           
S35  37343342.377   196240590.7950       -418.165          33.000  
S33  37609045.357   197636865.9070       -417.113          33.000  
S31  36908860.084   193957355.9020       -415.432          39.000  
E21  24504903.207   128774169.1190       2164.713          36.000    24504910.755    98671103.8800       1658.138          30.000  
C41  22791948.122   118683576.4710      -2822.424          33.000  
C23  21047411.093   109599510.8720      -1280.349          35.000  
C25  23498705.264   122363924.7981      -3131.551          25.000  
C32  21104518.574   109896691.0940        150.167          44.000  
C37  22378359.800   116529985.7750       1465.124          34.000  
R04  19191059.485   102767231.1750      -2011.237          40.000    19191058.412    79930079.4630      -1564.532          39.000  
R06  22401394.277   119538120.7850       3467.391          27.000    22401387.576    92974074.8001       2700.241          24.000  
R14  20738759.720   110549200.8180      -3915.793          35.000    20738772.664    85982822.8150      -3045.345          32.000  
R16  20687125.875   110506870.1110       2776.315          28.000    20687133.508    85949804.2390       2159.587          30.000  
R05  18873029.595   100887121.1790       1557.224          41.000    18873033.560    78467806.7281       1210.649          23.000  
G26  19335010.710   101606141.1860       -596.980          38.000    19335009.854    79173659.7350       -464.992          35.000  
G03  20050204.515   105364535.2391       -617.374          27.000    20050197.445    82102186.1700       -480.853          34.000  
G32  22666267.216   119111972.3870      -2948.470          28.000                                                                  
E07  24747594.985   130049416.1430      -1853.860          33.000    24747596.350    99648292.1500      -1419.968          32.000  
G31  20174788.595   106019230.1200      -2090.314          43.000    20174778.686    82612345.5651      -1629.799          22.000  
C20  24496537.684   127559921.5480       2551.022          26.000  
R15  18380029.423    98217274.3120       -763.332          41.000    18380025.839    76391216.8920       -593.873          38.000  
E30  26101735.990   137165622.7250      -2593.198          26.000    26101761.445   105101001.2680      -1986.996          35.000  
G04  22069525.005   115976100.6720       2385.802          33.000    22069517.974    90370986.1931       1854.593          21.000  
G16  19800512.760   104052385.2470       2001.959          31.000                                                                  
G28  22218221.090   116757406.1530      -2769.746          38.000    22218219.234    90979893.2750      -2158.720          29.000  
E19  24028777.212   126272076.2911       1481.522          24.000    24028784.949    96753954.5330       1140.219          29.000  
E27  23327674.251   122587683.1880       -302.040          32.000    23327663.176    93930879.7830       -231.497          34.000  
E29  22840913.190   120029845.0650         12.213          27.000    22840918.882    91970923.7990          9.683          36.000  
R03                                                                  22966288.248    95620263.7291      -3202.578          18.000  
G29                                                                  24340430.322    99669993.0011       -323.698          18.000  
> 2026  7 21  0 34  0.9970000  0 30                           
S35  37344139.275   196244777.9050       -418.557          33.000  
S33  37609838.104   197641032.4470       -417.096          33.000  
S31  36909650.930   193961512.6590       -415.859          39.000  
E21  24500786.243   128752532.5730       2162.338          36.000    24500793.575    98654525.2240       1656.589          29.000  
C41  22797371.187   118711816.1860      -2825.629          34.000  
C23  21049872.772   109612332.7280      -1284.116          34.000  
C25  23504722.193   122395255.9791      -3133.431          24.000  
C32  21104235.734   109895215.7090        145.134          45.000  
C37  22375549.921   116515355.5900       1460.891          35.000  
R04  19194822.335   102787377.3520      -2018.357          40.000    19194821.559    79945748.6920      -1569.635          39.000  
R06  22394895.565   119503449.0450       3466.657          28.000    22394891.893    92947115.3101       2696.450          25.000  
R14  20746108.860   110588372.3650      -3918.232          35.000    20746120.915    86013289.5660      -3047.931          32.000  
R16  20681932.208   110479131.6260       2771.533          28.000    20681942.263    85928229.8290       2155.841          30.000  
R05  18870121.652   100871577.4310       1551.835          41.000    18870129.915    78455734.3751       1206.113          26.000  
G26  19336153.412   101612144.3990       -603.719          38.000    19336152.582    79178337.5900       -470.734          35.000  
G03  20051390.170   105370739.2610       -624.178          28.000    20051379.018    82107023.9000       -486.456          33.000  
G32  22671879.998   119141467.6950      -2950.909          28.000                                                                  
E07  24751122.712   130067958.7050      -1854.820          32.000    24751124.960    99662500.0850      -1420.855          32.000  
G31  20178769.429   106040146.8960      -2092.928          43.000    20178760.109    82628648.4281      -1631.865          22.000  
C20  24491646.066   127534419.8050       2549.588          26.000  
R15  18381465.797    98224944.9920       -770.671          41.000    18381461.535    76397182.9990       -599.842          38.000  
E30  26106678.547   137191567.9890      -2596.065          27.000    26106698.614   105120881.4070      -1988.865          35.000  
G04  22064985.725   115952252.1310       2384.258          32.000    22064975.577    90352386.3061       1853.712          21.000  
G16  19796709.318   104032402.0310       1996.997          31.000                                                                  
G28  22223493.249   116785108.5380      -2770.680          37.000    22223491.365    91001479.5390      -2159.185          30.000  
E19  24025948.292   126257209.4461       1488.370          26.000    24025952.834    96742551.1430       1140.747          30.000  
E27  23328255.184   122590729.7230       -306.739          32.000    23328242.703    93933214.1760       -235.537          34.000  
E29  22840896.081   120029728.2200         10.569          27.000    22840896.733    91970834.2120          8.213          36.000  
R03                                                                  22973988.280    95652322.0991      -3200.897          17.000  
G29                                                                  24341257.120    99673378.4401       -333.998          18.000  
> 2026  7 21  0 34 10.9970000  0 30                           
S35  37344936.428   196248966.2770       -418.260          33.000  
S33  37610631.530   197645200.7400       -417.218          33.000  
S31  36910442.036   193965669.6520       -415.447          39.000  
E21  24496673.728   128730921.4410       2160.216          36.000    24496681.333    98637966.0360       1655.450          29.000  
C41  22802800.862   118740091.0440      -2828.790          34.000  
C23  21052341.472   109625191.2150      -1288.058          33.000  
C25  23510739.810   122426591.2971      -3134.106          24.000  
C32  21103961.606   109893788.5270        140.466          45.000  
C37  22372746.994   116500760.1430       1458.174          36.000  
R04  19198597.633   102807589.4000      -2024.072          40.000    19198595.794    79961469.1690      -1574.068          39.000  
R06  22388397.723   119468777.6610       3467.853          27.000    22388400.716    92920174.2761       2697.371          25.000  
R14  20753462.806   110627568.6520      -3920.443          36.000    20753473.806    86043775.5360      -3049.562          31.000  
R16  20676748.169   110451442.0270       2766.116          29.000    20676758.904    85906693.5000       2151.899          30.000  
R05  18867223.557   100856085.7200       1546.857          41.000    18867232.862    78443689.2561       1203.030          26.000  
G26  19337308.979   101618215.2600       -610.353          38.000    19337308.293    79183068.1250       -475.686          35.000  
G03  20052576.331   105377019.0180       -631.223          28.000    20052573.814    82111917.1800       -491.998          33.000  
G32  22677498.443   119170990.6600      -2953.368          26.000                                                                  
E07  24754654.154   130086518.6910      -1856.151          31.000    24754656.580    99676721.4120      -1422.694          32.000  
G31  20182754.314   106061085.7580      -2094.799          43.000    20182743.413    82644960.3021      -1628.277          20.000  
C20  24486751.746   127508930.3440       2548.300          28.000  
R15  18382915.371    98232689.3120       -777.694          41.000    18382911.128    76403206.3410       -604.730          38.000  
E30  26111622.392   137217542.3130      -2598.442          26.000    26111641.075   105140783.8380      -1991.607          34.000  
G04  22060447.898   115928409.8520       2384.107          31.000    22060434.445    90333790.4491       1856.678          21.000  
G16  19792916.471   104012463.9800       1991.168          30.000                                                                  
G28  22228766.202   116812815.8600      -2771.020          37.000    22228764.460    91023069.6210      -2159.268          30.000  
E19  24023120.456   126242333.9640       1488.878          27.000    24023120.508    96731148.1370       1140.497          30.000  
E27  23328844.575   122593823.5730       -310.992          32.000    23328831.424    93935584.7890       -238.806          34.000  
E29  22840885.044   120029627.4900          9.505          28.000    22840877.353    91970757.0130          7.414          36.000  
R03                                                                  22981688.707    95684383.3341      -3209.219          18.000  
G29                                                                  24342093.358    99676802.2781       -349.234          17.000  
> 2026  7 21  0 34 20.9970000  0 30                           
S35  37345733.117   196253152.5730       -419.300          33.000  
S33  37611424.250   197649366.8800       -416.316          33.000  
S31  36911232.883   193969824.7930       -415.784          39.000  
E21  24492564.990   128709333.1880       2157.142          36.000    24492573.283    98621424.3610       1653.252          29.000  
C41  22808236.326   118768398.3930      -2832.758          35.000  
C23  21054816.980   109638083.6420      -1291.242          33.000  
C25  23516759.746   122457939.0321      -3135.615          25.000  
C32  21103696.337   109892407.0090        135.457          45.000  
C37  22369949.991   116486196.8960       1454.480          36.000  
R04  19202383.953   102827864.5080      -2031.096          40.000    19202381.882    79977238.7100      -1579.737          39.000  
R06  22381895.733   119434083.3881       3465.855          26.000    22381901.744    92893201.0171       2696.191          25.000  
R14  20760820.919   110666787.3630      -3922.972          36.000    20760830.279    86074278.9180      -3050.824          31.000  
R16  20671574.177   110423798.6380       2762.740          30.000    20671585.013    85885193.1000       2149.149          31.000  
R05  18864334.875   100840643.5800       1541.426          41.000    18864344.803    78431674.8350       1197.791          27.000  
G26  19338476.745   101624351.1230       -617.067          38.000    19338476.041    79187849.2950       -480.702          35.000  
G03  20053778.841   105383367.4830       -638.479          29.000    20053781.868    82116863.9680       -497.278          32.000  
G32  22683121.088   119200538.6110      -2956.306          25.000                                                                  
E07  24758185.013   130105093.5170      -1858.730          30.000    24758190.972    99690954.0330      -1423.952          31.000  
G31  20186742.623   106082044.1040      -2097.018          44.000    20186726.846    82661271.0231      -1647.309          18.000  
C20  24481858.436   127483450.6230       2546.721          27.000  
R15  18384377.730    98240504.3610       -785.359          41.000    18384373.941    76409284.7240       -610.578          39.000  
E30  26116571.739   137243509.9581      -2601.394          26.000    26116588.959   105160706.3700      -1993.446          34.000  
G04  22055910.281   115904571.2880       2384.967          31.000    22055901.539    90315229.5351       1856.637          23.000  
G16  19789133.161   103992581.4520       1985.525          29.000                                                                  
G28  22234039.821   116840525.4430      -2771.435          36.000    22234038.854    91044661.4870      -2159.161          30.000  
E19  24020287.311   126227449.7590       1488.505          27.000    24020288.428    96719743.3580       1140.895          30.000  
E27  23329441.757   122596962.2130       -317.163          32.000    23329428.521    93937989.6920       -242.818          33.000  
E29  22840865.596   120029540.3730          7.214          28.000    22840860.733    91970690.2520          5.676          36.000  
R03                                                                  22989397.815    95716479.8081      -3207.356          18.000  
G29                                                                  24342937.453    99680258.7071       -349.345          16.000  
> 2026  7 21  0 34 30.9970000  0 30                           
S35  37346530.313   196257342.9820       -418.516          33.000  
S33  37612217.728   197653536.9010       -417.804          33.000  
S31  36912024.205   193973984.3800       -416.190          39.000  
E21  24488462.186   128687773.5700       2154.392          36.000    24488470.912    98604904.7240       1650.671          28.000  
C41  22813679.427   118796743.9420      -2836.871          35.000  
C23  21057299.681   109651015.6990      -1294.607          33.000  
C25  23522787.462   122489326.7691      -3135.661          26.000  
C32  21103440.676   109891076.9020        130.330          45.000  
C37  22367160.166   116471671.5830       1450.184          37.000  
R04  19206183.137   102848208.6830      -2038.078          40.000    19206180.850    79993061.9330      -1585.313          38.000  
R06  22375391.565   119399376.7351       3466.939          26.000    22375404.586    92866235.8191       2695.697          25.000  
R14  20768184.118   110706034.0780      -3926.095          37.000    20768192.089    86104804.1220      -3053.256          31.000  
R16  20666409.160   110396207.5940       2756.464          31.000    20666421.031    85863733.4110       2144.609          31.000  
R05  18861456.685   100825256.9070       1535.491          41.000    18861472.047    78419707.3770       1193.842          27.000  
G26  19339657.676   101630557.6870       -624.308          37.000    19339657.652    79192685.5950       -486.563          35.000  
G03  20055001.432   105389790.3710       -646.429          31.000    20055003.555    82121868.7590       -503.394          32.000  
G32  22688750.811   119230189.8151      -2959.723          24.000                                                                  
E07  24761722.801   130123688.9240      -1860.675          30.000    24761729.511    99705202.4440      -1425.944          31.000  
G31  20190735.602   106103027.6760      -2099.702          44.000    20190712.905    82677593.9991      -1629.328          14.000  
C20  24476968.751   127457986.3350       2545.822          28.000  
R15  18385854.542    98248396.0310       -793.239          41.000    18385851.267    76415422.6860       -616.955          39.000  
E30  26121528.247   137269556.6941      -2605.654          26.000    26121542.808   105180653.5040      -1995.977          34.000  
G04  22051376.218   115880742.5000       2382.568          32.000    22051371.885    90296681.0481       1856.540          23.000  
G16  19785361.128   103972760.4200       1978.587          27.000                                                                  
G28  22239315.006   116868243.0650      -2772.242          36.000    22239313.586    91066259.6370      -2160.081          30.000  
E19  24017450.181   126212569.2910       1488.095          27.000    24017457.020    96708341.4370       1139.557          30.000  
E27  23330048.853   122600151.1930       -321.754          32.000    23330035.613    93940433.2180       -246.103          33.000  
E29  22840852.343   120029472.5990          5.744          27.000    22840847.620    91970638.3380          4.258          36.000  
R03                                                                  22997107.587    95748580.0511      -3203.658          18.000  
G29                                                                  24343798.924    99683786.9201       -346.769          17.000  
> 2026  7 21  0 34 40.9970000  0 30                           
S35  37347327.326   196261532.2710       -418.116          33.000  
S33  37613011.316   197657706.0310       -417.003          33.000  
S31  36912815.498   193978142.4730       -415.290          39.000  
E21  24484363.255   128666237.4650       2152.504          36.000    24484372.309    98588403.0000       1649.474          28.000  
C41  22819128.525   118825122.3840      -2839.026          35.000  
C23  21059789.214   109663982.1840      -1298.050          33.000  
C25  23528812.140   122520684.3480      -3136.803          27.000  
C32  21103193.702   109889793.0760        126.270          45.000  
C37  22364376.348   116457178.9790       1447.639          37.000  
R04  19209993.987   102868616.4440      -2043.634          39.000    19209991.767    80008934.6330      -1589.371          38.000  
R06  22368894.208   119364704.7641       3466.841          25.000    22368906.381    92839265.5591       2697.285          25.000  
R14  20775551.796   110745303.1880      -3928.354          36.000    20775558.486    86135346.7760      -3055.886          30.000  
R16  20661252.683   110368663.5000       2751.822          32.000    20661265.367    85842310.2360       2141.300          30.000  
R05  18858587.733   100809920.4560       1531.436          41.000    18858605.513    78407779.0010       1190.619          27.000  
G26  19340850.928   101636829.7490       -630.749          36.000    19340851.359    79197572.9090       -491.150          35.000  
G03  20056237.690   105396282.4060       -652.374          33.000    20056239.053    82126927.4640       -508.392          31.000  
G32  22694387.220   119259809.5761      -2960.714          23.000                                                                  
E07  24765267.767   130142299.6450      -1861.556          29.000    24765271.162    99719462.5900      -1426.259          31.000  
G31  20194732.452   106124031.0790      -2101.011          44.000                                                                  
C20  24472080.857   127432532.5290       2545.294          27.000  
R15  18387344.888    98256358.9560       -799.579          41.000    18387341.515    76421616.0850       -622.086          39.000  
E30  26126492.848   137295646.1011      -2607.443          26.000    26126501.647   105200621.1360      -1998.233          34.000  
G04  22046843.194   115856918.0810       2382.676          32.000    22046841.888    90278131.9201       1854.175          24.000  
G16  19781599.084   103952995.5390       1974.236          26.000                                                                  
G28  22244590.998   116895963.4630      -2772.133          35.000    22244588.466    91087859.9180      -2158.943          30.000  
E19  24014618.558   126197687.1510       1488.340          27.000    24014624.920    96696938.2060       1140.787          30.000  
E27  23330662.989   122603385.3840       -325.090          32.000    23330651.132    93942911.4390       -249.686          33.000  
E29  22840846.426   120029419.1160          4.375          27.000    22840837.663    91970597.3020          3.629          36.000  
R03                                                                  23004826.071    95780715.6331      -3209.217          18.000  
G29                                                                  24344670.780    99687356.5121       -342.430          15.000  
> 2026  7 21  0 34 50.9970000  0 30                           
S35  37348124.644   196265719.4040       -418.757          34.000  
S33  37613804.197   197661872.8390       -417.141          33.000  
S31  36913606.407   193982298.5600       -415.651          39.000  
E21  24480269.543   128644724.0460       2149.486          35.000    24480278.266    98571918.6880       1647.859          27.000  
C41  22824584.173   118853532.9040      -2843.061          36.000  
C23  21062285.313   109676982.1620      -1301.726          33.000  
C25  23534835.425   122552049.8470      -3136.898          28.000  
C32  21102955.951   109888554.7200        121.172          44.000  
C37  22361598.563   116442718.2560       1443.771          38.000  
R04  19213816.266   102889086.7330      -2050.914          39.000    19213813.819    80024855.9530      -1594.688          38.000  
R06  22362398.153   119330041.0431       3468.152          25.000    22362405.782    92812286.0191       2696.307          25.000  
R14  20782922.906   110784593.8680      -3930.876          36.000    20782928.464    86165906.1350      -3056.821          30.000  
R16  20656106.355   110341165.4440       2748.079          33.000    20656117.993    85820922.9130       2136.730          31.000  
R05  18855727.645   100794633.4080       1526.055          40.000    18855750.600    78395889.1290       1186.293          26.000  
G26  19342056.386   101643166.3330       -637.429          35.000    19342057.191    79202510.5280       -496.536          35.000  
G03  20057487.261   105402842.7700       -659.949          33.000    20057487.290    82132039.4020       -513.116          30.000  
G32  22700024.596   119289433.4711      -2960.130          23.000                                                                  
E07  24768816.078   130160924.9080      -1863.150          29.000    24768815.447    99733733.9090      -1427.641          31.000  
G31  20198733.089   106145053.6090      -2103.461          45.000    20198719.804    82710380.8621      -1630.720          13.000  
C20  24467193.114   127407088.3790       2543.989          27.000  
R15  18388848.106    98264392.0840       -807.216          41.000    18388845.222    76427864.0410       -627.683          40.000  
E30  26131454.363   137321719.3601      -2609.580          25.000    26131465.406   105220608.5320      -2000.133          33.000  
G04  22042310.406   115833097.3180       2381.437          32.000    22042305.060    90259553.8181       1859.493          25.000  
G16  19777854.830   103933327.6991       1968.271          25.000                                                                  
G28  22249866.685   116923685.7440      -2772.677          33.000    22249864.445    91109461.7380      -2160.458          30.000  
E19  24011784.789   126182802.4450       1488.667          28.000    24011792.455    96685533.1260       1139.398          30.000  
E27  23331286.516   122606663.9510       -329.938          31.000    23331275.275    93945423.5420       -252.994          33.000  
E29  22840838.654   120029378.8750          3.660          26.000    22840830.125    91970566.5280          2.349          35.000  
R03                                                                  23012542.110    95812841.7781      -3213.777          19.000  
G29                                                                  24345542.932    99690927.8781       -352.263          12.000  
> 2026  7 21  0 35  0.9970000  0 30                           
S35  37348921.971   196269911.3670       -419.486          33.000  
S33  37614598.203   197666044.5520       -417.581          33.000  
S31  36914398.472   193986459.4680       -416.301          39.000  
E21  24476181.000   128623240.0260       2146.881          35.000    24476189.896    98555456.9610       1644.932          28.000  
C41  22830047.481   118881981.9850      -2846.826          37.000  
C23  21064789.509   109690022.1400      -1306.056          33.000  
C25  23540860.980   122583426.8230      -3137.825          28.000  
C32  21102727.966   109887368.4690        115.936          44.000  
C37  22358828.470   116428296.0350       1440.156          38.000  
R04  19217651.318   102909626.6440      -2057.727          38.000    19217649.223    80040831.4420      -1600.570          38.000  
R06  22355898.526   119295357.3761       3467.140          24.000    22355906.505    92785311.6361       2696.131          24.000  
R14  20790299.423   110823912.6400      -3933.597          36.000    20790304.241    86196487.3930      -3059.440          30.000  
R16  20650969.115   110313720.6150       2741.791          33.000    20650980.540    85799576.9710       2132.000          31.000  
R05  18852877.648   100779403.0410       1520.029          39.000    18852905.073    78384119.2261       1181.909          24.000  
G26  19343274.990   101649574.1480       -644.591          35.000    19343277.032    79207503.6310       -502.234          35.000  
G03  20058751.635   105409478.0870       -667.365          34.000    20058749.138    82137209.7700       -520.163          28.000  
G32  22705671.027   119319106.0531      -2968.319          23.000                                                                  
E07  24772367.519   130179571.4280      -1866.467          30.000    24772363.654    99748021.4340      -1429.385          31.000  
G31  20202738.461   106166101.7060      -2106.283          45.000    20202720.417    82726761.9301      -1638.208          14.000  
C20  24462311.804   127381660.4730       2542.095          28.000  
R15  18390365.607    98272502.1930       -814.806          40.000    18390363.481    76434171.8990       -633.679          40.000  
E30  26136429.269   137347862.0941      -2613.261          25.000    26136435.280   105240620.7720      -2002.592          33.000  
G04  22037779.242   115809286.7970       2380.658          32.000    22037773.127    90240996.2661       1854.975          25.000  
G16  19774123.976   103913722.5611       1960.634          23.000                                                                  
G28  22255143.996   116951416.5480      -2774.048          31.000    22255142.368    91131070.2200      -2162.961          30.000  
E19  24008955.851   126167921.9920       1487.604          29.000    24008960.806    96674131.1630       1139.918          30.000  
E27  23331920.459   122609993.4950       -335.540          31.000    23331909.038    93947974.7560       -256.704          33.000  
E29  22840834.864   120029358.7600          1.167          26.000    22840826.179    91970551.1110          0.635          36.000  
R03                                                                  23020277.299    95845047.2321      -3221.334          17.000  
G29                                                                  24346429.241    99694557.4591       -357.744          16.000  
> 2026  7 21  0 35 10.9970000  0 30                           
S35  37349720.542   196274106.4390       -419.880          33.000  
S33  37615392.877   197670219.8460       -417.118          33.000  
S31  36915190.821   193990623.4210       -416.563          39.000  
E21  24472097.879   128601784.4530       2144.277          35.000    24472106.952    98539017.0090       1643.011          27.000  
C41  22835518.092   118910468.6340      -2850.073          37.000  
C23  21067300.980   109703101.0170      -1309.216          33.000  
C25  23546886.809   122614814.2510      -3139.040          28.000  
C32  21102509.916   109886233.3480        111.228          44.000  
C37  22356065.710   116413911.2910       1436.413          37.000  
R04  19221499.009   102930235.1470      -2063.656          37.000    19221497.611    80056860.2910      -1605.684          38.000  
R06  22349402.767   119260695.5361       3468.470          23.000    22349416.241    92758374.1401       2696.769          25.000  
R14  20797681.658   110863258.4010      -3936.002          36.000    20797684.589    86227089.6050      -3060.606          30.000  
R16  20645841.380   110286327.7900       2736.929          34.000    20645853.355    85778271.3870       2129.376          31.000  
R05  18850038.300   100764228.1070       1514.964          39.000    18850072.057    78372340.5261       1177.204          22.000  
G26  19344506.720   101656052.0910       -651.295          35.000    19344510.006    79212551.3830       -507.657          35.000  
G03  20060028.540   105416187.2910       -674.860          34.000    20060024.545    82142437.6990       -525.008          27.000  
G32  22711325.949   119348822.5371      -2970.174          24.000                                                                  
E07  24775921.876   130198238.0690      -1867.430          30.000    24775915.697    99762324.4690      -1431.229          31.000  
G31  20206748.414   106187174.2470      -2108.348          45.000    20206727.572    82743170.7501      -1642.433          17.000  
C20  24457431.540   127356247.9790       2541.264          28.000  
R15  18391897.158    98280688.2010       -822.290          40.000    18391895.720    76440538.7970       -639.752          40.000  
E30  26141400.723   137373987.0701      -2615.455          25.000    26141411.026   105260657.0420      -2005.045          33.000  
G04  22033250.863   115785485.6830       2379.962          32.000    22033245.888    90222458.0171       1855.536          26.000  
G16  19770393.243   103894117.6471       1949.946          21.000                                                                  
G28  22260423.569   116979154.8000      -2773.804          28.000    22260420.454    91152684.3870      -2161.728          29.000  
E19  24006122.568   126153044.7830       1487.737          28.000    24006129.358    96662731.7410       1140.280          30.000  
E27  23332564.383   122613373.0020       -340.272          31.000    23332552.254    93950564.2830       -260.299          33.000  
E29  22840831.274   120029357.7290         -0.980          26.000    22840826.097    91970550.2880         -0.402          35.000  
R03                                                                  23028006.009    95877225.2831      -3213.115          17.000  
G29                                                                  24347320.125    99698205.4681       -358.078          15.000  
> 2026  7 21  0 35 20.9970000  0 30                           
S35  37350518.403   196278300.8640       -419.545          33.000  
S33  37616187.230   197674393.7090       -417.483          33.000  
S31  36915983.301   193994786.7540       -415.996          39.000  
E21  24468019.210   128580352.6620       2141.744          35.000    24468028.212    98522595.2400       1641.119          27.000  
C41  22840995.119   118938988.1510      -2853.729          37.000  
C23  21069819.518   109716214.2200      -1313.321          33.000  
C25  23552920.396   122646207.3090      -3139.818          28.000  
C32  21102300.667   109885144.7800        106.279          44.000  
C37  22353308.899   116399559.3830       1433.370          36.000  
R04  19225358.931   102950907.2000      -2070.553          37.000    19225357.566    80072938.5120      -1610.182          37.000  
R06  22342906.822   119226031.9671       3467.841          23.000    22342919.425    92731410.0271       2696.325          25.000  
R14  20805067.219   110902626.2020      -3937.587          36.000    20805069.410    86257708.9740      -3062.170          30.000  
R16  20640722.554   110258982.2500       2731.730          34.000    20640734.327    85757002.6440       2125.524          32.000  
R05  18847208.562   100749104.0590       1509.641          39.000    18847250.998    78360611.1741       1171.913          18.000  
G26  19345751.712   101662595.4540       -657.518          35.000    19345755.347    79217650.0870       -511.583          34.000  
G03  20061317.841   105422965.7000       -681.427          33.000    20061313.029    82147719.5900       -530.717          26.000  
G32  22716989.618   119378585.2321      -2974.718          24.000                                                                  
E07  24779476.556   130216920.1790      -1868.465          30.000    24779471.148    99776639.3140      -1431.727          30.000  
G31  20210762.078   106208266.5440      -2110.176          45.000    20210746.132    82759626.0611      -1648.380          20.000  
C20  24452553.298   127330846.2810       2539.893          28.000  
R15  18393442.113    98288945.2330       -829.294          39.000    18393441.206    76446960.9220       -645.096          41.000  
E30  26146377.694   137400141.6741      -2618.920          24.000    26146391.985   105280713.5850      -2006.347          32.000  
G04  22028722.308   115761689.3340       2378.849          32.000    22028720.266    90203926.3661       1855.511          26.000  
G16  19766686.772   103874640.0681       1948.883          22.000                                                                  
G28  22265703.313   117006895.9150      -2774.464          25.000    22265698.994    91174300.7660      -2161.937          29.000  
E19  24003290.793   126138166.0390       1487.014          28.000    24003298.140    96651331.0930       1140.361          30.000  
E27  23333214.948   122616797.7980       -345.315          31.000    23333204.472    93953188.4660       -264.271          34.000  
E29  22840835.290   120029371.0100         -2.047          26.000    22840828.659    91970560.5310         -1.480          35.000  
R03                                                                  23035745.049    95909447.2611      -3222.050          18.000  
G29                                                                  24348230.807    99701933.9281       -364.301          16.000  
> 2026  7 21  0 35 30.9970000  0 30                           
S35  37351316.809   196282494.6970       -418.738          33.000  
S33  37616981.149   197678567.0680       -417.364          33.000  
S31  36916775.570   193998949.2320       -416.256          39.000  
E21  24463945.248   128558945.4570       2139.767          34.000    24463954.082    98506192.3360       1639.938          27.000  
C41  22846478.297   118967541.2120      -2857.013          37.000  
C23  21072344.790   109729362.3070      -1316.555          34.000  
C25  23558946.710   122677606.7580      -3140.090          28.000  
C32  21102100.789   109884103.5000        101.831          44.000  
C37  22350558.964   116385241.0570       1430.417          35.000  
R04  19229230.904   102971643.7760      -2076.664          36.000    19229229.638    80089066.9330      -1614.961          37.000  
R06  22336406.021   119191342.1881       3464.870          23.000    22336422.674    92704445.8131       2696.381          25.000  
R14  20812456.869   110942016.7160      -3940.114          36.000    20812458.955    86288346.0500      -3064.798          31.000  
R16  20635613.466   110231684.8700       2727.826          35.000    20635624.456    85735771.4160       2120.707          32.000  
R05  18844388.895   100734031.7640       1504.896          40.000                                                                  
G26  19347009.202   101669204.9370       -663.917          35.000    19347013.117    79222800.3480       -517.428          34.000  
G03  20062620.253   105429814.0590       -688.287          32.000    20062610.796    82153037.0251       -536.703          23.000  
G32  22722649.326   119408327.2621      -2984.673          23.000                                                                  
E07  24783035.450   130235618.5850      -1870.367          31.000    24783029.256    99790966.6140      -1432.744          30.000  
G31  20214779.695   106229379.2210      -2112.115          45.000    20214771.982    82776111.7051      -1643.212          22.000  
C20  24447676.143   127305456.1660       2538.323          27.000  
R15  18395000.682    98297273.9310       -836.575          39.000    18395000.006    76453438.7750       -650.192          41.000  
E30  26151360.426   137426326.5361      -2621.447          22.000    26151377.923   105300791.1470      -2009.537          32.000  
G04  22024195.224   115737898.4820       2378.766          33.000    22024194.088    90185389.4220       1853.721          27.000  
G16  19762986.365   103855193.6751       1944.997          23.000                                                                  
G28  22270984.958   117034815.8091      -2773.462          21.000    22270978.207    91195919.9000      -2162.500          28.000  
E19  24000459.786   126123286.4910       1487.782          28.000    24000466.471    96639929.9530       1139.830          30.000  
E27  23333875.222   122620268.5870       -350.083          31.000    23333864.767    93955847.8730       -267.322          34.000  
E29  22840835.812   120029399.5110         -3.561          26.000    22840834.039    91970582.3760         -2.662          35.000  
R03                                                                  23043489.780    95941692.4271      -3224.786          16.000  
G29                                                                  24349143.131    99705669.9601       -378.821          17.000  
> 2026  7 21  0 35 40.9970000  0 31                           
S35  37352114.804   196286686.5950       -418.333          33.000  
S33  37617774.807   197682738.4880       -416.808          33.000  
S31  36917567.430   194003110.0060       -415.880          39.000  
E21  24459875.641   128537561.4100       2137.373          34.000    24459884.078    98489807.1800       1637.659          27.000  
C41  22851967.857   118996126.2360      -2859.876          37.000  
C23  21074876.230   109742543.7590      -1319.856          35.000  
C25  23564975.941   122709010.9880      -3140.341          28.000  
C32  21101909.848   109883108.0520         97.450          43.000  
C37  22347814.345   116370954.8100       1427.598          34.000  
R04  19233114.917   102992443.2590      -2083.078          36.000    19233113.097    80105244.3020      -1620.311          36.000  
R06  22329915.728   119156708.5211       3468.383          24.000    22329922.214    92677466.4871       2698.621          24.000  
R14  20819850.384   110981428.1670      -3941.954          35.000    20819852.264    86318999.4130      -3067.091          31.000  
R16  20630512.648   110204434.2960       2723.248          35.000    20630523.746    85714576.5420       2117.911          31.000  
R05  18841579.112   100719009.6490       1499.852          40.000                                                                  
G26  19348279.026   101675878.9650       -670.210          35.000    19348283.308    79228000.9250       -522.524          34.000  
G03  20063935.899   105436730.8160       -695.306          31.000    20063919.351    82158394.7111       -544.863          22.000  
G32  22728317.412   119438113.4391      -2977.809          22.000                                                                  
E07  24786596.529   130254331.7590      -1871.964          31.000    24786590.220    99805305.2590      -1434.139          30.000  
G31  20218801.012   106250510.7830      -2113.993          45.000    20218796.440    82792591.0231      -1647.964          24.000  
C20  24442801.723   127280076.1720       2536.781          28.000  
R15  18396572.203    98305672.6120       -843.435          39.000    18396571.746    76459971.1130       -656.033          41.000  
E30  26156346.644   137452528.9841      -2627.653          22.000    26156368.990   105320888.2480      -2010.182          32.000  
G04  22019668.801   115714111.6520       2379.053          33.000    22019667.914    90166854.2110       1853.763          27.000  
G16  19759300.266   103835823.1951       1942.312          22.000                                                                  
G28  22276268.060   117062577.7911      -2751.408          14.000    22276258.737    91217540.4470      -2161.932          29.000  
E33  26669821.841   140150859.5991      -2773.632          16.000                                                                  
E19  23997629.280   126108404.7020       1488.342          28.000    23997634.377    96628526.9900       1140.660          30.000  
E27  23334541.314   122623783.7310       -353.377          30.000    23334533.800    93958541.3610       -270.969          34.000  
E29  22840847.315   120029441.6610         -4.185          27.000    22840842.341    91970614.7070         -3.879          35.000  
R03                                                                  23051238.068    95973952.3171      -3224.953          17.000  
G29                                                                  24350071.886    99709473.7241       -384.135          17.000  
> 2026  7 21  0 35 50.9970000  0 30                           
S35  37352911.723   196290876.7250       -418.888          33.000  
S33  37618568.198   197686909.0650       -416.888          33.000  
S31  36918358.701   194007269.3210       -415.904          39.000  
E21  24455810.946   128516200.8300       2134.838          33.000    24455818.534    98473440.0480       1635.498          27.000  
C41  22857463.550   119024743.5600      -2863.257          37.000  
C23  21077414.612   109755758.8490      -1323.451          35.000  
C25  23571010.740   122740420.2810      -3141.100          28.000  
C32  21101727.598   109882158.8170         92.639          43.000  
C37  22345076.590   116356701.0300       1424.160          33.000  
R04  19237010.773   103013305.8950      -2089.750          35.000    19237008.390    80121470.7900      -1625.416          36.000  
R06  22323424.206   119122068.6971       3466.909          26.000    22323424.010    92650497.2541       2696.931          25.000  
R14  20827248.051   111020860.8710      -3944.003          35.000    20827250.212    86349669.2520      -3068.121          31.000  
R16  20625420.643   110177230.7450       2718.307          35.000    20625430.895    85693418.2070       2113.525          31.000  
R05  18838778.993   100704038.5440       1494.661          41.000    18838770.571    78325352.1091       1161.733          17.000  
G26  19349561.906   101682617.9100       -677.432          35.000    19349565.873    79233252.0210       -527.542          34.000  
G03  20065264.950   105443716.1970       -701.996          30.000    20065243.328    82163816.9531       -551.085          21.000  
G32  22733990.139   119467923.6881      -2980.787          18.000                                                                  
E07  24790160.002   130273060.0040      -1873.318          30.000    24790154.286    99819655.4560      -1435.730          30.000  
G31  20222825.900   106271661.7500      -2115.962          45.000    20222828.265    82809101.1461      -1649.505          25.000  
C20  24437926.593   127254706.6600       2536.689          27.000  
R15  18398157.120    98314141.7360       -849.891          38.000    18398156.500    76466558.2290       -661.538          41.000  
E30  26161334.456   137478740.3801      -2625.968          21.000    26161365.023   105341005.3230      -2012.789          32.000  
G04  22015142.823   115690329.3120       2378.087          33.000    22015141.905    90148322.5320       1852.943          27.000  
G28  22281541.826   117090292.3751      -2771.321          16.000    22281538.092    91239162.7290      -2161.891          29.000  
E33  26675109.203   140178644.4521      -2778.262          20.000                                                                  
E19  23994797.425   126093521.2510       1488.316          28.000    23994801.818    96617122.7540       1140.686          30.000  
E27  23335216.144   122627343.7420       -359.015          30.000    23335211.709    93961269.1350       -274.396          35.000  
E29  22840855.281   120029497.9570         -6.646          27.000    22840852.961    91970657.7820         -4.882          35.000  
R03                                                                  23058991.502    96006233.7061      -3231.450          16.000  
G29                                                                  24351006.874    99713302.1281       -399.531          17.000  
> 2026  7 21  0 36  0.9970000  0 31                           
S35  37353708.326   196295063.1210       -418.544          33.000  
S33  37619360.833   197691075.3810       -416.457          33.000  
S31  36919149.112   194011424.7330       -415.323          39.000  
E21  24451750.535   128494861.7760       2132.872          34.000    24451755.859    98457093.3720       1633.680          27.000  
C41  22862965.303   119053391.0530      -2865.930          37.000  
C23  21079958.763   109769005.4760      -1325.920          36.000  
C25  23577042.572   122771832.4890      -3140.976          28.000  
C32  21101553.688   109881253.8130         88.352          43.000  
C37  22342345.136   116342477.6240       1420.908          32.000  
R04  19240917.871   103034229.6940      -2095.126          35.000    19240915.406    80137744.8280      -1629.599          35.000  
R06  22316932.468   119087403.7170       3467.731          28.000    22316926.588    92623529.6161       2696.344          24.000  
R14  20834648.970   111060312.5250      -3945.915          35.000    20834651.323    86380353.8580      -3069.687          31.000  
R16  20620337.033   110150072.4850       2713.975          34.000    20620346.278    85672295.1220       2110.600          30.000  
R05  18835987.825   100689116.3700       1489.850          41.000    18835984.197    78313767.8601       1155.821          19.000  
G26  19350856.682   101689419.5540       -682.799          35.000    19350860.391    79238552.0130       -531.595          33.000  
G03  20066606.454   105450768.2750       -708.450          29.000    20066579.965    82169290.0421       -552.340          21.000  
G32  22739677.582   119497812.2001      -2974.538          18.000                                                                  
E07  24793726.913   130291801.2820      -1874.645          31.000    24793720.762    99834015.6220      -1436.231          30.000  
G31  20226853.769   106292829.6290      -2117.611          44.000    20226858.353    82825603.5651      -1650.383          26.000  
C20  24433053.673   127229345.8080       2535.512          27.000  
R15  18399754.756    98322678.9970       -856.651          38.000    18399753.892    76473198.3220       -666.541          41.000  
E30  26166329.949   137504990.9851      -2626.194          21.000    26166365.666   105361140.5760      -2014.226          32.000  
G04  22010616.942   115666549.3820       2378.159          32.000    22010617.456    90129799.7110       1852.604          28.000  
G16  19751936.449   103797126.1461       1924.659          24.000                                                                  
G28  22286819.980   117118028.7881      -2772.378          21.000    22286818.338    91260785.1910      -2162.237          29.000  
E33  26680389.143   140206390.5621      -2771.317          23.000                                                                  
E19  23991963.047   126078633.7750       1488.937          28.000    23991968.580    96605715.4570       1141.467          30.000  
E27  23335899.182   122630946.4610       -362.994          30.000    23335897.597    93964029.6610       -277.774          35.000  
E29  22840866.435   120029566.1400         -7.259          26.000    22840865.710    91970710.0860         -5.581          34.000  
R03                                                                  23066748.475    96038529.5031      -3224.305          17.000  
G29                                                                  24351959.526    99717202.7451       -387.355          18.000  
> 2026  7 21  0 36 10.9970000  0 31                           
S35  37354504.504   196299247.7500       -417.618          33.000  
S33  37620153.456   197695239.3400       -416.782          33.000  
S31  36919939.468   194015578.0410       -415.322          39.000  
E21  24447694.282   128473545.7960       2130.318          34.000    24447698.408    98440760.3270       1632.260          27.000  
C41  22868473.135   119082070.2440      -2869.971          37.000  
C23  21082509.337   109782285.0880      -1329.444          37.000  
C25  23583076.519   122803249.2210      -3142.353          27.000  
C32  21101388.851   109880394.5630         83.480          43.000  
C37  22339620.531   116328286.1360       1417.243          30.000  
R04  19244837.793   103055216.0170      -2101.929          35.000    19244834.047    80154067.4970      -1635.207          35.000  
R06  22310435.154   119052730.9000       3467.454          29.000                                                                  
R14  20842053.265   111099784.5090      -3947.888          35.000    20842057.132    86411054.2860      -3071.853          31.000  
R16  20615261.894   110122960.6510       2707.946          33.000    20615270.407    85651208.1950       2106.204          29.000  
R05  18833206.279   100674244.4770       1484.506          41.000    18833200.552    78302194.2911       1152.122          22.000  
G26  19352162.980   101696285.4930       -690.004          35.000    19352166.755    79243902.1400       -538.039          33.000  
G03  20067961.748   105457888.5160       -715.589          28.000    20067930.772    82174821.3521       -556.630          20.000  
G32  22745369.983   119527725.1171      -2982.342          16.000                                                                  
E07  24797296.780   130310557.1230      -1876.752          30.000    24797289.766    99848386.9520      -1437.809          30.000  
G31  20230885.406   106314015.9750      -2119.542          43.000    20230888.310    82842112.0670      -1651.944          27.000  
C20  24428181.888   127203995.0500       2534.625          26.000  
R15  18401365.673    98331285.8510       -863.832          38.000    18401364.411    76479892.5480       -672.399          41.000  
E30  26171335.883   137531298.2421      -2632.567          19.000    26171370.874   105381295.1960      -2016.077          32.000  
G04  22006092.043   115642773.5120       2376.329          32.000    22006093.210    90111273.0290       1852.151          29.000  
G16  19748264.371   103777829.3571       1922.038          27.000                                                                  
G28  22292102.393   117145787.8531      -2775.675          26.000    22292098.761    91282408.8700      -2162.324          29.000  
E33  26685668.048   140234131.2271      -2779.037          23.000                                                                  
E19  23989126.929   126063743.9150       1489.058          28.000    23989135.036    96594306.3440       1141.138          30.000  
E27  23336591.115   122634593.3350       -367.521          30.000    23336591.739    93966824.0400       -281.735          35.000  
E29  22840880.078   120029647.9610         -9.157          26.000    22840881.211    91970772.7550         -6.658          34.000  
R03                                                                  23074515.704    96070868.5391      -3223.136          15.000  
G29                                                                  24352923.925    99721151.9851       -403.528          17.000  
> 2026  7 21  0 36 20.9970000  0 31                           
S35  37355301.855   196303435.1000       -419.384          33.000  
S33  37620946.651   197699406.5260       -417.251          33.000  
S31  36920730.221   194019734.1660       -415.749          39.000  
E21  24443643.821   128452257.9580       2127.312          34.000    24443647.381    98424448.8840       1630.054          27.000  
C41  22873987.880   119110785.9780      -2873.914          36.000  
C23  21085067.104   109795602.5990      -1333.887          37.000  
C25  23589108.326   122834675.1960      -3144.067          26.000  
C32  21101233.532   109879586.0770         78.081          42.000  
C37  22336902.604   116314131.5470       1412.977          28.000  
R04  19248770.510   103076270.1240      -2108.858          36.000    19248765.112    80170442.8860      -1640.286          35.000  
R06  22303938.597   119018062.0200       3466.271          29.000    22303931.561    92569596.1851       2693.718          23.000  
R14  20849462.997   111139281.9010      -3951.753          34.000    20849467.456    86441774.4590      -3073.574          31.000  
R16  20610196.429   110095900.7600       2703.290          32.000    20610204.273    85630161.5850       2102.717          28.000  
R05  18830435.035   100659428.3660       1478.639          41.000    18830428.743    78290670.3781       1150.920          23.000  
G26  19353483.013   101703220.6550       -697.556          36.000    19353486.172    79249306.1450       -542.702          32.000  
G03  20069331.080   105465081.8470       -723.142          28.000    20069293.350    82180400.5691       -566.424          20.000  
G32  22751057.590   119557614.2471      -2990.619          19.000                                                                  
E07  24800868.880   130329332.5140      -1878.163          30.000    24800862.930    99862773.3290      -1440.032          30.000  
G31  20234921.150   106335225.7560      -2122.254          43.000    20234924.233    82858639.1270      -1653.813          27.000  
C20  24423316.556   127178659.4740       2532.404          26.000  
R15  18402990.360    98339967.3940       -872.356          37.000    18402988.475    76486644.8190       -678.118          41.000  
E30  26176342.928   137557610.2091      -2633.666          18.000    26176382.014   105401473.0250      -2019.549          32.000  
G04  22001569.312   115619006.6650       2375.418          32.000    22001569.938    90092753.3980       1851.481          29.000  
G16  19744610.916   103758630.7940       1915.879          30.000                                                                  
G28  22297382.753   117173538.1960      -2776.412          29.000    22297379.196    91304037.7010      -2163.194          28.000  
E33  26690947.595   140261876.2131      -2777.893          24.000                                                                  
E19  23986295.549   126048856.7580       1488.522          28.000    23986302.035    96582899.3360       1140.252          30.000  
E27  23337292.780   122638289.4580       -372.881          31.000    23337295.618    93969656.1140       -285.164          36.000  
E29  22840891.349   120029748.2890        -11.046          25.000    22840900.167    91970849.7170         -9.016          33.000  
R03                                                                  23082276.742    96103182.4281      -3234.656          14.000  
G29                                                                  24353893.464    99725121.9581       -390.309          16.000  
> 2026  7 21  0 36 30.9970000  0 31                           
S35  37356099.681   196307627.3830       -419.244          33.000  
S33  37621740.456   197703578.2080       -417.457          33.000  
S31  36921521.953   194023894.8390       -416.360          39.000  
E21  24439598.517   128430999.9580       2125.251          34.000    24439601.303    98408160.3200       1628.141          27.000  
C41  22879509.919   119139539.8960      -2877.112          35.000  
C23  21087632.244   109808959.5750      -1337.123          38.000  
C25  23595147.779   122866112.0840      -3144.568          26.000  
C32  21101088.594   109878830.0430         73.374          42.000  
C37  22334191.886   116300015.4480       1409.810          26.000  
R04  19252715.987   103097393.7590      -2115.737          36.000    19252709.239    80186872.3440      -1645.095          35.000  
R06  22297445.462   118983398.6870       3466.378          30.000    22297434.148    92542629.0181       2696.479          23.000  
R14  20856877.380   111178806.1870      -3953.499          33.000    20856882.351    86472515.5570      -3075.154          31.000  
R16  20605140.569   110068894.5940       2697.875          30.000    20605148.165    85609156.8210       2098.281          28.000  
R05  18827673.939   100644669.7250       1473.032          40.000    18827667.005    78279187.8411       1142.503          24.000  
G26  19354816.563   101710226.6430       -703.655          36.000    19354818.257    79254765.4010       -547.867          30.000  
G03  20070715.019   105472349.9910       -730.464          28.000    20070673.875    82186054.1511       -562.208          22.000  
G32  22756739.201   119587471.5101      -2983.576          22.000                                                                  
E07  24804446.608   130348129.2880      -1880.951          29.000    24804439.594    99877175.8910      -1440.450          30.000  
G31  20238961.603   106356460.6260      -2124.527          43.000    20238963.349    82875185.7950      -1656.172          27.000  
C20  24418454.263   127153298.3751       2532.933          26.000  
R15  18404629.379    98348725.1030       -879.472          37.000    18404627.429    76493456.4190       -684.014          41.000  
E30  26181359.155   137583970.4411      -2650.899          19.000    26181399.304   105421675.1700      -2021.659          32.000  
G04  21997049.202   115595250.6370       2375.016          32.000    21997048.178    90074242.1930       1851.135          29.000  
G16  19740969.813   103739506.3330       1909.451          32.000                                                                  
G28  22302663.736   117201303.4860      -2776.504          30.000    22302660.983    91325673.0070      -2163.596          27.000  
E33  26696226.014   140289614.4101      -2778.136          25.000                                                                  
E19  23983462.574   126033973.9710       1488.168          28.000    23983469.834    96571495.5680       1141.074          30.000  
E27  23338003.501   122642036.4050       -376.704          31.000    23338009.005    93972527.2040       -289.226          36.000  
E29  22840911.250   120029868.9450        -12.491          25.000    22840922.796    91970942.1820         -9.914          33.000  
R03                                                                  23090041.695    96135511.4901      -3236.652          13.000  
G29                                                                  24354865.777    99729103.1831       -413.772          15.000  
> 2026  7 21  0 36 40.9970000  0 30                           
S35  37356897.150   196311820.0420       -420.126          33.000  
S33  37622534.452   197707750.8570       -417.016          34.000  
S31  36922314.126   194028057.0600       -415.912          39.000  
E21  24435559.174   128409768.7540       2121.741          35.000    24435561.703    98391892.2810       1625.857          27.000  
C41  22885038.639   119168328.7860      -2880.475          34.000  
C23  21090204.468   109822352.8710      -1341.035          38.000  
C25  23601187.872   122897556.6560      -3144.377          26.000  
C32  21100952.925   109878123.3760         68.186          42.000  
C37  22331492.393   116285940.4701       1405.962          21.000  
R04  19256673.886   103118583.4760      -2122.519          37.000    19256665.697    80203353.2030      -1650.631          35.000  
R06  22290950.828   118948737.7620       3466.213          29.000    22290935.408    92515656.9121       2697.181          23.000  
R14  20864295.738   111218353.9060      -3955.432          33.000    20864301.265    86503274.8830      -3076.981          31.000  
R16  20600094.104   110041938.7330       2693.370          27.000    20600101.169    85588191.1170       2095.218          27.000  
R05  18824922.827   100629965.3430       1467.774          40.000                                                                  
G26  19356163.540   101717300.3070       -710.766          37.000    19356162.142    79260277.3990       -554.091          30.000  
G03  20072111.621   105479689.7000       -737.193          28.000    20072076.874    82191798.6931       -564.182          24.000  
G32  22762421.029   119617329.6511      -2989.526          23.000                                                                  
E07  24808026.560   130366944.0490      -1882.274          29.000    24808020.029    99891592.4770      -1442.473          30.000  
G31  20243006.680   106377717.3300      -2126.765          43.000    20243007.466    82891749.3760      -1656.921          28.000  
C20  24413591.023   127127974.5051       2530.467          26.000  
R15  18406282.137    98357555.8480       -886.515          36.000    18406279.940    76500324.7870       -689.577          41.000  
E30  26186377.776   137610343.0691      -2648.688          18.000    26186421.709   105441899.2280      -2023.542          32.000  
G04  21992529.761   115571502.2750       2374.696          32.000    21992530.595    90055736.9850       1850.439          30.000  
G16  19737340.714   103720441.6250       1903.984          32.000                                                                  
G28  22307948.886   117229073.9010      -2776.849          31.000    22307944.704    91347312.2590      -2163.835          27.000  
E33  26701508.112   140317371.2901      -2776.984          25.000                                                                  
E19  23980633.061   126019092.3660       1488.133          28.000    23980637.991    96560092.7820       1139.950          30.000  
E27  23338727.500   122645831.1140       -382.519          32.000    23338731.543    93975434.8070       -292.625          36.000  
E29  22840942.520   120029962.7351        -15.309          24.000    22840948.793    91971047.7990        -10.942          32.000  
G29                                                                  24355854.824    99733153.8621       -389.038          15.000  
> 2026  7 21  0 36 50.9970000  0 30                           
S35  37357695.144   196316014.2430       -419.112          33.000  
S33  37623328.745   197711924.5590       -416.995          33.000  
S31  36923106.048   194032219.5040       -416.661          39.000  
E21  24431524.114   128388563.6390       2118.848          35.000    24431525.569    98375644.2420       1623.778          28.000  
C41  22890574.022   119197151.9500      -2883.679          33.000  
C23  21092783.753   109835781.6790      -1344.984          39.000  
C25  23607225.545   122929008.1520      -3144.941          26.000  
C32  21100826.575   109877465.4050         63.328          41.000  
C37  22328797.592   116271908.2441       1393.058          15.000  
R04  19260643.767   103139838.5530      -2128.934          37.000    19260634.516    80219884.9360      -1656.657          36.000  
R06  22284456.262   118914078.6240       3465.363          28.000    22284442.230    92488707.5891       2690.876          23.000  
R14  20871718.899   111257924.4480      -3958.948          32.000    20871724.396    86534052.0230      -3079.550          31.000  
R16  20595056.850   110015032.7990       2688.559          23.000    20595063.462    85567264.3640       2090.025          26.000  
R05  18822182.099   100615315.0650       1462.242          40.000                                                                  
G26  19357522.712   101724440.8700       -717.612          37.000    19357518.123    79265841.5250       -559.750          29.000  
G03  20073521.303   105487100.2940       -745.518          29.000    20073493.765    82197600.3641       -581.373          26.000  
G32  22768111.351   119647232.2961      -2991.490          25.000                                                                  
E07  24811613.075   130385776.2610      -1883.989          29.000    24811603.452    99906022.2850      -1443.744          29.000  
G31  20247055.686   106398995.2070      -2129.145          43.000    20247052.540    82908329.5500      -1659.348          28.000  
C20  24408736.060   127102693.8800       2528.019          27.000  
R15  18407948.218    98366458.6220       -893.983          36.000    18407946.129    76507249.2100       -695.876          41.000  
E30  26191403.421   137636753.3841      -2650.258          18.000    26191449.718   105462144.6370      -2026.258          32.000  
G04  21988010.897   115547760.9300       2374.000          30.000    21988013.865    90037240.2310       1850.202          30.000  
G16  19733722.171   103701436.2050       1897.188          31.000                                                                  
G28  22313234.784   117256848.6210      -2777.144          32.000    22313230.120    91368954.8660      -2163.969          28.000  
E33  26706795.862   140345159.3881      -2778.979          24.000                                                                  
E19  23977798.952   126004211.1340       1487.984          27.000    23977805.909    96548690.2590       1140.361          29.000  
E27  23339460.013   122649672.7630       -387.098          33.000    23339462.728    93978378.4050       -296.408          37.000  
E29  22840979.414   120030156.1191        -18.901          23.000    22840977.437    91971166.0760        -12.704          31.000  
G29                                                                  24356851.220    99737233.6711       -415.469          17.000  
> 2026  7 21  0 37  0.9970000  0 29                           
S35  37358493.907   196320212.2290       -420.241          33.000  
S33  37624123.576   197716102.3580       -417.407          33.000  
S31  36923899.285   194036386.6050       -416.726          39.000  
E21  24427495.093   128367388.3920       2116.525          36.000    24427494.739    98359419.0580       1621.915          28.000  
C41  22896116.720   119226013.0360      -2888.379          32.000  
C23  21095370.286   109849249.6660      -1348.920          39.000  
C25  23613267.294   122960470.3420      -3146.574          25.000  
C32  21100710.251   109876859.8580         58.057          41.000  
R04  19264626.275   103161162.9680      -2135.434          37.000    19264616.684    80236470.5590      -1661.057          36.000  
R06  22277961.836   118879425.0820       3465.833          28.000    22277954.270    92461780.6391       2710.100          23.000  
R14  20879147.200   111297521.4840      -3961.213          32.000    20879152.020    86564849.6880      -3080.680          31.000  
R16  20590034.890   109988270.3451       2682.341          20.000    20590030.734    85546414.7291       2086.408          26.000  
R05  18819452.549   100600722.3780       1456.357          40.000    18819451.638    78245030.7691       1133.571          26.000  
G26  19358895.459   101731652.0300       -724.899          37.000    19358888.427    79271460.6140       -564.522          29.000  
G03  20074945.650   105494585.3790       -753.044          30.000    20074924.930    82203456.1160       -586.009          27.000  
G32  22773812.130   119677189.8301      -2997.947          26.000                                                                  
E07  24815202.020   130404629.6610      -1886.675          28.000    24815190.920    99920468.3710      -1444.979          29.000  
G31  20251109.542   106420298.0200      -2131.258          42.000    20251107.637    82924929.1190      -1660.731          28.000  
C20  24403886.726   127077418.7000       2526.849          28.000  
R15  18409628.634    98375437.4080       -901.473          36.000    18409626.515    76514232.7040       -701.297          41.000  
E30  26196432.608   137663182.1251      -2640.917          17.000    26196483.728   105482414.0870      -2028.256          32.000  
G04  21983493.255   115524030.4380       2372.531          30.000    21983499.001    90018748.9590       1848.863          31.000  
G16  19730115.405   103682493.8140       1890.943          30.000                                                                  
G28  22318520.906   117284631.3990      -2778.809          32.000    22318517.320    91390603.7660      -2164.837          29.000  
E33  26712079.926   140372927.3221      -2779.708          24.000                                                                  
E19  23974965.605   125989334.2010       1487.306          26.000    23974975.068    96537291.0260       1140.195          29.000  
E27  23340201.924   122653565.0550       -391.668          34.000    23340203.728    93981360.8500       -300.153          37.000  
E29  22841015.221   120030344.6781        -17.730          22.000    22841010.245    91971299.8310        -13.978          31.000  
G29                                                                  24357858.177    99741356.8151       -412.108          15.000  
> 2026  7 21  0 37 10.9970000  0 29                           
S35  37359292.167   196324408.8160       -419.707          33.000  
S33  37624918.871   197720278.7500       -416.541          33.000  
S31  36924691.981   194040551.5540       -415.750          39.000  
E21  24423470.429   128346237.0490       2114.510          36.000    24423469.488    98343212.2390       1620.007          29.000  
C41  22901665.953   119254905.9340      -2890.344          30.000  
C23  21097963.506   109862750.7540      -1351.324          39.000  
C25  23619309.502   122991942.0971      -3147.263          25.000  
C32  21100603.340   109876300.8070         54.052          41.000  
R04  19268620.158   103182550.4020      -2141.482          37.000    19268610.680    80253105.2140      -1665.475          36.000  
R06  22271467.148   118844771.2690       3465.782          28.000    22271461.799    92434834.6461       2695.652          24.000  
R14  20886579.498   111337138.5670      -3962.995          32.000    20886584.514    86595662.9650      -3081.401          32.000  
R16  20585024.676   109961506.3641       2676.831          21.000    20585010.946    85525558.7861       2082.791          25.000  
R05  18816732.251   100586181.3570       1451.697          40.000                                                                  
G26  19360279.962   101738927.6950       -730.283          37.000    19360271.144    79277130.0270       -569.469          30.000  
G03  20076383.753   105502138.9130       -758.929          30.000    20076370.556    82209342.0390       -591.211          29.000  
G32  22779516.765   119707179.0530      -3001.647          26.000                                                                  
E07  24818792.826   130423498.1690      -1887.602          26.000    24818781.176    99934926.0390      -1446.268          29.000  
G31  20255166.842   106441619.4630      -2132.808          42.000    20255164.117    82941543.1920      -1661.624          29.000  
C20  24399035.653   127052155.1100       2526.004          29.000  
R15  18411321.791    98384485.7970       -907.936          35.000    18411320.074    76521270.3400       -706.027          41.000  
E30  26201476.499   137689688.3201      -2648.705          16.000    26201522.452   105502703.0150      -2029.639          32.000  
G04  21978977.895   115500304.7470       2373.008          31.000    21978984.447    90000261.4200       1848.428          32.000  
G16  19726519.059   103663608.4570       1885.980          29.000                                                                  
G28  22323807.386   117312416.1990      -2778.881          32.000    22323803.548    91412254.2110      -2164.868          29.000  
E33  26717359.975   140400673.3621      -2778.477          23.000                                                                  
E19  23972135.481   125974455.5580       1488.260          26.000    23972143.960    96525890.4950       1141.191          30.000  
E27  23340953.640   122657502.0260       -395.430          35.000    23340953.255    93984377.5000       -303.094          37.000  
E29  22841059.375   120030576.5401        -20.288          23.000    22841045.839    91971444.5380        -15.126          30.000  
G29                                                                  24358885.036    99745561.4341       -421.431          15.000  
> 2026  7 21  0 37 20.9970000  0 30                           
S35  37360090.746   196328604.7210       -419.868          33.000  
S33  37625713.273   197724454.1320       -417.739          33.000  
S31  36925484.436   194044716.4040       -416.616          39.000  
E21  24419450.160   128325110.4970       2111.119          36.000    24419449.352    98327024.3700       1617.895          29.000  
C41  22907221.376   119283831.5480      -2894.452          27.000  
C23  21100563.069   109876285.7920      -1355.531          39.000  
C25  23625348.838   123023391.0291      -3148.204          25.000  
C32  21100505.134   109875789.1280         48.488          41.000  
C37  22320713.830   116229813.6561       1391.894          26.000  
R04  19272625.898   103204001.7240      -2148.708          37.000    19272617.176    80269789.5540      -1671.252          36.000  
R06  22264972.953   118810118.1170       3465.532          27.000    22264970.421    92407892.4851       2694.822          25.000  
R14  20894015.784   111376776.5270      -3965.931          32.000    20894020.343    86626492.5270      -3083.845          32.000  
R16  20580013.957   109934740.3041       2674.917          24.000    20580002.192    85504748.5041       2078.483          25.000  
R05  18814021.601   100571693.1230       1445.427          40.000                                                                  
G26  19361676.745   101746268.6900       -737.486          37.000    19361668.053    79282850.3000       -574.803          31.000  
G03  20077834.545   105509761.8310       -766.309          30.000    20077824.275    82215281.9190       -596.829          29.000  
G32  22785225.292   119737214.3340      -3005.280          27.000                                                                  
E07  24822387.494   130442526.6261      -1889.246          26.000    24822374.646    99949395.9690      -1448.084          28.000  
G31  20259227.894   106462960.3730      -2135.421          42.000    20259229.402    82958172.4010      -1663.048          30.000  
C20  24394188.546   127026944.4770       2524.208          30.000  
R15  18413027.999    98393604.7480       -915.536          33.000    18413026.728    76528362.8790       -712.355          40.000  
E30  26206523.383   137716209.5801      -2662.209          17.000    26206566.303   105523011.9740      -2032.332          32.000  
G04  21974463.962   115476584.8190       2371.544          31.000    21974470.567    89981778.3030       1848.233          31.000  
G16  19722933.147   103644781.1230       1879.418          29.000                                                                  
G28  22329094.696   117340203.7280      -2779.518          32.000    22329091.200    91433906.8210      -2165.549          28.000  
E33  26722649.753   140428471.9141      -2781.474          23.000                                                                  
E19  23969306.545   125959547.0490       1487.709          27.000    23969312.529    96514489.3600       1139.888          30.000  
E27  23341713.646   122661484.4740       -400.774          35.000    23341711.410    93987428.9750       -307.064          38.000  
E29  22841097.258   120030776.1041        -22.788          24.000    22841083.873    91971600.7510        -16.483          30.000  
G29                                                                  24359913.298    99749771.8661       -422.002          13.000  
> 2026  7 21  0 37 30.9970000  0 29                           
S35  37360890.315   196332806.0350       -419.844          33.000  
S33  37626508.841   197728635.4810       -418.041          33.000  
S31  36926277.866   194048886.5130       -417.129          39.000  
E21  24415436.023   128304015.3820       2107.947          37.000    24415435.652    98310860.5900       1615.752          29.000  
C41  22912794.737   119312934.5901      -2901.166          24.000  
C23  21103170.114   109889861.1950      -1359.419          39.000  
C25  23631393.724   123054867.8681      -3150.189          25.000  
C32  21100417.576   109875331.4050         43.160          40.000  
C37  22318055.838   116215928.8500       1388.181          30.000  
R04  19276645.000   103225523.8130      -2155.454          36.000    19276635.762    80286528.9530      -1676.299          36.000  
R06  22258479.608   118775472.4490       3464.471          27.000    22258479.657    92380953.8841       2694.639          25.000  
R14  20901457.083   111416442.0630      -3967.993          31.000    20901461.794    86657343.4380      -3085.681          32.000  
R16  20575015.845   109908041.2921       2666.744          26.000    20575001.415    85483972.2221       2074.665          25.000  
R05  18811321.953   100557264.5260       1440.203          39.000    18811320.679    78211222.9320       1120.115          27.000  
G26  19363087.905   101753681.5740       -744.654          37.000    19363079.753    79288626.5930       -580.090          32.000  
G03  20079299.393   105517460.5510       -772.241          30.000    20079290.394    82221281.0420       -602.515          30.000  
G32  22790945.526   119767282.2920      -3008.252          28.000                                                                  
E07  24825985.664   130461434.6511      -1891.112          24.000    24825972.182    99963883.0870      -1448.750          28.000  
G31  20263294.431   106484327.3690      -2137.895          42.000    20263294.276    82974822.0230      -1665.510          30.000  
C20  24389344.532   127001711.3870       2523.142          31.000  
R15  18414748.287    98402800.7480       -922.984          31.000    18414747.644    76535515.3180       -718.280          40.000  
E30  26211581.731   137742790.7601      -2661.593          15.000    26211616.275   105543345.9760      -2034.350          32.000  
G04  21969950.865   115452877.2100       2369.990          30.000    21969959.745    89963304.8840       1846.697          32.000  
G16  19719359.149   103626018.4300       1873.433          29.000                                                                  
G28  22334384.047   117368000.6620      -2780.686          33.000    22334380.072    91455566.7370      -2166.198          28.000  
E33  26727937.722   140456260.3471      -2777.002          22.000                                                                  
E19  23966480.810   125944673.0940       1487.328          27.000    23966482.145    96503092.4380       1139.467          30.000  
E27  23342482.342   122665518.9580       -405.616          36.000    23342479.334    93990520.3600       -311.011          38.000  
E29  22841145.255   120031028.2111        -25.611          24.000    22841126.772    91971773.6490        -17.919          30.000  
> 2026  7 21  0 37 40.9970000  0 29                           
S35  37361689.166   196337005.0800       -419.872          33.000  
S33  37627303.756   197732813.6070       -416.814          33.000  
S31  36927071.077   194053053.9410       -416.745          39.000  
E21  24411426.377   128282943.1810       2106.189          37.000    24411428.015    98294714.4600       1613.052          30.000  
C41  22918374.074   119341987.2721      -2903.762          18.000  
C23  21105782.826   109903468.4310      -1362.084          38.000  
C25  23637440.052   123086352.9511      -3149.399          25.000  
C32  21100338.466   109874919.1650         39.072          40.000  
C37  22315398.808   116202058.2110       1385.936          32.000  
R04  19280675.753   103247107.6300      -2161.700          36.000    19280666.396    80303316.3640      -1680.946          35.000  
R06  22251987.290   118740825.6230       3464.776          26.000    22251983.786    92353993.3441       2694.868          26.000  
R14  20908902.284   111456125.9960      -3969.450          31.000    20908906.226    86688208.7150      -3086.656          31.000  
R16  20570027.729   109881387.1660       2663.459          26.000    20570009.363    85463231.2571       2071.448          26.000  
R05  18808631.957   100542886.7610       1435.531          38.000    18808635.175    78200039.6870       1116.862          28.000  
G26  19364510.829   101761157.7360       -750.567          38.000    19364504.240    79294452.2180       -585.246          32.000  
G03  20080776.832   105525226.7080       -780.322          31.000    20080768.919    82227332.5250       -607.086          30.000  
G32  22796668.247   119797373.8280      -3009.936          27.000                                                                  
E07  24829585.823   130480353.8141      -1891.956          23.000    24829572.103    99978381.1350      -1450.257          28.000  
G31  20267363.768   106505711.7600      -2139.255          42.000    20267363.703    82991485.1710      -1666.760          31.000  
C20  24384500.809   126976488.4860       2522.517          31.000  
R15  18416480.735    98412064.9340       -929.334          30.000    18416481.242    76542720.8000       -723.129          40.000  
E30  26216643.752   137769391.7861      -2648.924          16.000    26216670.793   105563698.4230      -2036.087          32.000  
G04  21965439.739   115429173.4760       2370.372          31.000    21965449.131    89944834.4340       1846.884          32.000  
G16  19715795.917   103607311.9210       1867.909          29.000                                                                  
G28  22339673.342   117395798.2930      -2778.983          33.000    22339670.282    91477227.2290      -2166.010          29.000  
E33  26733228.020   140484060.5081      -2782.262          21.000                                                                  
E19  23963649.277   125929796.4090       1487.989          27.000    23963651.055    96491693.3540       1140.452          30.000  
E27  23343258.238   122669596.9360       -409.874          36.000    23343255.441    93993645.0330       -313.876          38.000  
E29  22841194.894   120031288.5561        -24.389          25.000    22841171.550    91971956.6040        -18.143          29.000  
> 2026  7 21  0 37 50.9970000  0 28                           
S35  37362487.424   196341200.1360       -419.786          33.000  
S33  37628098.244   197736988.5120       -417.592          33.000  
S31  36927863.464   194057217.9790       -416.167          39.000  
E21  24407420.545   128261893.3290       2103.703          37.000    24407422.536    98278585.3630       1611.722          30.000  
C23  21108401.402   109917106.8040      -1365.568          37.000  
C25  23643487.449   123117843.6391      -3145.246          23.000  
C32  21100267.777   109874551.8320         34.229          40.000  
C37  22312741.572   116188218.3180       1382.944          34.000  
R04  19284717.652   103268752.6130      -2167.646          35.000    19284707.974    80320151.3310      -1685.974          35.000  
R06  22245493.553   118706177.0270       3464.644          26.000    22245493.289    92327044.6740       2694.841          27.000  
R14  20916350.717   111495827.5540      -3971.253          31.000    20916353.242    86719087.7540      -3089.394          31.000  
R16  20565045.133   109854779.2081       2656.952          22.000    20565029.696    85442542.1081       2066.675          26.000  
R05  18805951.381   100528559.5500       1430.247          37.000    18805954.106    78188896.2650       1112.753          28.000  
G26  19365946.015   101768696.4870       -757.111          37.000    19365940.372    79300326.5940       -590.127          33.000  
G03  20082266.569   105533059.3840       -786.121          31.000    20082260.949    82233435.9810       -613.000          30.000  
G32  22802394.883   119827488.2860      -3012.622          26.000                                                                  
E07  24833196.867   130499330.3021      -1894.582          22.000    24833174.476    99992889.3630      -1451.689          27.000  
G31  20271436.877   106527112.8650      -2141.168          42.000    20271436.410    83008161.2920      -1667.120          31.000  
C20  24379659.316   126951275.1960       2520.397          32.000  
R15  18418225.567    98421396.7010       -936.114          30.000    18418227.662    76549978.8410       -728.743          40.000  
E30  26221713.008   137796031.5831      -2666.646          14.000    26221729.957   105584068.7020      -2037.817          31.000  
G04  21960929.191   115405473.0250       2370.222          31.000    21960938.837    89926366.5590       1845.880          32.000  
G16  19712244.863   103588660.9620       1861.900          31.000                                                                  
G28  22344962.454   117423596.1330      -2779.378          33.000    22344959.829    91498887.8180      -2165.878          29.000  
E33  26738519.852   140511869.7171      -2779.303          20.000                                                                  
E19  23960817.837   125914916.1390       1488.419          27.000    23960820.132    96480291.6880       1139.197          30.000  
E27  23344041.584   122673717.6910       -413.982          36.000    23344039.991    93996802.5230       -317.494          39.000  
E29  22841244.043   120031546.9891        -25.779          25.000    22841218.955    91972149.2900        -19.593          29.000  
> 2026  7 21  0 38  0.9970000  0 28                           
S35  37363286.141   196345395.7500       -419.478          33.000  
S33  37628892.856   197741164.3510       -417.402          33.000  
S31  36928656.160   194061382.8450       -416.163          39.000  
E21  24403419.358   128240869.9770       2101.146          37.000    24403422.390    98262476.5400       1610.229          30.000  
C23  21111026.626   109930780.3770      -1369.641          36.000  
C25  23649536.397   123149341.8541      -3142.097          23.000  
C32  21100206.796   109874233.4820         29.452          39.000  
C37  22310090.963   116174413.2140       1379.137          34.000  
R04  19288771.699   103290463.1190      -2174.426          35.000    19288761.444    80337037.2720      -1691.221          35.000  
R06  22238999.672   118671563.4421       3465.242          25.000    22239001.662    92300097.8700       2694.849          28.000  
R14  20923802.932   111535550.9750      -3974.340          31.000    20923804.595    86749983.6610      -3090.292          31.000  
R16  20560071.481   109828210.9571       2651.615          16.000    20560062.485    85421883.4910       2063.803          27.000  
R05  18803281.015   100514286.8010       1424.575          36.000    18803278.919    78177795.2740       1108.247          29.000  
G26  19367393.930   101776301.8900       -763.638          37.000    19367389.757    79306252.8820       -594.522          34.000  
G03  20083769.525   105540962.8970       -794.440          31.000    20083764.976    82239594.5740       -619.586          30.000  
G32  22808123.761   119857629.7120      -3015.051          26.000                                                                  
E07  24836802.176   130518275.4251      -1892.873          21.000    24836780.617   100007411.0420      -1452.822          27.000  
G31  20275513.673   106548534.8110      -2143.096          42.000    20275513.562    83024853.7590      -1670.082          31.000  
C20  24374819.718   126926075.5780       2519.569          32.000  
R15  18419984.978    98430800.1910       -944.139          32.000    18419987.426    76557292.6300       -734.532          39.000  
E30  26226777.121   137822643.1141      -2659.344          18.000    26226793.640   105604460.0390      -2040.134          31.000  
G04  21956419.667   115381780.0300       2369.818          31.000    21956430.631    89907904.4490       1845.999          32.000  
G16  19708706.536   103570069.8010       1856.561          33.000                                                                  
G28  22350252.642   117451398.1500      -2779.924          33.000    22350250.183    91520551.7170      -2166.246          29.000  
E33  26743821.587   140539730.7031      -2788.551          19.000                                                                  
E19  23957986.079   125900036.7230       1488.020          27.000    23957988.528    96468890.5320       1139.393          30.000  
E27  23344834.532   122677885.4010       -418.790          36.000    23344833.265    93999995.9510       -321.053          39.000  
E29  22841296.455   120031822.1511        -26.881          26.000    22841269.923    91972354.7320        -21.058          29.000  
> 2026  7 21  0 38 10.9970000  0 28                           
S35  37364084.333   196349589.3950       -419.016          34.000  
S33  37629687.111   197745336.6290       -417.833          33.000  
S31  36929448.000   194065544.5450       -416.632          39.000  
E21  24399423.493   128219869.7010       2098.624          37.000    24399426.120    98246385.5090       1607.588          31.000  
C23  21113657.839   109944485.5580      -1372.381          35.000  
C25  23655586.615   123180846.5161      -3146.938          24.000  
C32  21100154.419   109873960.7450         24.782          38.000  
C37  22307445.802   116160639.4790       1375.584          34.000  
R04  19292838.154   103312235.4510      -2180.937          35.000    19292826.949    80353971.2490      -1696.310          35.000  
R06  22232504.981   118636906.6051       3465.399          26.000    22232505.879    92273150.3700       2694.625          28.000  
R14  20931259.355   111575292.5830      -3975.187          30.000    20931259.456    86780859.1311      -3108.594          30.000  
R16  20555105.836   109801685.1851       2641.649          22.000    20555103.762    85401263.9300       2060.282          28.000  
R05  18800619.397   100500065.6020       1419.375          34.000    18800618.594    78166734.3690       1102.953          30.000  
G26  19368853.712   101783970.4970       -770.719          37.000    19368850.052    79312228.4300       -600.500          34.000  
G03  20085284.722   105548933.6030       -800.452          31.000    20085281.922    82245805.5240       -624.376          30.000  
G32  22813864.696   119887794.6340      -3017.621          27.000                                                                  
E07  24840395.179   130537156.7461      -1900.747          22.000    24840389.235   100021943.4310      -1453.498          27.000  
G31  20279593.244   106569974.0660      -2145.129          41.000    20279593.109    83041559.6690      -1672.073          31.000  
C20  24369982.433   126900886.3370       2518.120          32.000  
R15  18421757.304    98440271.7140       -950.929          33.000    18421760.156    76564659.3430       -739.658          39.000  
E30  26231851.208   137849308.3011      -2664.251          16.000    26231862.180   105624869.6060      -2042.341          31.000  
G04  21951910.005   115358091.1250       2366.920          31.000    21951922.754    89889445.5570       1845.626          33.000  
G16  19705181.240   103551535.0860       1850.172          34.000                                                                  
G28  22355543.051   117479200.8790      -2780.215          33.000    22355541.065    91542216.1570      -2166.822          29.000  
E33  26749115.374   140567549.5961      -2766.049          19.000                                                                  
E19  23955152.401   125885154.4160       1487.971          27.000    23955156.304    96457487.1680       1140.198          30.000  
E27  23345634.832   122682096.5160       -423.260          36.000    23345634.533    94003222.6630       -324.505          39.000  
E29  22841348.865   120032097.5331        -29.020          26.000    22841323.325    91972570.3790        -22.484          30.000  
> 2026  7 21  0 38 20.9970000  0 29                           
S35  37364882.851   196353784.9140       -420.180          34.000  
S33  37630481.595   197749512.3860       -417.610          33.000  
S31  36930240.183   194069709.0470       -416.586          39.000  
E21  24395432.072   128198898.1230       2095.661          37.000    24395435.795    98230316.3690       1606.058          31.000  
C41  22940681.858   119458149.5721      -2914.942          26.000  
C23  21116296.078   109958227.8940      -1376.459          34.000  
C25  23661641.446   123212375.8141      -3146.026          24.000  
C32  21100111.233   109873739.1830         19.196          38.000  
C37  22304807.435   116146902.5950       1371.478          35.000  
R04  19296916.644   103334075.2140      -2187.276          34.000    19296904.826    80370957.6920      -1700.789          35.000  
R06  22226010.270   118602248.6171       3464.865          26.000    22226012.372    92246206.6350       2693.969          27.000  
R14  20938719.628   111615057.9390      -3978.066          30.000    20938719.125    86811786.4280      -3094.003          29.000  
R16  20550152.722   109775221.1100       2642.579          27.000    20550153.470    85380685.3850       2055.362          28.000  
R05  18797968.125   100485901.4640       1412.985          32.000    18797969.483    78155717.7810       1099.396          31.000  
G26  19370326.207   101791707.7330       -777.332          36.000    19370323.024    79318257.4670       -605.114          35.000  
G03  20086814.005   105556977.1000       -808.587          32.000    20086812.297    82252138.2080       -630.191          30.000  
G32  22819609.259   119917988.6290      -3021.228          26.000                                                                  
E07  24844001.741   130556109.9681      -1900.497          24.000    24844002.044   100036490.9070      -1455.369          27.000  
G31  20283677.865   106591436.0260      -2147.578          41.000    20283677.982    83058283.2260      -1673.403          32.000  
C20  24365147.852   126875713.0260       2516.266          33.000  
R15  18423543.365    98449816.9000       -958.437          34.000    18423546.458    76572083.3630       -744.975          39.000  
E30  26236935.322   137876025.6941      -2668.860          16.000    26236936.052   105645301.6170      -2043.700          31.000  
G04  21947403.173   115334411.7510       2367.302          32.000    21947416.724    89870994.1370       1844.083          33.000  
G16  19701668.044   103533062.3290       1844.112          35.000                                                                  
G28  22360834.640   117507009.8680      -2780.796          33.000    22360832.671    91563885.4210      -2167.186          29.000  
E33  26754412.386   140595385.5351      -2786.700          18.000                                                                  
E19  23952319.516   125870274.9030       1487.377          27.000    23952324.969    96446086.0060       1139.838          30.000  
E27  23346444.321   122686356.6520       -428.973          36.000    23346445.385    94006486.9160       -328.250          39.000  
E29  22841403.090   120032382.7891        -31.503          25.000    22841380.760    91972800.4650        -24.029          31.000  
> 2026  7 21  0 38 30.9970000  0 29                           
S35  37365682.192   196357985.1260       -419.789          33.000  
S33  37631277.030   197753692.6110       -417.814          33.000  
S31  36931033.485   194073877.8510       -416.903          39.000  
E21  24391447.472   128177957.0940       2092.975          38.000    24391451.070    98214270.6800       1603.674          31.000  
C41  22946280.491   119487304.0460      -2917.822          28.000  
C23  21118942.012   109972009.0010      -1379.086          32.000  
C25  23667696.361   123243905.5251      -3150.506          25.000  
C32  21100078.469   109873570.5580         14.625          37.000  
C37  22302176.189   116133204.3560       1368.331          35.000  
R04  19301007.541   103355984.2120      -2194.077          34.000    19300996.277    80387998.0180      -1706.290          35.000  
R06  22219523.127   118567632.4351       3464.075          25.000    22219520.991    92219268.2210       2693.939          27.000  
R14  20946184.792   111654848.8260      -3980.165          30.000    20946180.991    86842734.7860      -3095.329          29.000  
R16  20545210.690   109748816.5950       2637.677          29.000    20545211.612    85360148.9800       2051.297          28.000  
R05  18795329.013   100471796.1530       1407.991          33.000    18795331.725    78144747.0420       1095.009          32.000  
G26  19371812.199   101799515.4150       -784.131          36.000    19371808.857    79324341.3870       -610.743          35.000  
G03  20088357.779   105565095.0750       -815.144          33.000    20088357.596    82258463.9260       -635.497          30.000  
G32  22825362.907   119948213.4210      -3023.901          27.000                                                                  
E07  24847615.817   130575101.7231      -1901.731          25.000    24847618.759   100051054.7930      -1456.299          27.000  
G31  20287766.810   106612922.5080      -2149.424          40.000    20287766.577    83075025.9320      -1674.966          32.000  
C20  24360317.084   126850557.4990       2515.243          33.000  
R15  18425343.511    98459437.2090       -965.452          35.000    18425346.684    76579565.8370       -750.761          39.000  
E30  26242012.134   137902704.1411      -2675.512          13.000    26242016.524   105665757.5080      -2046.202          30.000  
G04  21942900.864   115310743.8880       2367.193          33.000    21942912.410    89852551.6590       1843.496          33.000  
G16  19698166.165   103514653.4790       1838.172          35.000                                                                  
G28  22366128.727   117534826.8430      -2782.004          34.000    22366124.959    91585560.9180      -2167.324          29.000  
E33  26759711.004   140623230.2871      -2793.102          19.000                                                                  
E19  23949490.864   125855399.9280       1487.373          27.000    23949494.007    96434688.2650       1139.833          29.000  
E27  23347263.892   122690667.5210       -433.305          35.000    23347265.717    94009790.0520       -332.015          40.000  
E29  22841459.936   120032681.7571        -31.988          24.000    22841442.062    91973046.4110        -25.487          31.000  
> 2026  7 21  0 38 40.9970000  0 29                           
S35  37366480.657   196362184.4360       -419.154          33.000  
S33  37632072.213   197757871.4720       -417.804          33.000  
S31  36931826.645   194078045.8090       -417.052          39.000  
E21  24387467.450   128157040.8910       2090.177          38.000    24387470.868    98198243.9990       1601.910          31.000  
C41  22951888.401   119516498.7920      -2920.502          29.000  
C23  21121593.553   109985823.2610      -1383.316          30.000  
C25  23673751.551   123275436.6791      -3151.303          25.000  
C32  21100054.098   109873449.2700          9.201          36.000  
C37  22299551.199   116119539.0810       1364.970          35.000  
R04  19305110.593   103377956.7400      -2200.448          34.000    19305099.695    80405087.8000      -1711.939          36.000  
R06  22213032.902   118532999.3541       3463.598          25.000    22213029.215    92192330.6610       2693.472          27.000  
R14  20953653.432   111694658.9770      -3982.635          30.000    20953648.442    86873698.2340      -3097.297          29.000  
R16  20540272.675   109722461.3610       2633.557          31.000    20540277.001    85339650.4500       2048.259          29.000  
R05  18792701.438   100457744.1840       1402.256          33.000    18792702.854    78133817.7260       1090.785          32.000  
G26  19373310.309   101807387.7410       -790.677          35.000    19373306.988    79330475.6760       -615.868          35.000  
G03  20089915.830   105573281.9060       -822.684          34.000    20089912.779    82264841.2550       -640.818          30.000  
G32  22831120.407   119978463.1920      -3025.641          26.000                                                                  
E07  24851239.433   130594144.6021      -1902.655          27.000    24851238.727   100065630.7780      -1457.933          27.000  
G31  20291859.265   106634427.7770      -2151.235          39.000    20291858.979    83091783.2750      -1676.179          32.000  
C20  24355488.694   126825414.1110       2513.869          33.000  
R15  18427157.904    98469127.0830       -972.693          35.000    18427160.176    76587102.3950       -756.340          39.000  
E30  26247100.100   137929441.1431      -2669.040          16.000    26247101.216   105686232.7480      -2048.782          30.000  
G04  21938400.063   115287081.8960       2365.812          33.000    21938409.687    89834113.6800       1843.374          33.000  
G16  19694674.762   103496302.9070       1832.369          35.000                                                                  
G28  22371423.060   117562646.0100      -2782.081          34.000    22371418.490    91607238.2100      -2167.594          29.000  
E33  26765008.770   140651069.6661      -2790.114          19.000                                                                  
E19  23946659.788   125840523.8230       1487.820          27.000    23946663.057    96423289.7200       1140.098          30.000  
E27  23348092.079   122695023.3700       -437.931          35.000    23348094.735    94013127.6690       -335.718          40.000  
E29  22841520.694   120033000.6801        -33.197          25.000    22841506.303    91973303.7880        -26.542          32.000  
> 2026  7 21  0 38 50.9970000  0 30                           
S35  37367279.658   196366381.2830       -420.035          33.000  
S33  37632867.121   197762047.6260       -417.383          33.000  
S31  36932619.390   194082211.1060       -416.611          39.000  
E21  24383491.821   128136148.4870       2088.096          38.000    24383495.296    98182235.5390       1600.378          32.000  
C41  22957506.760   119545724.8840      -2924.146          30.000  
C23  21124239.232   109999491.4040      -1385.977          28.000  
C25  23679802.470   123306944.5461      -3153.524          25.000  
C32  21100038.610   109873374.1510          5.280          35.000  
C37  22296932.676   116105905.6890       1361.296          34.000  
R04  19309224.987   103399991.4580      -2207.096          35.000    19309214.773    80422225.8900      -1716.364          36.000  
R06  22206543.227   118498368.8481       3462.550          25.000    22206538.562    92165379.0700       2693.949          27.000  
R03  23199282.749   124187576.7411      -4191.733          15.000                                                                  
R14  20961126.043   111734487.1790      -3983.415          30.000    20961121.709    86904675.6760      -3098.265          29.000  
R16  20535349.165   109696153.7600       2628.551          31.000    20535359.204    85319188.9740       2044.629          29.000  
R05  18790083.869   100443744.7390       1396.585          33.000    18790083.647    78122929.2350       1087.453          32.000  
G26  19374820.668   101815323.5520       -796.408          33.000    19374817.391    79336659.4510       -620.953          35.000  
G03  20091486.605   105581536.3340       -828.920          34.000    20091483.973    82271273.2720       -645.854          29.000  
G32  22836880.810   120008736.9880      -3028.809          26.000                                                                  
E07  24854863.375   130613171.3700      -1904.589          28.000    24854861.534   100080217.9220      -1459.718          27.000  
G31  20295955.043   106655950.6590      -2153.214          38.000    20295954.461    83108554.3520      -1678.389          31.000  
C20  24350661.269   126800281.8200       2512.552          33.000  
R15  18428985.048    98478885.0230       -979.380          36.000    18428986.811    76594691.9500       -761.812          39.000  
E30  26252190.159   137956190.1131      -2661.864          19.000    26252190.614   105706726.3570      -2049.634          30.000  
G04  21933897.896   115263424.6120       2364.662          33.000    21933908.003    89815679.4150       1843.539          32.000  
G16  19691194.009   103478009.5010       1826.492          35.000                                                                  
G28  22376716.051   117590466.3410      -2782.546          34.000    22376712.301    91628916.3390      -2167.684          29.000  
E33  26770308.961   140678922.5381      -2793.098          18.000                                                                  
E19  23943828.022   125825645.4220       1488.337          27.000    23943832.047    96411889.4800       1139.822          29.000  
E27  23348929.405   122699423.0830       -441.965          36.000    23348931.843    94016498.8680       -338.951          40.000  
E29  22841591.169   120033371.4851        -35.415          25.000    22841573.390    91973571.8190        -27.399          33.000  
> 2026  7 21  0 39  0.9970000  0 30                           
S35  37368079.285   196370581.2760       -420.608          33.000  
S33  37633662.195   197766226.7840       -418.019          33.000  
S31  36933412.724   194086379.4450       -416.979          39.000  
E21  24379521.386   128115285.1610       2085.023          38.000    24379525.294    98166249.4510       1596.652          32.000  
C41  22963126.261   119574986.9050      -2927.991          30.000  
C23  21126904.204   110013374.6340      -1389.835          27.000  
C25  23685858.779   123338481.9091      -3153.526          25.000  
C32  21100033.620   109873350.5620         -0.002          35.000  
C37  22294321.467   116092309.3600       1357.564          35.000  
R04  19313352.239   103422093.7670      -2213.152          35.000    19313343.003    80439416.5900      -1721.922          37.000  
R06  22200055.832   118463751.3101       3461.613          26.000    22200052.324    92138445.7890       2693.627          27.000  
R03  23207128.310   124229574.5521      -4201.402          19.000                                                                  
R14  20968602.424   111774338.8370      -3986.530          30.000    20968597.934    86935671.3010      -3099.828          28.000  
R16  20530434.558   109669899.1510       2622.603          29.000    20530445.963    85298768.6870       2040.547          29.000  
R05  18787477.061   100429802.9670       1391.277          33.000    18787475.822    78112085.6480       1082.453          32.000  
G26  19376344.183   101823328.1150       -805.395          32.000    19376340.519    79342896.7300       -626.170          34.000  
G03  20093071.570   105589863.5940       -835.977          35.000    20093068.881    82277762.0790       -651.677          29.000  
G32  22842644.065   120039039.8590      -3031.879          26.000                                                                  
E07  24858486.791   130632228.6820      -1906.918          28.000    24858488.096   100094820.2000      -1460.722          27.000  
G31  20300054.815   106677496.2960      -2155.410          38.000    20300054.769    83125343.1030      -1678.876          31.000  
C20  24345838.387   126775166.0040       2510.740          33.000  
R15  18430825.868    98488716.4210       -986.847          35.000    18430827.357    76602338.5740       -767.370          39.000  
E30  26257288.832   137982984.0741      -2675.680          22.000    26257285.748   105727242.4820      -2052.429          30.000  
G04  21929398.313   115239777.2950       2364.669          34.000    21929408.004    89797253.0200       1842.050          32.000  
G16  19687724.818   103459778.6160       1819.667          34.000                                                                  
G28  22382010.481   117618292.9160      -2782.639          34.000    22382008.221    91650599.3550      -2168.051          29.000  
E33  26775610.917   140706784.4611      -2786.705          19.000                                                                  
E19  23940995.867   125810770.2760       1487.268          27.000    23941001.543    96400491.5490       1139.549          29.000  
E27  23349776.442   122703871.9530       -447.498          36.000    23349778.421    94019907.7060       -342.439          40.000  
E29  22841656.180   120033712.4941        -35.704          24.000    22841643.934    91973854.5600        -29.199          33.000  
> 2026  7 21  0 39 10.9970000  0 30                           
S35  37368878.518   196374781.3780       -420.644          33.000  
S33  37634457.252   197770406.7220       -417.990          34.000  
S31  36934205.884   194090548.2260       -416.848          39.000  
E21  24375555.862   128094448.6020       2082.612          38.000    24375560.677    98150283.7890       1595.209          32.000  
C41  22968752.798   119604282.4280      -2931.805          31.000  
C23  21129578.551   110027292.5510      -1393.459          27.000  
C25  23691913.098   123370008.3601      -3155.142          24.000  
C32  21100037.960   109873376.1770         -4.936          36.000  
C37  22291716.704   116078747.7510       1354.714          35.000  
R04  19317491.808   103444261.2870      -2220.035          35.000    19317483.252    80456657.9610      -1726.662          37.000  
R06  22193561.816   118429097.9021       3461.910          26.000    22193562.854    92111514.9760       2692.829          27.000  
R03  23214984.878   124271630.7681      -4194.478          19.000                                                                  
R14  20976082.518   111814211.1390      -3987.962          29.000    20976077.393    86966683.0780      -3101.797          27.000  
R16  20525528.020   109643695.2900       2618.007          27.000    20525538.832    85278387.9710       2035.934          28.000  
R05  18784879.888   100415916.7120       1385.399          34.000    18784878.050    78101285.2280       1077.977          32.000  
G26  19377879.427   101831398.8910       -810.096          30.000    19377876.464    79349185.6520       -631.697          34.000  
G03  20094671.447   105598261.3420       -843.718          35.000    20094666.130    82284305.7570       -656.908          29.000  
G32  22848420.184   120069369.4740      -3034.808          26.000                                                                  
E07  24862113.961   130651303.4880      -1908.766          28.000    24862118.469   100109435.9560      -1462.551          28.000  
G31  20304158.518   106699062.2890      -2157.782          38.000    20304158.812    83142147.8170      -1681.673          31.000  
C20  24341018.442   126750064.2220       2509.611          33.000  
R15  18432680.043    98498618.7740       -993.881          35.000    18432680.887    76610040.4290       -772.996          39.000  
E30  26262390.523   138009793.0251      -2686.875          23.000    26262385.946   105747779.1120      -2054.335          29.000  
G04  21924900.462   115216137.8240       2363.040          35.000    21924908.669    89778832.6210       1841.571          32.000  
G16  19684266.593   103441607.8690       1814.346          32.000                                                                  
G28  22387306.113   117646123.4550      -2783.448          34.000    22387305.534    91672285.5240      -2169.033          29.000  
E33  26780911.031   140734636.5521      -2790.031          17.000                                                                  
E19  23938159.893   125795895.6570       1487.356          27.000    23938170.798    96389094.1660       1139.397          29.000  
E27  23350632.185   122708367.4770       -451.756          37.000    23350634.244    94023352.3680       -346.395          41.000  
E29  22841720.859   120034053.1771        -39.330          24.000    22841717.754    91974150.1750        -30.397          34.000  
> 2026  7 21  0 39 20.9970000  0 30                           
S35  37369678.075   196378983.1890       -419.846          33.000  
S33  37635252.602   197774587.8930       -417.304          33.000  
S31  36934999.426   194094718.4870       -417.133          39.000  
E21  24371595.958   128073639.9110       2079.659          39.000    24371600.678    98134339.4600       1593.472          32.000  
C41  22974386.308   119633612.4430      -2934.638          32.000  
C23  21132262.907   110041246.0430      -1397.043          28.000  
C25  23697973.063   123401563.8791      -3154.657          26.000  
C32  21100052.972   109873451.9950         -9.648          36.000  
C37  22289119.168   116065221.9130       1350.982          35.000  
R04  19321644.342   103466494.9190      -2226.655          36.000    19321636.027    80473950.7380      -1731.532          37.000  
R06  22187077.305   118394495.8211       3461.667          26.000    22187073.412    92084591.4741       2691.782          27.000  
R03  23222840.170   124313680.8871      -4215.751          19.000                                                                  
R14  20983566.747   111854105.1810      -3990.105          29.000    20983560.575    86997711.8170      -3104.017          27.000  
R16  20520629.245   109617517.6931       2612.861          25.000    20520642.199    85258047.3620       2032.333          27.000  
R05  18782293.393   100402086.7000       1380.176          33.000    18782290.294    78090528.5900       1073.412          32.000  
G26  19379427.013   101839578.9600       -816.604          28.000    19379424.822    79355526.9820       -636.268          33.000  
G03  20096283.752   105606730.5240       -850.269          35.000    20096277.351    82290905.1380       -662.625          28.000  
G32  22854195.068   120099726.8010      -3036.707          25.000                                                                  
E07  24865747.229   130670396.7960      -1909.943          28.000    24865752.129   100124065.9180      -1463.696          28.000  
G31  20308266.091   106720649.6610      -2159.645          37.000    20308267.024    83158969.1140      -1683.082          31.000  
C20  24336201.047   126724977.7250       2508.102          34.000  
R15  18434547.136    98508593.1240      -1000.429          35.000    18434547.678    76617798.2550       -778.229          39.000  
E30  26267498.358   138036635.1131      -2680.011          25.000    26267491.506   105768337.0750      -2056.689          29.000  
G04  21920405.638   115192507.1280       2362.611          35.000    21920411.256    89760419.1050       1841.087          32.000  
G16  19680819.525   103423498.4620       1808.054          31.000                                                                  
G28  22392602.278   117673958.9400      -2784.090          34.000    22392603.944    91693975.4550      -2169.112          29.000  
E33  26786216.165   140762515.4571      -2790.399          18.000                                                                  
E19  23935331.602   125781022.8640       1487.562          27.000    23935340.687    96377698.1120       1139.636          29.000  
E27  23351497.208   122712910.7810       -456.752          38.000    23351498.792    94026833.5820       -349.801          41.000  
E29  22841797.113   120034453.7911        -41.624          25.000    22841795.176    91974459.5060        -31.505          35.000  
> 2026  7 21  0 39 30.9970000  0 30                           
S35  37370477.816   196383185.4750       -420.517          33.000  
S33  37636048.477   197778769.4800       -417.651          33.000  
S31  36935792.956   194098889.4040       -417.012          39.000  
E21  24367641.313   128052857.8610       2076.733          39.000    24367646.147    98118415.5490       1591.589          32.000  
C41  22980025.907   119662975.7150      -2938.288          32.000  
C23  21134952.362   110055233.8260      -1400.268          29.000  
C25  23704034.929   123433130.0461      -3154.591          27.000  
C32  21100077.108   109873576.8700        -14.960          37.000  
C37  22286528.337   116051730.5560       1347.642          36.000  
R04  19325808.690   103488793.3850      -2233.355          36.000    19325801.179    80491293.9960      -1736.986          38.000  
R06  22180583.796   118359867.9600       3461.948          26.000    22180587.803    92057676.4490       2692.199          27.000  
R03  23230703.911   124355776.7551      -4202.276          18.000                                                                  
R14  20991054.934   111894019.8180      -3992.847          30.000    20991048.059    87028756.3570      -3105.102          26.000  
R16  20515742.664   109591414.1011       2606.931          25.000    20515755.195    85237746.1010       2028.247          27.000  
R05  18779716.857   100388312.4790       1373.847          32.000    18779712.007    78079815.2540       1069.063          31.000  
G26  19380987.040   101847783.0390       -823.091          25.000    19380986.051    79361919.7250       -640.889          33.000  
G03  20097909.117   105615269.9160       -857.659          35.000    20097902.316    82297559.2180       -668.226          28.000  
G32  22859982.665   120130110.6010      -3039.185          26.000                                                                  
E07  24869383.573   130689507.4180      -1911.802          29.000    24869389.599   100138709.0160      -1464.463          29.000  
G31  20312377.499   106742257.0430      -2161.591          37.000    20312378.933    83175806.0330      -1684.142          31.000  
C20  24331386.409   126699905.2350       2506.315          35.000  
R15  18436427.567    98518638.1570      -1008.038          35.000    18436427.488    76625611.0520       -783.781          39.000  
E30  26272608.346   138063488.2851      -2687.071          26.000    26272602.283   105788915.2710      -2058.721          29.000  
G04  21915911.713   115168884.0160       2362.229          36.000    21915916.112    89742011.5310       1840.395          32.000  
G16  19677382.715   103405449.1480       1802.003          29.000                                                                  
G28  22397897.911   117701798.0310      -2784.605          33.000    22397902.576    91715668.2110      -2169.356          28.000  
E33  26791525.008   140790414.0041      -2795.401          16.000                                                                  
E19  23932502.984   125766150.5360       1487.354          27.000    23932510.215    96366302.3770       1139.875          29.000  
E27  23352371.563   122717500.5030       -461.370          38.000    23352372.123    94030350.3960       -353.560          41.000  
E29  22841872.966   120034852.1281        -42.903          26.000    22841875.428    91974781.5810        -32.879          35.000  
> 2026  7 21  0 39 40.9970000  0 30                           
S35  37371277.684   196387386.6100       -419.049          34.000  
S33  37636844.008   197782950.4700       -417.899          33.000  
S31  36936586.411   194103058.9860       -416.925          39.000  
E21  24363691.061   128032101.5360       2074.115          38.000    24363696.485    98102511.3900       1589.374          33.000  
C41  22985672.169   119692371.1710      -2940.912          31.000  
C23  21137649.891   110069254.8990      -1403.339          31.000  
C25  23710094.981   123464685.6160      -3156.116          26.000  
C32  21100111.097   109873749.8450        -19.697          38.000  
C37  22283944.057   116038272.7920       1343.667          36.000  
R04  19329985.030   103511155.8580      -2239.407          35.000    19329977.762    80508687.0090      -1742.082          38.000  
R06  22174099.494   118325251.2920       3461.798          27.000    22174102.541    92030753.1430       2692.269          27.000  
R03  23238571.574   124397892.6621      -4213.236          17.000                                                                  
R14  20998545.895   111933953.4540      -3993.823          31.000    20998535.288    87059784.9761      -3107.295          25.000  
R16  20510871.413   109565370.7180       2602.881          28.000    20510877.543    85217483.4850       2025.218          27.000  
R05  18777150.386   100374592.6880       1369.074          30.000    18777145.129    78069144.3350       1064.396          31.000  
G26  19382554.081   101856009.1501       -829.719          23.000    19382559.365    79368363.1030       -646.909          33.000  
G03  20099547.281   105623878.4410       -864.477          34.000    20099540.225    82304267.1230       -673.338          28.000  
G32  22865770.260   120160519.9880      -3042.841          25.000    22865768.169    93631497.8771      -2368.749          22.000  
E07  24873023.712   130708634.3490      -1913.354          29.000    24873029.824   100153364.7390      -1466.082          29.000  
G31  20316492.636   106763883.3890      -2163.215          37.000    20316494.587    83192657.6980      -1685.066          30.000  
C20  24326574.124   126674845.8800       2505.477          35.000  
R15  18438320.672    98528752.4410      -1015.189          34.000    18438320.339    76633477.7160       -789.361          39.000  
E30  26277722.399   138090363.0801      -2689.969          27.000    26277717.516   105809512.9980      -2060.932          29.000  
G04  21911418.614   115145267.6350       2361.639          36.000    21911421.964    89723609.1310       1840.284          32.000  
G16  19673957.419   103387459.0060       1796.306          29.000                                                                  
G28  22403194.737   117729639.7470      -2783.738          32.000    22403200.770    91737363.0670      -2169.389          28.000  
E33  26796832.938   140818307.0821      -2793.426          16.000                                                                  
E19  23929668.648   125751277.7450       1487.536          26.000    23929679.924    96354906.3870       1139.679          29.000  
E27  23353254.198   122722135.7070       -465.489          39.000    23353254.217    94033902.0520       -356.940          41.000  
E29  22841953.217   120035277.6570        -44.373          27.000    22841958.734    91975115.7090        -34.279          36.000  
> 2026  7 21  0 39 50.9970000  0 30                           
S35  37372077.041   196391588.6960       -420.822          33.000  
S33  37637639.798   197787132.2460       -417.770          33.000  
S31  36937380.251   194107229.6050       -417.298          39.000  
E21  24359746.087   128011372.2650       2071.194          38.000    24359752.054    98086627.9250       1587.432          33.000  
C41  22991325.109   119721800.1040      -2945.551          31.000  
C23  21140350.440   110083310.4790      -1407.357          32.000  
C25  23716159.210   123496249.5220      -3156.718          27.000  
C32  21100154.319   109873972.2540        -25.064          39.000  
C37  22281366.221   116024849.8150       1340.351          35.000  
R04  19334173.333   103533583.6620      -2246.005          35.000    19334166.520    80526130.8440      -1746.906          38.000  
R06  22167610.035   118290639.3120       3460.678          26.000    22167609.241    92003832.6840       2691.796          27.000  
R03  23246436.815   124439996.2211      -4200.000          14.000                                                                  
R14  21006040.752   111973907.4340      -3997.219          31.000    21006024.419    87090834.2291      -3108.794          24.000  
R16  20506009.164   109539369.9290       2597.972          29.000    20506009.871    85197260.8110       2019.638          26.000  
R05  18774594.422   100360928.8340       1364.179          28.000    18774588.646    78058516.9210       1059.792          31.000  
G26  19384131.098   101864295.8731       -836.274          23.000    19384145.480    79374858.0050       -651.361          33.000  
G03  20101198.979   105632557.4140       -871.374          35.000    20101192.259    82311029.9880       -678.885          28.000  
G32  22871552.151   120190816.9591      -3045.139          25.000    22871562.461    93655224.7761      -2375.520          22.000  
E07  24876660.762   130727778.9280      -1915.466          29.000    24876673.413   100168033.9600      -1467.769          30.000  
G31  20320611.718   106785529.9820      -2166.004          37.000    20320613.585    83209525.1890      -1688.014          30.000  
C20  24321764.665   126649801.0120       2503.939          35.000  
R15  18440226.395    98538937.6100      -1022.482          33.000    18440226.189    76641399.5430       -795.069          39.000  
E30  26282841.303   138117280.4780      -2691.960          28.000    26282837.662   105830131.0890      -2062.574          28.000  
G04  21906926.636   115121659.3100       2360.427          37.000    21906929.875    89705213.0480       1839.130          31.000  
G16  19670544.809   103369529.5470       1790.049          29.000                                                                  
G28  22408491.286   117757485.4570      -2784.979          32.000    22408498.893    91759060.9680      -2169.972          26.000  
E33  26802145.105   140846222.4611      -2793.989          16.000                                                                  
E19  23926839.715   125736405.8200       1486.114          26.000    23926849.758    96343510.9710       1139.215          29.000  
E27  23354145.667   122726817.6950       -470.947          40.000    23354145.344    94037489.5380       -360.575          41.000  
E29  22842044.153   120035730.7430        -46.274          28.000    22842045.092    91975462.8540        -35.084          36.000  
> 2026  7 21  0 40  0.9970000  0 29                           
S35  37372877.168   196395793.5380       -420.127          33.000  
S33  37638436.333   197791316.5710       -418.507          33.000  
S31  36938174.311   194111402.9920       -417.354          39.000  
E21  24355806.748   127990672.3560       2068.483          38.000    24355813.183    98070767.0110       1584.888          32.000  
C41  22996984.667   119751264.5630      -2948.212          31.000  
C23  21143058.103   110097402.7230      -1410.688          33.000  
C25  23722223.474   123527821.3620      -3156.656          27.000  
C32  21100207.275   109874246.3120        -29.621          40.000  
C37  22278795.670   116011463.8950       1336.954          34.000  
R04  19338374.668   103556078.7400      -2252.406          34.000    19338368.013    80543627.0170      -1751.949          39.000  
R06  22161126.730   118256033.2620       3460.869          26.000    22161128.993    91976916.8480       2691.729          27.000  
R14  21013539.998   112013884.2020      -3999.405          31.000                                                                  
R16  20501152.810   109513422.4810       2592.489          30.000    20501150.168    85177138.0781       2016.649          25.000  
R05  18772047.923   100347354.1951       1357.726          25.000    18772044.266    78047935.0270       1056.595          32.000  
G26  19385722.278   101872658.1121       -836.396          22.000    19385744.577    79381406.2890       -657.322          34.000  
G03  20102865.143   105641309.0860       -878.929          35.000    20102857.915    82317849.4460       -684.513          28.000  
G32  22877349.122   120221280.2241      -3047.492          25.000    22877358.078    93678956.9561      -2383.364          22.000  
E07  24880307.423   130746943.3340      -1916.886          29.000    24880320.840   100182718.3430      -1468.666          30.000  
G31  20324735.342   106807198.9770      -2167.551          37.000    20324736.849    83226410.1150      -1688.938          29.000  
C20  24316958.382   126624772.9540       2502.577          36.000  
R15  18442144.555    98549195.7830      -1029.521          31.000    18442145.547    76649378.1000       -800.237          39.000  
E30  26287965.127   138144217.7270      -2694.507          28.000    26287963.470   105850771.3260      -2064.830          28.000  
G04  21902436.603   115098061.3000       2359.965          37.000    21902438.806    89686825.0040       1838.834          31.000  
G16  19667145.010   103351662.9960       1784.051          29.000                                                                  
G28  22413789.472   117785337.2630      -2785.468          32.000    22413798.244    91780756.6591      -2169.869          26.000  
E33  26807457.594   140874140.3121      -2788.651          16.000                                                                  
E19  23924010.497   125721536.8630       1486.742          26.000    23924020.628    96332117.9140       1139.555          29.000  
E27  23355046.107   122731548.6070       -475.156          40.000    23355045.625    94041114.5300       -363.867          42.000  
E29  22842133.788   120036203.1400        -47.938          29.000    22842135.340    91975824.8300        -36.615          37.000  
