     3.05           O: OBSERVATION      M: MIXED            RINEX VERSION / TYPE
PYRINEXCONV 0.1.2 ALDELTUNES            20260721 000953 UTC PGM / RUN BY / DATE
UNKN                                                        MARKER NAME
NONE                                                        MARKER TYPE
                                                            OBSERVER / AGENCY
                                                            REC # / TYPE / VERS
                                                            ANT # / TYPE
   112627.3970 -5325487.2171  3496560.0837                  APPROX POSITION XYZ
        0.0000        0.0000        0.0000                  ANTENNA: DELTA H/E/N
E    8 C1C L1C D1C S1C C7Q L7Q D7Q S7Q                      SYS / # / OBS TYPES
S    4 C1C L1C D1C S1C                                      SYS / # / OBS TYPES
G    8 C1C L1C D1C S1C C2L L2L D2L S2L                      SYS / # / OBS TYPES
C    8 C2I L2I D2I S2I C7I L7I D7I S7I                      SYS / # / OBS TYPES
R    8 C1C L1C D1C S1C C2C L2C D2C S2C                      SYS / # / OBS TYPES
DBHZ                                                        SIGNAL STRENGTH UNIT
    10.000                                                  INTERVAL
  2026     7    21     0     0   20.9920000     GPS         TIME OF FIRST OBS
  2026     7    21     0    10   10.9920000     GPS         TIME OF LAST OBS
  7 R03  5 R04  6 R05  1 R06 -4 R14 -7 R15  0 R16 -1        GLONASS SLOT / FRQ
 C1C    0.000 C1P    0.000 C2C    0.000 C2P    0.000        GLONASS COD/PHS/BIS
    18        2428     2GPS                                 LEAPSECONDS
    36                                                      # OF SATELLITES
                                                            END OF HEADER
> 2026  7 21  0  0 20.9920000  0 30                           
E29  21321226.880   112043811.3170        226.656          32.000    21321231.410    85851793.7490        173.647          28.000  
S35  35608536.505   187124119.0470       -450.352          44.000  
G03  18507965.500    97260014.0840        740.942          47.000    18507966.233    75787003.0400        577.466          37.000  
G31  17895214.975    94040004.5710      -1586.689          30.000                                                                  
G01  21821288.796   114671647.8930      -2684.206          34.000    21821304.978    89354595.8271      -2093.472          20.000  
C37  21495796.737   111934211.0030       2073.090          42.000                                                                  
C23  19129900.552    99614359.7750       -495.430          31.000                                                                  
C32  19756868.603   102879248.8370        957.655          45.000                                                                  
C41  20269475.763   105548489.2560      -2103.448          28.000                                                                  
C25  20758183.428   108093349.7010      -2893.110          27.000                                                                  
R16  20317095.447   108530261.9650       3530.692          32.000    20317102.416    84412478.1970       2746.209          28.000  
R05  18043706.614    96453949.1870       2293.877          45.000    18043707.523    75019718.9720       1784.266          40.000  
R14  17813397.931    94955434.2931      -3182.424          25.000    17813415.984    73854273.1720      -2475.905          29.000  
R03  19963953.313   106868604.5741      -3486.489          19.000                                                                  
R04  17102351.826    91582334.4310       -778.926          28.000    17102354.163    71230700.5141       -601.385          22.000  
E26  25190909.815   132379183.9600      -3135.921          29.000    25190923.112   101433408.2131      -2393.417          19.000  
G16  19187043.823   100828528.8640       2921.245          33.000                                                                  
S31  35175216.479   184847007.4590       -447.317          35.000  
S33  35874953.377   188524147.4500       -448.689          45.000  
E27  21814972.658   114638454.7641        589.073          23.000    21814987.623    87839921.5010        449.543          28.000  
R15  16805687.581    89804513.7150        754.321          33.000    16805691.145    69847977.2110        585.854          33.000  
E30  23658068.764   124324023.4400      -1942.875          27.000    23658068.640    95261238.9191      -1489.010          25.000  
E33  24036705.839   126313720.2760      -2447.470          30.000    24036711.349    96785837.1190      -1875.304          38.000  
G26  17792007.807    93497511.9670        729.066          30.000    17791999.131    72855261.6341        558.290          21.000  
G32  20069616.334   105466527.5410      -2424.251          29.000    20069605.130    82181677.8761      -1898.174          24.000  
G28  19606488.457   103032760.9100      -2658.815          30.000                                                                  
E19  23016487.955   120952460.1741       1415.252          22.000                                                                  
E21  23836936.433   125263946.0001       2500.801          25.000    23836948.192    95981510.6670       1915.795          28.000  
G04  21414508.323   112534000.7021       2368.849          20.000                                                                  
E07                                                                  22522889.534    90690342.5861      -1214.970          24.000  
> 2026  7 21  0  0 30.9920000  0 30                           
E29  21320797.088   112041551.6830        226.146          32.000    21320801.856    85850062.3620        172.950          28.000  
S35  35609394.040   187128625.0890       -450.284          44.000  
G03  18506561.823    97252639.4170        734.393          46.000    18506562.951    75781256.5500        572.321          37.000  
G31  17898238.598    94055894.5860      -1590.555          28.000                                                                  
G01  21826398.938   114698503.9390      -2685.970          35.000    21826411.931    89375507.9181      -2091.109          21.000  
C37  21491818.059   111913493.5960       2070.581          41.000                                                                  
C23  19130857.183    99619343.4240       -499.906          33.000                                                                  
C32  19755033.145   102869692.0290        954.229          44.000                                                                  
C41  20273520.941   105569545.2900      -2107.457          29.000                                                                  
C25  20763747.592   108122293.9040      -2895.175          27.000                                                                  
R16  20310490.168   108494972.4910       3527.277          34.000    20310497.807    84385030.9010       2743.649          28.000  
R05  18039418.482    96431024.6690       2291.506          45.000    18039419.200    75001888.8000       1782.493          40.000  
R14  17819372.966    94987284.9321      -3200.559          22.000    17819400.386    73879051.7540      -2479.890          30.000  
R03  19970460.592   106903438.2471      -3482.682          26.000                                                                  
R04  17103822.055    91590155.8110       -785.022          29.000    17103825.544    71236829.0821       -609.784          26.000  
E26  25196874.603   132410534.4020      -3134.003          29.000    25196893.909   101457449.9051      -2404.322          20.000  
G16  19181489.283   100799338.0340       2917.201          34.000                                                                  
S31  35176069.048   184851485.8130       -447.696          35.000  
S33  35875807.035   188528635.3220       -448.525          45.000  
E27  21813880.078   114632713.4801        588.108          22.000    21813874.727    87835440.7260        446.586          27.000  
R15  16804285.014    89797016.0750        746.063          36.000    16804288.234    69842145.7040        580.331          33.000  
E30  23661770.340   124343471.9830      -1946.198          27.000    23661769.667    95276140.9851      -1493.152          24.000  
E33  24041359.933   126338210.8030      -2450.047          27.000    24041372.321    96804602.5620      -1877.327          38.000  
G26  17790625.846    93490257.8970        723.261          31.000    17790627.030    72849643.5131        556.933          24.000  
G32  20074232.260   105490782.4600      -2426.441          29.000    20074234.736    82200634.9941      -1891.796          25.000  
G28  19611548.665   103059356.1620      -2660.062          27.000                                                                  
E19  23013795.473   120938310.4911       1411.812          20.000                                                                  
E21  23832179.001   125238945.9401       2498.721          26.000    23832190.840    95962359.4450       1914.661          28.000  
G04  21410003.232   112510326.2641       2368.617          22.000                                                                  
E07                                                                  22525913.916    90702520.5311      -1215.691          24.000  
> 2026  7 21  0  0 40.9920000  0 29                           
E29  21320369.356   112039299.5730        226.144          31.000    21320375.470    85848336.7600        172.848          29.000  
S35  35610250.671   187133128.8410       -449.549          44.000  
G03  18505170.478    97245328.4300        728.949          46.000    18505171.696    75775559.7030        568.024          38.000  
G31  17901267.302    94071814.8180      -1592.732          26.000                                                                  
G01  21831510.998   114725372.9090      -2686.692          37.000    21831514.348    89396401.3311      -2097.427          24.000  
C37  21487843.613   111892803.2070       2068.726          39.000                                                                  
C23  19131821.817    99624369.7430       -504.251          33.000                                                                  
C32  19753204.110   102860168.8930        951.701          44.000                                                                  
C41  20277574.417   105590638.7330      -2109.416          30.000                                                                  
C25  20769318.640   108151256.2070      -2896.559          28.000    20769283.015    83629295.8801      -2316.227          13.000  
R16  20303889.266   108459710.1750       3526.198          33.000    20303898.346    84357604.7250       2742.145          28.000  
R05  18035134.405    96408124.2210       2289.801          44.000    18035135.339    74984077.3820       1780.785          41.000  
R14  17825355.947    95019177.3921      -3180.494          21.000    17825385.533    73903869.1510      -2483.286          30.000  
R03  19976963.636   106938250.1571      -3484.774          23.000                                                                  
R04  17105293.909    91598034.3010       -789.896          29.000    17105305.042    71242972.3710       -615.045          25.000  
E26  25202841.724   132441871.1520      -3132.698          30.000    25202859.084   101481469.5901      -2395.527          21.000  
G16  19175941.941   100770181.7080       2915.259          33.000                                                                  
S31  35176921.018   184855962.1590       -446.030          35.000  
S33  35876660.836   188533120.7780       -447.246          45.000  
E27  21812795.197   114627012.3301        576.595          19.000    21812770.013    87830992.2350        443.878          26.000  
R15  16802898.046    89789595.1010        739.272          37.000    16802899.473    69836373.8220        574.743          32.000  
E30  23665483.659   124362955.7181      -1949.239          24.000    23665477.743    95291071.4771      -1502.982          22.000  
E33  24046023.592   126362724.3170      -2451.475          26.000    24046037.316    96823385.7250      -1878.457          39.000  
G26  17789256.694    93483067.9130        716.725          32.000    17789263.912    72844061.8991        562.795          23.000  
G32  20078852.409   105515063.2390      -2427.432          30.000    20078858.560    82219569.1081      -1892.755          24.000  
G28  19616611.251   103085960.1920      -2660.657          26.000                                                                  
E21  23827430.818   125213985.1970       2498.621          27.000    23827435.599    95943215.7220       1914.807          30.000  
G04  21405498.308   112486652.1741       2372.492          25.000                                                                  
E07                                                                  22528939.849    90714704.4031      -1229.436          24.000  
> 2026  7 21  0  0 50.9920000  0 30                           
E29  21319939.566   112037060.1690        222.576          31.000    21319950.926    85846620.8190        170.309          29.000  
S35  35611108.732   187137635.6160       -451.936          44.000  
G03  18503792.341    97238086.3570        719.696          46.000    18503793.149    75769916.5030        561.249          38.000  
G31  17904287.342    94087664.5861      -1598.268          23.000                                                                  
G01  21836627.480   114752259.7350      -2690.583          36.000    21836625.295    89417329.6791      -2095.866          26.000  
C37  21483876.749   111872145.0220       2063.037          41.000                                                                  
C23  19132795.231    99629443.6410       -510.375          31.000                                                                  
C32  19751382.766   102850684.6080        945.453          44.000                                                                  
C41  20281635.591   105611774.7700      -2116.174          31.000                                                                  
C25  20774891.507   108180241.5510      -2900.270          27.000                                                                  
R16  20297294.568   108424480.7660       3519.369          31.000    20297298.673    84330204.1050       2737.927          26.000  
R05  18030855.442    96385252.9210       2284.693          45.000    18030856.955    74966288.6070       1777.058          40.000  
R14  17831360.176    95051183.3481      -3201.374          26.000    17831379.578    73928729.3140      -2488.798          29.000  
R03  19983477.112   106973117.3271      -3489.513          12.000                                                                  
R04  17106777.031    91605975.1680       -798.361          28.000    17106792.841    71249187.5211       -616.081          22.000  
E26  25208804.195   132473199.0200      -3133.390          29.000    25208825.697   101505494.1531      -2400.476          22.000  
G16  19170401.247   100741065.2890       2907.605          31.000                                                                  
S31  35177773.080   184860441.5420       -448.929          34.000  
S33  35877515.000   188537609.3380       -450.198          45.000  
E27  21811711.299   114621315.8531        579.395          19.000    21811674.082    87826579.8530        439.201          26.000  
R15  16801525.318    89782255.9040        728.473          37.000    16801525.830    69830665.5510        567.547          33.000  
E30  23669195.110   124382459.5081      -1955.219          22.000    23669193.340    95306032.7841      -1502.874          22.000  
E33  24050704.387   126387265.9880      -2456.775          30.000    24050707.753    96842190.4220      -1882.309          39.000  
G26  17787902.130    93475947.2420        707.667          33.000    17787904.834    72838496.0831        549.439          23.000  
G32  20083479.243   105539375.0870      -2433.831          30.000    20083477.899    82238484.0771      -1902.020          22.000  
G28  19621675.752   103112578.1350      -2663.431          27.000                                                                  
E21  23822680.183   125189016.0170       2494.800          27.000    23822684.808    95924083.5430       1911.528          30.000  
G04  21400994.844   112462986.9091       2369.962          25.000                                                                  
E19                                                                  23008416.679    92645359.1721       1089.088          14.000  
E07                                                                  22531968.202    90726898.8241      -1219.688          22.000  
> 2026  7 21  0  1  0.9920000  0 28                           
E29  21319517.415   112034855.1010        219.747          31.000    21319528.879    85844931.2920        167.998          29.000  
S35  35611970.854   187142167.6920       -454.417          44.000  
G03  18502430.862    97230934.8510        710.785          46.000    18502432.115    75764343.9140        554.303          37.000  
G31  17907346.955    94103742.5611      -1602.951          25.000                                                                  
G01  21841751.085   114779185.9820      -2694.431          34.000    21841747.702    89438305.4040      -2098.976          27.000  
C37  21479920.430   111851540.4880       2058.264          42.000                                                                  
C23  19133783.367    99634586.6290       -516.927          31.000                                                                  
C32  19749572.656   102841260.6480        939.744          43.000                                                                  
C41  20285708.678   105632974.7900      -2123.285          31.000                                                                  
C25  20780461.578   108209271.4760      -2905.538          28.000                                                                  
R16  20290709.099   108389306.1060       3515.365          28.000    20290716.900    84302840.8071       2734.041          24.000  
R05  18026586.217    96362432.9800       2279.792          45.000    18026587.796    74948539.7820       1773.107          41.000  
R14  17837383.083    95083288.4361      -3206.414          26.000    17837386.295    73953649.4470      -2494.950          29.000  
R04  17108275.941    91614000.2550       -806.029          28.000    17108288.783    71255418.4481       -625.413          16.000  
E26  25214768.444   132504539.7100      -3134.222          29.000    25214789.779   101529508.9851      -2408.418          22.000  
G16  19164873.020   100712010.3630       2903.260          29.000                                                                  
S31  35178630.021   184864945.6130       -451.543          35.000  
S33  35878374.176   188542122.6280       -452.218          45.000  
E27  21810628.863   114615628.2101        562.088          18.000    21810590.472    87822220.3510        433.926          26.000  
R15  16800172.264    89775020.5870        718.362          39.000    16800172.149    69825038.1010        558.874          33.000  
E30  23672920.764   124402038.2031      -1961.030          22.000    23672920.695    95321041.5781      -1497.085          21.000  
E33  24055388.318   126411857.4430      -2461.265          34.000    24055387.446    96861033.2190      -1885.937          40.000  
G26  17786563.811    93468917.3980        699.175          31.000    17786562.322    72832999.3311        544.636          23.000  
G32  20088113.824   105563769.4740      -2439.013          28.000    20088106.503    82257437.8031      -1898.680          21.000  
G28  19626747.229   103139231.7290      -2666.733          27.000                                                                  
E21  23817936.022   125164083.5470       2491.779          27.000    23817940.078    95904979.4890       1909.082          31.000  
G04  21396496.663   112439348.1660       2364.026          27.000    21396498.026    87615082.4871       1841.262          26.000  
E07                                                                  22535005.480    90739128.6901      -1228.821          22.000  
> 2026  7 21  0  1 10.9920000  0 31                           
E29  21319108.422   112032680.2650        215.712          33.000    21319114.773    85843264.8070        165.610          29.000  
S35  35612837.040   187146719.9240       -456.495          44.000  
G03  18501086.334    97223869.7040        701.837          45.000    18501087.471    75758838.6270        547.107          37.000  
G31  17910404.282    94119809.6491      -1608.690          24.000                                                                  
G01  21846880.180   114806147.2080      -2698.119          30.000    21846880.157    89459314.2230      -2102.304          29.000  
C37  21475973.161   111830985.4350       2052.740          42.000                                                                  
C23  19134784.459    99639794.5720       -523.821          31.000                                                                  
C32  19747773.235   102831892.8970        933.797          43.000                                                                  
C20  23906710.428   124488513.9721       2604.521          25.000                                                                  
C41  20289792.038   105654234.4500      -2128.796          31.000                                                                  
C25  20786039.568   108238341.5190      -2909.637          26.000                                                                  
R16  20284135.746   108354212.2021       3508.693          24.000    20284148.287    84275550.1951       2728.765          20.000  
R05  18022326.412    96339660.3060       2274.705          45.000    18022327.798    74930827.7240       1769.126          41.000  
R14  17843393.452    95115327.7001      -3214.181          23.000    17843407.763    73978625.9250      -2500.689          30.000  
R03  19996503.349   107042847.8441      -3500.526          22.000                                                                  
R04  17109790.391    91622105.5050       -814.715          28.000    17109795.411    71261693.2371       -629.514          17.000  
E26  25220734.522   132535888.9140      -3135.597          29.000    25220758.558   101553543.1291      -2404.793          23.000  
G16  19159349.866   100683062.4551       2896.753          23.000                                                                  
S31  35179491.208   184869470.3730       -453.507          34.000  
S33  35879237.035   188546656.6090       -454.740          45.000  
E27  21809549.180   114609953.9101        559.855          17.000    21809519.338    87817910.4140        428.065          26.000  
R15  16798837.023    89767884.5980        708.485          39.000    16798837.162    69819487.9000        550.975          33.000  
E30  23676666.179   124421719.9461      -1960.113          19.000    23676659.472    95336096.2871      -1508.390          21.000  
E33  24060075.961   126436494.3120      -2466.259          35.000    24060075.553    96879910.7740      -1889.814          40.000  
G26  17785241.450    93461974.4020        689.276          31.000    17785241.350    72827589.2621        537.540          23.000  
G32  20092765.476   105588194.7701      -2449.239          25.000    20092750.294    82276453.2211      -1906.706          22.000  
G28  19631824.092   103165916.4980      -2670.255          25.000                                                                  
E19  23003008.625   120881625.3571       1405.847          19.000                                                                  
E21  23813201.384   125139183.6360       2488.312          27.000    23813201.711    95885900.3780       1905.902          30.000  
G04  21392005.416   112415718.0470       2361.823          28.000    21392000.698    87596665.6090       1840.460          27.000  
E07                                                                  22538047.471    90751377.1671      -1221.019          22.000  
> 2026  7 21  0  1 20.9920000  0 31                           
E29  21318702.867   112030535.7410        213.331          33.000    21318707.461    85841621.5670        163.622          29.000  
S35  35613707.343   187151293.3120       -458.558          44.000  
G03  18499758.066    97216891.2000        693.536          45.000    18499759.345    75753400.8580        540.424          38.000  
G31  17913482.802    94135964.8720      -1614.204          28.000                                                                  
G01  21852015.922   114833143.5990      -2701.628          27.000    21852016.773    89480350.3810      -2105.642          30.000  
C37  21472034.766   111810480.0760       2048.151          41.000                                                                  
C23  19135798.353    99645067.5020       -531.041          31.000                                                                  
C32  19745984.114   102822581.5810        928.284          42.000                                                                  
C20  23901713.776   124462482.6830       2604.830          27.000                                                                  
C41  20293885.382   105675554.0510      -2134.392          30.000                                                                  
C25  20791623.609   108267439.8661      -2912.826          25.000                                                                  
R05  18018075.283    96316935.2760       2270.141          45.000    18018076.693    74913152.7210       1765.710          41.000  
R14  17849422.762    95147460.2780      -3222.667          27.000    17849444.153    74003658.7590      -2505.663          31.000  
R03  20003079.639   107078051.0231      -3509.451          27.000                                                                  
R04  17111319.869    91630291.2030       -822.711          27.000    17111310.906    71268005.1491       -630.144          13.000  
E26  25226703.731   132567246.7580      -3136.328          29.000    25226725.964   101577571.1841      -2402.502          24.000  
G16  19153838.953   100654102.2941       2882.729          21.000                                                                  
S31  35180355.997   184874015.8960       -455.446          34.000  
S33  35880103.421   188551211.2680       -456.340          45.000  
E27  21808482.515   114604348.2631        558.904          18.000    21808457.073    87813619.1811        423.642          25.000  
R15  16797520.045    89760848.5510        698.295          39.000    16797520.760    69814015.4390        543.293          34.000  
E33  24064771.880   126461176.6560      -2470.792          36.000    24064772.731    96898823.1750      -1892.863          40.000  
G26  17783936.501    93455118.2740        681.522          32.000    17783940.164    72822262.0611        530.762          25.000  
G28  19636913.007   103192674.0991      -2673.309          20.000                                                                  
E19  23000331.169   120867555.8811       1409.435          23.000                                                                  
E21  23808464.359   125114316.4970       2485.114          28.000    23808469.739    95866846.4220       1903.583          30.000  
G04  21387507.552   112392105.5020       2360.449          28.000    21387505.330    87578266.2270       1839.581          26.000  
E07  22541094.523   118454251.2001      -1604.223          19.000    22541097.367    90763658.1191      -1234.253          22.000  
C33                                                                  19484270.910    78455084.1001      -2829.042          10.000  
E30                                                                  23680409.545    95351196.5071      -1515.728          19.000  
G32                                                                  20097409.546    82295531.6001      -1907.194          22.000  
> 2026  7 21  0  1 30.9920000  0 31                           
E29  21318298.000   112028417.6790        210.435          33.000    21318305.489    85839998.6550        161.308          29.000  
S35  35614580.672   187155882.9210       -459.959          44.000  
G03  18498445.567    97209995.4270        685.370          45.000    18498446.895    75748027.5230        534.448          38.000  
G31  17916565.840    94152131.5510      -1619.181          27.000                                                                  
G01  21857158.310   114860171.0370      -2704.330          27.000    21857161.347    89501410.7130      -2107.043          32.000  
C37  21468104.771   111790020.5000       2043.896          38.000                                                                  
C23  19136824.242    99650401.3810       -535.536          31.000                                                                  
C32  19744205.660   102813322.8520        923.216          41.000                                                                  
C20  23896715.364   124436466.6130       2603.191          27.000    23896488.001    96221254.4611       2193.635          12.000  
C41  20297990.054   105696961.6640      -2140.764          30.000                                                                  
C25  20797222.967   108296597.0151      -2917.374          24.000                                                                  
R16  20270993.524   108284008.4701       3502.674          24.000                                                                  
R05  18013832.558    96294253.7420       2266.059          46.000    18013833.831    74895511.5520       1762.421          42.000  
R14  17855485.511    95179713.8400      -3228.841          29.000    17855494.541    74028744.9040      -2511.280          31.000  
R03  20009653.577   107113215.3670      -3516.160          27.000                                                                  
R04  17112861.985    91638553.3010       -830.892          24.000                                                                  
E26  25232673.436   132598609.1550      -3136.502          29.000    25232695.176   101601607.1391      -2402.938          25.000  
G16  19148359.126   100625305.8111       2891.457          20.000                                                                  
S31  35181224.249   184878577.9980       -456.963          35.000  
S33  35880973.149   188555782.3740       -458.151          45.000  
E27  21807430.154   114598817.9581        550.666          18.000    21807410.246    87809403.5821        419.124          24.000  
R15  16796220.701    89753908.2160        688.978          39.000    16796222.802    69808617.4270        535.466          33.000  
E33  24069476.150   126485900.4930      -2474.588          36.000    24069477.430    96917767.3670      -1895.914          40.000  
G26  17782647.282    93448345.1910        673.106          32.000    17782655.187    72816999.4781        524.791          25.000  
E19  22997652.389   120853478.4031       1408.462          26.000                                                                  
E21  23803739.400   125089478.3450       2482.318          28.000    23803742.666    95847817.5480       1902.748          30.000  
G04  21383013.775   112368506.6280       2359.851          27.000    21383012.590    87559861.4531       1837.346          26.000  
E07  22544165.795   118470390.7901      -1606.516          19.000    22544153.437    90775963.5531      -1222.854          20.000  
E30                                                                  23684168.527    95366331.4991      -1516.907          20.000  
R06                                                                  22063457.567    91571539.9371       2484.719          13.000  
G32                                                                  20102073.391    82314630.0701      -1911.798          22.000  
> 2026  7 21  0  1 40.9920000  0 31                           
E29  21317899.230   112026326.2080        207.486          34.000    21317908.584    85838396.0800        159.195          29.000  
S35  35615457.417   187160489.6890       -461.338          44.000  
G03  18497149.484    97203182.6340        677.032          46.000    18497150.423    75742718.8630        527.802          37.000  
G31  17919644.244    94168365.3041      -1625.112          26.000                                                                  
G01  21862297.671   114887149.6741      -2708.201          23.000    21862311.495    89522495.3470      -2110.103          32.000  
C37  21464183.427   111769606.9450       2039.105          37.000                                                                  
C23  19137862.421    99655796.5580       -541.990          31.000                                                                  
C32  19742437.368   102804116.9800        917.702          40.000                                                                  
C20  23891715.579   124410444.2280       2601.113          26.000                                                                  
C41  20302104.792   105718393.3260      -2145.908          31.000                                                                  
C25  20802833.940   108325814.6041      -2919.389          24.000                                                                  
R16  20264457.221   108249037.5380       3495.106          30.000    20264421.697    84193590.7801       2715.912          21.000  
R05  18009598.156    96271616.2000       2261.309          46.000    18009599.218    74877904.5960       1758.616          42.000  
R14  17861553.367    95212035.4570      -3235.637          29.000    17861557.344    74053883.8860      -2516.130          29.000  
R03  20016229.858   107148399.2670      -3521.238          27.000                                                                  
R04  17114417.627    91646928.3951       -833.444          22.000                                                                  
E26  25238645.339   132629976.2880      -3137.078          29.000    25238665.082   101625645.6221      -2403.721          25.000  
G16  19142873.582   100596479.2181       2880.706          16.000                                                                  
S31  35182095.846   184883157.1990       -458.922          35.000  
S33  35881846.364   188560370.9710       -459.956          45.000  
E27  21806401.817   114593414.2831        543.003          20.000    21806375.280    87805236.9711        414.503          23.000  
R15  16794939.557    89747063.7170        679.387          38.000    16794942.149    69803293.9270        528.319          33.000  
E33  24074188.317   126510665.9080      -2478.916          36.000    24074189.960    96936743.4220      -1899.395          40.000  
G26  17781373.426    93441655.3510        663.288          32.000    17781380.600    72811780.6351        517.729          22.000  
G28  19647093.457   103246172.3231      -2673.748          22.000                                                                  
E19  22994977.029   120839419.7881       1406.384          26.000                                                                  
E21  23799022.054   125064669.3110       2479.474          27.000    23799020.960    95828808.1460       1899.190          30.000  
G04  21378526.947   112344921.7240       2357.294          27.000    21378524.081    87541483.6580       1837.189          27.000  
E07  22547210.926   118486392.9141      -1604.670          21.000    22547216.055    90788295.8731      -1236.374          21.000  
E30                                                                  23687940.414    95381519.6751      -1520.698          19.000  
G32                                                                  20106748.539    82333773.2051      -1913.840          23.000  
> 2026  7 21  0  1 50.9920000  0 32                           
E29  21317508.792   112024263.8310        204.725          34.000    21317516.440    85836815.8320        156.891          29.000  
S35  35616337.714   187165115.8430       -463.201          44.000  
G29  22784777.038   119734811.2501        450.788          22.000                                                                  
G03  18495869.402    97196455.2490        668.756          46.000    18495870.206    75737476.7750        520.630          37.000  
G31  17922737.701    94184621.9601      -1628.001          26.000                                                                  
G01  21867457.995   114914266.7921      -2710.739          26.000    21867466.676    89543606.0210      -2112.328          32.000  
C37  21460273.114   111749241.8250       2034.577          39.000                                                                  
C23  19138912.435    99661255.4110       -549.540          30.000                                                                  
C32  19740680.225   102794966.3920        912.364          38.000                                                                  
C20  23886724.165   124384440.9841       2600.276          27.000                                                                  
C41  20306232.158   105739883.4900      -2151.180          31.000                                                                  
C25  20808461.880   108355121.0171      -2924.662          22.000                                                                  
R16  20257917.031   108214108.2200       3490.381          32.000    20257895.968    84166478.1841       2711.426          25.000  
R05  18005372.357    96249025.1970       2256.913          47.000    18005373.116    74860333.8030       1755.511          41.000  
R14  17867628.040    95244427.7940      -3242.798          28.000    17867633.536    74079077.9670      -2521.838          29.000  
R03  20022812.951   107183641.2430      -3525.851          23.000                                                                  
R04  17116009.218    91655451.2391       -847.097          24.000                                                                  
E26  25244615.907   132661350.4560      -3137.757          28.000    25244632.488   101649673.4781      -2403.656          25.000  
G16  19137407.122   100567752.2791       2881.912          20.000                                                                  
S31  35182970.788   184887755.6140       -460.880          35.000  
S33  35882723.223   188564978.6730       -461.558          45.000  
E27  21805382.341   114588056.7781        532.513          22.000    21805352.476    87801117.7021        405.676          22.000  
R15  16793676.505    89740317.7060        669.881          38.000    16793679.500    69798047.0270        521.386          33.000  
E33  24078909.385   126535475.1960      -2482.917          36.000    24078910.984    96955753.0980      -1902.491          40.000  
G26  17780117.892    93435051.0910        656.870          33.000    17780121.968    72806626.4891        508.870          20.000  
G28  19652216.462   103273093.7661      -2681.161          22.000                                                                  
E19  22992305.826   120825382.5811       1403.991          26.000                                                                  
E21  23794305.754   125039920.0271       2475.632          26.000    23794306.088    95809822.8570       1897.971          30.000  
G04  21374049.357   112321352.9680       2356.494          28.000    21374041.045    87523118.5120       1835.712          28.000  
E07  22550264.485   118502439.0901      -1610.707          21.000    22550283.390    90800646.2311      -1245.510          20.000  
E30                                                                  23691723.906    95396754.4701      -1514.050          19.000  
G32                                                                  20111438.668    82352978.6691      -1922.730          24.000  
> 2026  7 21  0  2  0.9920000  0 30                           
E29  21317122.034   112022230.3060        201.679          34.000    21317129.695    85835257.6260        154.438          29.000  
S35  35617221.943   187169761.3410       -465.574          44.000  
G03  18494605.430    97189813.1140        659.772          46.000    18494606.181    75732301.0750        514.355          37.000  
G31  17925836.750    94200907.4451      -1634.090          24.000                                                                  
G01  21872632.589   114941459.8910      -2713.863          30.000    21872628.949    89564742.4890      -2115.622          31.000  
C37  21456372.794   111728924.9880       2029.126          41.000                                                                  
C23  19139973.626    99666777.4020       -555.329          29.000                                                                  
C32  19738933.306   102785870.9140        906.994          38.000                                                                  
C20  23881731.743   124358448.4500       2598.118          26.000                                                                  
C41  20310370.965   105761431.9850      -2158.024          30.000                                                                  
C25  20814082.353   108384388.7021      -2927.917          24.000                                                                  
R16  20251388.005   108179228.4220       3485.300          32.000    20251380.243    84139406.6280       2710.805          26.000  
R05  18001155.306    96226480.4330       2251.827          47.000    18001155.477    74842798.9840       1751.751          41.000  
R14  17873719.312    95276890.3150      -3249.826          30.000    17873722.382    74104326.6320      -2527.548          29.000  
R04  17117603.615    91663990.0921       -864.614          20.000                                                                  
E26  25250587.090   132692731.3080      -3138.552          28.000    25250606.130   101673727.4131      -2403.357          25.000  
G16  19131943.092   100539039.1531       2868.978          20.000                                                                  
S31  35183850.037   184892373.1530       -463.081          35.000  
S33  35883603.580   188569605.8590       -463.859          45.000  
E27  21804373.720   114582756.5201        523.154          24.000    21804340.639    87797043.7961        400.183          21.000  
R15  16792432.219    89733669.6830        659.464          38.000    16792434.985    69792876.3660        513.400          32.000  
E33  24083638.816   126560328.0410      -2487.698          35.000    24083639.930    96974796.1380      -1905.787          39.000  
G26  17778879.949    93428532.3930        647.857          33.000    17778877.511    72801530.4241        501.191          17.000  
G28  19657316.664   103299896.0001      -2696.201          18.000                                                                  
E19  22989634.699   120811343.2400       1403.475          27.000                                                                  
E21  23789599.617   125015189.0351       2472.011          24.000    23789597.199    95790861.7580       1894.810          30.000  
G04  21369567.521   112297800.3970       2354.395          28.000    21369558.773    87504765.8780       1834.412          28.000  
E07  22553334.951   118518574.4281      -1610.752          21.000    22553356.991    90813022.5541      -1233.758          21.000  
E30                                                                  23695517.945    95412031.4631      -1534.272          19.000  
G32                                                                  20116131.723    82372195.9781      -1921.219          25.000  
> 2026  7 21  0  2 10.9920000  0 31                           
E29  21316738.656   112020222.3160        199.660          33.000    21316747.077    85833719.0590        152.906          30.000  
S35  35618108.577   187174422.3060       -466.352          44.000  
G03  18493357.234    97183252.9550        652.429          46.000    18493357.467    75727189.2740        508.557          37.000  
G31  17928947.809    94217256.3771      -1637.508          24.000                                                                  
G01  21877798.302   114968614.7630      -2716.210          32.000    21877795.979    89585902.0210      -2116.897          30.000  
C37  21452481.010   111708653.1110       2025.537          41.000                                                                  
C23  19141046.821    99672359.4180       -561.038          28.000                                                                  
C32  19737196.395   102776827.3710        901.854          37.000                                                                  
C20  23876739.546   124332477.2980       2595.824          23.000                                                                  
C41  20314521.108   105783035.3140      -2162.129          30.000                                                                  
C25  20819704.105   108413662.6611      -2928.931          25.000                                                                  
R16  20244866.516   108144395.0700       3481.254          33.000    20244867.192    84112313.5340       2707.759          27.000  
R05  17996945.966    96203978.9520       2248.485          47.000    17996946.014    74825297.8550       1748.741          41.000  
R14  17879825.864    95309419.9270      -3254.899          30.000    17879824.920    74129627.4530      -2532.593          29.000  
R04  17119200.510    91672541.0021       -865.715          24.000                                                                  
E26  25256557.234   132724115.5400      -3138.241          28.000    25256576.751   101697767.8911      -2404.522          25.000  
G16  19126486.245   100510362.7041       2864.037          23.000                                                                  
S31  35184731.428   184897006.6970       -463.547          35.000  
S33  35884487.266   188574247.9020       -464.624          45.000  
E27  21803363.140   114577445.6861        515.493          22.000    21803340.443    87793016.2491        406.316          20.000  
R15  16791206.216    89727116.5830        650.780          40.000    16791208.544    69787779.5480        505.519          32.000  
E33  24088375.663   126585221.0620      -2490.867          34.000    24088376.754    96993870.0220      -1908.951          39.000  
G26  17777654.898    93422095.9070        640.169          30.000    17777649.906    72796503.7591        500.095          14.000  
G28  19662406.864   103326644.6531      -2677.282          16.000                                                                  
E19  22986967.191   120797313.8370       1402.765          28.000                                                                  
E21  23784898.087   124990482.3381       2471.340          24.000    23784893.646    95771922.2960       1892.709          31.000  
G04  21365090.099   112274260.6480       2354.266          25.000    21365079.659    87486423.2330       1834.314          27.000  
E07  22556417.759   118534774.9801      -1612.818          21.000    22556438.091    90825428.2341      -1239.370          21.000  
E30                                                                  23699324.094    95427357.1721      -1539.942          20.000  
R03                                                                  20036002.424    83419969.6990      -2751.572          26.000  
G32                                                                  20120835.046    82391454.9751      -1925.700          26.000  
> 2026  7 21  0  2 20.9920000  0 31                           
E29  21316360.765   112018234.5990        197.540          33.000    21316368.340    85832195.9460        151.401          30.000  
S35  35618997.553   187179093.8730       -467.747          44.000  
G03  18492123.415    97176769.5210        644.519          46.000    18492123.855    75722137.2710        502.197          37.000  
G31  17932085.398    94233744.6491      -1642.590          24.000                                                                  
G01  21882971.846   114995793.9090      -2719.294          34.000    21882967.468    89607080.4630      -2118.996          28.000  
C37  21448596.029   111688421.0230       2020.978          40.000                                                                  
C23  19142130.038    99677996.0580       -566.331          28.000                                                                  
C32  19735468.185   102767830.5390        897.295          36.000                                                                  
C20  23871745.826   124306444.5041       2599.581          20.000                                                                  
C41  20318680.198   105804688.3990      -2168.112          31.000                                                                  
C25  20825328.996   108442952.7691      -2934.202          24.000                                                                  
R16  20238352.693   108109602.8260       3477.812          32.000    20238353.794    84085252.9660       2704.397          28.000  
R05  17992743.708    96181515.1880       2244.441          47.000    17992743.217    74807826.0480       1745.587          41.000  
R14  17885942.579    95342010.8140      -3262.642          27.000    17885938.790    74154975.8170      -2537.448          29.000  
R03  20042580.403   107289501.7891      -3552.251          20.000    20042626.126    83447505.9630      -2755.613          26.000  
R04  17120815.660    91681189.7060       -867.729          26.000                                                                  
E26  25262526.875   132755497.7230      -3137.913          27.000    25262549.462   101721817.9041      -2404.713          25.000  
G16  19121040.519   100481745.7461       2860.207          25.000                                                                  
S31  35185614.792   184901650.3250       -464.976          35.000  
S33  35885372.447   188578901.3470       -465.709          45.000  
E27  21802367.435   114572213.9731        510.900          23.000    21802352.177    87789037.1941        397.837          19.000  
R15  16789997.194    89720652.7600        641.797          40.000    16789998.666    69782752.1490        498.674          32.000  
E33  24093119.083   126610148.8780      -2494.574          32.000    24093120.057    97012970.5180      -1911.405          38.000  
G26  17776442.813    93415834.1860        633.253          28.000                                                                  
G28  19667507.157   103353446.6991      -2687.086          20.000                                                                  
E19  22984299.008   120783291.8610       1402.064          28.000                                                                  
E21  23780202.140   124965805.6031       2469.688          24.000    23780193.896    95753000.4280       1890.310          30.000  
G04  21360616.521   112250796.6681       2359.542          19.000    21360601.914    87468086.5570       1833.130          27.000  
E07  22559497.382   118550958.4371      -1621.615          21.000    22559522.240    90837846.9411      -1237.828          21.000  
E30                                                                  23703138.623    95442717.0121      -1532.465          20.000  
G32                                                                  20125539.582    82410719.7931      -1928.548          25.000  
> 2026  7 21  0  2 30.9920000  0 31                           
E29  21315987.165   112016273.0050        194.652          32.000    21315995.315    85830692.8680        149.035          31.000  
S35  35619889.841   187183782.1310       -469.866          44.000  
G03  18490905.441    97170368.6660        635.822          45.000    18490905.663    75717149.5870        495.435          37.000  
G31  17935214.101    94250185.7391      -1647.110          18.000                                                                  
G01  21888149.967   115023002.9290      -2722.690          34.000    21888143.459    89628282.2140      -2121.443          28.000  
C37  21444718.952   111668234.4330       2016.113          38.000                                                                  
C23  19143224.615    99683693.1670       -572.572          27.000                                                                  
C32  19733750.798   102758886.2410        891.498          36.000                                                                  
C20  23866770.488   124280536.3101       2593.353          21.000                                                                  
C41  20322849.809   105826396.9140      -2174.086          32.000                                                                  
C25  20830961.935   108472284.3151      -2938.680          24.000                                                                  
R16  20231847.031   108074857.7550       3473.344          31.000    20231847.399    84058229.0640       2700.679          29.000  
R05  17988549.664    96159095.4420       2239.654          47.000    17988549.169    74790388.4800       1741.912          40.000  
R14  17892069.083    95374796.3931      -3272.298          20.000    17892065.735    74180376.4400      -2543.046          28.000  
R03  20049202.560   107324950.4751      -3525.378          15.000    20049255.806    83475183.5581      -2758.892          24.000  
R04  17122433.597    91689854.0481       -875.472          26.000    17122391.087    71314154.0671       -679.639          20.000  
E26  25268499.263   132786883.5800      -3139.033          26.000    25268520.482   101745860.7051      -2406.885          24.000  
G16  19115608.572   100453200.4101       2852.165          23.000                                                                  
S31  35186501.552   184906310.2330       -467.152          35.000  
S33  35886261.098   188583571.1540       -467.886          45.000  
E27  21801407.535   114567169.8551        507.456          23.000    21801376.954    87785110.3421        389.042          19.000  
R15  16788805.795    89714284.1930        631.402          41.000    16788806.536    69777798.8070        491.088          31.000  
E30  23706953.069   124580878.9671      -2021.624          19.000    23706963.408    95458117.4521      -1540.046          19.000  
E33  24097870.498   126635117.2030      -2498.631          30.000    24097871.250    97032102.0610      -1914.636          37.000  
G26  17775251.456    93409563.4870        622.844          29.000                                                                  
G28  19672618.661   103380308.7191      -2688.114          21.000                                                                  
E19  22981633.453   120769283.3340       1399.636          29.000                                                                  
E21  23775509.369   124941144.7521       2465.603          26.000    23775499.545    95734086.6040       1888.684          30.000  
G04  21356137.664   112227260.2241       2347.855          23.000    21356119.860    87449760.2040       1831.812          27.000  
E07  22562579.449   118567155.2651      -1632.324          20.000    22562610.338    90850281.4611      -1244.215          21.000  
G32                                                                  20130252.032    82430016.0701      -1931.878          25.000  
> 2026  7 21  0  2 40.9920000  0 30                           
E29  21315618.496   112014337.3870        193.118          30.000    21315626.606    85829209.7400        147.779          31.000  
S35  35620785.112   187188486.0030       -470.974          44.000  
G03  18489703.091    97164050.3700        628.302          45.000    18489703.438    75712226.2240        489.587          37.000  
G01  21893333.846   115050241.7260      -2724.751          34.000    21893325.716    89649507.1150      -2123.282          27.000  
C37  21440850.822   111648093.3390       2012.231          37.000                                                                  
C23  19144331.678    99689450.6480       -579.498          25.000                                                                  
C32  19732043.685   102749994.4290        886.760          36.000                                                                  
C20  23861801.400   124254661.4971       2597.885          24.000                                                                  
C41  20327030.021   105848160.6920      -2178.220          32.000                                                                  
C25  20836611.221   108501702.2631      -2939.976          25.000                                                                  
R16  20225349.474   108040159.8790       3467.078          30.000    20225356.003    84031241.7860       2697.069          29.000  
R05  17984363.951    96136719.6890       2235.963          47.000    17984363.285    74772985.1280       1738.988          40.000  
R04  17124073.924    91698637.4330       -883.176          27.000    17124039.959    71321021.5631       -686.126          20.000  
E26  25274472.869   132818251.0701      -3137.969          25.000    25274494.354   101769915.2741      -2406.530          25.000  
G16  19110181.187   100424679.1111       2844.646          23.000                                                                  
S31  35187391.351   184910986.6540       -467.846          35.000  
S33  35887152.800   188588256.8620       -468.652          45.000  
E27  21800452.964   114562153.3011        505.356          21.000    21800411.299    87781221.9111        379.820          18.000  
R15  16787632.126    89708010.8010        623.103          41.000    16787633.439    69772919.4980        485.310          32.000  
E30  23710785.848   124601019.6541      -2029.929          21.000    23710797.942    95473557.1031      -1553.896          20.000  
E33  24102631.409   126660125.9060      -2502.403          29.000    24102629.911    97051264.5620      -1917.584          36.000  
G26  17774069.714    93403365.8111        616.901          27.000                                                                  
G28  19677748.999   103407268.8101      -2698.189          23.000                                                                  
E19  22978967.492   120755287.8790       1399.135          28.000                                                                  
E21  23770821.154   124916500.6730       2462.598          27.000    23770811.255    95715208.8530       1887.280          30.000  
G04  21351666.884   112203766.5321       2350.010          26.000    21351644.565    87431444.2820       1831.793          28.000  
E07  22565670.270   118583397.0231      -1626.828          20.000    22565706.309    90862747.5041      -1241.033          21.000  
R03                                                                  20055885.484    83502785.7281      -2768.154          22.000  
R14                                                                  17898204.543    74205828.8420      -2547.411          26.000  
G32                                                                  20134974.961    82449355.6981      -1934.901          24.000  
> 2026  7 21  0  2 50.9920000  0 31                           
E29  21315255.625   112012423.0090        190.136          30.000    21315262.958    85827742.8500        145.392          32.000  
S35  35621682.462   187193201.6930       -472.684          44.000  
G03  18488515.598    97157809.7680        619.946          45.000    18488515.743    75707363.4220        483.130          37.000  
G31  17941479.653    94283111.8161      -1654.991          20.000                                                                  
G01  21898523.224   115077505.2320      -2727.847          34.000    21898513.067    89670751.3240      -2125.742          28.000  
C37  21436991.063   111627992.9500       2007.453          38.000                                                                  
C23  19145448.236    99695263.2690       -584.290          26.000                                                                  
C32  19730345.448   102741150.3210        881.712          37.000                                                                  
C20  23856831.295   124228780.5241       2589.803          25.000                                                                  
C41  20331220.469   105869975.0050      -2184.385          31.000                                                                  
C25  20842265.328   108531144.4411      -2945.026          26.000                                                                  
R16  20218859.738   108005504.1370       3463.266          29.000    20218868.976    84004287.3420       2693.913          30.000  
R05  17980185.491    96114382.7440       2231.552          46.000    17980184.733    74755611.9730       1735.262          39.000  
R04  17125723.357    91707504.0600       -891.077          26.000    17125704.627    71327954.0151       -693.018          23.000  
E26  25280444.740   132849633.1111      -3139.063          25.000    25280467.019   101793964.7091      -2403.211          23.000  
G16  19104773.484   100396261.3491       2835.853          19.000                                                                  
S31  35188283.411   184915674.1470       -469.340          35.000  
S33  35888046.784   188592953.5300       -470.551          45.000  
E27  21799508.138   114557188.0241        499.465          20.000    21799455.041    87777372.1131        379.402          18.000  
R15  16786475.314    89701827.7110        613.686          41.000    16786476.459    69768110.4280        477.106          31.000  
E30  23714630.121   124621221.4651      -2026.833          24.000    23714642.327    95489037.3671      -1546.264          19.000  
E33  24107397.130   126685169.9910      -2506.717          28.000    24107395.286    97070454.1490      -1920.515          35.000  
G26  17772883.706    93397133.6771        605.254          26.000                                                                  
G28  19682893.480   103434302.6861      -2695.771          25.000                                                                  
E19  22976309.648   120741300.7530       1397.990          27.000    22976307.763    92516069.8531       1070.611          25.000  
E21  23766133.692   124891887.6530       2459.344          27.000    23766127.339    95696349.5040       1885.111          30.000  
G04  21347189.049   112180235.3391       2345.608          22.000    21347178.324    87413134.9460       1830.566          29.000  
E07  22568773.697   118599705.9761      -1633.934          21.000    22568805.888    90875228.6661      -1243.529          22.000  
R03                                                                  20062516.592    83530394.6741      -2762.383          23.000  
R14                                                                  17904346.384    74231298.6321      -2552.032          22.000  
G32                                                                  20139700.436    82468705.9921      -1937.546          23.000  
> 2026  7 21  0  3  0.9920000  0 31                           
E29  21314898.134   112010536.1780        186.948          29.000    21314904.618    85826297.1000        142.451          32.000  
S35  35622583.069   187197934.2750       -474.582          44.000  
G03  18487343.994    97151653.2850        611.340          45.000    18487344.283    75702566.2010        476.013          37.000  
G31  17944658.448    94299815.8280      -1662.356          27.000                                                                  
G01  21903718.962   115104799.7350      -2731.141          32.000    21903707.237    89692019.6260      -2127.573          28.000  
C37  21433140.828   111607939.6070       2003.046          39.000                                                                  
C23  19146578.162    99701137.7120       -590.765          29.000    19146482.923    77094952.2711       -441.102          11.000  
C32  19728658.056   102732360.3310        876.186          38.000                                                                  
C20  23851860.068   124202894.3531       2588.127          26.000                                                                  
C41  20335420.877   105891846.0180      -2190.251          30.000                                                                  
C25  20847922.690   108560604.2321      -2949.422          26.000                                                                  
R16  20212380.330   107970897.1000       3457.485          29.000    20212391.251    83977370.7780       2689.991          30.000  
R05  17976015.148    96092091.4040       2226.633          46.000    17976014.621    74738274.2410       1731.902          39.000  
R14  17910501.335    95473050.4241      -3283.496          19.000    17910499.192    74256807.5171      -2565.079          21.000  
R03  20069135.065   107431650.7721      -3562.678          18.000    20069169.427    83558093.2491      -2773.512          24.000  
R04  17127378.900    91716335.4791       -897.322          23.000    17127378.166    71334924.8471       -695.738          24.000  
E26  25286415.603   132881010.0221      -3140.078          23.000    25286439.234   101818011.8681      -2405.093          23.000  
G16  19099369.521   100367863.5571       2833.427          16.000                                                                  
S31  35189178.955   184920379.0620       -470.917          35.000  
S33  35888943.768   188597668.0950       -472.510          45.000  
E27  21798559.725   114552203.6491        489.631          18.000    21798513.878    87773582.3851        380.174          15.000  
R15  16785336.132    89695741.2460        603.465          41.000    16785337.422    69763376.5000        469.454          32.000  
E30  23718482.891   124641468.2471      -2028.842          25.000    23718497.582    95504561.1471      -1553.243          18.000  
E33  24112170.151   126710255.7380      -2510.800          28.000    24112168.529    97089675.6590      -1923.831          34.000  
G26  17771754.291    93391166.8420        599.020          29.000                                                                  
G32  20144480.849   105859960.5551      -2491.571          25.000    20144438.911    82488109.7581      -1942.106          24.000  
G28  19688027.721   103461283.5421      -2698.554          24.000                                                                  
E19  22973644.657   120727328.2710       1396.100          27.000    22973650.525    92505371.1540       1069.603          27.000  
E21  23761450.136   124867305.0360       2456.659          27.000    23761449.570    95677513.5140       1882.274          29.000  
G04  21342721.730   112156758.8191       2329.673          20.000    21342716.614    87394837.2970       1828.760          30.000  
E07  22571905.254   118616162.3521      -1627.760          24.000    22571912.359    90887736.7331      -1244.576          22.000  
> 2026  7 21  0  3 10.9920000  0 31                           
E29  21314540.600   112008682.2720        184.137          27.000    21314552.147    85824876.5650        140.917          32.000  
S35  35623488.243   187202691.0420       -476.540          44.000  
G03  18486189.489    97145586.3980        602.362          45.000    18486189.791    75697838.7470        469.312          37.000  
G31  17947812.098    94316464.9320      -1667.520          27.000                                                                  
G01  21908921.362   115132130.4510      -2734.031          29.000    21908909.036    89713316.3570      -2131.000          27.000  
C37  21429299.657   111587938.7200       1997.772          38.000                                                                  
C23  19147721.425    99707079.1830       -597.434          29.000                                                                  
C32  19726981.558   102723629.8770        870.539          38.000                                                                  
C20  23846888.329   124177004.9631       2587.949          26.000                                                                  
C41  20339631.096   105913779.1240      -2195.967          29.000                                                                  
C25  20853585.079   108590089.5191      -2952.625          25.000                                                                  
R16  20205911.088   107936344.6170       3453.162          31.000    20205924.193    83950496.6650       2685.813          30.000  
R05  17971853.977    96069851.2820       2221.877          45.000    17971854.021    74720976.3940       1728.010          39.000  
R14  17916682.788    95506001.1981      -3296.878          20.000    17916677.661    74282423.6771      -2561.721          21.000  
R03  20075804.183   107467350.8021      -3568.382          22.000    20075843.254    83585880.1131      -2774.878          24.000  
R04  17129072.967    91725401.4030       -906.178          27.000    17129073.405    71341985.0541       -705.948          25.000  
E26  25292386.568   132912388.2691      -3133.902          22.000    25292414.873   101842073.8761      -2406.825          23.000  
G16  19093986.746   100339577.3991       2824.795          19.000                                                                  
S31  35190078.649   184925107.7770       -473.468          35.000  
S33  35889845.296   188602405.8180       -474.569          45.000  
E27  21797616.663   114547247.8371        480.413          17.000    21797581.888    87769829.3721        377.292          14.000  
R15  16784216.755    89689757.1380        593.662          41.000    16784217.916    69758722.1610        461.647          32.000  
E30  23722358.080   124661816.3920      -2034.533          27.000    23722362.401    95520123.2401      -1570.321          16.000  
E33  24116951.863   126735388.4660      -2515.123          29.000    24116950.745    97108933.2030      -1927.580          33.000  
G26  17770627.789    93385266.4760        590.168          28.000                                                                  
G28  19693146.684   103488183.9761      -2701.846          20.000                                                                  
E19  22970994.009   120713375.8980       1394.854          28.000    22970997.515    92494680.3950       1068.369          29.000  
E21  23756773.426   124842758.3380       2452.960          27.000    23756778.600    95658705.0190       1879.594          30.000  
G04  21338269.217   112133361.5211       2335.272          24.000    21338252.058    87376555.4220       1827.838          30.000  
E07  22575029.052   118632577.6791      -1634.541          25.000    22575024.872    90900270.2061      -1260.696          22.000  
G32                                                                  20149186.550    82507550.2031      -1945.855          23.000  
> 2026  7 21  0  3 20.9920000  0 31                           
E29  21314186.538   112006851.4950        181.022          26.000    21314203.803    85823473.7790        139.090          32.000  
S35  35624395.985   187207459.8820       -478.048          44.000  
G03  18485050.047    97139599.1820        594.653          45.000    18485050.477    75693173.3600        463.336          37.000  
G31  17950988.951    94333158.4640      -1671.707          32.000                                                                  
G01  21914128.433   115159522.3470      -2736.368          23.000    21914116.540    89734633.4510      -2133.290          27.000  
C37  21425466.224   111567980.4190       1993.408          36.000                                                                  
C23  19148876.211    99713077.7460       -603.003          27.000                                                                  
C32  19725314.579   102714949.1430        865.394          38.000                                                                  
C20  23841920.069   124151133.5031       2584.893          26.000                                                                  
C41  20343850.005   105935764.4930      -2201.332          27.000                                                                  
C25  20859249.176   108619583.7221      -2956.349          25.000                                                                  
R16  20199452.007   107901836.5540       3447.890          32.000    20199465.253    83923657.0490       2683.035          31.000  
R05  17967700.972    96047652.3470       2217.540          45.000    17967701.072    74703710.5320       1725.096          39.000  
R14  17922863.478    95538947.1431      -3311.329          17.000    17922875.223    74308118.9451      -2570.390          20.000  
R03  20082488.464   107503132.5061      -3567.902          23.000    20082515.393    83613660.0701      -2780.350          20.000  
R04  17130785.880    91734502.1470       -913.669          28.000    17130777.703    71349083.9121       -709.982          25.000  
E26  25298356.369   132943759.8401      -3136.795          21.000    25298390.565   101866135.0331      -2403.594          22.000  
G16  19088598.959   100311264.3401       2831.908          21.000                                                                  
S31  35190980.729   184929849.1480       -474.551          37.000  
S33  35890749.527   188607156.6730       -476.021          45.000  
E27  21796685.482   114542354.7521        482.566          19.000    21796667.282    87766146.7911        362.812          13.000  
R15  16783114.134    89683865.2720        584.332          41.000    16783115.306    69754139.6070        454.061          32.000  
E30  23726242.118   124682186.8020      -2040.350          28.000    23726237.636    95535726.9691      -1579.521          17.000  
E33  24121740.036   126760558.2360      -2519.238          30.000    24121739.838    97128219.0900      -1930.637          33.000  
G26  17769494.576    93379324.2241        587.488          24.000                                                                  
G28  19698282.623   103515173.1601      -2702.901          19.000                                                                  
E19  22968337.675   120699433.7460       1393.826          28.000    22968343.709    92483997.4700       1067.824          29.000  
E21  23752102.611   124818237.6810       2450.275          26.000    23752112.511    95639916.4650       1877.693          30.000  
G04  21333810.145   112109928.5851       2344.068          25.000    21333789.449    87358281.6620       1826.917          28.000  
E07  22578145.779   118648956.3731      -1635.439          24.000    22578143.922    90912829.1781      -1252.147          22.000  
G32                                                                  20153940.082    82527015.1551      -1951.290          23.000  
> 2026  7 21  0  3 30.9920000  0 30                           
E29  21313844.081   112005005.9701        178.915          25.000    21313860.301    85822092.6420        137.375          32.000  
S35  35625306.703   187212247.6900       -479.777          45.000  
G03  18483927.163    97133696.9950        585.822          44.000    18483927.330    75688574.2540        456.213          37.000  
G31  17954182.538    94349901.7220      -1677.115          35.000                                                                  
G01  21919320.153   115186804.4051      -2745.381          22.000    21919328.562    89755974.9340      -2135.756          27.000  
C37  21421641.899   111548069.9180       1988.538          33.000                                                                  
C23  19150044.802    99719138.6300       -609.515          25.000                                                                  
C32  19723657.697   102706323.3910        859.467          38.000                                                                  
C20  23836956.681   124125288.5891       2584.792          22.000                                                                  
C41  20348080.402   105957793.4951      -2207.021          23.000                                                                  
C25  20864924.359   108649136.4651      -2960.420          23.000                                                                  
R16  20193002.882   107867378.2930       3442.365          33.000    20193014.545    83896856.2920       2677.835          31.000  
R05  17963556.643    96025500.3110       2212.539          44.000    17963556.946    74686481.1870       1721.091          38.000  
R14  17929059.578    95571976.4261      -3303.334          18.000    17929090.251    74333886.1931      -2579.363          19.000  
R03  20089174.540   107538923.9291      -3582.971          22.000    20089198.321    83641484.0371      -2780.995          20.000  
R04  17132495.272    91743682.2470       -922.324          26.000    17132494.535    71356234.4341       -718.546          23.000  
E26  25304331.889   132975161.5501      -3141.145          21.000    25304365.236   101890192.4891      -2406.164          22.000  
G16  19083211.370   100282952.1261       2812.715          25.000                                                                  
S31  35191886.583   184934608.6690       -475.886          35.000  
S33  35891656.712   188611926.0270       -478.018          46.000  
E27  21795769.884   114537543.7421        471.758          17.000    21795756.748    87762480.5181        359.515          13.000  
R15  16782029.466    89678070.8200        574.427          40.000    16782030.893    69749632.8140        446.345          33.000  
E30  23730133.061   124702613.8070      -2045.658          29.000    23730125.576    95551381.4621      -1565.588          18.000  
E33  24126535.862   126785770.1090      -2523.556          32.000    24126536.819    97147537.2350      -1933.690          32.000  
G28  19703453.678   103542347.0951      -2707.774          21.000                                                                  
E19  22965690.926   120685506.9430       1392.221          26.000    22965693.594    92473326.3440       1065.923          29.000  
E21  23747443.729   124793748.3010       2447.540          25.000    23747452.516    95621151.9100       1874.841          29.000  
G04  21329343.019   112086453.4101       2344.002          23.000    21329328.027    87340020.1370       1824.768          27.000  
E07  22581257.386   118665308.4881      -1642.900          23.000    22581267.060    90925404.2271      -1257.653          23.000  
G32                                                                  20158697.829    82546497.5691      -1949.895          22.000  
> 2026  7 21  0  3 40.9920000  0 29                           
E29  21313501.430   112003205.1271        175.743          23.000    21313522.036    85820733.5210        134.724          31.000  
S35  35626221.356   187217053.9560       -481.803          45.000  
G03  18482820.420    97127880.1370        577.368          45.000    18482820.086    75684041.6130        450.006          37.000  
G31  17957379.238    94366694.7860      -1681.772          34.000    17957381.435    73532474.2491      -1310.268          25.000  
G01  21924528.665   115214175.7101      -2743.374          25.000    21924545.815    89777341.0940      -2138.336          26.000  
C37  21417826.858   111528207.6080       1983.490          34.000                                                                  
C23  19151244.640    99725556.0261       -620.205          23.000                                                                  
C32  19722011.691   102697752.9850        854.249          38.000                                                                  
C20  23832007.037   124099514.4241       2573.531          16.000                                                                  
C41  20352316.279   105979851.3391      -2213.961          22.000                                                                  
C25  20870601.520   108678698.2621      -2968.845          20.000                                                                  
R16  20186563.738   107832970.2220       3438.132          33.000    20186573.649    83870094.5390       2674.394          32.000  
R05  17959420.998    96003395.3840       2208.151          43.000    17959421.671    74669288.4760       1717.429          37.000  
R14  17935280.111    95605134.7951      -3317.453          23.000    17935315.394    74359695.2481      -2582.652          16.000  
R03  20095870.367   107574767.3071      -3593.997          22.000    20095905.994    83669411.8951      -2790.823          21.000  
R04  17134216.483    91752950.7651       -929.902          26.000    17134216.502    71363406.3111       -724.342          21.000  
E26  25310306.845   133006560.1821      -3138.583          20.000    25310341.119   101914255.2171      -2407.858          22.000  
G16  19077834.055   100254694.2941       2814.276          26.000                                                                  
S31  35192795.830   184939387.3370       -478.594          35.000  
S33  35892567.747   188616713.8140       -479.552          46.000  
R15  16780963.344    89672374.2100        564.645          39.000    16780965.160    69745202.1050        439.141          34.000  
E30  23734030.526   124723097.8660      -2051.569          29.000    23734022.984    95567075.4801      -1571.713          18.000  
E33  24131340.454   126811024.3920      -2527.634          34.000    24131341.936    97166887.8540      -1936.575          31.000  
G28  19708620.026   103569496.9091      -2693.844          17.000                                                                  
E19  22963044.718   120671613.7731       1390.412          25.000    22963044.998    92462667.1680       1065.502          29.000  
E21  23742789.533   124769200.9581       2445.421          24.000    23742798.657    95602411.6730       1873.177          30.000  
G04  21324890.159   112063053.6551       2332.253          15.000    21324870.009    87321770.9900       1824.164          26.000  
E07  22584369.477   118681661.6781      -1652.949          22.000    22584396.840    90938007.1521      -1249.369          22.000  
G32                                                                  20163467.344    82566027.8351      -1956.493          19.000  
> 2026  7 21  0  3 50.9920000  0 28                           
E29  21313174.652   112001487.9061        174.904          22.000    21313187.741    85819377.8340        133.805          31.000  
S35  35627138.343   187221872.1530       -482.618          44.000  
G03  18481728.531    97122141.4800        569.678          44.000    18481728.131    75679569.9330        444.043          37.000  
G31  17960583.573    94383530.4160      -1685.819          32.000    17960582.338    73545581.9931      -1313.155          24.000  
G01  21929755.712   115241629.7240      -2745.952          28.000    21929768.161    89798726.0900      -2139.401          27.000  
C37  21414020.475   111508386.3430       1979.834          37.000                                                                  
C23  19152426.899    99731712.6711       -616.439          20.000                                                                  
C32  19720375.376   102689230.8900        849.545          38.000                                                                  
C41  20356573.440   106002018.9521      -2218.711          25.000                                                                  
C25  20876284.083   108708289.3011      -2962.450          17.000                                                                  
R16  20180132.683   107798605.3070       3434.442          33.000    20180140.181    83843366.3860       2670.861          32.000  
R05  17955293.104    95981330.3010       2204.435          43.000    17955293.767    74652126.7430       1714.594          37.000  
R14  17941530.262    95638418.8300      -3321.565          28.000                                                                  
R03  20102584.888   107610710.6191      -3593.339          25.000    20102628.568    83697400.7641      -2792.800          22.000  
R04  17135962.977    91762281.5020       -936.959          29.000    17135958.812    71370662.3331       -737.163          18.000  
E26  25316279.501   133037945.7731      -3133.269          18.000    25316317.526   101938319.5891      -2398.063          22.000  
G16  19072479.112   100226553.6961       2810.018          25.000                                                                  
S31  35193707.399   184944177.2940       -479.080          35.000  
S33  35893481.203   188621513.0200       -480.458          46.000  
R15  16779913.453    89666767.9210        555.866          39.000    16779916.104    69740841.6300        432.518          34.000  
E30  23737936.917   124743631.6010      -2055.939          30.000    23737931.348    95582812.4531      -1579.887          19.000  
E33  24136153.299   126836313.7740      -2530.659          35.000    24136154.473    97186265.4490      -1939.232          31.000  
G26  17766251.918    93362312.5870        557.617          28.000                                                                  
E19  22960398.712   120657709.2071       1389.230          25.000    22960398.530    92452014.6260       1064.605          29.000  
E21  23738142.015   124744777.8461       2442.088          25.000    23738148.905    95583690.2750       1870.965          29.000  
G04  21320435.076   112039641.7121       2371.637          14.000    21320415.117    87303528.7650       1823.944          27.000  
E07  22587499.869   118698112.6481      -1645.564          20.000    22587531.383    90950628.9721      -1261.455          23.000  
G32                                                                  20168244.858    82585590.6391      -1956.378          19.000  
> 2026  7 21  0  4  0.9920000  0 29                           
E29  21312868.983   111999881.7231        179.653          22.000    21312858.535    85818053.5010        131.593          30.000  
S35  35628057.723   187226703.9390       -484.000          44.000  
G03  18480651.858    97116483.4380        561.633          43.000    18480651.524    75675161.0680        437.103          37.000  
G31  17963795.273    94400411.0070      -1690.990          31.000    17963785.867    73558699.9601      -1319.417          21.000  
G01  21934990.169   115269100.3860      -2747.917          30.000    21934995.854    89820131.7380      -2141.210          27.000  
C37  21410223.722   111488608.5600       1975.568          39.000                                                                  
C23  19153593.417    99737786.2741       -622.328          21.000                                                                  
C32  19718748.690   102680759.4910        844.669          38.000                                                                  
C41  20360842.475   106024248.9351      -2223.029          26.000                                                                  
C25  20881994.669   108738025.6481      -2969.890          20.000                                                                  
R16  20173708.925   107764285.8130       3430.231          32.000    20173715.211    83816673.5500       2667.325          32.000  
R05  17951173.488    95959307.8590       2200.084          43.000    17951173.984    74634998.1940       1710.676          37.000  
R14  17947776.246    95671670.8660      -3328.518          29.000                                                                  
R03  20109315.110   107646737.3471      -3598.869          26.000    20109351.760    83725392.5271      -2792.674          21.000  
R04  17137720.886    91771686.7310       -944.199          29.000    17137717.160    71377985.9461       -734.430          16.000  
E26  25322262.263   133069386.1411      -3137.141          18.000    25322294.598   101962386.7291      -2409.379          22.000  
G16  19067133.264   100198461.4001       2806.105          26.000                                                                  
S31  35194621.715   184948981.1360       -481.129          35.000  
S33  35894397.466   188626326.3310       -482.214          46.000  
R15  16778881.535    89661254.6860        546.349          39.000    16778883.776    69736553.5810        424.736          34.000  
E30  23741854.657   124764217.3620      -2061.783          30.000    23741851.396    95598596.7211      -1573.651          20.000  
E33  24140972.544   126861640.5740      -2534.707          36.000    24140974.930    97205671.6170      -1942.086          32.000  
G26  17765188.375    93356779.1450        549.749          27.000                                                                  
G28  19718942.977   103623744.3591      -2721.143          21.000                                                                  
E19  22957754.939   120643815.8190       1387.745          26.000    22957754.754    92441370.4740       1063.841          28.000  
E21  23733501.200   124720389.7491       2439.088          24.000    23733504.693    95564989.5430       1869.086          29.000  
G04  21315990.387   112016285.4931       2342.224          14.000    21315963.272    87285295.3570       1822.955          28.000  
E07                                                                  22590668.646    90963260.9121      -1267.929          23.000  
G32                                                                  20173035.042    82605206.1751      -1965.472          17.000  
> 2026  7 21  0  4 10.9920000  0 30                           
E29  21312551.480   111998213.9161        170.697          21.000    21312533.492    85816746.1100        130.129          30.000  
S35  35628979.462   187231547.5960       -485.145          44.000  
G03  18479590.026    97110904.3170        553.601          43.000    18479589.551    75670813.6690        431.110          37.000  
G31  17967014.158    94417334.7340      -1694.941          29.000    17967001.224    73571865.5271      -1318.861          22.000  
G01  21940221.928   115296595.7720      -2750.320          30.000    21940229.538    89841556.7390      -2143.685          29.000  
C37  21406435.237   111468872.4950       1971.393          39.000                                                                  
C23  19154787.796    99744005.9391       -634.905          25.000                                                                  
C32  19717130.982   102672337.1130        839.427          39.000                                                                  
C41  20365122.094   106046519.9450      -2228.214          29.000                                                                  
C25  20887726.924   108767874.5391      -2966.548          23.000                                                                  
R16  20167293.840   107730010.2570       3425.349          31.000    20167298.421    83790014.8330       2664.112          32.000  
R05  17947061.061    95937326.0460       2195.884          42.000    17947058.686    74617923.2250       1707.433          36.000  
R14  17954023.408    95704984.0980      -3335.043          29.000                                                                  
R03  20116042.961   107682752.9261      -3602.590          26.000    20116082.840    83753417.4701      -2805.540          19.000  
R04  17139493.936    91781164.5340       -951.583          31.000                                                                  
E26  25328241.265   133100806.0711      -3132.214          19.000    25328272.073   101986455.6241      -2410.517          22.000  
G16  19061792.807   100170397.1251       2798.319          26.000                                                                  
S31  35195538.225   184953796.9880       -482.365          35.000  
S33  35895315.534   188631152.0850       -483.490          46.000  
E27  21792255.708   114519076.2141        456.295          19.000                                                                  
R15  16777866.922    89655832.4450        537.622          39.000    16777868.739    69732336.3240        417.542          35.000  
E30  23745782.994   124784853.3510      -2066.449          30.000    23745779.138    95614412.1651      -1582.902          21.000  
E33  24145798.946   126887002.9210      -2538.366          37.000    24145801.618    97225105.0780      -1945.277          33.000  
G26  17764157.383    93351324.5310        541.679          28.000                                                                  
G28  19724125.706   103650979.5771      -2719.129          25.000                                                                  
E19  22955116.296   120629933.3200       1387.749          26.000    22955112.617    92430733.2990       1062.836          28.000  
E21  23728867.200   124696037.9501       2437.349          21.000    23728865.279    95546308.2080       1867.548          29.000  
E07                                                                  22593811.344    90975914.9741      -1265.523          24.000  
G32                                                                  20177837.068    82624869.4471      -1969.267          16.000  
G04                                                                  21311513.871    87267069.3950       1822.125          28.000  
> 2026  7 21  0  4 20.9920000  0 30                           
E29  21312236.968   111996560.5041        168.641          21.000    21312212.693    85815455.6680        127.969          30.000  
S35  35629903.694   187236403.9220       -485.843          44.000  
G03  18478543.655    97105404.0620        546.521          43.000    18478542.767    75666527.7430        426.337          36.000  
G31  17970242.282    94434301.4790      -1698.705          29.000    17970235.141    73585107.9071      -1318.716          22.000  
G01  21945458.140   115324115.6670      -2753.345          31.000    21945467.903    89863000.7550      -2145.289          29.000  
C37  21402654.161   111449178.1200       1967.590          36.000                                                                  
C23  19156002.653    99750332.0201       -637.470          27.000                                                                  
C32  19715522.891   102663963.7580        835.489          40.000                                                                  
C20  23812156.678   123996148.3771       2578.417          26.000                                                                  
C41  20369401.581   106068826.1090      -2232.048          30.000                                                                  
C25  20893448.026   108797666.4671      -2972.582          24.000                                                                  
R16  20160886.691   107695778.6690       3420.954          31.000    20160890.000    83763390.3640       2660.542          32.000  
R05  17942956.077    95915385.2900       2192.666          41.000    17942954.081    74600858.1770       1705.352          36.000  
R14  17960274.158    95738358.4080      -3339.914          31.000    17960249.219    74463071.0191      -2596.980          19.000  
R03  20122766.220   107718742.6171      -3607.017          24.000                                                                  
R04  17141278.200    91790714.9940       -958.039          33.000                                                                  
E26  25334217.744   133132212.3631      -3143.140          19.000    25334250.449   102010527.7121      -2404.038          22.000  
G16  19056475.786   100142434.6180       2794.783          30.000                                                                  
S31  35196457.091   184958624.9420       -482.864          35.000  
S33  35896236.011   188635989.1380       -484.180          46.000  
E27  21791399.420   114514575.9621        443.763          20.000                                                                  
R15  16776869.087    89650501.2100        529.003          39.000    16776871.202    69728189.7610        411.696          35.000  
E30  23749721.274   124805539.4290      -2070.057          31.000    23749716.227    95630264.9401      -1585.036          22.000  
E33  24150631.561   126912400.6640      -2540.878          37.000    24150635.438    97244565.6490      -1947.435          34.000  
G26  17763146.279    93345958.9070        533.615          31.000                                                                  
G28  19729309.221   103678215.7050      -2719.562          27.000                                                                  
E19  22952472.845   120616060.0130       1387.542          25.000    22952472.999    92420103.1400       1062.792          28.000  
E21  23724237.856   124671711.3511       2431.612          18.000    23724230.643    95527646.3250       1865.753          28.000  
E07                                                                  22596961.067    90988597.4771      -1267.559          25.000  
G04                                                                  21307066.755    87248850.7480       1822.650          27.000  
> 2026  7 21  0  4 30.9920000  0 31                           
E29  21311911.840   111994851.9931        170.855          22.000    21311895.813    85814180.8530        127.646          29.000  
S35  35630829.974   187241270.1300       -487.439          44.000  
G03  18477511.674    97099981.0820        538.416          44.000    18477510.657    75662302.0240        419.775          37.000  
G31  17973476.179    94451254.5991      -1701.435          25.000    17973471.873    73598362.5191      -1329.636          20.000  
G01  21950699.146   115351658.1860      -2755.402          32.000    21950709.822    89884462.4870      -2147.568          27.000  
C37  21398879.993   111429523.7810       1963.208          34.000                                                                  
C23  19157222.694    99756685.1331       -643.520          26.000                                                                  
C32  19713924.231   102655637.8550        830.083          40.000                                                                  
C20  23807210.338   123970382.5650       2577.121          27.000                                                                  
C41  20373694.989   106091181.6940      -2238.234          29.000                                                                  
C25  20899157.865   108827399.1351      -2977.943          23.000                                                                  
R16  20154485.969   107661589.5870       3416.823          30.000    20154490.388    83736798.9380       2657.127          32.000  
R05  17938858.970    95893483.8860       2188.151          42.000    17938856.819    74583823.7550       1701.780          35.000  
R14  17966546.113    95771792.0290      -3346.231          32.000    17966532.999    74489123.8181      -2597.002          20.000  
R03  20129497.938   107754777.7311      -3604.896          22.000    20129559.493    83809528.2101      -2804.753          16.000  
R04  17143075.440    91800336.0960       -965.617          32.000                                                                  
E26  25340192.934   133163612.3201      -3144.997          19.000    25340227.103   102034593.2681      -2409.483          22.000  
G16  19051161.531   100114512.9530       2790.538          32.000                                                                  
S31  35197377.717   184963463.3480       -484.259          35.000  
S33  35897158.309   188640837.1330       -485.328          46.000  
E27  21790554.166   114510134.4611        446.790          18.000                                                                  
R15  16775888.309    89645259.3940        519.541          39.000    16775889.917    69724112.8050        404.368          35.000  
E30  23753667.512   124826273.9130      -2075.622          30.000    23753664.267    95646162.2271      -1581.589          24.000  
E33  24155471.446   126937832.1060      -2545.280          38.000    24155475.494    97264052.0540      -1950.250          34.000  
G26  17762137.646    93340660.4550        525.773          30.000                                                                  
G32  20187441.283   106085719.4271      -2532.250          22.000                                                                  
G28  19734480.663   103705418.8080      -2721.197          28.000                                                                  
E19  22949832.824   120602185.1181       1386.147          23.000    22949834.022    92409478.6070       1062.412          28.000  
E21  23719612.504   124647404.5151       2421.233          16.000    23719600.028    95509002.6010       1863.379          28.000  
G04  21302595.489   111945894.8041       2344.018          14.000    21302617.256    87230656.2961       1820.125          25.000  
E07                                                                  22600114.429    91001294.8491      -1269.885          25.000  
> 2026  7 21  0  4 40.9920000  0 30                           
E29  21311590.181   111993161.3301        163.234          26.000    21311583.427    85812923.6930        124.340          30.000  
S35  35631758.178   187246149.4890       -489.033          44.000  
G03  18476494.700    97094637.7960        529.895          44.000    18476493.864    75658138.4410        412.762          36.000  
G31  17976718.736    94468294.5091      -1707.156          25.000    17976712.820    73611633.8611      -1324.157          13.000  
G01  21955945.836   115379225.6500      -2757.997          35.000    21955956.326    89905943.5590      -2149.669          26.000  
C37  21395114.241   111409911.9060       1958.502          34.000                                                                  
C23  19158460.624    99763131.8051       -648.917          26.000                                                                  
C32  19712335.088   102647361.8110        824.505          40.000                                                                  
C20  23802263.637   123944618.5550       2575.442          27.000                                                                  
C41  20377998.668   106113589.0150      -2243.505          27.000                                                                  
C25  20904874.921   108857168.5801      -2979.930          23.000                                                                  
R16  20148094.048   107627445.1370       3412.261          30.000    20148099.317    83710242.1950       2654.438          31.000  
R05  17934769.292    95871623.9580       2183.599          42.000    17934767.644    74566821.5730       1698.278          35.000  
R14  17972828.579    95805287.2880      -3353.130          32.000    17972818.556    74515183.5151      -2601.732          21.000  
R03  20136261.142   107790981.9601      -3611.064          24.000    20136312.125    83837642.1841      -2817.715          19.000  
R04  17144885.341    91810030.6170       -973.418          31.000    17144852.561    71407704.8011       -764.773          19.000  
E26  25346180.216   133195075.5201      -3145.791          21.000    25346204.537   102058661.9671      -2412.119          22.000  
G16  19045860.136   100086643.4420       2784.176          33.000                                                                  
S31  35198300.877   184968314.2760       -486.627          35.000  
S33  35898083.359   188645697.3520       -487.211          46.000  
E27  21789714.537   114505721.7901        432.183          17.000                                                                  
R15  16774924.878    89640109.3880        509.756          39.000    16774924.792    69720107.2540        396.627          34.000  
E30  23757622.208   124847059.1180      -2081.301          30.000    23757618.747    95662085.6951      -1584.488          24.000  
E33  24160318.168   126963299.4710      -2549.101          38.000    24160322.250    97283565.9780      -1953.153          35.000  
G26  17761143.388    93335441.6070        517.495          29.000                                                                  
G28  19739655.342   103732644.9970      -2724.009          29.000                                                                  
E19  22947201.293   120588356.1151       1382.444          23.000    22947197.571    92398861.6660       1060.600          28.000  
E21  23714987.740   124623101.4641       2431.406          20.000    23714975.188    95490378.8650       1861.224          28.000  
G04  21298151.061   111922538.2921       2354.277          14.000    21298171.088    87212449.8971       1820.165          25.000  
E07                                                                  22603272.815    91014012.9951      -1273.049          25.000  
> 2026  7 21  0  4 50.9920000  0 32                           
E29  21311285.685   111991550.4360        160.528          30.000    21311276.232    85811685.6540        121.476          30.000  
S35  35632689.269   187251043.1220       -490.741          44.000  
G03  18475493.223    97089376.3500        521.259          44.000    18475492.470    75654038.5930        406.439          36.000  
G31  17979975.906    94485401.4400      -1712.413          27.000    17979967.565    73624961.0931      -1327.502          11.000  
G01  21961198.706   115406820.1300      -2761.505          37.000    21961204.822    89927461.9001      -2156.673          22.000  
C37  21391357.499   111390344.7070       1953.729          34.000                                                                  
C23  19159719.696    99769658.0440       -655.594          27.000                                                                  
C32  19710755.798   102639137.7840        819.048          41.000                                                                  
C20  23797321.563   123918869.6430       2573.267          27.000                                                                  
C41  20382313.212   106136050.1750      -2249.600          27.000                                                                  
C25  20910601.029   108886986.7931      -2987.698          23.000                                                                  
R16  20141710.740   107593348.0440       3406.583          30.000    20141716.601    83683722.2860       2649.975          30.000  
R05  17930688.214    95849808.3760       2178.456          41.000    17930686.237    74549853.8820       1694.412          34.000  
R14  17979122.446    95838846.1970      -3360.574          31.000    17979128.927    74541346.3611      -2603.003          22.000  
R03  20143050.812   107827327.1311      -3623.683          23.000    20143066.199    83865763.1761      -2822.672          17.000  
R04  17146708.209    91819800.7300       -981.528          30.000    17146698.905    71415395.0121       -764.168          22.000  
E26  25352169.118   133226547.0111      -3140.719          22.000    25352182.820   102082734.3161      -2406.987          23.000  
G16  19040568.044   100058828.1420       2778.822          32.000                                                                  
S31  35199226.919   184973180.3910       -488.018          35.000  
S33  35899011.076   188650572.6760       -489.291          46.000  
E27  21788906.649   114501477.1601        425.735          20.000                                                                  
E12  25100105.916   131901946.2851       -523.916          26.000                                                                  
R15  16773978.477    89635053.2230        500.279          39.000    16773977.881    69716174.6700        389.352          34.000  
E30  23761586.364   124867897.1080      -2087.545          30.000    23761583.592    95678050.5931      -1598.999          26.000  
E33  24165172.679   126988804.8290      -2553.049          38.000    24165176.181    97303109.0540      -1956.677          35.000  
G26  17760164.773    93330304.4450        508.461          28.000                                                                  
G32  20197121.129   106136587.7241      -2539.939          26.000                                                                  
G28  19744835.551   103759895.8470      -2727.006          29.000                                                                  
E19  22944565.033   120574502.2191       1384.363          25.000    22944563.101    92388253.8290       1059.213          27.000  
E21  23710362.092   124598793.7271       2427.823          21.000    23710355.704    95471776.8740       1858.507          27.000  
E07  22606429.055   118797586.1431      -1666.102          18.000    22606437.129    91026753.7621      -1276.258          25.000  
G04                                                                  21293727.132    87194252.0401       1818.158          25.000  
> 2026  7 21  0  5  0.9920000  0 32                           
E29  21310983.304   111989980.1190        155.151          30.000    21310977.571    85810482.3120        118.250          30.000  
S35  35633626.908   187255972.0090       -494.329          44.000  
G03  18474511.464    97084217.1510        510.895          44.000    18474510.984    75650018.4260        398.584          36.000  
G31  17983241.765    94502564.0570      -1719.416          26.000                                                                  
G01  21966460.337   115434461.7770      -2766.634          38.000    21966461.998    89948989.3031      -2147.217          19.000  
C37  21387612.531   111370842.3040       1947.266          29.000                                                                  
C23  19160996.053    99776253.7750       -663.527          28.000                                                                  
C32  19709190.835   102630985.9700        811.774          41.000                                                                  
C20  23792383.008   123893155.5180       2569.775          27.000                                                                  
C41  20386642.762   106158585.1890      -2256.922          26.000                                                                  
C25  20916343.084   108916886.9351      -3001.409          23.000                                                                  
R16  20135339.609   107559318.6850       3399.990          31.000    20135345.871    83657255.1100       2644.430          29.000  
R05  17926619.378    95828057.4010       2171.741          41.000    17926616.396    74532936.4830       1688.803          33.000  
R14  17985432.332    95872488.9770      -3368.918          32.000    17985439.708    74567510.9051      -2622.165          21.000  
R04  17148550.020    91829667.0710       -991.644          31.000    17148545.399    71423085.5831       -771.256          20.000  
E26  25358162.726   133258043.7881      -3145.184          21.000    25358163.555   102106816.1931      -2404.518          22.000  
G16  19035286.755   100031087.5770       2770.450          29.000                                                                  
S31  35200159.383   184978080.9650       -491.644          35.000  
S33  35899945.468   188655483.0740       -492.513          45.000  
E27  21788121.429   114497350.1571        417.749          22.000                                                                  
E12  25101113.426   131907240.3811       -530.868          26.000                                                                  
R15  16773053.667    89630111.5000        488.527          39.000    16773052.813    69712331.1000        380.321          35.000  
E30  23765565.405   124888808.0950      -2094.147          29.000    23765563.874    95694077.3091      -1604.356          26.000  
E33  24170037.852   127014368.4390      -2559.105          37.000    24170041.048    97322696.7320      -1960.864          36.000  
G26  17759206.049    93325258.3450        497.934          26.000                                                                  
G32  20201971.339   106162043.3280      -2545.426          26.000                                                                  
G28  19750019.074   103787191.5490      -2732.008          28.000                                                                  
E19  22941936.471   120560689.2841       1378.838          25.000    22941934.546    92377670.7080       1056.821          27.000  
E21  23705744.432   124574527.1061       2418.450          22.000    23705745.997    95453212.2360       1854.223          27.000  
G04  21289269.246   111875864.6411       2334.605          14.000    21289291.533    87176089.8161       1816.119          25.000  
E07  22609610.616   118814305.0031      -1663.172          20.000    22609610.969    91039533.8031      -1278.968          25.000  
R03                                                                  20149844.860    83893985.7781      -2818.293          16.000  
> 2026  7 21  0  5 10.9920000  0 31                           
E29  21310688.785   111988461.5460        149.873          30.000    21310688.546    85809318.6880        115.454          30.000  
S35  35634573.119   187260943.7470       -498.847          44.000  
G03  18473550.518    97079166.6900        499.939          44.000    18473549.907    75646083.0210        389.697          36.000  
G31  17986522.102    94519771.9250      -1726.442          28.000                                                                  
G01  21971731.974   115462156.9500      -2771.733          39.000    21971729.295    89970557.8581      -2164.341          19.000  
C37  21383865.884   111351400.9601       1932.486          21.000                                                                  
C23  19162276.492    99782934.4550       -671.561          28.000                                                                  
C32  19707640.860   102622912.8680        803.777          41.000                                                                  
C20  23787452.687   123867507.6381       2563.007          24.000                                                                  
C41  20390987.453   106181200.6000      -2265.576          25.000                                                                  
C25  20922101.913   108946874.8591      -2997.698          24.000                                                                  
R16  20128982.330   107525363.7620       3392.183          31.000    20128988.462    83630845.7860       2638.435          25.000  
R05  17922563.723    95806378.1070       2165.031          41.000    17922560.512    74516074.8000       1683.268          33.000  
R14  17991762.313    95906222.5110      -3377.621          33.000    17991768.069    74593748.3091      -2624.807          21.000  
R03  20156586.161   107899783.3611      -3638.798          24.000                                                                  
R04  17150414.854    91839636.4240      -1001.654          31.000    17150399.193    71430806.3261       -785.936          12.000  
E26  25364148.207   133289497.9631      -3150.656          22.000    25364149.899   102130920.5531      -2412.074          22.000  
G16  19030020.998   100003428.2920       2762.271          29.000                                                                  
S31  35201100.237   184983024.0520       -495.927          35.000  
S33  35900887.779   188660435.4540       -496.998          45.000  
E27  21787339.642   114493241.9131        405.043          20.000                                                                  
E12  25102134.481   131912606.5201       -540.313          24.000                                                                  
R15  16772151.362    89625291.0130        476.604          40.000    16772150.956    69708581.8480        370.513          35.000  
E30  23769559.315   124909798.6610      -2103.159          29.000    23769558.155    95710160.6250      -1611.192          27.000  
E33  24174915.772   127039996.6980      -2565.738          37.000    24174917.932    97342333.9650      -1965.944          36.000  
G32  20206827.270   106187593.9491      -2556.838          23.000                                                                  
G28  19755214.495   103814538.5230      -2736.975          29.000    19755236.605    80894390.6711      -2117.326          20.000  
E19  22939310.587   120546890.2101       1375.025          24.000    22939313.461    92367117.3160       1054.303          26.000  
E21  23701134.720   124550303.1531       2408.696          22.000    23701146.265    95434689.8870       1850.378          28.000  
G04  21284857.029   111852677.8401       2312.558          22.000    21284860.296    87157944.1131       1813.312          23.000  
E07  22612786.627   118830994.8241      -1674.947          22.000    22612794.827    91052354.0561      -1283.297          26.000  
> 2026  7 21  0  5 20.9920000  0 28                           
E29  21310396.546   111986972.0970        148.350          30.000    21310404.890    85808177.3920        113.762          29.000  
S35  35635522.357   187265932.7680       -499.062          44.000  
G03  18472605.642    97074202.2250        492.908          44.000    18472605.095    75642214.6030        384.430          36.000  
G31  17989814.943    94537056.4000      -1730.356          28.000                                                                  
G01  21977008.461   115489882.7660      -2773.427          38.000    21977006.224    89992166.2781      -2163.681          21.000  
C37  21380169.701   111332092.9880       1936.493          31.000                                                                  
C23  19163582.769    99789677.5670       -676.665          28.000                                                                  
C32  19706101.485   102614895.9220        799.567          42.000                                                                  
C20  23782523.719   123841841.1141       2565.080          24.000                                                                  
C25  20927879.869   108976961.9581      -3003.944          25.000                                                                  
R16  20122634.739   107491460.6180       3388.590          31.000    20122634.996    83604502.6901       2635.787          20.000  
R05  17918517.732    95784747.3680       2161.245          42.000    17918514.026    74499250.8290       1681.336          34.000  
R14  17998103.749    95940023.1000      -3382.827          31.000    17998110.936    74620045.3441      -2624.757          20.000  
R03  20163412.952   107936328.1711      -3642.049          24.000                                                                  
R04  17152292.677    91849685.5420      -1007.992          27.000    17152276.209    71438624.0891       -775.719          15.000  
E26  25370133.950   133320953.1281      -3154.376          21.000    25370137.297   102155029.3201      -2406.583          22.000  
G16  19024768.307    99975827.4910       2758.151          30.000                                                                  
S31  35202044.192   184987985.2100       -495.822          35.000  
S33  35901833.822   188665406.7140       -496.940          46.000  
E27  21786564.017   114489165.7921        405.224          17.000                                                                  
R15  16771267.790    89620568.5940        468.129          40.000    16771267.242    69704908.8050        364.290          35.000  
E30  23773562.584   124930845.7810      -2107.056          28.000    23773562.552    95726287.6010      -1614.215          27.000  
E33  24179801.151   127065666.7020      -2568.344          37.000    24179802.556    97362003.1760      -1967.884          36.000  
G28  19760437.693   103841914.0250      -2738.346          31.000    19760435.986    80915681.4681      -2138.327          19.000  
E19  22936693.451   120533136.8571       1378.466          22.000    22936695.864    92356576.1420       1054.892          25.000  
E21  23696532.215   124526116.8461       2407.775          22.000    23696552.941    95416192.4990       1849.339          28.000  
G04  21280430.723   111829417.5661       2326.691          22.000    21280431.733    87139809.7101       1819.738          16.000  
E07  22615969.094   118847718.9341      -1679.351          23.000    22615985.772    91065203.0331      -1283.429          25.000  
> 2026  7 21  0  5 30.9920000  0 28                           
E29  21310111.655   111985491.2060        148.289          31.000    21310123.328    85807042.7240        113.503          30.000  
S35  35636471.627   187270920.8520       -499.237          44.000  
G03  18471673.266    97069303.3680        486.670          44.000    18471672.776    75638397.3350        379.248          36.000  
G31  17993095.455    94554370.1210      -1732.699          27.000                                                                  
G01  21982286.152   115517618.6540      -2774.523          37.000    21982288.570    90013796.8141      -2164.530          23.000  
C37  21376451.268   111312738.8830       1934.473          33.000                                                                  
C23  19164889.902    99796462.6540       -681.080          28.000                                                                  
C32  19704568.939   102606914.9910        796.161          42.000                                                                  
C20  23777597.324   123816188.5441       2565.213          24.000                                                                  
C25  20933664.065   109007081.8561      -3000.198          25.000                                                                  
R16  20116292.630   107457588.0030       3386.006          31.000    20116287.749    83578131.8131       2626.957          22.000  
R05  17914476.514    95763144.4070       2158.812          42.000    17914473.523    74482448.5810       1678.612          34.000  
R14  18004451.338    95973869.9270      -3387.436          28.000    18004462.501    74646379.2551      -2630.339          21.000  
R03  20170216.536   107972748.2751      -3635.532          22.000    20170196.834    83978721.7111      -2844.683          23.000  
R04  17154174.653    91859825.5671      -1011.174          18.000    17154166.959    71446499.1451       -792.047          19.000  
E26  25376110.950   133352362.6221      -3146.759          22.000    25376121.828   102179127.1201      -2408.854          22.000  
G16  19019524.338    99948265.0400       2753.651          31.000                                                                  
S31  35202988.061   184992945.4630       -496.283          35.000  
S33  35902779.504   188670375.8230       -496.859          45.000  
R15  16770398.504    89615923.5070        460.500          40.000    16770398.454    69701295.9580        358.214          35.000  
E30  23777571.803   124951929.0190      -2110.225          27.000    23777575.316    95742442.2930      -1616.951          27.000  
E33  24184690.253   127091357.9510      -2570.230          37.000    24184691.578    97381688.6760      -1969.082          36.000  
G28  19765648.326   103869297.5500      -2738.689          30.000    19765643.499    80937005.1381      -2131.687          18.000  
E19  22934085.989   120519434.4421       1366.340          20.000    22934076.281    92346021.6061       1055.561          25.000  
E21  23691939.128   124501979.4481       2414.610          23.000    23691961.853    95397704.4320       1848.232          27.000  
G04  21275993.879   111806102.2231       2322.725          20.000                                                                  
E07  22619165.959   118864519.2091      -1673.819          23.000    22619178.764    91078059.1141      -1284.336          25.000  
E12                                                                  25104217.265   101084279.8361       -422.936          25.000  
> 2026  7 21  0  5 40.9920000  0 28                           
E29  21309832.338   111984013.2820        147.715          31.000    21309841.930    85805910.2730        112.799          30.000  
S35  35637419.211   187275901.2300       -497.613          44.000  
G03  18470752.364    97064464.2870        481.018          44.000    18470751.930    75634626.6390        374.713          36.000  
G31  17996411.364    94571707.0850      -1734.859          29.000                                                                  
G01  21987564.499   115545358.6020      -2774.454          35.000    21987566.482    90035409.0211      -2166.422          25.000  
C37  21372738.066   111293407.3670       1932.062          32.000                                                                  
C23  19166184.823    99803283.8640       -684.119          27.000                                                                  
C32  19703041.951   102598964.2590        793.529          42.000                                                                  
C20  23772667.608   123790517.9021       2566.718          26.000                                                                  
C25  20939446.073   109037190.5091      -3000.588          23.000                                                                  
R16  20109955.555   107423740.4550       3383.510          32.000    20109953.352    83551813.9671       2632.811          25.000  
R05  17910439.630    95741563.3810       2157.018          43.000    17910436.606    74465663.3490       1677.445          33.000  
R14  18010807.195    96007756.9830      -3391.050          30.000    18010819.453    74672735.2401      -2630.528          22.000  
R03  20177023.096   108009183.8981      -3648.041          25.000    20177033.499    84007186.2071      -2838.618          24.000  
E26  25382087.548   133383769.7971      -3141.625          22.000    25382103.937   102203213.9941      -2414.109          21.000  
G16  19014285.206    99920734.9710       2751.798          31.000                                                                  
S31  35203930.569   184997897.6780       -494.739          35.000  
S33  35903723.932   188675338.0580       -495.775          45.000  
R15  16769542.523    89611349.5330        453.554          40.000    16769543.142    69697738.3910        353.015          35.000  
E30  23781587.704   124973042.5730      -2113.209          27.000    23781591.637    95758620.0910      -1618.787          27.000  
E33  24189581.848   127117064.5120      -2571.307          37.000    24189583.164    97401385.8750      -1970.319          37.000  
G28  19770859.678   103896683.1680      -2738.597          31.000    19770863.710    80958380.9621      -2139.172          19.000  
E19  22931469.212   120505683.5411       1384.838          19.000    22931455.542    92335469.0571       1056.983          24.000  
E21  23687350.759   124477867.4871       2413.021          24.000    23687371.390    95379221.1790       1848.177          27.000  
G04  21271555.971   111782780.6751       2335.883          21.000                                                                  
E07  22622373.116   118881372.5891      -1679.854          23.000    22622371.040    91090913.8291      -1286.674          25.000  
E12                                                                  25105265.423   101088499.9121       -423.205          25.000  
R04                                                                  17156082.248    71454476.5671       -791.972          18.000  
> 2026  7 21  0  5 50.9920000  0 28                           
E29  21309553.593   111982545.6930        145.806          31.000    21309562.773    85804785.7090        112.391          30.000  
S35  35638367.192   187280882.2080       -498.499          44.000  
G03  18469844.447    97059692.5660        473.389          44.000    18469844.369    75630908.4450        368.628          36.000  
G31  17999718.256    94589074.4810      -1738.212          29.000                                                                  
G01  21992844.049   115573110.0350      -2776.097          33.000    21992848.911    90057039.3381      -2161.899          26.000  
C37  21369025.226   111274105.9610       1927.960          35.000                                                                  
C23  19167510.135    99810148.6720       -688.367          29.000                                                                  
C32  19701522.118   102591051.3090        788.900          41.000                                                                  
C20  23767740.241   123764863.0160       2565.773          26.000                                                                  
C25  20945232.360   109067320.3391      -3006.228          21.000                                                                  
R16  20103625.141   107389925.4520       3379.271          32.000    20103630.403    83525538.3600       2628.620          28.000  
R05  17906408.381    95720012.3020       2153.194          43.000    17906404.930    74448901.4130       1674.663          32.000  
R14  18017173.893    96041691.8270      -3395.515          30.000    18017185.513    74699128.9501      -2649.273          23.000  
R03  20183857.123   108045767.0381      -3653.474          23.000    20183861.234    84035613.4221      -2834.727          21.000  
R04  17157967.402    91880135.8701      -1002.427          17.000                                                                  
E26  25388064.638   133415179.7131      -3139.572          22.000    25388082.141   102227285.8751      -2399.672          20.000  
G16  19009053.848    99893245.1330       2746.163          32.000                                                                  
S31  35204872.851   185002850.1960       -496.456          35.000  
S33  35904667.796   188680299.4660       -496.593          46.000  
R15  16768701.148    89606854.3690        445.286          39.000    16768702.650    69694242.2000        345.979          34.000  
E30  23785613.065   124994193.7780      -2117.531          26.000    23785616.680    95774821.8711      -1621.959          27.000  
E33  24194477.154   127142793.8160      -2574.364          38.000    24194479.671    97421100.5320      -1972.959          37.000  
G28  19776073.154   103924078.3500      -2740.138          31.000    19776089.654    80979780.3831      -2136.239          20.000  
E19  22928845.335   120491894.9181       1372.616          18.000    22928838.517    92324931.4051       1054.972          24.000  
E21  23682766.818   124453779.4391       2413.774          25.000    23682783.129    95360748.6340       1846.490          26.000  
G04  21267130.036   111759521.7151       2324.755          24.000                                                                  
E07  22625569.366   118898169.1911      -1672.945          25.000    22625565.845    91103777.9271      -1287.440          23.000  
E12                                                                  25106319.378   101092743.7661       -429.285          25.000  
> 2026  7 21  0  6  0.9920000  0 31                           
E29  21309275.185   111981085.1570        147.918          31.000    21309285.394    85803666.6130        113.022          30.000  
S35  35639314.468   187285859.8660       -495.690          44.000  
G03  18468948.364    97054984.9630        469.165          44.000    18468948.677    75627240.1780        365.479          36.000  
G31  18003027.419    94606469.1480      -1739.279          24.000                                                                  
G01  21998125.067   115600869.5800      -2775.559          32.000    21998130.403    90078666.1081      -2161.679          27.000  
C37  21365321.585   111254831.5480       1927.899          38.000                                                                  
C23  19168834.592    99817053.8430       -690.336          30.000                                                                  
C32  19700009.207   102583172.8900        787.776          41.000                                                                  
C20  23762809.946   123739197.7800       2569.064          26.000                                                                  
C41  20412827.862   106294931.3380      -2281.465          28.000                                                                  
C25  20950996.145   109097334.6111      -3012.026          21.000                                                                  
R16  20097300.942   107356140.0800       3379.285          31.000    20097311.445    83499260.8920       2628.221          29.000  
R05  17902381.996    95698487.6660       2152.701          43.000    17902376.709    74432160.0360       1674.292          32.000  
R14  18023549.292    96075670.8900      -3398.189          29.000    18023564.660    74725576.2301      -2647.459          22.000  
R04  17159903.837    91890505.0791      -1026.325          22.000                                                                  
E26  25394048.135   133446623.0791      -3144.186          21.000    25394058.706   102251351.4651      -2400.331          20.000  
G16  19003830.013    99865792.3920       2744.676          33.000                                                                  
S31  35205814.234   185007799.7370       -492.806          35.000  
S33  35905611.383   188685258.5000       -493.904          46.000  
E27  21783532.798   114473237.0621        391.252          17.000                                                                  
R15  16767873.642    89602434.8120        439.733          39.000    16767875.947    69690804.7380        341.865          33.000  
E30  23789644.610   125015379.3990      -2118.817          25.000    23789647.974    95791055.8570      -1622.979          27.000  
E33  24199376.040   127168542.5070      -2574.200          38.000    24199379.416    97440829.9890      -1972.295          38.000  
G28  19781287.511   103951479.7800      -2738.616          31.000    19781315.915    81001181.6231      -2136.165          20.000  
G25  22690066.700   119237104.4221      -4191.320          14.000                                                                  
E21  23678187.980   124429717.2781       2411.986          25.000    23678195.993    95342284.2660       1847.515          25.000  
G04  21262705.706   111736272.0311       2332.427          26.000                                                                  
E07  22628757.375   118914922.4661      -1684.277          23.000    22628765.469    91116660.9781      -1286.748          22.000  
E19                                                                  22926217.387    92314377.0481       1058.765          25.000  
E12                                                                  25107388.119   101097047.8481       -430.888          24.000  
R03                                                                  20190691.609    84064052.1821      -2837.486          20.000  
> 2026  7 21  0  6 10.9920000  0 30                           
E29  21308988.927   111979599.0510        150.172          30.000    21309003.075    85802527.9330        114.450          31.000  
S35  35640254.867   187290800.8160       -492.284          44.000  
G03  18468058.479    97050308.8270        466.071          44.000    18468059.108    75623596.4330        363.287          36.000  
G31  18006320.342    94623851.2771      -1746.151          20.000                                                                  
G01  22003402.218   115628604.3860      -2771.476          32.000    22003411.338    90100278.9560      -2160.140          27.000  
C37  21361617.795   111235551.6900       1928.278          39.000                                                                  
C23  19170163.611    99823966.9290       -691.425          30.000                                                                  
C32  19698496.625   102575296.6700        787.810          40.000                                                                  
C20  23757873.488   123713497.3900       2571.875          25.000                                                                  
C41  20417213.318   106317751.7420      -2282.107          30.000                                                                  
C25  20956722.043   109127150.3011      -3003.110          23.000                                                                  
R16  20090976.661   107322350.9250       3379.557          28.000    20090988.233    83472980.5360       2628.151          30.000  
R05  17898354.304    95676956.2490       2153.430          44.000    17898347.790    74415413.3500       1675.050          33.000  
R14  18029926.056    96109660.9120      -3398.760          28.000    18029942.016    74752017.3121      -2639.088          17.000  
R03  20197472.978   108118653.4391      -3654.082          13.000    20197519.821    84092481.4991      -2844.049          19.000  
R04  17161829.763    91900818.1381      -1028.063          25.000    17161798.048    71478282.1111       -824.525          12.000  
E26  25400013.996   133477974.3601      -3133.910          21.000    25400024.161   102275371.4031      -2399.292          20.000  
G16  18998608.045    99838343.9440       2744.751          34.000                                                                  
S31  35206749.237   185012712.8800       -489.350          35.000  
S33  35906548.251   188690181.7670       -490.355          45.000  
R15  16767054.695    89598057.5370        435.447          39.000    16767056.693    69687400.1740        338.619          31.000  
E30  23793671.198   125036585.3151      -2119.505          25.000    23793679.429    95807290.1740      -1623.120          27.000  
E33  24204272.648   127194277.7660      -2572.593          38.000    24204277.235    97460549.1870      -1971.074          38.000  
G28  19786496.744   103978854.7480      -2736.421          29.000    19786531.693    81022539.0271      -2130.464          18.000  
E21  23673597.507   124405593.7371       2412.973          25.000    23673608.538    95323811.0981       1848.772          25.000  
G04  21258265.304   111712938.1601       2333.182          25.000                                                                  
E07  22631941.741   118931656.0971      -1672.057          24.000    22631962.370    91129533.6231      -1282.655          21.000  
E19                                                                  22923587.401    92303786.9511       1060.218          26.000  
E12                                                                  25108458.759   101101358.0431       -429.304          25.000  
R06                                                                  21892423.579    90861685.2691       2611.249          10.000  
> 2026  7 21  0  6 20.9920000  0 30                           
E29  21308703.763   111978103.7180        149.125          30.000    21308718.520    85801382.2200        113.089          31.000  
S35  35641191.715   187295723.4460       -492.579          44.000  
G03  18467178.032    97045680.5180        458.795          45.000    18467178.358    75619989.9720        357.703          36.000  
G31  18009644.419    94641319.8611      -1749.335          22.000                                                                  
G01  22008679.031   115656330.8530      -2774.604          33.000    22008685.273    90121883.9000      -2161.289          27.000  
C37  21357916.237   111216282.6290       1924.646          39.000                                                                  
C23  19171497.164    99830903.9800       -696.212          28.000                                                                  
C32  19696987.069   102567438.9590        783.129          40.000                                                                  
C20  23752932.627   123687777.9530       2571.058          25.000                                                                  
C41  20421598.601   106340591.7390      -2286.917          30.000                                                                  
C25  20962433.849   109156903.4600      -3003.902          27.000                                                                  
R16  20084649.609   107288592.3421       3371.916          19.000    20084665.657    83446710.2520       2625.119          31.000  
R05  17894328.564    95655435.0710       2149.726          44.000    17894322.379    74398674.6820       1672.417          34.000  
R14  18036305.100    96143678.3470      -3404.547          28.000    18036320.749    74778463.2261      -2645.192          18.000  
R03  20204316.158   108155285.4221      -3650.000          20.000    20204344.485    84120895.6811      -2845.452          19.000  
R04  17163768.040    91911169.5370      -1038.954          27.000                                                                  
E26  25405971.036   133509278.6981      -3127.384          22.000    25405980.214   102299353.8831      -2395.984          20.000  
G16  18993390.484    99810916.2800       2740.067          34.000                                                                  
S31  35207680.242   185017606.9180       -489.950          35.000  
S33  35907481.423   188695085.1430       -491.138          46.000  
R15  16766246.549    89593739.2280        426.831          39.000    16766248.372    69684041.4500        332.607          30.000  
E30  23797712.642   125057823.3711      -2124.301          25.000    23797714.905    95823538.1770      -1626.395          27.000  
E33  24209169.983   127220015.9080      -2575.689          38.000    24209175.362    97480270.5890      -1973.380          39.000  
G26  17752075.826    93287787.8741        452.508          25.000                                                                  
G28  19791704.236   104006219.4460      -2737.510          27.000    19791743.617    81043881.4501      -2132.692          17.000  
E21  23669009.760   124381485.7451       2410.592          25.000    23669016.026    95305318.7131       1846.921          25.000  
G04  21253827.991   111689619.6401       2334.735          26.000                                                                  
E07  22635134.352   118948433.4881      -1682.894          24.000    22635157.657    91142399.4061      -1281.739          21.000  
E19                                                                  22920952.122    92293175.7021       1060.406          26.000  
E12                                                                  25109530.269   101105672.8661       -431.727          23.000  
> 2026  7 21  0  6 30.9920000  0 30                           
E29  21308428.813   111976629.7410        147.466          31.000    21308438.191    85800252.7180        113.543          31.000  
S35  35642130.231   187300655.4090       -492.783          44.000  
G03  18466312.144    97041130.5240        452.167          44.000    18466312.633    75616444.5250        352.631          36.000  
G31  18012980.364    94658850.5911      -1747.759          18.000                                                                  
G01  22013959.819   115684079.0730      -2774.976          32.000    22013966.675    90143505.8860      -2161.800          28.000  
C37  21354222.329   111197054.4830       1921.448          37.000                                                                  
C23  19172840.713    99837895.2460       -701.219          26.000                                                                  
C32  19695486.930   102559629.9230        779.410          39.000                                                                  
C20  23747993.244   123662032.2790       2571.076          24.000                                                                  
C41  20425994.723   106363481.3770      -2290.063          30.000                                                                  
C25  20968195.036   109186948.9950      -3005.134          27.000                                                                  
R16  20078325.994   107254813.3111       3370.334          20.000    20078350.830    83420474.1670       2622.491          32.000  
R05  17890310.368    95633955.0560       2146.779          44.000    17890306.463    74381968.0310       1669.670          34.000  
R14  18042695.532    96177753.7560      -3409.520          29.000    18042714.315    74804971.1251      -2662.703          16.000  
R03  20211157.852   108191909.6831      -3660.233          16.000    20211177.135    84149343.5201      -2843.866          16.000  
R04  17165714.374    91921585.9500      -1044.598          28.000    17165671.395    71494414.3891       -800.763          14.000  
E26  25411926.095   133540571.9681      -3138.595          21.000    25411938.781   102323346.5851      -2395.449          20.000  
G16  18988180.617    99783539.9540       2735.757          32.000                                                                  
S31  35208613.599   185022511.1850       -490.125          34.000  
S33  35908416.609   188699998.6410       -491.025          45.000  
R15  16765455.422    89589510.7450        419.563          36.000    16765456.812    69680752.7530        324.825          31.000  
E30  23801758.170   125079082.8431      -2125.997          25.000    23801758.703    95839819.2441      -1629.396          26.000  
E33  24214073.830   127245787.2480      -2577.890          38.000    24214079.683    97500017.4430      -1975.207          38.000  
G26  17751236.416    93283376.5421        439.738          26.000                                                                  
G28  19796915.751   104033604.3330      -2738.200          27.000    19796957.824    81065231.8971      -2143.537          16.000  
E19  22918311.231   120436537.8951       1387.750          18.000    22918318.223    92282569.6151       1059.629          25.000  
E21  23664418.889   124357359.7351       2409.015          24.000    23664429.839    95286852.5551       1846.326          26.000  
G04  21249392.936   111666298.5560       2333.948          28.000                                                                  
E07  22638329.789   118965225.6781      -1673.882          23.000    22638358.402    91155288.1911      -1291.820          19.000  
C33                                                                  26586028.064   107050918.0411      -2563.403          10.000  
> 2026  7 21  0  6 40.9920000  0 29                           
E29  21308149.922   111975150.3450        147.557          32.000    21308156.723    85799119.1750        113.384          31.000  
S35  35643065.982   187305573.4260       -491.263          44.000  
G03  18465456.453    97036632.2480        447.089          45.000    18465456.394    75612939.3870        348.224          36.000  
G01  22019239.133   115711822.4050      -2774.440          33.000    22019248.290    90165124.0880      -2162.241          28.000  
C37  21350531.143   111177840.9160       1920.319          39.000                                                                  
C23  19174188.903    99844914.1450       -704.091          26.000                                                                  
C32  19693991.302   102551843.2490        777.197          38.000                                                                  
C20  23743050.769   123636295.4311       2571.718          22.000                                                                  
C41  20430394.360   106386394.2140      -2291.184          30.000                                                                  
C25  20973955.630   109216996.3980      -3005.130          28.000                                                                  
R16  20072026.169   107221132.0720       3370.282          29.000    20072039.495    83394251.4280       2621.511          32.000  
R05  17886294.657    95612489.1900       2145.615          45.000    17886292.779    74365272.3690       1669.002          35.000  
R14  18049092.422    96211860.2180      -3412.494          31.000    18049109.560    74831485.2961      -2643.506          18.000  
R03  20218016.504   108228584.7560      -3665.054          27.000    20218006.215    84177775.9291      -2846.456          21.000  
R04  17167668.788    91932047.2680      -1048.524          29.000    17167626.295    71502556.6651       -814.023          18.000  
E26  25417879.825   133571859.6651      -3124.589          23.000    25417889.615   102347308.2651      -2394.748          18.000  
G16  18982974.146    99756188.3920       2734.028          32.000                                                                  
S31  35209543.985   185027400.2460       -488.034          35.000  
S33  35909348.809   188704897.1300       -489.347          45.000  
R15  16764675.708    89585344.9590        413.423          37.000    16764676.533    69677512.6570        321.996          30.000  
E30  23805809.284   125100371.7841      -2127.412          26.000    23805806.322    95856116.7180      -1630.631          26.000  
E33  24218979.343   127271565.0630      -2578.191          38.000    24218985.376    97519769.2630      -1975.529          39.000  
G26  17750401.002    93278986.2521        434.846          25.000                                                                  
G28  19802125.943   104060982.8160      -2737.970          27.000    19802153.250    81086506.3101      -2104.108          16.000  
E19  22915692.101   120422774.4151       1391.741          21.000    22915679.788    92271946.1121       1060.593          24.000  
E21  23659833.219   124333262.1131       2409.828          26.000    23659843.013    95268383.0881       1846.346          26.000  
G04  21244953.581   111642946.9420       2335.390          32.000                                                                  
E07  22641526.173   118982022.9961      -1679.615          26.000    22641556.769    91168166.6731      -1291.363          19.000  
C33                                                                  26592371.892   107076461.3841      -2553.027          11.000  
> 2026  7 21  0  6 50.9920000  0 28                           
E29  21307866.823   111973670.5990        147.035          32.000    21307875.522    85797985.3850        112.315          32.000  
S35  35643999.534   187310479.4730       -490.789          44.000  
G03  18464611.333    97032190.7650        440.326          46.000    18464611.285    75609478.4830        343.054          36.000  
G01  22024518.834   115739565.7520      -2775.177          35.000    22024529.789    90186742.2260      -2162.628          27.000  
C37  21346844.454   111158646.9740       1917.603          41.000                                                                  
C23  19175542.639    99851965.6940       -707.947          27.000                                                                  
C32  19692500.545   102544083.9820        773.565          38.000                                                                  
C20  23738103.887   123610535.7481       2578.455          22.000                                                                  
C41  20434800.123   106409335.4080      -2296.649          28.000                                                                  
C25  20979717.350   109247050.6770      -3006.415          27.000                                                                  
R16  20065722.724   107187439.3960       3366.969          32.000    20065731.822    83368046.0170       2619.181          31.000  
R05  17882282.625    95591042.8650       2142.691          46.000    17882281.307    74348591.9010       1666.932          35.000  
R14  18055496.750    96246002.5430      -3416.247          33.000    18055516.363    74858047.7801      -2655.323          21.000  
R03  20224884.556   108265248.4870      -3668.711          29.000    20224866.030    84206337.2331      -2854.266          25.000  
R04  17169630.888    91942558.7050      -1054.536          27.000    17169593.412    71510750.0481       -820.684          17.000  
E26  25423828.050   133603117.7461      -3126.270          24.000    25423837.864   102371259.1251      -2402.512          19.000  
G16  18977774.088    99728866.7800       2729.915          33.000                                                                  
S31  35210471.709   185032278.1020       -488.250          32.000  
S33  35910278.934   188709785.1490       -489.060          46.000  
R15  16763908.811    89581246.9950        405.600          36.000    16763908.804    69674325.3580        315.686          30.000  
E30  23809864.276   125121671.3980      -2132.614          26.000    23809861.426    95872438.6380      -1633.512          26.000  
E33  24223886.998   127297354.2980      -2580.375          39.000    24223893.185    97539529.8540      -1977.461          39.000  
G28  19807336.309   104088359.8100      -2739.394          25.000    19807356.270    81107812.6791      -2137.119          13.000  
E19  22913051.379   120408897.5351       1400.286          21.000    22913042.405    92261326.2991       1062.941          23.000  
E21  23655251.213   124309170.3120       2408.972          26.000    23655256.690    95249916.3771       1844.993          25.000  
G04  21240508.986   111619582.5640       2336.168          32.000                                                                  
E07  22644730.748   118998862.2781      -1683.064          26.000    22644750.344    91181025.2951      -1294.361          18.000  
C33                                                                  23900576.564    96237717.8381      -2552.539          10.000  
> 2026  7 21  0  7  0.9920000  0 28                           
E29  21307586.931   111972195.6590        148.264          32.000    21307594.992    85796855.2240        113.696          31.000  
S35  35644932.064   187315380.3930       -488.780          44.000  
G03  18463777.938    97027811.1930        435.791          46.000    18463777.883    75606065.8220        339.801          36.000  
G31  18022925.036    94711109.9961      -1749.618          20.000                                                                  
G01  22029799.649   115767314.1560      -2774.366          36.000    22029811.095    90208393.3651      -2163.044          25.000  
C37  21343163.364   111139477.6900       1916.950          43.000                                                                  
C23  19176903.561    99859054.9180       -710.032          27.000                                                                  
C32  19691016.041   102536357.1730        772.228          38.000                                                                  
C20  23733160.348   123584793.4761       2574.183          22.000                                                                  
C41  20439211.066   106432309.7960      -2298.651          25.000                                                                  
C25  20985488.042   109277116.7110      -3006.135          27.000                                                                  
R16  20059421.093   107153774.1890       3366.319          34.000    20059429.250    83341862.0470       2617.940          30.000  
R05  17878275.256    95569621.3580       2141.765          46.000    17878274.818    74331930.7860       1665.319          35.000  
R14  18061909.334    96280185.8250      -3419.564          34.000    18061925.886    74884621.7921      -2652.817          21.000  
R03  20231738.255   108301943.4700      -3670.328          27.000    20231730.549    84234917.6761      -2855.096          26.000  
R04  17171603.593    91953125.4080      -1058.989          25.000    17171573.326    71518996.0531       -808.204          20.000  
E26  25429777.165   133634380.2901      -3124.761          24.000    25429780.160   102395186.7401      -2396.386          18.000  
G16  18972581.527    99701580.3500       2728.381          33.000                                                                  
S31  35211399.406   185037150.4860       -485.837          35.000  
S33  35911207.932   188714667.1100       -486.920          45.000  
R15  16763154.798    89577222.0760        399.536          35.000    16763155.878    69671194.9050        310.836          30.000  
E30  23813920.979   125142998.5321      -2133.986          25.000    23813920.079    95888784.7220      -1635.016          25.000  
E33  24228798.461   127323159.9940      -2580.427          39.000    24228804.244    97559303.0230      -1977.342          39.000  
G28  19812532.872   104115562.2051      -2737.467          19.000    19812564.373    81129138.8801      -2133.947          16.000  
E19  22910405.221   120394991.7231       1392.521          21.000    22910405.309    92250707.9581       1064.292          22.000  
E21  23650666.845   124285080.8870       2409.209          27.000    23650674.163    95231464.2541       1845.400          25.000  
G04  21236062.432   111596210.4730       2338.910          32.000                                                                  
E07  22647925.211   119015649.6921      -1680.178          26.000    22647927.792    91193820.2191      -1284.046          20.000  
> 2026  7 21  0  7 10.9920000  0 30                           
E29  21307309.310   111970723.9860        145.918          33.000    21307314.531    85795727.6060        111.730          32.000  
S35  35645863.215   187320273.6600       -490.036          44.000  
G03  18462956.157    97023492.0300        427.637          46.000    18462955.567    75602700.2390        333.173          36.000  
G31  18026269.435    94728684.6071      -1754.867          25.000                                                                  
G01  22035081.540   115795065.8340      -2776.948          36.000    22035089.562    90230007.5081      -2157.369          21.000  
C37  21339487.254   111120331.5470       1912.262          43.000                                                                  
C23  19178267.534    99866271.0811       -715.428          27.000                                                                  
C32  19689538.206   102528661.3960        767.001          37.000                                                                  
C20  23728226.751   123559103.1901       2567.670          23.000                                                                  
C41  20443624.118   106455315.1081      -2301.470          18.000                                                                  
C25  20991262.325   109307192.9950      -3009.480          28.000                                                                  
R16  20053123.844   107120135.1250       3361.650          35.000    20053131.042    83315698.3540       2614.779          30.000  
R05  17874272.313    95548223.2080       2137.375          46.000    17874271.152    74315287.7470       1662.832          35.000  
R14  18068328.697    96314408.2230      -3425.386          33.000    18068342.746    74911225.8111      -2664.371          19.000  
R03  20238601.565   108338818.4171      -3683.832          21.000    20238593.023    84263489.3821      -2857.974          25.000  
R04  17173581.861    91963750.6651      -1066.524          24.000    17173569.145    71527308.0631       -830.052          21.000  
E26  25435716.550   133665592.0791      -3121.354          25.000    25435717.597   102419093.9191      -2378.290          16.000  
G16  18967395.631    99674327.6470       2722.141          34.000                                                                  
S31  35212325.464   185042015.5620       -487.429          35.000  
S33  35912135.373   188719541.4250       -488.337          45.000  
R15  16762414.623    89573268.4960        390.949          35.000    16762416.009    69668119.9680        303.146          31.000  
E30  23817981.376   125164336.5221      -2139.076          25.000    23817983.692    95905149.7331      -1639.210          25.000  
E33  24233712.858   127348980.4900      -2583.886          39.000    24233718.073    97579087.5570      -1979.983          39.000  
G26  17747951.506    93266113.7401        414.088          26.000                                                                  
G32  20265377.980   106495290.5260      -2578.671          27.000                                                                  
G28  19817753.471   104142997.3751      -2751.820          20.000    19817774.410    81150472.7661      -2136.111          19.000  
E19  22907759.144   120381086.4501       1381.281          23.000    22907763.478    92240070.6731       1063.927          22.000  
E21  23646086.843   124260998.5350       2406.823          27.000    23646092.290    95213014.5741       1844.156          24.000  
G04  21231613.061   111572829.1890       2336.333          30.000                                                                  
E07  22651119.008   119032444.9690      -1682.886          27.000    22651123.619    91206687.7541      -1287.931          24.000  
> 2026  7 21  0  7 20.9920000  0 30                           
E29  21307035.727   111969280.4230        141.998          33.000    21307039.933    85794621.4590        108.944          32.000  
S35  35646797.587   187325184.4080       -492.338          44.000  
G03  18462150.254    97019258.1040        418.915          46.000    18462149.735    75599401.0440        326.904          36.000  
G31  18029606.659    94746222.4231      -1758.540          25.000                                                                  
G01  22040368.241   115822845.4870      -2779.839          36.000    22040375.869    90251654.1071      -2168.111          20.000  
C37  21335820.218   111101233.1380       1907.153          43.000                                                                  
C23  19179649.355    99873471.0340       -721.880          31.000                                                                  
C32  19688071.265   102521021.2660        760.928          37.000                                                                  
C20  23723292.428   123533408.6751       2565.806          25.000                                                                  
C41  20448057.591   106478401.2881      -2303.547          20.000                                                                  
C25  20997050.413   109337303.9310      -3013.050          28.000                                                                  
R16  20046836.071   107086547.3380       3356.021          35.000    20046841.930    83289574.5460       2610.979          30.000  
R05  17870278.481    95526873.5760       2132.360          46.000    17870276.524    74298682.5020       1658.645          35.000  
R14  18074759.441    96348694.9400      -3432.460          33.000    18074768.863    74937868.3191      -2667.576          22.000  
R03  20245468.928   108375579.7611      -3690.162          16.000    20245462.979    84292092.7851      -2867.354          22.000  
R04  17175574.670    91974422.3201      -1073.337          19.000    17175576.335    71535668.4691       -821.986          20.000  
E26  25441654.809   133696798.1671      -3121.719          24.000    25441651.538   102442988.1641      -2387.632          16.000  
G16  18962221.653    99647133.5890       2715.888          35.000                                                                  
S31  35213254.346   185046897.9720       -489.585          35.000  
S33  35913066.233   188724433.4540       -489.984          45.000  
R15  16761692.953    89569411.5090        380.748          35.000    16761693.383    69665120.0110        296.518          32.000  
E30  23822057.000   125185754.3021      -2144.569          25.000    23822059.766    95921562.7831      -1644.333          25.000  
E33  24238634.138   127374840.4890      -2588.318          40.000    24238639.495    97598902.3470      -1983.669          39.000  
G26  17747190.451    93262021.6900        406.999          30.000                                                                  
G32  20270291.654   106521094.5460      -2583.045          28.000                                                                  
G28  19822997.946   104170557.0691      -2742.796          22.000    19822990.665    81171832.5501      -2134.041          21.000  
E19  22905125.227   120367244.6601       1383.521          24.000    22905124.020    92229442.2631       1058.389          22.000  
E21  23641512.452   124236948.2640       2403.086          26.000    23641516.750    95194590.4541       1844.852          24.000  
G04  21227165.823   111549463.4600       2335.517          31.000                                                                  
E07  22654325.105   119049288.8790      -1685.848          28.000    22654331.493    91219605.3501      -1292.949          25.000  
> 2026  7 21  0  7 30.9920000  0 31                           
E29  21306766.237   111967860.5930        140.911          33.000    21306769.459    85793533.5510        107.929          32.000  
S35  35647734.681   187330108.4700       -492.765          44.000  
G03  18461359.913    97015105.1540        411.456          46.000    18461359.624    75596164.9800        320.813          37.000  
G31  18032953.813    94763810.9911      -1759.608          23.000                                                                  
G01  22045658.896   115850648.7530      -2781.224          36.000    22045667.260    90273321.9811      -2168.095          21.000  
C37  21332160.760   111082178.2190       1903.534          43.000                                                                  
C23  19181038.072    99880713.2210       -727.139          30.000                                                                  
C32  19686614.467   102513432.5770        756.583          38.000                                                                  
C20  23718359.632   123507722.4340       2571.329          26.000                                                                  
C41  20452481.614   106501438.2761      -2319.776          19.000                                                                  
C25  21002839.480   109367445.1620      -3015.179          28.000                                                                  
R16  20040556.977   107053006.7070       3351.642          35.000    20040562.048    83263487.4150       2607.379          29.000  
R05  17866292.642    95505568.4090       2128.552          46.000    17866290.818    74282111.8330       1655.383          36.000  
R14  18081203.311    96383041.1000      -3437.558          34.000    18081215.700    74964597.5931      -2669.649          24.000  
R04  17177581.548    91985168.6341      -1091.331          17.000    17177589.813    71544054.2471       -840.714          15.000  
E26  25447595.177   133728014.9381      -3121.338          24.000    25447592.711   102466909.9231      -2383.864          14.000  
G16  18957056.860    99619993.9520       2711.329          36.000                                                                  
S31  35214186.130   185051794.0340       -490.152          35.000  
S33  35913999.788   188729339.0970       -490.828          45.000  
E27  21777091.469   114439387.7321        353.668          19.000                                                                  
R15  16760988.305    89565646.8580        371.597          35.000    16760988.318    69662191.9370        289.742          33.000  
E30  23826138.702   125207203.4971      -2148.431          26.000    23826146.049    95938016.3531      -1648.137          24.000  
E33  24243562.567   127400735.6250      -2591.039          40.000    24243567.555    97618744.0300      -1985.121          40.000  
G26  17746422.029    93258078.3770        399.538          29.000                                                                  
G32  20275209.472   106546940.2010      -2586.319          27.000                                                                  
G28  19828235.028   104198078.3061      -2742.385          19.000    19828213.205    81193217.5631      -2133.223          20.000  
E19  22902484.368   120353366.6731       1382.606          23.000    22902486.937    92218823.7091       1062.782          22.000  
E21  23636943.822   124212925.7460       2400.890          25.000    23636945.803    95176185.5951       1840.457          23.000  
G04  21222721.128   111526109.1460       2335.151          33.000                                                                  
E07  22657535.841   119066159.8090      -1688.079          29.000    22657543.005    91232536.7050      -1294.019          27.000  
R03                                                                  20252330.062    84320683.5951      -2869.522          18.000  
> 2026  7 21  0  7 40.9920000  0 31                           
E29  21306497.717   111966464.6210        138.615          33.000    21306503.714    85792463.8890        105.915          32.000  
S35  35648674.189   187335045.6570       -494.720          44.000  
G03  18460584.940    97011033.1970        403.003          45.000    18460584.460    75592992.0010        314.368          37.000  
G31  18036325.264    94781528.3191      -1768.420          24.000                                                                  
G01  22050954.819   115878475.4540      -2783.812          37.000    22050965.671    90295018.0891      -2165.779          22.000  
C37  21328509.825   111063166.8300       1898.730          43.000                                                                  
C23  19182438.968    99888004.6150       -733.099          29.000                                                                  
C32  19685167.265   102505895.4160        750.914          38.000                                                                  
C20  23713425.176   123482026.8861       2567.858          26.000                                                                  
C41  20456939.079   106524649.5961      -2317.718          25.000                                                                  
C25  21008639.373   109397616.7500      -3018.780          28.000    21008561.136    84592769.7621      -2216.344          21.000  
R16  20034286.323   107019513.2750       3347.013          34.000    20034291.407    83237436.9920       2603.212          28.000  
R05  17862315.357    95484307.5970       2123.701          46.000    17862314.234    74265575.6640       1651.677          38.000  
R14  18087660.190    96417446.8330      -3443.136          33.000    18087671.251    74991361.9951      -2670.430          24.000  
R03  20259194.344   108449052.6611      -3685.951          17.000    20259213.576    84349343.2051      -2867.746          20.000  
R04  17179616.039    91996063.7441      -1082.988          17.000    17179606.978    71552456.1051       -840.041          14.000  
E26  25453532.404   133759215.1491      -3122.239          25.000    25453532.573   102490828.0511      -2412.108          14.000  
G16  18951902.258    99592908.8850       2705.153          34.000                                                                  
S31  35215120.297   185056702.6840       -491.921          35.000  
S33  35914935.745   188734257.7170       -492.800          45.000  
E27  21776448.651   114436009.8121        349.965          22.000                                                                  
R15  16760301.241    89561974.5860        362.112          37.000    16760301.684    69659335.7810        281.855          34.000  
E30  23830238.768   125228748.9551      -2153.806          26.000    23830240.189    95954501.5151      -1651.801          24.000  
E33  24248496.730   127426665.8030      -2594.930          40.000    24248502.095    97638612.5900      -1988.377          39.000  
G26  17745666.939    93254110.4740        392.110          28.000                                                                  
G32  20280134.983   106572827.0900      -2589.985          27.000                                                                  
E19  22899841.380   120339477.9951       1381.292          21.000    22899848.432    92208199.7691       1060.363          21.000  
E21  23632378.204   124188930.9670       2398.010          24.000    23632380.073    95157800.9841       1836.865          24.000  
G04  21218278.482   111502766.2190       2333.831          33.000                                                                  
E07  22660762.301   119083057.6290      -1691.044          29.000    22660759.467    91245484.4280      -1296.155          27.000  
G28                                                                  19833429.234    81214576.3061      -2141.844          18.000  
> 2026  7 21  0  7 50.9920000  0 31                           
E29  21306232.484   111965093.3490        136.370          32.000    21306242.881    85791413.1710        104.208          32.000  
S35  35649616.540   187339997.6260       -496.084          44.000  
G03  18459825.600    97007043.2240        394.702          45.000    18459825.492    75589882.9260        307.678          37.000  
G31  18039689.938    94799210.0961      -1769.440          22.000                                                                  
G01  22056255.510   115906326.4170      -2786.200          37.000    22056267.460    90316727.8741      -2167.515          22.000  
C37  21324867.687   111044199.8980       1894.409          44.000                                                                  
C23  19183852.169    99895360.1340       -738.634          31.000                                                                  
C32  19683729.905   102498410.6890        746.315          37.000                                                                  
C20  23708490.090   123456329.2371       2569.615          25.000                                                                  
C41  20461415.860   106547961.1550      -2324.077          27.000                                                                  
C25  21014442.197   109427819.4050      -3021.698          28.000                                                                  
R16  20028026.086   106986067.9410       3341.664          33.000    20028029.409    83211423.9580       2599.524          26.000  
R05  17858346.499    95463092.4180       2119.165          46.000    17858346.327    74249074.9760       1648.429          39.000  
R14  18094126.989    96451912.7750      -3450.285          29.000    18094138.412    75018174.4621      -2682.123          24.000  
R03  20266101.275   108486026.4561      -3693.200           9.000    20266117.870    84378089.3091      -2875.953          20.000  
R04  17181662.630    92007022.5321      -1110.635          12.000                                                                  
E26  25459474.756   133790442.8071      -3120.345          24.000    25459470.204   102514736.0721      -2368.872          15.000  
G16  18946758.229    99565879.2930       2700.150          35.000                                                                  
S31  35216057.114   185061625.6940       -492.918          35.000  
S33  35915874.278   188739189.7920       -493.958          45.000  
E27  21775793.613   114432566.9301        340.913          23.000    21775772.805    87682013.1431        261.337          25.000  
R15  16759633.203    89558395.3290        353.635          37.000    16759631.869    69656551.9400        274.385          35.000  
E30  23834348.870   125250344.5160      -2159.874          27.000    23834343.890    95971025.9091      -1655.896          23.000  
E33  24253437.802   127452631.8430      -2598.406          40.000    24253442.811    97658508.6100      -1990.968          38.000  
G26  17744919.719    93250193.3170        382.456          28.000                                                                  
G32  20285069.194   106598756.1680      -2594.889          27.000                                                                  
G28  19838662.454   104252874.6431      -2744.556          23.000    19838649.081    81235950.7101      -2160.935          17.000  
E19  22897204.673   120325622.5321       1390.173          19.000    22897214.866    92197595.6251       1059.455          19.000  
E21  23627818.627   124165024.0451       2393.708          23.000    23627819.320    95139436.5911       1834.824          23.000  
G04  21213839.504   111479435.6300       2332.256          32.000                                                                  
E07  22663988.241   119099983.3850      -1694.216          29.000    22663979.841    91258453.4790      -1298.602          27.000  
> 2026  7 21  0  8  0.9920000  0 31                           
E29  21305974.838   111963742.4430        134.253          33.000    21305985.852    85790378.0430        102.694          33.000  
S35  35650560.525   187344958.2950       -496.612          44.000  
G03  18459080.973    97003130.7950        387.299          45.000    18459081.343    75586834.3300        301.538          37.000  
G31  18043080.733    94817028.7031      -1775.556          20.000                                                                  
G01  22061559.981   115934197.1020      -2788.239          36.000    22061571.535    90338446.8671      -2178.552          22.000  
C37  21321233.442   111025273.0760       1890.479          44.000                                                                  
C23  19185275.470    99902768.2830       -742.876          31.000                                                                  
C32  19682301.651   102490974.1060        741.388          37.000                                                                  
C20  23703562.757   123430670.6501       2563.204          22.000                                                                  
C41  20465871.507   106571210.5330      -2328.424          27.000                                                                  
C25  21020248.585   109458048.7080      -3024.589          28.000                                                                  
R16  20021773.528   106952666.6610       3337.742          32.000    20021776.048    83185445.2490       2596.460          25.000  
R05  17854385.607    95441918.3790       2115.261          46.000    17854386.069    74232606.3010       1645.060          39.000  
R14  18100603.119    96486434.5530      -3455.209          26.000    18100608.970    75045001.5941      -2687.936          23.000  
R03  20272998.155   108522945.7381      -3699.896          14.000    20273036.472    84406895.4451      -2889.576          22.000  
R04  17183692.779    92017893.7391      -1103.112          20.000                                                                  
E26  25465409.675   133821630.4251      -3119.467          23.000    25465413.829   102538668.7171      -2372.714          16.000  
G16  18941623.954    99538900.9820       2694.892          35.000                                                                  
S31  35216995.724   185066558.6010       -494.039          35.000  
S33  35916814.967   188744132.3190       -494.779          45.000  
E27  21775138.628   114429125.6791        335.725          23.000    21775129.422    87679422.0611        256.522          26.000  
R15  16758979.517    89554904.7290        344.446          36.000    16758979.040    69653836.9990        268.170          35.000  
E30  23838464.675   125271960.8580      -2164.247          28.000    23838458.607    95987593.9671      -1658.504          24.000  
E33  24258384.969   127478629.2350      -2601.501          40.000    24258389.160    97678428.6590      -1993.336          37.000  
G26  17744194.054    93246399.0340        375.154          28.000                                                                  
G32  20290001.826   106624678.3500      -2597.766          27.000                                                                  
G28  19843928.213   104280537.0560      -2749.892          27.000    19843877.596    81257360.7081      -2140.773          20.000  
E19  22894572.896   120311792.3941       1383.662          21.000    22894579.833    92186985.0521       1060.489          17.000  
E21  23623262.595   124141082.5151       2392.348          23.000    23623262.397    95121087.8831       1833.316          24.000  
G04  21209401.861   111456112.9650       2330.308          32.000                                                                  
E07  22667198.101   119116932.5580      -1696.454          30.000    22667205.194    91271440.4810      -1299.762          27.000  
> 2026  7 21  0  8 10.9920000  0 31                           
E29  21305725.525   111962412.9280        132.138          32.000    21305732.080    85789359.3310        101.440          33.000  
S35  35651507.067   187349930.3710       -497.643          44.000  
G03  18458351.521    96999297.0030        379.553          45.000    18458351.957    75583846.9290        295.831          37.000  
G31  18046467.149    94834824.1771      -1782.712          16.000                                                                  
G01  22066868.400   115962088.3850      -2789.883          36.000    22066883.281    90360197.4321      -2176.990          23.000  
C37  21317606.356   111006387.3950       1886.688          43.000                                                                  
C23  19186709.075    99910230.0700       -747.871          31.000                                                                  
C32  19680883.126   102483586.7290        736.678          36.000                                                                  
C20  23698628.534   123404977.2131       2562.488          20.000                                                                  
C41  20470337.013   106594527.3870      -2334.206          28.000                                                                  
C25  21026056.355   109488305.6140      -3027.340          27.000                                                                  
R16  20015529.796   106919309.9640       3333.401          31.000    20015531.565    83159514.6671       2594.657          25.000  
R05  17850432.800    95420786.6590       2111.236          46.000    17850433.265    74216170.5560       1641.718          39.000  
R14  18107090.301    96521013.1760      -3461.311          24.000    18107088.357    75071864.9761      -2692.255          23.000  
R03  20279916.394   108559980.2411      -3705.485          21.000    20279971.249    84435767.7331      -2885.818          22.000  
R04  17185777.854    92029059.1831      -1107.797          22.000                                                                  
E26  25471345.966   133852825.8201      -3121.004          23.000    25471351.261   102562575.8121      -2390.967          15.000  
G16  18936500.694    99511975.0090       2689.911          36.000                                                                  
S31  35217936.451   185071501.9180       -495.286          35.000  
S33  35917757.718   188749085.7060       -495.746          45.000  
E27  21774508.313   114425813.0291        335.833          23.000    21774496.392    87676873.9561        252.754          26.000  
R15  16758342.643    89551503.8620        335.813          37.000    16758343.727    69651191.9350        260.824          36.000  
E30  23842583.778   125293624.7350      -2168.120          27.000    23842582.032    96004197.7261      -1660.759          23.000  
E33  24263337.382   127504658.9120      -2604.351          39.000    24263341.347    97698373.4150      -1995.558          35.000  
G26  17743486.496    93242682.8090        367.656          28.000                                                                  
G32  20294947.662   106650683.3340      -2602.664          28.000                                                                  
G28  19849170.715   104308052.4680      -2752.628          25.000    19849116.430    81278812.9311      -2143.135          21.000  
E19  22891948.837   120298002.4371       1380.773          22.000    22891953.209    92176408.6241       1059.570          17.000  
E21  23618714.164   124117180.3051       2390.362          22.000    23618711.445    95102763.6341       1833.568          25.000  
G04  21204966.293   111432799.1990       2331.051          31.000                                                                  
E07  22670427.103   119133906.2410      -1698.581          30.000    22670436.909    91284446.2640      -1301.367          27.000  
> 2026  7 21  0  8 20.9920000  0 33                           
E29  21305478.107   111961102.7200        129.573          33.000    21305482.422    85788355.3770         99.474          33.000  
S35  35652454.413   187354910.1480       -498.656          44.000  
G03  18457636.353    96995539.7510        371.399          45.000    18457636.989    75580919.2360        289.063          37.000  
G31  18049867.310    94852692.1941      -1787.172          14.000                                                                  
G01  22072179.839   115989998.0800      -2792.668          35.000    22072198.462    90381962.8451      -2177.590          23.000  
C37  21313986.021   110987540.7490       1882.257          41.000                                                                  
C23  19188152.912    99917745.4360       -754.809          31.000                                                                  
C32  19679473.858   102476246.5210        731.031          36.000                                                                  
C20  23693696.282   123379293.6401       2553.813          18.000                                                                  
C41  20474828.890   106617891.4260      -2339.749          31.000                                                                  
C25  21031866.855   109518587.8380      -3030.264          26.000                                                                  
R16  20009294.418   106885996.2490       3327.383          29.000    20009295.375    83133604.9561       2587.974          24.000  
R05  17846487.515    95399695.2270       2106.652          46.000    17846487.983    74199766.1190       1638.028          39.000  
R14  18113589.371    96555645.6530      -3466.501          27.000    18113583.434    75098793.7691      -2693.252          25.000  
R03  20286851.662   108597104.8471      -3706.689          23.000    20286907.020    84464645.6341      -2909.620          12.000  
R04  17187858.333    92040200.1531      -1116.483          15.000    17187823.693    71586677.7321       -863.227          19.000  
R06  21814150.417   116404485.9681       3277.414          11.000                                                                  
E26  25477279.610   133884007.3981      -3115.254          22.000    25477289.583   102586487.2961      -2411.966          15.000  
G16  18931387.079    99485099.3150       2684.596          35.000                                                                  
S31  35218878.577   185076453.9350       -496.338          37.000  
S33  35918701.792   188754047.3980       -497.145          45.000  
E27  21773893.903   114422584.6381        326.197          22.000    21773873.378    87674364.9751        247.275          26.000  
E12  25123087.953   132022717.7361       -625.963          26.000                                                                  
R15  16757722.980    89548190.5530        325.861          36.000    16757724.204    69648614.8880        254.013          36.000  
E30  23846715.264   125315334.1960      -2173.567          27.000    23846715.274    96020840.1321      -1667.125          23.000  
E33  24268295.926   127530718.6920      -2608.156          39.000    24268299.470    97718341.2130      -1998.130          35.000  
G26  17742798.991    93238992.5550        359.888          29.000                                                                  
G32  20299915.541   106676725.3030      -2606.806          29.000                                                                  
G28  19854407.090   104335612.8141      -2741.482          15.000    19854363.932    81300301.2081      -2147.941          23.000  
E19  22889318.215   120284178.6441       1382.887          22.000    22889321.112    92165811.1141       1047.812          16.000  
E21  23614171.009   124093306.2031       2390.502          18.000    23614165.313    95084458.3681       1829.289          26.000  
G04  21200531.746   111409492.3800       2329.532          30.000                                                                  
E07  22673660.087   119150902.3510      -1701.660          29.000    22673670.730    91297469.2140      -1303.479          26.000  
> 2026  7 21  0  8 30.9920000  0 32                           
E29  21305231.909   111959823.1860        126.858          32.000    21305238.467    85787375.0000         96.708          33.000  
S35  35653406.174   187359911.6650       -501.114          44.000  
G03  18456937.925    96991870.5530        362.451          45.000    18456938.802    75578060.0960        282.867          38.000  
G31  18053264.051    94870542.2921      -1792.276          20.000                                                                  
G01  22077496.348   116017937.4650      -2795.431          33.000    22077516.807    90403740.2781      -2176.099          20.000  
C37  21310375.459   110968744.5600       1877.173          40.000                                                                  
C23  19189608.157    99925321.5830       -760.685          31.000                                                                  
C32  19678075.299   102468964.8780        724.803          37.000                                                                  
C20  23688767.573   123353628.3711       2568.771          12.000                                                                  
C41  20479326.671   106641313.9660      -2345.021          31.000                                                                  
C25  21037689.438   109548906.8400      -3033.797          25.000                                                                  
R16  20003068.916   106852737.1330       3323.475          29.000    20003067.758    83107730.9491       2583.830          25.000  
R05  17842551.631    95378655.7100       2101.326          46.000    17842552.567    74183402.0180       1634.503          39.000  
R14  18120099.473    96590344.0100      -3472.763          29.000    18120100.511    75125813.3921      -2699.243          26.000  
R03  20293798.056   108634289.1511      -3715.228          24.000                                                                  
E26  25483214.508   133915195.1521      -3120.572          22.000    25483226.267   102610392.3741      -2386.035          15.000  
G16  18926284.796    99458285.4840       2678.718          35.000                                                                  
S31  35219825.272   185081426.3730       -498.258          35.000  
S33  35919649.700   188759029.0120       -499.178          46.000  
E27  21773284.345   114419380.5691        314.376          22.000    21773263.454    87671909.4360        243.460          27.000  
E12  25124289.171   132029030.4101       -632.659          24.000                                                                  
R15  16757119.935    89544976.2310        315.983          34.000    16757122.707    69646114.8940        245.905          36.000  
E30  23850854.232   125337100.4730      -2179.023          27.000    23850857.191    96037518.2321      -1669.678          24.000  
E33  24273262.719   127556819.9230      -2611.877          39.000    24273266.196    97738340.8200      -2001.335          35.000  
G26  17742127.500    93235439.7930        350.925          30.000                                                                  
G32  20304883.311   106702815.2400      -2611.384          29.000                                                                  
G28  19859584.727   104362821.5101      -2762.800          15.000    19859614.192    81321800.2261      -2150.851          24.000  
E19  22886690.773   120270371.3171       1381.333          22.000                                                                  
E21  23609622.287   124069402.2591       2377.444          19.000    23609624.383    95066175.9010       1827.444          26.000  
G04  21196100.794   111386203.8730       2328.107          28.000                                                                  
E07  22676895.231   119167932.2030      -1704.413          29.000    22676910.173    91310518.0770      -1305.908          25.000  
R04                                                                  17189944.045    71595509.1621       -876.535          21.000  
> 2026  7 21  0  8 40.9920000  0 31                           
E29  21304992.932   111958569.9260        124.283          32.000    21304999.703    85786414.6710         95.175          33.000  
S35  35654360.604   187364927.1600       -501.671          44.000  
G03  18456255.648    96988284.7930        354.950          45.000    18456256.738    75575266.0440        276.318          38.000  
G31  18056667.722    94888428.9251      -1790.005          20.000                                                                  
G01  22082817.268   116045901.8030      -2796.847          32.000    22082842.762    90425549.1311      -2185.667          18.000  
C37  21306773.979   110949994.2690       1872.974          39.000                                                                  
C23  19191074.199    99932955.9170       -765.896          29.000                                                                  
C32  19676687.518   102461737.2590        720.715          37.000                                                                  
C41  20483836.298   106664790.5790      -2349.884          29.000                                                                  
C25  21043517.255   109579115.9591      -3035.200          23.000                                                                  
R16  19996852.795   106819527.9570       3318.616          31.000    19996852.109    83081906.6581       2579.448          23.000  
R05  17838624.672    95357663.7790       2097.300          46.000    17838625.923    74167074.9790       1631.308          40.000  
R14  18126619.327    96625103.1910      -3478.350          28.000    18126624.311    75152861.0671      -2705.847          26.000  
R03  20300742.477   108671463.4431      -3718.389          20.000    20300734.992    84522218.2521      -2887.323          23.000  
E26  25489152.269   133946399.0091      -3125.654          22.000    25489160.288   102634285.9581      -2389.984          15.000  
G16  18921192.732    99431529.0320       2673.446          35.000                                                                  
S31  35220774.504   185086413.5540       -499.079          36.000  
S33  35920600.562   188764026.0530       -499.866          46.000  
E27  21772679.609   114416202.6741        309.299          18.000    21772665.317    87669496.9470        239.618          26.000  
E12  25125484.938   132035313.5771       -638.556          22.000                                                                  
R15  16756535.362    89541856.2860        307.926          35.000    16756539.181    69643688.3020        239.708          36.000  
E30  23855004.821   125358919.0690      -2184.738          26.000    23855010.295    96054241.3301      -1673.771          24.000  
E33  24278236.603   127582957.9290      -2615.017          38.000    24278240.762    97758368.5860      -2003.912          35.000  
G26  17741466.335    93231969.8880        343.478          29.000                                                                  
G32  20309852.791   106728948.6350      -2615.206          28.000                                                                  
G28  19864837.862   104390427.5271      -2755.689          23.000    19864862.815    81343291.7311      -2149.411          23.000  
E19  22884064.107   120256568.3391       1379.477          25.000                                                                  
E21  23605085.025   124045558.3481       2377.739          21.000    23605089.036    95047918.7920       1824.812          26.000  
G04  21191672.862   111362929.1870       2327.486          27.000                                                                  
E07  22680141.305   119184991.4610      -1706.972          29.000    22680153.850    91323581.2981      -1306.667          24.000  
R04                                                                  17192062.254    71604331.7351       -874.116          20.000  
> 2026  7 21  0  8 50.9920000  0 31                           
E29  21304761.560   111957330.4500        122.972          33.000    21304763.760    85785464.9230         94.425          33.000  
S35  35655315.623   187369946.3340       -502.421          44.000  
G03  18455586.889    96984770.2160        347.650          45.000    18455588.270    75572527.4020        270.947          38.000  
G31  18060078.065    94906350.3821      -1801.343          12.000                                                                  
G01  22088140.374   116073878.7020      -2798.041          32.000    22088168.326    90447356.2591      -2186.842          10.000  
C37  21303179.254   110931277.6790       1869.806          38.000                                                                  
C23  19192550.089    99940636.1650       -771.225          29.000                                                                  
C32  19675307.281   102454551.5400        716.254          37.000                                                                  
C41  20488354.314   106688308.9260      -2353.955          29.000                                                                  
C25  21049348.347   109609479.6181      -3038.238          22.000                                                                  
R16  19990644.636   106786356.5220       3314.028          31.000    19990640.752    83056100.1991       2578.726          22.000  
R05  17834704.324    95336706.5700       2093.835          46.000    17834705.331    74150774.9300       1628.640          40.000  
R14  18133147.644    96659910.4070      -3483.170          30.000    18133146.027    75179900.3051      -2707.118          25.000  
R03  20307698.410   108708699.2351      -3721.941          25.000    20307722.058    84551308.8411      -2895.694          26.000  
E26  25495084.327   133977571.9641      -3114.814          22.000    25495096.101   102658186.5011      -2397.521          16.000  
G16  18916110.462    99404817.7380       2669.045          36.000                                                                  
S31  35221724.011   185091404.6030       -499.515          35.000  
S33  35921552.121   188769026.0350       -500.334          46.000  
E12  25126708.851   132041745.7681       -643.457          23.000                                                                  
R15  16755966.488    89538818.3130        299.546          34.000    16755970.458    69641325.4160        233.500          36.000  
E30  23859168.049   125380777.2870      -2187.640          26.000    23859169.671    96070988.8991      -1676.069          24.000  
E33  24283215.448   127609120.2780      -2617.647          38.000    24283220.365    97778415.0190      -2005.716          36.000  
G26  17740817.275    93228570.6120        335.961          28.000                                                                  
G32  20314830.795   106755113.0480      -2618.429          28.000                                                                  
G28  19870090.060   104418027.6591      -2753.724          22.000    19870108.513    81364772.6431      -2146.127          21.000  
E19  22881442.172   120242784.4870       1377.702          27.000                                                                  
E21  23600560.665   124021782.4531       2376.329          23.000    23600558.755    95029675.4800       1823.362          27.000  
G04  21187244.094   111339656.0260       2326.886          28.000                                                                  
E07  22683388.443   119202067.5540      -1708.841          30.000    22683401.346    91336657.5591      -1309.986          23.000  
E27                                                                  21772075.200    87667121.5420        235.770          26.000  
R04                                                                  17194190.722    71613196.1681       -890.188          19.000  
> 2026  7 21  0  9  0.9920000  0 31                           
E29  21304532.347   111956108.2910        121.132          33.000    21304530.949    85784528.4280         92.658          33.000  
S35  35656272.012   187374971.5810       -502.618          44.000  
G03  18454932.177    96981330.2360        340.021          46.000    18454933.926    75569846.8940        265.155          38.000  
G31  18063495.424    94924308.1741      -1800.877          17.000                                                                  
G01  22093467.333   116101871.4850      -2800.182          33.000    22093482.290    90469115.7201      -2187.117          18.000  
C37  21299591.731   110912598.1880       1865.833          38.000                                                                  
C23  19194035.190    99948365.6170       -775.580          30.000                                                                  
C32  19673935.897   102447411.1270        711.687          37.000                                                                  
C41  20492879.952   106711872.3100      -2358.476          30.000                                                                  
C25  21055183.085   109639863.0451      -3045.393          22.000                                                                  
R16  19984443.496   106753226.2210       3311.168          30.000    19984437.316    83030326.2611       2574.074          20.000  
R05  17830791.241    95315788.1830       2089.695          45.000    17830792.185    74134505.0670       1625.398          39.000  
R14  18139688.373    96694769.1930      -3489.142          32.000    18139683.925    75207006.6241      -2711.993          25.000  
R03  20314682.062   108746053.5170      -3728.680          28.000                                                                  
R04  17196298.739    92085398.6231      -1148.885          20.000    17196313.977    71622040.3971       -885.199          18.000  
E26  25501020.264   134008765.5511      -3121.454          21.000    25501025.511   102682062.1751      -2384.044          15.000  
G16  18911037.629    99378155.1490       2663.724          36.000                                                                  
S31  35222674.812   185096401.1640       -500.625          35.000  
S33  35922504.944   188774032.7310       -501.161          46.000  
E12  25127944.558   132048239.2361       -649.463          24.000                                                                  
R15  16755413.646    89535865.5930        290.492          35.000    16755418.392    69639028.8750        226.082          37.000  
E30  23863334.955   125402678.7790      -2192.240          26.000    23863338.437    96087774.5641      -1678.578          25.000  
E33  24288199.324   127635310.2740      -2620.493          38.000    24288205.172    97798482.6520      -2007.982          37.000  
G26  17740183.556    93225245.1790        328.891          29.000                                                                  
G32  20319816.456   106781311.8840      -2621.438          29.000                                                                  
G28  19875324.641   104445534.9621      -2761.323          21.000    19875353.940    81386250.9811      -2156.259          19.000  
E19  22878825.441   120229001.4040       1377.948          27.000                                                                  
E21  23596038.393   123998017.8731       2375.087          24.000    23596031.851    95011448.8170       1821.580          27.000  
G04  21182816.629   111316387.6860       2326.512          27.000                                                                  
E07  22686640.043   119219163.9810      -1710.498          29.000    22686652.596    91349748.1471      -1307.962          23.000  
E27                                                                  21771495.631    87664785.7880        231.626          26.000  
> 2026  7 21  0  9 10.9920000  0 30                           
E29  21304303.782   111954906.1990        118.887          32.000    21304302.184    85783607.3110         91.029          33.000  
S35  35657230.178   187380006.3810       -504.084          44.000  
G03  18454292.515    96977967.6300        332.275          46.000    18454294.326    75567226.6710        259.119          38.000  
G31  18066937.500    94942396.4301      -1806.193          21.000                                                                  
G01  22098798.179   116129882.7220      -2802.367          33.000    22098804.243    90490909.1631      -2177.637          23.000  
C37  21296011.806   110893958.5160       1861.877          38.000                                                                  
C23  19195528.776    99956147.0210       -780.505          28.000                                                                  
C32  19672573.675   102440318.8050        706.516          37.000                                                                  
C41  20497413.798   106735483.5190      -2363.697          30.000                                                                  
C25  21061031.110   109670315.6721      -3040.066          23.000                                                                  
R16  19978250.956   106720140.0320       3306.279          30.000    19978240.016    83004578.1511       2577.804          21.000  
R05  17826885.532    95294911.3140       2085.699          45.000    17826886.971    74118267.5120       1621.967          39.000  
R14  18146239.898    96729682.3490      -3494.073          32.000    18146242.873    75234199.3161      -2718.780          27.000  
R03  20321661.213   108783363.3420      -3733.003          29.000                                                                  
R04  17198454.833    92096943.7231      -1151.625          20.000    17198466.745    71631005.6501       -901.142          16.000  
E26  25506950.134   134039927.4931      -3115.293          20.000    25506952.526   102705927.4881      -2367.340          11.000  
G16  18905974.436    99351544.0870       2658.440          35.000                                                                  
S31  35223627.903   185101407.7480       -501.828          35.000  
S33  35923459.421   188779049.1290       -502.140          46.000  
R15  16754878.054    89533001.1040        282.125          35.000    16754882.498    69636800.9620        219.372          37.000  
E30  23867509.678   125424626.2130      -2198.309          25.000    23867516.489    96104598.2831      -1682.454          24.000  
E33  24293189.050   127661530.5830      -2623.636          37.000    24293195.422    97818573.4980      -2010.217          37.000  
G26  17739564.675    93221996.6010        321.282          31.000                                                                  
G32  20324809.654   106807547.9850      -2625.331          31.000                                                                  
G28  19880601.373   104473265.1311      -2762.061          25.000    19880611.246    81407778.7471      -2151.681          22.000  
E19  22876199.914   120215224.8900       1377.624          25.000    22876211.177    92113022.7991       1054.078          14.000  
E21  23591517.608   123974261.0761       2375.100          25.000    23591508.174    94993240.8110       1819.563          27.000  
G04  21178391.517   111293127.1850       2324.836          27.000                                                                  
E07  22689900.439   119236283.5800      -1712.343          30.000    22689911.600    91362871.6991      -1318.387          22.000  
E27                                                                  21770924.641    87662491.8340        226.925          25.000  
> 2026  7 21  0  9 20.9920000  0 30                           
E29  21304073.808   111953719.9260        117.769          31.000    21304076.481    85782698.3320         90.435          34.000  
S35  35658189.123   187385046.3620       -503.553          44.000  
G03  18453666.790    96974678.2700        325.385          46.000    18453668.578    75564663.5360        253.760          38.000  
G31  18070390.242    94960541.2621      -1799.770          16.000                                                                  
G01  22104131.167   116157908.1210      -2803.263          32.000    22104135.088    90512737.6981      -2182.935          25.000  
C37  21292439.147   110875354.5510       1858.795          39.000                                                                  
C23  19197032.463    99963976.1870       -785.330          27.000                                                                  
C32  19671219.979   102433270.5130        702.565          37.000                                                                  
C41  20501956.399   106759138.3310      -2367.634          31.000                                                                  
C25  21066888.504   109700816.5191      -3044.084          25.000                                                                  
R16  19972065.917   106687093.5440       3303.196          30.000    19972050.958    82978863.9861       2570.959          24.000  
R05  17822986.833    95274071.8830       2082.293          45.000    17822988.320    74102059.0470       1619.502          39.000  
R14  18152800.055    96764645.2110      -3498.494          30.000                                                                  
R03  20328630.909   108820714.7840      -3737.020          25.000                                                                  
R04  17200622.043    92108549.1191      -1165.282          22.000    17200621.874    71639981.9651       -894.673          20.000  
E26  25512884.905   134071114.4911      -3116.619          19.000                                                                  
G16  18900919.949    99324980.4200       2653.875          33.000                                                                  
S31  35224581.572   185106418.6650       -500.489          35.000  
S33  35924414.624   188784069.8800       -502.327          45.000  
E27  21770381.170   114404125.1551        286.305          24.000    21770364.432    87660235.5271        225.045          25.000  
R15  16754357.526    89530220.3180        274.438          34.000    16754361.542    69634638.1340        213.720          36.000  
E30  23871689.253   125446615.1140      -2200.807          25.000    23871701.114    96121448.0361      -1684.632          24.000  
E33  24298183.834   127687776.9660      -2625.895          36.000    24298190.115    97838684.3320      -2011.972          38.000  
G26  17738958.131    93218820.5730        314.415          30.000                                                                  
G32  20329809.519   106833817.1530      -2628.021          32.000                                                                  
G28  19885899.424   104501025.5030      -2764.493          27.000    19885881.594    81429360.3231      -2157.917          22.000  
E19  22873573.061   120201437.6631       1376.816          24.000                                                                  
E21  23586996.402   123950501.9411       2373.169          24.000    23586989.129    94975048.3470       1818.450          28.000  
G04  21173971.539   111269945.1520       2325.863          28.000                                                                  
E07  22693160.546   119253422.1730      -1714.325          31.000    22693173.596    91376005.7781      -1322.635          22.000  
> 2026  7 21  0  9 30.9920000  0 31                           
E29  21303847.464   111952549.7870        116.038          30.000    21303854.009    85781801.7480         88.823          34.000  
S35  35659149.118   187390090.8220       -504.658          44.000  
G03  18453054.939    96971462.3950        317.926          46.000    18453056.529    75562157.6390        248.334          37.000  
G31  18073837.611    94978657.4281      -1821.002          14.000                                                                  
G01  22109465.981   116185947.7510      -2804.419          32.000    22109469.380    90534580.8881      -2184.746          26.000  
C37  21288873.854   110856786.5200       1855.310          39.000                                                                  
C23  19198545.755    99971853.2080       -789.694          27.000                                                                  
C32  19669874.692   102426266.4880        698.602          37.000                                                                  
C41  20506507.196   106782836.9350      -2371.319          32.000                                                                  
C25  21072749.412   109731335.5431      -3048.098          26.000                                                                  
R16  19965888.243   106654087.2060       3298.771          30.000    19965871.637    82953191.7580       2565.730          27.000  
R05  17819095.531    95253270.1240       2078.308          44.000    17819096.865    74085879.8970       1616.380          38.000  
R14  18159369.324    96799657.8100      -3503.787          28.000                                                                  
R03  20335599.576   108858056.3351      -3749.432          21.000                                                                  
R04  17202805.832    92120243.9581      -1164.179          22.000    17202788.857    71649007.2701       -907.662          24.000  
E26  25518811.660   134102260.1611      -3112.411          17.000                                                                  
G16  18895874.805    99298464.4170       2649.076          34.000                                                                  
S31  35225536.136   185111435.2760       -501.119          35.000  
S33  35925371.010   188789095.8500       -502.567          46.000  
E27  21769834.065   114401250.0151        287.087          26.000    21769813.339    87658016.9671        220.303          24.000  
R15  16753852.987    89527523.6400        265.238          34.000    16753856.007    69632540.6880        206.538          36.000  
E30  23875882.627   125468609.6301      -2205.505          23.000    23875894.780    96138333.5611      -1689.523          23.000  
E33  24303182.903   127714049.4790      -2628.115          35.000    24303189.640    97858815.2150      -2013.940          38.000  
G26  17738362.485    93215724.2820        307.811          30.000                                                                  
G32  20334815.974   106860119.5530      -2631.974          33.000                                                                  
G28  19891168.800   104528684.0610      -2766.850          25.000    19891151.021    81450937.7231      -2156.740          18.000  
E19  22870958.055   120187695.0711       1376.722          25.000                                                                  
E21  23582480.859   123926772.7181       2371.795          24.000    23582475.640    94956871.5810       1817.210          28.000  
G04  21169537.255   111246691.8180       2325.747          28.000                                                                  
E07  22696426.715   119270579.8870      -1716.056          30.000    22696439.390    91389156.1871      -1320.630          21.000  
E12                                                                  25131687.359   101194890.8531       -506.785          14.000  
> 2026  7 21  0  9 40.9920000  0 29                           
E29  21303628.201   111951395.2540        115.157          30.000    21303634.621    85780917.1530         88.087          34.000  
S35  35660110.067   187395140.9400       -505.530          44.000  
G03  18452456.989    96968319.5890        310.193          46.000    18452458.484    75559708.7220        241.431          36.000  
G31  18077292.583    94996813.5541      -1813.474          18.000                                                                  
G01  22114803.687   116214001.1730      -2806.970          33.000    22114811.988    90556443.9900      -2186.361          27.000  
C37  21285316.395   110838254.0300       1851.016          40.000                                                                  
C23  19200077.462    99979841.2711       -792.923          21.000                                                                  
C32  19668537.700   102419306.4060        693.006          37.000                                                                  
C41  20511066.826   106806578.9500      -2377.119          32.000                                                                  
C25  21078610.563   109761856.2461      -3049.406          26.000                                                                  
R16  19959718.109   106621120.8790       3294.137          28.000    19959704.824    82927551.3280       2562.358          29.000  
R05  17815210.958    95232505.7070       2074.080          43.000    17815211.955    74069729.7890       1612.929          38.000  
R14  18165946.879    96834719.7220      -3509.101          27.000    18165954.725    75315925.1041      -2729.372          24.000  
R03  20342588.948   108895471.2651      -3749.558          23.000                                                                  
R04  17204995.000    92131966.2941      -1174.027          21.000    17204978.830    71658128.6411       -912.754          26.000  
G16  18890838.572    99271995.9200       2644.192          34.000                                                                  
S31  35226491.375   185116456.7300       -503.004          35.000  
S33  35926328.428   188794126.9650       -503.575          45.000  
E27  21769283.505   114398397.7510        281.306          29.000    21769271.194    87655833.7411        214.826          23.000  
R15  16753363.607    89524910.4780        255.868          33.000    16753366.487    69630508.2080        199.481          36.000  
E30  23880079.795   125490666.0411      -2208.248          22.000    23880096.213    96155251.8641      -1692.246          24.000  
E33  24308187.202   127740347.7460      -2631.780          34.000    24308193.782    97878965.7900      -2016.579          38.000  
G26  17737785.216    93212693.4030        298.919          32.000                                                                  
G32  20339828.023   106886454.7010      -2635.543          33.000                                                                  
G28  19896437.502   104556484.6071      -2762.956          18.000    19896413.236    81472485.6611      -2145.448          11.000  
E19  22868340.617   120173940.4681       1376.578          27.000                                                                  
E21  23577962.941   123903030.6761       2368.984          23.000    23577963.521    94938710.3480       1814.902          28.000  
G04  21165108.310   111223442.0750       2323.857          30.000                                                                  
E07  22699693.397   119287756.3800      -1718.976          30.000    22699705.757    91402307.7681      -1331.454          21.000  
> 2026  7 21  0  9 50.9920000  0 29                           
E29  21303413.090   111950263.4580        111.003          30.000    21303419.541    85780049.9040         85.281          34.000  
S35  35661073.280   187400201.9630       -507.233          44.000  
G03  18451874.164    96965256.7460        301.880          46.000    18451875.364    75557322.0930        235.223          36.000  
G31  18080735.966    95014908.7971      -1822.859          23.000                                                                  
G01  22120146.188   116242075.0220      -2808.231          34.000    22120155.734    90578319.7550      -2188.929          28.000  
C37  21281766.364   110819763.9040       1846.275          39.000                                                                  
C23  19201595.239    99987744.8291       -794.360          21.000                                                                  
C32  19667210.414   102412397.0450        687.931          37.000                                                                  
C41  20515634.436   106830371.0150      -2381.908          31.000                                                                  
C25  21084464.619   109792339.7371      -3052.761          26.000                                                                  
R16  19953556.231   106588315.1721       3290.762          22.000    19953545.537    82901947.3980       2558.233          31.000  
R05  17811334.426    95211785.8070       2069.155          43.000    17811335.278    74053614.3040       1609.118          37.000  
R14  18172534.896    96869837.6400      -3514.553          25.000    18172543.629    75343242.5351      -2733.661          24.000  
R03  20349612.775   108933070.2311      -3751.336          24.000                                                                  
R04  17207189.917    92143720.1941      -1181.018          20.000    17207179.870    71667291.1190       -919.093          26.000  
G16  18885812.508    99245581.8930       2637.728          32.000                                                                  
S31  35227449.359   185121489.4260       -504.605          35.000  
S33  35927288.069   188799169.2040       -505.454          45.000  
E27  21768749.566   114395612.0460        275.457          31.000                                                                  
R15  16752891.032    89522387.8180        247.122          32.000    16752894.649    69628546.1740        192.272          36.000  
E30  23884290.424   125512793.2891      -2215.361          21.000    23884304.857    96172197.9121      -1698.477          23.000  
E33  24313197.512   127766678.3840      -2635.123          33.000    24313203.998    97899141.1810      -2018.832          38.000  
G26  17737225.435    93209741.6560        291.354          33.000                                                                  
G32  20344847.287   106912829.4640      -2639.539          33.000                                                                  
G28  19901732.523   104584309.5771      -2807.323           9.000                                                                  
E19  22865721.784   120160186.1100       1374.504          27.000                                                                  
E21  23573446.946   123879299.7311       2359.211          22.000    23573459.445    94920569.8660       1812.282          28.000  
G04  21160685.921   111200202.5380       2323.739          31.000    21160689.128    86649483.7211       1810.961          25.000  
E07  22702962.306   119304958.4500      -1722.200          29.000    22702981.133    91415496.4431      -1317.930          21.000  
> 2026  7 21  0 10  0.9920000  0 28                           
E29  21303201.970   111949158.0450        109.233          29.000    21303208.991    85779202.9260         83.474          34.000  
S35  35662039.468   187405279.1140       -508.293          44.000  
G03  18451307.059    96962277.8370        294.049          46.000    18451308.356    75555000.8720        228.693          36.000  
G31  18084220.208    95033218.0161      -1816.111          20.000                                                                  
G01  22125493.889   116270173.1840      -2810.439          36.000    22125504.195    90600214.3730      -2190.566          29.000  
C37  21278225.312   110801319.9960       1842.666          39.000                                                                  
C23  19203160.989    99995861.1970       -806.531          28.000                                                                  
C32  19665893.797   102405542.3750        682.900          38.000                                                                  
C41  20520211.549   106854217.1250      -2386.994          28.000                                                                  
C25  21090319.962   109822829.8791      -3056.097          26.000                                                                  
R16  19947406.576   106555464.7171       3279.851          12.000    19947393.125    82876383.0970       2554.281          32.000  
R05  17807467.422    95191114.3740       2064.769          43.000    17807467.981    74037536.4970       1606.165          36.000  
R14  18179136.728    96905015.6430      -3520.532          28.000    18179141.791    75370598.6301      -2738.042          23.000  
R03  20356623.889   108970600.8381      -3756.627          22.000                                                                  
R04  17209402.901    92155570.9471      -1184.932          23.000    17209396.004    71676525.8121       -925.960          23.000  
G16  18880796.641    99219226.0940       2633.029          30.000                                                                  
S31  35228409.897   185126538.0120       -505.071          35.000  
S33  35928250.539   188804227.3490       -506.234          46.000  
E27  21768234.701   114392887.3800        269.146          32.000                                                                  
R15  16752436.327    89519959.6700        238.226          33.000    16752440.624    69626657.6470        185.114          35.000  
E30  23888515.984   125534998.3321      -2223.018          21.000    23888524.470    96189188.5221      -1705.635          22.000  
E33  24318214.829   127793045.3080      -2638.571          33.000    24318221.438    97919344.3600      -2021.482          37.000  
G26  17736680.781    93206873.1350        282.963          34.000                                                                  
G32  20349874.609   106939247.7910      -2643.711          32.000                                                                  
E19  22863106.772   120146438.4550       1374.558          27.000                                                                  
E21  23568937.144   123855600.6271       2356.576          19.000    23568959.778    94902453.1760       1810.420          28.000  
G04  21156266.779   111176977.2800       2322.047          31.000    21156271.043    86631393.2011       1809.094          26.000  
E07  22706242.849   119322190.0790      -1724.383          27.000    22706257.428    91428689.5201      -1325.238          20.000  
> 2026  7 21  0 10 10.9920000  0 29                           
E29  21302996.990   111948069.3020        108.139          30.000    21303002.063    85778368.6910         82.745          34.000  
S35  35663006.695   187410362.0760       -508.083          44.000  
G03  18450754.527    96959372.9620        287.067          46.000    18450755.354    75552737.3260        223.663          36.000  
G31  18087691.948    95051461.8631      -1820.479          20.000                                                                  
G01  22130844.279   116298285.5820      -2811.743          37.000    22130856.473    90622120.0440      -2190.879          29.000  
C37  21274690.242   110782912.6080       1839.383          39.000                                                                  
C23  19204698.984   100003945.4190       -810.743          27.000                                                                  
C32  19664585.680   102398732.6240        679.005          39.000                                                                  
C41  20524796.868   106878107.3190      -2390.874          27.000                                                                  
C25  21096181.219   109853350.7281      -3056.952          26.000                                                                  
R16  19941249.335   106522573.6880       3281.015          27.000    19941248.905    82850850.6150       2552.019          32.000  
R05  17803607.429    95170481.6050       2061.756          43.000    17803607.958    74021488.7850       1603.658          36.000  
R14  18185747.880    96940243.2920      -3524.973          29.000    18185749.371    75397992.8601      -2743.185          26.000  
R03  20363635.740   109008136.4851      -3759.643          25.000                                                                  
R04  17211617.543    92167430.0191      -1202.282          21.000    17211613.711    71685762.8961       -928.221          20.000  
E26  25542515.750   134226826.0861      -3111.507          18.000                                                                  
G16  18875788.698    99192918.9740       2628.510          25.000                                                                  
S31  35229371.359   185131591.5590       -505.104          35.000  
S33  35929214.080   188809290.9100       -506.301          45.000  
E27  21767725.296   114390213.7140        264.948          32.000                                                                  
R15  16751998.217    89517615.9350        230.685          33.000    16752001.710    69624834.7190        179.495          34.000  
E30  23892750.643   125557251.8951      -2224.403          21.000    23892753.953    96206219.0051      -1701.924          22.000  
E33  24323238.323   127819438.4850      -2640.177          34.000    24323243.520    97939567.7030      -2023.378          37.000  
G26  17736150.690    93204077.8280        276.027          34.000                                                                  
G32  20354909.277   106965699.6810      -2646.131          32.000                                                                  
E19  22860491.181   120132693.7690       1374.343          27.000                                                                  
G04  21151847.060   111153756.3300       2322.415          31.000    21151848.020    86613280.9551       1809.455          26.000  
E07  22709525.962   119339441.4410      -1726.975          26.000    22709541.093    91441911.3241      -1322.171          20.000  
E21                                                                  23564463.975    94884352.6710       1809.501          27.000  
