     3.05           O: OBSERVATION      M: MIXED            RINEX VERSION / TYPE
PYRINEXCONV 0.1.2 ALDELTUNES            20260721 032052 UTC PGM / RUN BY / DATE
UNKN                                                        MARKER NAME
NONE                                                        MARKER TYPE
                                                            OBSERVER / AGENCY
                                                            REC # / TYPE / VERS
                                                            ANT # / TYPE
   112623.2825 -5325482.4656  3496555.0700                  APPROX POSITION XYZ
        0.0000        0.0000        0.0000                  ANTENNA: DELTA H/E/N
E    8 C1C L1C D1C S1C C7Q L7Q D7Q S7Q                      SYS / # / OBS TYPES
S    4 C1C L1C D1C S1C                                      SYS / # / OBS TYPES
G    8 C1C L1C D1C S1C C2L L2L D2L S2L                      SYS / # / OBS TYPES
C    8 C2I L2I D2I S2I C7I L7I D7I S7I                      SYS / # / OBS TYPES
R    8 C1C L1C D1C S1C C2C L2C D2C S2C                      SYS / # / OBS TYPES
DBHZ                                                        SIGNAL STRENGTH UNIT
    10.000                                                  INTERVAL
  2026     7    21     3    11   10.9950000     GPS         TIME OF FIRST OBS
  2026     7    21     3    21    0.9950000     GPS         TIME OF LAST OBS
  8 R05  1 R06 -4 R07  5 R09 -2 R15  0 R16 -1 R17  4 R18 -3 GLONASS SLOT / FRQ
 C1C    0.000 C1P    0.000 C2C    0.000 C2P    0.000        GLONASS COD/PHS/BIS
    18        2428     2GPS                                 LEAPSECONDS
    37                                                      # OF SATELLITES
                                                            END OF HEADER
> 2026  7 21  3 11 10.9950000  0 32                           
E29  23426563.619   123107422.6211      -2643.212          26.000    23426554.116    94329025.0421      -2016.756          18.000  
S35  36620215.209   192440546.6460       -505.972          44.000  
G07  21503291.557   113000571.5810       1559.361          37.000    21503292.120    88052388.3050       1215.306          29.000  
G08  19413719.038   102019854.6560       1959.244          26.000                                                                  
C37  20851341.868   108578408.3531      -1133.100          23.000                                                                  
C23  23562918.600   122698300.4350      -2617.943          26.000                                                                  
C32  23428063.700   121996183.9240      -3793.282          25.000                                                                  
C20  21323946.613   111039436.4450      -1537.768          48.000                                                                  
C38  23986332.168   124903123.0600      -1058.590          27.000                                                                  
R16  18689880.385    99837958.7440      -1734.174          27.000    18689875.701    77651725.9540      -1349.038          32.000  
R05  20530958.170   109749692.7740      -4800.272          27.000                                                                  
R15  21671493.034   115805874.5060      -3334.090          27.000    21671450.256    90071068.2351      -2597.351          19.000  
R09  19749923.730   105463416.0580       1068.559          44.000    19749923.656    82027176.1480        831.088          41.000  
R06  18068168.688    96415250.7200      -1967.599          48.000    18068169.080    74989611.4680      -1530.540          43.000  
G26  22717731.642   119382485.2131      -3689.587          21.000                                                                  
S31  36179374.630   190123899.4520       -502.303          35.000  
S33  36881928.118   193815854.1180       -503.848          44.000  
G31  23497570.295   123480564.7711      -3154.549          24.000                                                                  
C12  21296899.195   110898594.0560       -352.998          43.000                                                                  
C13  23509617.040   122420744.7190        216.491          26.000                                                                  
C28  22794009.055   118694326.5170       1407.131          27.000                                                                  
C19  23076105.156   120163334.8751       1149.384          24.000                                                                  
R07  20136856.298   107794293.4430       2599.885          39.000    20136855.191    83839885.8070       2022.442          32.000  
R18  21359015.568   114015818.3880       2355.694          27.000                                                                  
E04  24670198.551   129642731.3170       1961.953          37.000    24670202.686    99336691.5890       1503.216          34.000  
G04  18734207.856    98448884.1080      -1454.483          26.000    18734209.247    76713413.3280      -1133.142          27.000  
E21  22096359.906   116117117.1100      -1264.714          28.000    22096349.682    88972839.9970       -969.301          29.000  
E28  22811859.466   119877092.3680       1145.445          30.000    22811862.488    91853907.9250        878.335          35.000  
E19  20797051.617   109289220.8640       -294.276          28.000    20797050.227    83741104.9460       -224.703          31.000  
G09  19026807.760    99986659.5630        733.496          48.000    19026807.348    77911605.4600        571.628          35.000  
E23  23168171.184   121749533.3680       1141.002          37.000    23168175.622    93288669.1490        874.075          37.000  
E27                                                                  25398412.302   102268881.3221      -2272.955          23.000  
> 2026  7 21  3 11 20.9950000  0 33                           
E29  23431614.060   123133962.1931      -2648.824          26.000    23431591.941    94349310.5481      -2046.189          17.000  
S35  36621179.072   192445611.1870       -507.247          44.000  
G07  21500326.036   112984983.1080       1558.163          35.000    21500324.336    88040241.3860       1214.582          29.000  
G08  19409994.294   102000292.9780       1952.913          26.000                                                                  
C37  20853510.164   108589699.1001      -1129.810          25.000                                                                  
C23  23567949.137   122724481.6170      -2618.896          26.000                                                                  
C32  23435351.227   122034129.6210      -3795.738          25.000                                                                  
C20  21326905.979   111054844.9640      -1544.205          48.000                                                                  
C38  23988369.488   124913757.0030      -1065.020          26.000                                                                  
R16  18693124.328    99855312.8430      -1737.526          28.000    18693127.038    77665226.9210      -1351.560          32.000  
R05  20539939.920   109797712.8410      -4804.419          26.000                                                                  
R17  21439462.531   114726894.0801        -34.003          19.000                                                                  
R15  21677732.657   115839217.8740      -3334.575          27.000    21677692.872    90097013.5641      -2600.001          20.000  
R09  19747926.031   105452749.2660       1064.703          44.000    19747926.672    82018879.7690        828.020          41.000  
R06  18071865.270    96434975.4660      -1977.468          47.000    18071865.697    75004952.9170      -1538.121          44.000  
G26  22724766.651   119419454.4631      -3693.080          25.000                                                                  
S31  36180331.209   190128926.7110       -503.520          35.000  
S33  36882887.653   193820896.9640       -504.583          44.000  
G31  23503580.887   123512150.2301      -3158.144          21.000                                                                  
C12  21297583.082   110902156.4260       -359.839          44.000                                                                  
C13  23509211.082   122418606.7950        211.028          26.000                                                                  
C28  22791308.174   118680271.2130       1403.241          25.000                                                                  
C19  23073896.985   120151835.7221       1138.909          13.000                                                                  
R07  20132006.247   107768329.0840       2593.002          39.000    20132005.056    83819691.3630       2016.369          32.000  
R18  21354607.618   113992287.0670       2350.604          28.000                                                                  
E04  24666467.868   129623126.1170       1959.307          37.000    24666471.692    99321669.4290       1501.368          34.000  
G04  18736979.805    98463492.9341      -1459.251          17.000    18736980.624    76724774.0250      -1138.953          28.000  
E21  22098758.571   116129784.1380      -1268.855          26.000    22098759.427    88982545.8870       -972.559          28.000  
E28  22809686.976   119865651.2260       1142.025          33.000    22809685.054    91845141.3730        874.692          36.000  
E19  20797615.101   109292185.3520       -299.333          27.000    20797614.413    83743376.4790       -229.479          32.000  
G09  19025418.715    99979360.9860        726.159          48.000    19025418.744    77905918.2650        565.869          35.000  
E23  23166005.083   121738143.2010       1137.018          37.000    23166008.421    93279941.6140        871.086          38.000  
E27                                                                  25404084.262   102291719.7441      -2285.023          24.000  
> 2026  7 21  3 11 30.9950000  0 33                           
E29  23436655.951   123160451.5330      -2651.263          27.000    23436632.932    94369608.3691      -2018.664          20.000  
S35  36622141.737   192450671.6080       -506.096          44.000  
G07  21497355.892   112969389.1970       1558.766          33.000    21497356.513    88028090.3830       1215.033          30.000  
G16  20048727.945   105356757.6560      -3335.783          28.000                                                                  
G08  19406280.197   101980778.7930       1948.607          26.000                                                                  
C37  20855683.842   108601018.0531      -1130.435          22.000                                                                  
C23  23572981.048   122750690.8630      -2617.821          27.000                                                                  
C32  23442646.840   122072013.0061      -3792.329          22.000                                                                  
C20  21329874.455   111070302.6170      -1548.603          48.000                                                                  
C38  23990414.369   124924425.5010      -1070.168          26.000                                                                  
R16  18696369.189    99872690.0590      -1738.764          31.000    18696380.301    77678740.1550      -1351.934          30.000  
R05  20548924.192   109845776.0941      -4809.234          23.000                                                                  
R17  21439537.459   114727295.4801        -44.820          19.000                                                                  
R15  21683960.569   115872548.0590      -3332.058          24.000    21683937.060    90122965.9371      -2586.556          20.000  
R09  19745932.395   105442103.8570       1063.058          44.000    19745933.143    82010600.0390        826.693          42.000  
R06  18075577.075    96454782.3230      -1985.283          47.000    18075578.033    75020358.2470      -1544.136          44.000  
G26  22731789.621   119456360.6881      -3691.759          26.000                                                                  
S31  36181286.602   190133949.0670       -502.102          34.000  
S33  36883846.449   193825935.2190       -504.112          44.000  
G31  23509578.774   123543670.1550      -3159.562          27.000                                                                  
C12  21298277.243   110905770.4290       -364.507          44.000                                                                  
C13  23508806.862   122416510.7300        206.584          27.000                                                                  
C28  22788606.102   118666251.8811       1410.502          20.000                                                                  
R07  20127166.222   107742419.3580       2587.980          39.000    20127164.648    83799539.3360       2012.616          33.000  
R18  21350205.707   113968787.8140       2347.781          29.000    21350157.259    88642235.8641       1828.125          19.000  
E04  24662738.484   129603529.6400       1958.544          37.000    24662742.563    99306653.9390       1500.897          34.000  
E21  22101170.761   116142474.4260      -1271.460          25.000    22101174.199    88992269.6320       -973.413          26.000  
E28  22807514.974   119854232.5180       1140.414          35.000    22807512.611    91836391.9410        873.902          36.000  
E19  20798183.831   109295184.1830       -302.529          27.000    20798185.090    83745674.2400       -231.163          32.000  
G09  19024040.692    99972118.7160        720.971          48.000    19024040.376    77900274.9740        561.329          35.000  
E23  23163843.135   121726776.2630       1135.132          36.000    23163845.523    93271231.8440        870.011          38.000  
E27                                                                  25409753.548   102314547.4171      -2283.651          23.000  
G04                                                                  18739765.177    76736180.6140      -1143.702          27.000  
> 2026  7 21  3 11 40.9950000  0 31                           
E29  23441698.414   123186985.6510      -2655.730          27.000    23441686.039    94389955.4801      -2022.369          20.000  
S35  36623107.235   192455745.1330       -508.630          44.000  
G07  21494390.567   112953809.0130       1556.908          34.000    21494391.762    88015949.9380       1213.647          31.000  
G16  20055070.318   105390137.7630      -3340.352          28.000                                                                  
G08  19402556.204   101961120.9361       1940.886          21.000                                                                  
C37  20857842.894   108612261.3801      -1136.091          18.000                                                                  
C32  23449945.456   122110019.5251      -3795.438          18.000                                                                  
C20  21332855.802   111085828.1590      -1556.253          48.000                                                                  
C38  23992485.683   124935157.0000      -1076.891          27.000                                                                  
R16  18699629.676    99890099.1600      -1742.324          34.000    18699639.138    77692280.5880      -1355.291          28.000  
R05  20557916.939   109893847.4021      -4816.452          20.000                                                                  
R17  21439639.700   114727841.9321        -53.712          20.000                                                                  
R15  21690179.251   115905741.4091      -3329.960          20.000    21690178.989    90148908.2131      -2592.716          18.000  
R09  19743946.534   105431499.0420       1058.165          43.000    19743947.372    82002351.8710        822.942          42.000  
R06  18079307.698    96474690.5230      -1996.276          47.000    18079308.855    75035842.3880      -1552.689          43.000  
G26  22738810.428   119493255.1461      -3692.839          26.000                                                                  
S31  36182245.095   190138985.0150       -504.346          35.000  
S33  36884807.884   193830987.0460       -506.161          44.000  
G31  23515587.525   123575245.8721      -3161.922          25.000                                                                  
C12  21298984.646   110909454.8790       -372.256          44.000    20998821.276    84553551.3061       -284.642          11.000  
C13  23508410.895   122414474.5820        200.495          28.000                                                                  
R07  20122339.845   107716583.4150       2579.646          38.000    20122338.383    83779444.7190       2006.386          33.000  
R18  21345812.255   113945339.9900       2341.960          29.000    21345778.020    88624053.8511       1824.076          20.000  
E04  24659014.283   129583960.8110       1955.039          37.000    24659018.625    99291659.6430       1498.379          34.000  
G04  18742572.152    98492862.5650      -1475.670          28.000    18742557.356    76747647.7030      -1149.596          25.000  
E21  22103604.655   116155206.7910      -1275.476          26.000    22103603.800    89002052.8561       -976.909          26.000  
E28  22805346.082   119842855.2190       1134.947          36.000    22805347.238    91827674.2900        869.892          37.000  
E19  20798763.817   109298241.1610       -308.150          27.000    20798765.665    83748012.8060       -235.693          32.000  
G09  19022676.920    99964951.7480        712.620          48.000    19022676.394    77894690.3130        555.247          35.000  
E23  23161688.036   121715451.4400       1130.185          36.000    23161690.566    93262554.4050        866.054          38.000  
E27                                                                  25415427.717   102337395.0531      -2279.374          22.000  
> 2026  7 21  3 11 50.9950000  0 32                           
E29  23446743.843   123213569.2940      -2660.263          27.000    23446744.180    94410322.3011      -2039.764          21.000  
S35  36624077.049   192460840.4140       -510.420          44.000  
G07  21491430.020   112938249.2960       1554.822          33.000    21491431.712    88003825.4700       1212.685          32.000  
G16  20061426.477   105423560.8690      -3343.810          28.000                                                                  
G08  19398862.242   101941708.6361       1935.770          21.000                                                                  
C37  20860072.304   108623869.9061      -1136.771          26.000                                                                  
C32  23457255.331   122148083.7891      -3815.282          13.000                                                                  
C20  21335851.703   111101428.2670      -1563.546          49.000                                                                  
C38  23994559.908   124945958.4530      -1083.295          28.000                                                                  
R16  18702898.289    99907550.0930      -1747.194          34.000    18702906.187    77705853.5350      -1359.112          27.000  
R05  20566920.794   109941977.8401      -4805.666          11.000                                                                  
R17  21439749.092   114728428.0901        -57.726          14.000                                                                  
R15  21696430.287   115939144.9341      -3336.585          27.000    21696423.464    90174861.6411      -2591.852          16.000  
R09  19741969.560   105420941.8970       1053.738          43.000    19741970.449    81994140.8010        819.362          43.000  
R06  18083058.855    96494706.8540      -2006.902          47.000    18083059.858    75051410.6580      -1560.975          43.000  
G26  22745833.111   119530159.6411      -3695.033          26.000                                                                  
S31  36183207.588   190144042.5990       -507.037          35.000  
S33  36885773.110   193836059.0070       -508.273          44.000  
G31  23521601.720   123606850.9691      -3165.431          26.000                                                                  
C12  21299707.253   110913216.5040       -379.709          45.000                                                                  
C13  23508026.730   122412505.2970        194.086          29.000                                                                  
C19  23067372.268   120117852.0110       1125.109          25.000                                                                  
R07  20117528.474   107690829.0580       2571.747          37.000    20117527.341    83759413.5800       2000.205          32.000  
R18  21341429.905   113921950.7360       2335.921          27.000    21341397.789    88605867.6371       1821.859          18.000  
E04  24655296.878   129564426.5960       1951.923          36.000    24655301.239    99276691.8870       1495.947          34.000  
G04  18745394.165    98507662.9920      -1484.070          29.000    18745365.573    76759137.7221      -1156.295          24.000  
E21  22106032.086   116167988.2450      -1280.791          27.000    22106039.655    89011859.4120       -981.268          26.000  
E28  22803188.818   119831526.2020       1130.387          36.000    22803191.652    91818993.5950        866.267          38.000  
E19  20799356.137   109301354.1841       -313.762          26.000    20799357.483    83750397.3790       -240.413          32.000  
G09  19021328.866    99957866.9890        704.436          49.000    19021328.388    77889169.7320        548.709          35.000  
E23  23159541.392   121704175.6280       1125.482          36.000    23159544.972    93253914.5080        862.410          38.000  
E27                                                                  25421105.594   102360257.5311      -2293.945          20.000  
> 2026  7 21  3 12  0.9950000  0 30                           
E29  23451811.141   123240193.7690      -2664.017          28.000    23451812.845    94430731.6241      -2046.453          21.000  
S35  36625048.727   192465946.9100       -511.003          44.000  
G07  21488469.530   112922701.2720       1553.603          31.000    21488474.148    87991710.2520       1211.289          33.000  
G16  20067794.820   105457018.4170      -3347.875          28.000                                                                  
G08  19395202.659   101922477.5751       1927.062          26.000                                                                  
C37  20862248.750   108635270.0300      -1140.834          26.000                                                                  
C20  21338859.927   111117094.2700      -1569.751          49.000                                                                  
C38  23996643.838   124956821.2120      -1088.969          28.000                                                                  
R16  18706172.382    99925033.7520      -1750.307          35.000    18706178.667    77719481.9811      -1360.274          24.000  
R15  21702693.082   115972518.2730      -3335.603          28.000    21702671.422    90200829.3971      -2600.840          16.000  
R09  19739999.854   105410423.6010       1049.958          43.000    19740000.875    81985959.9370        816.787          43.000  
R06  18086828.679    96514822.3860      -2016.411          46.000    18086829.441    75067056.0820      -1568.397          43.000  
G26  22752857.092   119567070.4181      -3695.594          26.000                                                                  
S31  36184171.936   190149111.3800       -507.447          34.000  
S33  36886740.701   193841144.4380       -509.243          44.000  
G31  23527627.005   123638513.9201      -3167.229          25.000                                                                  
C12  21300443.089   110917046.6750       -386.321          45.000                                                                  
C13  23507657.280   122410594.3520        188.173          29.000                                                                  
C19  23065209.064   120106595.7501       1119.551          26.000                                                                  
R07  20112730.500   107665147.0280       2564.698          37.000    20112729.755    83739438.6740       1995.448          32.000  
R18  21337056.729   113898611.3240       2330.979          25.000    21337029.802    88587732.5701       1812.969          18.000  
E04  24651584.008   129544918.3080       1949.272          36.000    24651588.583    99261743.9920       1493.568          34.000  
G04  18748215.342    98522539.8560      -1492.936          31.000    18748200.382    76770745.8611      -1162.188          24.000  
E21  22108464.876   116180766.7691      -1283.335          26.000    22108481.055    89021683.7750       -983.998          28.000  
E28  22801040.203   119820236.8080       1127.340          37.000    22801043.340    91810343.2960        863.495          38.000  
E19  20799953.890   109304494.8901       -318.976          26.000    20799959.928    83752821.5530       -245.232          32.000  
G09  19019994.795    99950855.7500        697.521          49.000    19019994.154    77883706.4250        543.592          35.000  
E23  23157402.734   121692940.0610       1121.708          35.000    23157406.748    93245305.4610        859.341          38.000  
E27                                                                  25426782.133   102383114.3291      -2288.951          19.000  
R17                                                                  21439924.410    89233951.5551        -47.883          16.000  
> 2026  7 21  3 12 10.9950000  0 30                           
E29  23456887.048   123266843.6560      -2664.358          27.000    23456885.816    94451158.4841      -2040.229          22.000  
S35  36626019.851   192471050.7720       -508.201          44.000  
G07  21485510.954   112907149.6610       1557.132          34.000    21485516.014    87979592.1660       1213.977          33.000  
G08  19391533.940   101903197.8471       1925.742          25.000                                                                  
C37  20864415.738   108646487.8301      -1138.476          26.000                                                                  
C20  21341878.123   111132810.8190      -1572.123          49.000                                                                  
C38  23998734.983   124967729.9750      -1091.327          28.000                                                                  
R16  18709450.110    99942534.9140      -1749.324          33.000    18709455.785    77733097.8501      -1361.444          20.000  
R05  20584952.728   110038368.7521      -4812.354          14.000                                                                  
R15  21708932.731   116005860.3900      -3332.093          30.000    21708924.011    90226816.3701      -2594.408          17.000  
R09  19738034.546   105399928.0470       1050.587          42.000    19738034.938    81977796.7670        817.154          42.000  
R06  18090614.110    96535021.4140      -2021.945          46.000    18090614.472    75082766.4280      -1572.687          43.000  
G26  22759880.741   119603980.1171      -3689.998          26.000                                                                  
S31  36185135.974   190154177.4900       -504.042          34.000  
S33  36887707.693   193846225.6290       -505.486          43.000  
G31  23533647.494   123670151.8401      -3164.867          26.000                                                                  
C12  21301189.289   110920930.0830       -388.897          45.000                                                                  
C13  23507303.702   122408726.4080        186.851          29.000                                                                  
C19  23063072.853   120095428.3330       1117.294          28.000                                                                  
R07  20107943.526   107639521.7600       2561.375          35.000    20107943.144    83719507.9620       1992.616          33.000  
R18  21332685.267   113875322.6551       2331.353          24.000    21332666.863    88569618.8821       1803.155          17.000  
E04  24647872.918   129525420.5470       1951.734          36.000    24647878.232    99246804.1470       1495.570          34.000  
G04  18751058.174    98537477.0320      -1493.863          33.000    18751037.892    76782365.3501      -1164.457          23.000  
E21  22110899.284   116193559.1371      -1283.768          25.000    22110926.803    89031527.0580       -983.340          28.000  
E28  22798896.372   119808971.6990       1127.286          37.000    22798899.821    91801711.5650        863.939          38.000  
E19  20800561.024   109307685.5851       -319.972          26.000    20800568.993    83755273.1420       -244.745          32.000  
G09  19018671.649    99943902.6770        694.512          49.000    19018671.096    77878288.4540        541.265          34.000  
E23  23155269.180   121681729.3510       1122.101          36.000    23155273.917    93236715.4400        859.972          38.000  
E27                                                                  25432459.972   102405976.6861      -2282.971          19.000  
R17                                                                  21440040.383    89234433.4361        -51.529          16.000  
> 2026  7 21  3 12 20.9950000  0 30                           
E29  23461956.471   123293450.3690      -2657.392          27.000    23461946.321    94471535.5881      -2050.819          22.000  
S35  36626977.396   192476082.6170       -498.240          44.000  
G07  21482539.585   112891526.0300       1567.282          35.000    21482543.029    87967417.9070       1221.705          33.000  
G08  19387869.341   101883940.6290       1930.221          27.000                                                                  
C37  20866603.481   108657837.3210      -1131.178          30.000                                                                  
C23  23598128.814   122881639.5690      -2609.875          29.000                                                                  
C20  21344892.905   111148510.0140      -1567.689          49.000                                                                  
C38  24000822.404   124978616.7740      -1085.924          26.000                                                                  
R16  18712716.547    99959983.1690      -1740.839          34.000    18712723.574    77746674.2751      -1346.423          12.000  
R05  20593963.234   110086535.2131      -4812.121          22.000                                                                  
R15  21715154.905   116039121.2050      -3320.607          30.000    21715163.091    90252747.3761      -2580.656          18.000  
R09  19736060.514   105389385.7530       1058.157          43.000    19736060.751    81969597.2510        822.936          42.000  
R06  18094401.865    96555234.3160      -2020.613          46.000    18094402.496    75098487.5720      -1571.700          43.000  
G26  22766897.760   119640854.4201      -3682.452          23.000                                                                  
S31  36186086.188   190159171.0930       -494.504          35.000  
S33  36888660.902   193851235.6930       -496.169          44.000  
G31  23539663.669   123701752.8820      -3155.920          27.000                                                                  
C12  21301932.698   110924798.8610       -384.919          46.000                                                                  
C13  23506939.105   122406833.6590        192.476          30.000                                                                  
C19  23060920.846   120084229.4410       1122.582          31.000                                                                  
R07  20103153.509   107613883.7290       2565.426          35.000    20103154.134    83699567.2530       1995.197          33.000  
R18  21328299.008   113851908.1461       2336.856          24.000    21328295.087    88551467.6481       1823.085          17.000  
E04  24644151.001   129505864.9620       1959.822          36.000    24644157.142    99231820.0270       1501.402          34.000  
G04  18753899.220    98552406.2100      -1490.886          32.000    18753882.615    76794013.4251      -1162.533          25.000  
E21  22113342.013   116206395.6471      -1277.171          25.000    22113362.149    89041336.8000       -978.698          29.000  
E28  22796743.723   119797662.4090       1134.722          37.000    22796747.771    91793046.0070        869.235          39.000  
E19  20801165.461   109310870.7860       -313.438          27.000    20801171.620    83757700.0230       -240.390          32.000  
G09  19017346.513    99936939.3430        698.299          48.000    19017345.471    77872862.5060        543.593          34.000  
E23  23153127.694   121670475.0000       1128.760          36.000    23153132.300    93228092.0080        864.771          39.000  
E27                                                                  25438126.369   102428792.8881      -2271.556          18.000  
> 2026  7 21  3 12 30.9950000  0 31                           
E29  23467003.524   123319961.6710      -2644.665          26.000    23466992.175    94491852.6941      -2024.028          24.000  
S35  36627911.381   192480990.8920       -482.835          44.000  
G07  21479543.340   112875778.1640       1582.750          34.000    21479545.446    87955146.8660       1233.648          34.000  
G16  20086860.212   105557124.7210      -3325.737          27.000                                                                  
G08  19384193.394   101864590.5190       1939.873          28.000                                                                  
C37  20868759.352   108669073.5460      -1116.936          30.000                                                                  
C23  23603131.468   122907664.3280      -2594.789          28.000                                                                  
C20  21347894.213   111164140.1870      -1558.023          49.000                                                                  
C38  24002909.183   124989430.1030      -1075.807          26.000                                                                  
R16  18715965.668    99977326.0300      -1726.920          31.000                                                                  
R05  20602949.826   110134573.9631      -4798.079          25.000                                                                  
R15  21721351.627   116072247.9690      -3304.527          28.000    21721369.889    90278544.5331      -2590.436          11.000  
R09  19734067.914   105378743.8590       1070.908          43.000    19734067.339    81961320.2550        832.712          42.000  
R06  18098182.485    96575408.1070      -2013.705          46.000    18098183.107    75114178.2900      -1566.433          42.000  
G26  22773895.115   119677626.4661      -3666.469          23.000                                                                  
S31  36187013.154   190164042.1100       -479.029          35.000  
S33  36889590.713   193856121.4190       -480.803          44.000  
G31  23545646.636   123733238.6800      -3141.528          25.000                                                                  
C12  21302662.904   110928601.4070       -375.393          45.000                                                                  
C13  23506560.861   122404864.6250        201.769          29.000                                                                  
C19  23058754.985   120072956.7880       1132.104          30.000                                                                  
R07  20098352.763   107588180.0530       2575.132          35.000    20098352.534    83679575.5440       2002.371          33.000  
R18  21323898.802   113828419.5181       2355.719          21.000    21323903.087    88533233.0181       1823.413          17.000  
E04  24640408.317   129486199.4660       1973.782          35.000    24640414.438    99216751.6480       1512.614          35.000  
G04  18756728.267    98567275.1630      -1482.151          32.000    18756712.965    76805603.7001      -1152.715          25.000  
E21  22115767.069   116219140.1111      -1264.626          26.000    22115780.300    89051072.9630       -969.174          28.000  
E28  22794573.521   119786256.8480       1147.095          38.000    22794577.224    91784306.6830        879.070          39.000  
E19  20801758.890   109313953.6140       -303.224          28.000    20801758.194    83760062.1220       -231.632          32.000  
G09  19016009.741    99929913.7090        707.289          48.000    19016007.996    77867387.9480        552.081          33.000  
E23  23150967.756   121659124.8620       1141.822          37.000    23150972.402    93219395.1680        874.876          39.000  
E27                                                                  25443770.809   102451521.2381      -2258.467          21.000  
> 2026  7 21  3 12 40.9950000  0 33                           
E29  23472024.988   123346343.8610      -2632.066          27.000    23472013.284    94512071.0051      -2018.401          23.000  
S35  36628815.150   192485740.7980       -467.799          44.000  
G07  21476517.176   112859872.2530       1597.974          35.000    21476519.176    87942752.7220       1245.079          33.000  
G08  19380479.956   101845136.2790       1950.038          25.000                                                                  
C37  20870888.717   108680167.2350      -1102.189          27.000                                                                  
C23  23608103.524   122933532.7120      -2579.613          29.000                                                                  
C32  23493647.832   122337586.9710      -3764.321          27.000                                                                  
C20  21350875.826   111179667.7530      -1548.296          48.000                                                                  
C38  24004965.393   125000136.4450      -1065.466          30.000                                                                  
R16  18719184.264    99994528.7140      -1713.680          31.000                                                                  
R05  20611916.779   110182505.3520      -4786.179          29.000                                                                  
R17  21440330.929   114731541.0621        -56.072          12.000                                                                  
R15  21727517.583   116105265.5280      -3287.688          25.000                                                                  
R09  19732049.875   105367967.9780       1083.661          43.000    19732049.337    81952939.0350        842.921          42.000  
R06  18101949.405    96595508.3230      -2006.920          46.000    18101949.752    75129811.8020      -1561.180          42.000  
G26  22780861.603   119714234.7641      -3650.379          24.000                                                                  
G27  19222788.733   101016493.0970       -260.342          30.000                                                                  
S31  36187909.623   190168753.7410       -464.165          35.000  
S33  36890490.446   193860849.5320       -465.486          44.000  
G31  23551614.666   123764569.4541      -3125.775          24.000                                                                  
C12  21303374.010   110932304.1740       -366.019          45.000                                                                  
C13  23506161.047   122402785.7370        212.949          30.000                                                                  
C19  23056569.655   120061607.8210       1142.817          31.000                                                                  
R07  20093532.306   107562376.1190       2585.308          34.000    20093530.645    83659505.8620       2009.810          32.000  
E04  24636637.853   129466390.2970       1987.205          35.000    24636645.338    99201573.2000       1523.195          35.000  
G04  18759539.539    98582050.1470      -1473.424          31.000    18759529.087    76817135.6001      -1148.622          27.000  
E21  22118164.557   116231724.6800      -1251.235          27.000    22118171.278    89060709.5620       -958.543          29.000  
E28  22792378.204   119774721.3110       1159.568          38.000    22792382.090    91775467.7760        888.434          39.000  
E19  20802325.812   109316917.9440       -290.979          28.000    20802322.412    83762333.5720       -223.211          32.000  
G09  19014654.056    99922792.0080        716.455          47.000    19014652.523    77861838.6180        558.135          33.000  
E23  23148784.061   121647645.2020       1154.159          38.000    23148787.275    93210599.0760        884.235          39.000  
E27                                                                  25449382.990   102474119.5431      -2259.600          18.000  
R18                                                                  21319513.792    88515009.2001       1840.089          23.000  
> 2026  7 21  3 12 50.9950000  0 32                           
E29  23477018.527   123372610.3640      -2621.814          27.000    23477011.169    94532195.2291      -2010.475          23.000  
S35  36629691.671   192490346.6130       -454.465          44.000  
G07  21473464.631   112843821.9230       1611.318          37.000    21473465.754    87930246.0240       1254.656          33.000  
G08  19376781.698   101825591.0320       1957.698          27.000                                                                  
C37  20872995.591   108691131.9630      -1090.848          27.000                                                                  
C23  23613043.390   122959258.0340      -2566.710          28.000                                                                  
C32  23500860.327   122375169.5120      -3753.019          30.000                                                                  
C20  21353840.478   111195106.0870      -1540.796          48.000                                                                  
C38  24007003.225   125010749.1650      -1058.562          30.000                                                                  
R16  18722383.114   100011605.3950      -1701.885          29.000    18722368.711    77786747.1181      -1324.106          20.000  
R05  20620862.087   110230310.1780      -4776.358          30.000                                                                  
R15  21733650.709   116138039.8231      -3279.649          18.000                                                                  
R09  19730009.102   105357071.5460       1094.316          42.000    19730008.606    81944464.0570        851.112          42.000  
R06  18105705.013    96615548.6990      -2002.279          45.000    18105704.917    75145398.7670      -1557.447          42.000  
G26  22787802.414   119750709.5721      -3640.134          24.000                                                                  
G27  19223276.537   101019060.6980       -254.516          29.000                                                                  
S31  36188779.106   190173322.7690       -450.564          35.000  
S33  36891362.778   193865433.7660       -452.455          44.000  
G31  23557554.410   123795783.1901      -3106.383          21.000                                                                  
C12  21304067.912   110935920.5650       -358.432          45.000                                                                  
C13  23505743.294   122400610.4500        220.549          30.000                                                                  
C19  23054367.312   120050134.0090       1150.624          34.000                                                                  
R07  20088696.076   107536486.2170       2591.897          35.000    20088694.104    83639369.2510       2015.913          33.000  
E04  24632843.237   129446450.9860       1999.242          35.000    24632850.509    99186295.0730       1531.624          35.000  
G04  18762335.194    98596744.5530      -1467.431          30.000    18762331.690    76828589.9020      -1142.569          27.000  
E21  22120536.902   116244185.0430      -1241.153          29.000    22120540.828    89070257.0990       -951.087          30.000  
E28  22790160.868   119763069.3540       1169.540          39.000    22790164.802    91766539.6510        896.259          39.000  
E19  20802868.148   109319777.6100       -281.694          29.000    20802866.667    83764524.7550       -216.138          32.000  
G09  19013283.311    99915587.8320        723.198          47.000    19013281.327    77856224.9570        563.491          33.000  
E23  23146577.918   121636049.4990       1164.036          38.000    23146580.750    93201714.0710        891.938          39.000  
E27                                                                  25454968.702   102496610.8611      -2217.731          16.000  
R18                                                                  21315096.832    88496670.6421       1844.990          25.000  
> 2026  7 21  3 13  0.9950000  0 32                           
E29  23481995.508   123398775.6200      -2612.548          27.000    23481990.542    94552244.7751      -2004.865          23.000  
S35  36630543.535   192494822.7190       -442.005          44.000  
G07  21470387.476   112827641.6350       1623.797          38.000    21470387.857    87917637.9810       1265.603          33.000  
G08  19373056.346   101805969.3030       1965.652          29.000                                                                  
C37  20875079.759   108701982.1280      -1080.770          26.000                                                                  
C32  23508050.328   122412633.7280      -3741.443          30.000                                                                  
C20  21356791.083   111210469.4120      -1533.454          48.000                                                                  
C38  24009025.923   125021282.4140      -1049.671          30.000    24008970.828    96674176.4321       -860.791          11.000  
R16  18725558.598   100028570.0240      -1691.545          25.000    18725551.570    77799971.7291      -1314.701          22.000  
R05  20629786.394   110278010.2110      -4766.287          29.000                                                                  
R15  21739751.298   116170639.5051      -3257.726          17.000                                                                  
R09  19727948.425   105346069.7020       1104.800          42.000    19727948.283    81935907.0990        859.337          42.000  
R06  18109451.376    96635543.7770      -1998.203          44.000    18109451.931    75160950.4680      -1554.112          42.000  
G26  22794713.470   119787026.9501      -3627.137          21.000                                                                  
G27  19223752.188   101021499.1031       -248.603          27.000                                                                  
S31  36189623.560   190177760.5900       -438.032          35.000  
S33  36892210.355   193869887.7780       -439.600          44.000  
G31  23563476.372   123826903.8931      -3107.987          21.000                                                                  
C12  21304748.924   110939464.8800       -351.666          45.000                                                                  
C13  23505310.605   122398353.1040        229.290          30.000                                                                  
C19  23052149.334   120038580.6510       1158.682          35.000                                                                  
R07  20083846.039   107510524.9630       2598.513          34.000    20083845.116    83619177.1780       2021.547          35.000  
R18  21310604.693   113757454.6001       2378.576          20.000    21310649.697    88478207.3521       1850.118          22.000  
E04  24629026.504   129426396.0770       2010.287          35.000    24629034.091    99170928.3090       1540.528          35.000  
G04  18765119.535    98611372.8680      -1460.604          27.000    18765115.137    76839988.5040      -1137.637          28.000  
E21  22122885.540   116256543.3730      -1231.984          30.000    22122892.066    89079726.4870       -943.825          30.000  
E28  22787924.372   119751315.4380       1179.619          39.000    22787928.311    91757533.4090        903.925          39.000  
E19  20803393.935   109322547.0160       -273.261          28.000    20803393.783    83766646.7730       -209.418          32.000  
G09  19011899.468    99908315.6740        729.718          47.000    19011897.287    77850558.3450        568.583          33.000  
E23  23144351.149   121624352.1340       1174.093          37.000    23144354.861    93192751.1820        899.331          39.000  
E27                                                                  25460527.495   102518993.3721      -2236.755          16.000  
C23                                                                  23617682.872    95098621.4671      -1910.047          11.000  
> 2026  7 21  3 13 10.9950000  0 32                           
E29  23486944.832   123424856.1980      -2604.510          26.000    23486952.175    94572223.4231      -1998.076          23.000  
S35  36631373.907   192499185.8030       -431.514          44.000  
G07  21467287.324   112811348.0330       1633.993          37.000    21467286.537    87904941.6560       1272.854          33.000  
G08  19369312.528   101786287.9750       1970.172          29.000                                                                  
C37  20877141.099   108712751.3121      -1070.945          11.000                                                                  
C32  23515225.381   122449995.5410      -3731.377          30.000                                                                  
C20  21359730.008   111225774.2380      -1528.376          48.000                                                                  
C38  24011036.493   125031752.9390      -1045.041          28.000                                                                  
R16  18728711.701   100045415.9931      -1682.390          24.000    18728708.942    77813089.8541      -1314.831          19.000  
R05  20638693.390   110325622.2200      -4757.745          28.000                                                                  
R17  21440582.146   114732885.8921        -39.509          14.000                                                                  
R15  21745844.805   116203201.2891      -3254.493          20.000    21745886.100    90380439.2041      -2534.125          16.000  
R09  19725871.156   105334978.9430       1112.758          41.000    19725871.493    81927280.9800        865.241          42.000  
R06  18113192.661    96655510.3980      -1996.079          44.000    18113193.517    75176480.0650      -1552.507          42.000  
G26  22801592.967   119823179.1541      -3612.208          20.000                                                                  
G27  19224213.054   101023942.9860       -246.522          27.000                                                                  
S31  36190446.826   190182086.1060       -427.751          35.000  
S33  36893036.499   193874228.4040       -429.492          44.000  
G31  23569374.165   123857896.5881      -3080.003          16.000                                                                  
C12  21305418.298   110942953.6320       -346.955          45.000                                                                  
C13  23504864.312   122396030.2830        234.821          29.000                                                                  
C19  23049918.335   120026964.4410       1163.839          35.000                                                                  
R07  20078985.260   107484509.6560       2603.459          34.000    20078985.984    83598943.0630       2023.992          35.000  
R18  21306173.974   113733803.5441       2387.511          17.000    21306180.039    88459649.9101       1848.330          16.000  
E04  24625190.989   129406242.2760       2019.401          35.000    24625198.977    99155485.7750       1547.714          36.000  
G04  18767894.875    98625951.5990      -1455.765          27.000    18767885.428    76851348.6420      -1134.739          28.000  
E21  22125222.346   116268816.2760      -1223.374          30.000    22125226.672    89089130.4340       -937.637          31.000  
E28  22785671.284   119739476.3240       1187.158          39.000    22785675.548    91748461.8820        909.631          39.000  
E19  20803904.598   109325242.9690       -267.358          29.000    20803906.972    83768712.4760       -204.639          32.000  
G09  19010505.853    99900992.2470        734.014          47.000    19010503.724    77844851.7710        572.094          34.000  
E23  23142109.675   121612569.8200       1181.768          39.000    23142112.716    93183723.1910        905.490          39.000  
E27                                                                  25466073.742   102541325.7151      -2236.100          16.000  
> 2026  7 21  3 13 20.9950000  0 32                           
E29  23491886.882   123450697.9751      -2598.186          26.000    23491904.973    94592165.7571      -1990.711          22.000  
S35  36632187.002   192503457.7900       -422.252          44.000  
G07  21464168.734   112794963.0380       1643.283          37.000    21464168.742    87892174.1610       1280.266          32.000  
G08  19365554.580   101766568.8010       1973.993          31.000                                                                  
C37  20879211.212   108723531.2931      -1059.725          23.000                                                                  
C32  23522384.794   122487276.4230      -3723.491          30.000                                                                  
C20  21362662.231   111241042.0810      -1524.754          48.000                                                                  
C38  24013039.603   125042182.1610      -1040.852          27.000                                                                  
R16  18731878.283   100062250.1280      -1676.073          28.000    18731860.123    77826182.0471      -1305.099          17.000  
R05  20647587.804   110373168.3130      -4750.945          28.000                                                                  
R17  21440662.539   114733315.9541        -24.018          15.000                                                                  
R15  21751918.337   116235655.7761      -3245.781          16.000                                                                  
R09  19723781.288   105323821.4010       1119.296          42.000    19723782.191    81918602.9030        870.419          42.000  
R06  18116933.325    96675470.6060      -1995.589          44.000    18116934.143    75192004.6540      -1551.614          41.000  
G26  22808454.896   119859239.0021      -3595.963          21.000                                                                  
G27  19224679.214   101026374.1730       -244.893          26.000                                                                  
S31  36191252.639   190186320.1780       -418.388          35.000  
S33  36893845.423   193878478.1910       -420.423          44.000  
G31  23575258.845   123888821.1311      -3089.558          18.000                                                                  
C12  21306081.918   110946408.3870       -343.569          45.000    29402035.743   118389813.3551       -408.787          11.000  
C13  23504410.003   122393663.6010        239.520          28.000                                                                  
C19  23047679.833   120015306.9200       1168.312          35.000                                                                  
R07  20074118.840   107458462.5500       2606.488          34.000    20074120.108    83578684.1720       2027.147          34.000  
R18  21301707.584   113709961.3131       2392.181          16.000                                                                  
E04  24621341.483   129386011.4390       2026.816          36.000    24621348.939    99139984.2520       1552.917          36.000  
E21  22127542.044   116281025.6830      -1218.435          30.000    22127549.147    89098485.6370       -933.093          31.000  
E28  22783406.385   119727573.8290       1193.381          40.000    22783410.560    91739341.7820        914.599          39.000  
E19  20804410.119   109327887.0540       -261.209          30.000    20804409.870    83770738.5560       -200.904          31.000  
G09  19009106.398    99893639.4080        736.895          46.000    19009104.881    77839122.3050        573.903          34.000  
E23  23139856.370   121600724.3480       1187.799          40.000    23139858.886    93174646.8090        910.166          39.000  
E27                                                                  25471597.670   102563567.9631      -2216.546          16.000  
G04                                                                  18770650.054    76862687.1540      -1132.974          28.000  
> 2026  7 21  3 13 30.9950000  0 32                           
E29  23496834.140   123476656.6140      -2592.392          28.000    23496842.094    94612045.7381      -1985.792          22.000  
S35  36632981.570   192507634.0650       -413.551          44.000  
G07  21461032.241   112778482.3530       1652.463          38.000    21461032.227    87879332.0460       1288.063          31.000  
G08  19361794.929   101746807.7590       1977.008          30.000                                                                  
C37  20881232.717   108734057.8521      -1056.938          25.000                                                                  
C32  23529527.816   122524472.3270      -3715.839          29.000                                                                  
C20  21365586.961   111256268.8180      -1521.098          49.000                                                                  
C38  24015033.822   125052566.0670      -1036.688          26.000                                                                  
R16  18735004.901   100079032.5671      -1669.464          23.000    18734995.077    77839206.5971      -1291.815          21.000  
R05  20656468.823   110420643.8490      -4745.352          29.000    20656461.989    85882710.0130      -3689.377          26.000  
R17  21440742.919   114733745.7161        -39.191          16.000                                                                  
R15  21757973.915   116268015.4071      -3232.354          14.000                                                                  
R09  19721678.641   105312593.1670       1126.027          42.000    19721679.644    81909869.8450        875.634          42.000  
R06  18120671.912    96695420.1400      -1995.177          44.000    18120672.603    75207520.9690      -1551.316          41.000  
G26  22815304.221   119895232.1651      -3582.364          20.000                                                                  
G27  19225147.654   101028832.0791       -242.169          26.000                                                                  
S31  36192040.359   190190458.6830       -409.974          35.000  
S33  36894635.786   193882632.8020       -411.181          44.000  
G31  23581119.565   123919619.4431      -3080.325          16.000                                                                  
C12  21306738.153   110949825.0900       -340.295          44.000                                                                  
C13  23503946.601   122391249.0320        243.310          28.000                                                                  
C19  23045432.173   120003604.1020       1171.753          34.000                                                                  
R07  20069246.026   107432379.7630       2609.961          32.000    20069246.867    83558397.6260       2029.254          34.000  
R18  21297224.260   113686029.1761       2389.685          22.000                                                                  
E04  24617476.439   129365699.4560       2034.770          36.000    24617483.787    99124420.5360       1559.167          36.000  
E21  22129851.119   116293167.1620      -1211.223          31.000    22129858.711    89107788.8500       -927.251          31.000  
E28  22781128.714   119715603.8750       1199.786          40.000    22781133.071    91730170.0150        919.352          39.000  
E19  20804904.626   109330475.4030       -257.172          30.000    20804902.514    83772721.7720       -196.495          32.000  
G09  19007700.503    99886253.0840        739.635          46.000    19007699.705    77833366.7300        576.362          35.000  
E23  23137590.058   121588811.5890       1194.227          41.000    23137592.124    93165518.8790        914.990          39.000  
E27                                                                  25477108.601   102585758.9361      -2206.560          18.000  
G04                                                                  18773408.308    76874000.7840      -1130.640          28.000  
> 2026  7 21  3 13 40.9950000  0 30                           
E29  23501771.601   123502554.0520      -2587.703          30.000    23501770.157    94631889.1211      -1985.673          22.000  
S35  36633760.762   192511728.7500       -406.542          44.000  
G07  21457880.365   112761919.8870       1658.844          37.000    21457879.968    87866426.2030       1292.431          31.000  
G08  19358028.527   101727018.7870       1979.778          29.000                                                                  
C37  20883254.559   108744574.4320      -1049.781          28.000                                                                  
C32  23536657.486   122561596.7620      -3709.185          27.000                                                                  
C20  21368506.189   111271468.1620      -1519.716          49.000                                                                  
C38  24017024.764   125062949.9941      -1034.862          24.000                                                                  
R16  18738120.210   100095674.4631      -1662.479          22.000    18738106.750    77852135.4721      -1293.466          19.000  
R05  20665338.381   110468062.9050      -4741.000          30.000    20665337.990    85919591.4660      -3686.655          27.000  
R15  21764017.603   116300311.0821      -3229.785          17.000                                                                  
R09  19719565.117   105301308.0210       1130.316          42.000    19719566.456    81901092.5180        879.001          42.000  
R06  18124411.685    96715373.0160      -1996.702          45.000    18124412.033    75223039.8940      -1552.957          41.000  
G26  22822145.720   119931185.0031      -3586.760          20.000                                                                  
S31  36192812.528   190194515.9120       -402.681          35.000  
S33  36895410.773   193886705.3370       -404.636          44.000  
G31  23586965.204   123950338.1301      -3078.531          17.000                                                                  
C12  21307389.515   110953217.4750       -339.111          44.000                                                                  
C13  23503476.022   122388800.4710        245.027          27.000                                                                  
C19  23043178.121   119991869.7680       1173.994          33.000                                                                  
R07  20064368.549   107406275.3240       2610.059          31.000    20064370.002    83538094.1130       2030.326          35.000  
R18  21292728.140   113662027.9981       2401.267          20.000    21292664.922    88403536.8011       1867.294          20.000  
E04  24613598.652   129345320.3010       2040.527          37.000    24613605.720    99108805.3520       1563.267          37.000  
G04  18776182.001    98669502.2341      -1447.841          25.000    18776166.128    76885300.4750      -1129.903          29.000  
E21  22132154.347   116305254.8000      -1207.616          32.000    22132158.301    89117050.7770       -924.488          31.000  
E28  22778840.741   119703580.4350       1203.794          40.000    22778845.162    91720957.2450        922.738          39.000  
E19  20805390.791   109333021.8580       -254.148          30.000    20805387.437    83774672.9770       -194.399          31.000  
G09  19006291.150    99878847.2180        740.518          45.000    19006290.603    77827595.9330        576.634          35.000  
E23  23135312.573   121576845.4320       1198.314          41.000    23135314.887    93156350.0390        918.098          40.000  
E27                                                                  25482605.768   102607893.0011      -2203.891          20.000  
> 2026  7 21  3 13 50.9950000  0 30                           
E29  23506695.090   123528408.9350      -2582.701          30.000    23506692.919    94651711.3061      -1977.378          21.000  
S35  36634526.508   192515752.4390       -398.253          44.000  
G07  21454714.383   112745286.4880       1667.890          36.000    21454713.451    87853465.0760       1300.446          31.000  
G08  19354258.467   101707212.7280       1982.173          28.000                                                                  
C37  20885261.674   108755045.3110      -1043.683          28.000    22384056.015    90131317.7941       -722.431          11.000  
C32  23543775.395   122598660.3810      -3703.370          28.000                                                                  
C20  21371421.897   111286650.6050      -1516.664          49.000                                                                  
C38  24019013.352   125073305.1871      -1030.858          23.000                                                                  
R16  18741230.603   100112289.2481      -1656.544          21.000    18741212.546    77865039.3691      -1287.152          23.000  
R05  20674198.780   110515436.3140      -4733.635          31.000    20674207.495    85956437.4630      -3682.382          28.000  
R15  21770040.097   116332492.7571      -3210.949          13.000                                                                  
R09  19717443.017   105289976.7310       1136.214          41.000    19717444.055    81892279.2750        883.781          40.000  
R06  18128154.034    96735339.9410      -1996.683          45.000    18128153.973    75238569.7180      -1552.801          41.000  
G26  22828970.013   119967046.3511      -3582.627          20.000                                                                  
S31  36193570.984   190198501.6240       -394.067          35.000  
S33  36896172.383   193890707.1230       -395.828          44.000  
G31  23592807.999   123981042.8271      -3060.955          17.000                                                                  
C12  21308037.777   110956596.1130       -336.403          44.000                                                                  
C13  23503001.121   122386328.2650        249.282          28.000                                                                  
C19  23040920.406   119980114.5300       1177.977          34.000                                                                  
R07  20059489.427   107380160.1030       2613.005          34.000    20059491.244    83517782.3080       2031.936          36.000  
R18  21288226.303   113637996.8791       2397.599          19.000    21288189.607    88384956.1051       1871.476          22.000  
E04  24609710.065   129324884.7060       2047.067          37.000    24609716.651    99093146.9370       1568.494          36.000  
G04  18778939.208    98683975.8750      -1448.465          28.000    18778931.212    76896594.4060      -1127.599          30.000  
E21  22134451.252   116317298.9830      -1201.141          32.000    22134449.818    89126279.5090       -920.980          30.000  
E28  22776544.588   119691514.1910       1209.395          41.000    22776548.998    91711711.6880        926.952          39.000  
E19  20805868.832   109335536.9290       -248.944          30.000    20805866.281    83776600.1370       -190.838          30.000  
G09  19004879.831    99871432.5310        742.615          45.000    19004879.923    77821818.2580        578.485          35.000  
E23  23133025.956   121564836.5090       1203.756          40.000    23133029.554    93147148.4300        922.439          39.000  
E27                                                                  25488084.925   102629955.2131      -2199.672          20.000  
> 2026  7 21  3 14  0.9950000  0 30                           
E29  23511597.448   123554304.7490      -2579.148          28.000    23511604.719    94671489.1591      -1976.966          20.000  
S35  36635278.024   192519701.7820       -391.562          44.000  
G07  21451533.556   112728578.4360       1674.177          36.000    21451533.051    87840445.8600       1304.862          30.000  
G08  19350487.901   101687386.1940       1982.989          30.000                                                                  
C37  20887257.539   108765456.1110      -1038.647          28.000                                                                  
C32  23550881.665   122635659.3780      -3697.261          29.000                                                                  
C20  21374333.574   111301812.6470      -1515.707          49.000                                                                  
C38  24020992.151   125083609.0321      -1028.574          23.000                                                                  
R16  18744336.120   100128878.3801      -1647.358          19.000    18744301.283    77877871.5321      -1284.377          24.000  
R05  20683050.413   110562760.4630      -4730.798          31.000    20683065.148    85993245.0600      -3678.867          28.000  
R17  21440943.229   114734817.9391        -42.461          19.000                                                                  
R15  21776027.587   116364488.7371      -3201.855          19.000                                                                  
R09  19715311.380   105278595.9280       1140.076          41.000    19715312.347    81883427.5350        887.051          40.000  
R06  18131897.975    96755317.3700      -1998.881          45.000    18131897.633    75254107.7240      -1554.539          41.000  
G26  22835782.353   120002845.3731      -3571.196          21.000                                                                  
S31  36194315.294   190202413.8390       -387.777          34.000  
S33  36896919.600   193894634.4710       -389.633          44.000  
C12  21308683.395   110959957.5000       -335.813          44.000                                                                  
C13  23502520.742   122383829.1900        250.910          28.000                                                                  
C19  23038658.014   119968335.0110       1178.716          35.000                                                                  
R07  20054608.926   107354031.1080       2612.705          35.000    20054610.374    83497459.7550       2032.256          36.000  
E04  24605810.188   129304389.2040       2052.029          37.000    24605816.519    99077442.6190       1572.092          37.000  
G04  18781696.586    98698458.8990      -1448.412          31.000    18781688.955    76907879.9000      -1128.192          32.000  
E21  22136733.267   116329296.3450      -1197.938          32.000    22136732.054    89135472.2530       -917.458          30.000  
E28  22774239.964   119679401.6800       1213.198          41.000    22774244.076    91702430.7040        929.412          39.000  
E19  20806338.987   109338017.4030       -247.500          30.000    20806338.165    83778500.7140       -188.649          30.000  
G09  19003466.331    99864005.5830        742.661          44.000    19003467.001    77816031.0220        578.553          35.000  
E23  23130731.804   121552781.3510       1207.351          41.000    23130735.556    93137911.3880        925.160          40.000  
E27                                                                  25493552.689   102651972.4111      -2194.643          22.000  
R18                                                                  21283697.780    88366307.0301       1871.961          22.000  
> 2026  7 21  3 14 10.9950000  0 30                           
E29  23516497.607   123580082.3530      -2575.206          28.000    23516512.117    94691248.8251      -1975.933          18.000  
S35  36636018.217   192523591.9990       -385.548          44.000  
G07  21448342.463   112711810.7320       1680.370          37.000    21448342.728    87827380.1850       1309.279          31.000  
G08  19346715.917   101667554.1760       1983.724          29.000                                                                  
C37  20889252.809   108775821.8000      -1033.833          29.000                                                                  
C32  23557978.541   122672608.6500      -3691.729          29.000                                                                  
C20  21377244.068   111316969.0570      -1514.731          49.000                                                                  
C38  24022984.754   125093984.8931      -1031.782          18.000                                                                  
R05  20691895.616   110610050.0460      -4726.887          31.000    20691915.212    86030025.8480      -3676.251          27.000  
R17  21441021.208   114735234.6111        -33.406          23.000                                                                  
R15  21782017.018   116396494.6651      -3198.067          24.000                                                                  
R09  19713173.600   105267180.7400       1143.482          40.000    19713174.017    81874549.0280        889.921          39.000  
R06  18135646.511    96775320.3140      -2000.989          45.000    18135645.964    75269665.5690      -1556.355          41.000  
G26  22842578.844   120038561.6991      -3566.578          20.000                                                                  
S31  36195048.113   190206265.3840       -381.499          34.000  
S33  36897655.465   193898502.4040       -383.432          44.000  
C12  21309328.198   110963316.4540       -335.167          43.000                                                                  
C13  23502037.737   122381318.1400        252.249          26.000                                                                  
C19  23036393.825   119956545.9940       1179.498          35.000                                                                  
R07  20049728.542   107327903.3220       2613.329          35.000    20049730.159    83477138.1360       2033.154          37.000  
E04  24601901.844   129283848.8110       2056.825          38.000    24601907.712    99061703.8900       1575.694          37.000  
G04  18784454.623    98712945.9940      -1448.618          33.000    18784448.518    76919168.5620      -1129.327          32.000  
E21  22139009.014   116341261.6630      -1194.427          32.000    22139008.600    89144640.5090       -915.330          29.000  
E28  22771929.108   119667257.9660       1216.552          41.000    22771933.220    91693125.7910        931.934          39.000  
E19  20806806.498   109340477.9970       -244.211          30.000    20806806.065    83780386.1780       -187.188          29.000  
G09  19002053.445    99856581.3800        742.803          44.000    19002054.554    77810245.9440        578.635          35.000  
E23  23128432.158   121540694.9080       1210.563          42.000    23128435.831    93128650.3820        927.489          39.000  
E27                                                                  25499009.125   102673943.3551      -2191.370          22.000  
R16                                                                  18747400.943    77890734.5670      -1281.886          27.000  
R18                                                                  21279184.953    88347570.7321       1871.287          20.000  
> 2026  7 21  3 14 20.9950000  0 31                           
E29  23521385.907   123605830.2860      -2574.442          27.000    23521414.617    94710988.9621      -1972.656          19.000  
S35  36636747.436   192527423.4150       -381.160          44.000  
G07  21445141.205   112694984.9260       1684.823          37.000    21445140.474    87814269.1170       1312.698          31.000  
G08  19342940.950   101647718.1510       1983.653          24.000                                                                  
C37  20891228.477   108786143.6890      -1031.108          28.000                                                                  
C32  23565065.640   122709509.5950      -3689.533          28.000                                                                  
C20  21380153.866   111332121.2450      -1516.090          48.000                                                                  
C38  24024972.524   125104336.4041      -1036.798          13.000                                                                  
R16  18750496.531   100161786.6460      -1645.659          27.000    18750486.010    77903567.6610      -1280.337          27.000  
R05  20700735.015   110657306.7600      -4724.707          30.000    20700755.108    86066781.0520      -3675.425          26.000  
R17  21441104.078   114735678.1531        -44.523          26.000                                                                  
R15  21788006.972   116428502.8841      -3192.680          25.000                                                                  
R09  19711029.104   105255732.3130       1145.353          39.000    19711029.920    81865644.7190        891.045          38.000  
R06  18139399.660    96795350.2700      -2005.478          45.000    18139399.691    75285244.4030      -1559.449          41.000  
G26  22849365.788   120074227.4121      -3562.307          20.000                                                                  
S31  36195770.300   190210060.1540       -378.189          35.000  
S33  36898380.596   193902312.2840       -379.402          44.000  
G31  23610260.511   124072755.8671      -3044.773          19.000                                                                  
C12  21309973.176   110966674.4390       -336.695          43.000                                                                  
C13  23501557.003   122378774.0251        253.283          25.000                                                                  
C19  23034128.251   119944749.0380       1179.103          35.000                                                                  
R07  20044848.438   107301778.5570       2611.385          36.000    20044850.520    83456818.8740       2031.062          38.000  
E04  24597985.030   129263265.0710       2059.500          38.000    24597990.700    99045931.9250       1578.206          37.000  
G04  18787214.583    98727438.5910      -1450.776          33.000    18787208.808    76930461.4860      -1130.624          33.000  
E21  22141278.385   116353196.4570      -1193.371          32.000    22141279.741    89153785.3380       -914.409          29.000  
E28  22769612.487   119655084.5290       1217.776          41.000    22769616.601    91683798.0800        933.105          38.000  
E19  20807271.297   109342920.4360       -244.108          30.000    20807270.304    83782257.6520       -187.288          28.000  
G09  19000641.834    99849161.4680        740.662          44.000    19000642.764    77804464.1960        576.797          35.000  
E23  23126126.901   121528578.6370       1212.008          42.000    23126130.441    93119366.4860        928.543          39.000  
E27                                                                  25504452.392   102695860.3891      -2202.095          24.000  
R18                                                                  21274671.459    88328831.4551       1871.314          22.000  
> 2026  7 21  3 14 30.9950000  0 31                           
E29  23526289.995   123631566.6370      -2572.899          28.000    23526311.409    94730707.1031      -1979.355          18.000  
S35  36637469.202   192531216.1170       -376.811          44.000  
G07  21441931.705   112678119.1670       1689.019          37.000    21441932.007    87801126.9900       1315.967          31.000  
G08  19339166.343   101628004.8181       1984.684          22.000                                                                  
C37  20893212.207   108796439.8540      -1028.371          28.000                                                                  
C32  23572147.190   122746379.9970      -3685.534          28.000                                                                  
C20  21383065.793   111347287.1530      -1516.878          48.000                                                                  
C38  24027011.025   125114951.0871      -1023.626          20.000                                                                  
R16  18753579.167   100178235.3060      -1644.006          24.000    18753555.779    77916321.9761      -1278.364          27.000  
R05  20709571.046   110704548.7880      -4723.669          29.000    20709593.890    86103614.7061      -3673.279          24.000  
R17  21441198.033   114736141.0570        -47.018          27.000                                                                  
R15  21793969.251   116460363.7081      -3195.009          19.000                                                                  
R09  19708882.118   105244269.5410       1147.315          38.000    19708882.944    81856729.2580        892.225          38.000  
R06  18143161.736    96815425.5670      -2009.501          44.000    18143161.862    75300858.5360      -1562.980          41.000  
G26  22856137.679   120109814.1721      -3559.230          21.000                                                                  
G27  19227971.465   101043671.9961       -248.443          24.000                                                                  
S31  36196484.532   190213814.1660       -373.106          35.000  
S33  36899097.937   193906082.2860       -374.519          44.000  
C12  21310621.180   110970049.4630       -338.010          43.000                                                                  
C13  23501076.869   122376274.0791        260.020          21.000                                                                  
C19  23031864.429   119932962.2160       1178.304          35.000                                                                  
R07  20039971.626   107275675.4760       2609.921          35.000    20039974.522    83436516.4920       2029.661          38.000  
R18  21270140.963   113541456.0201       2410.724          18.000    21270158.131    88310092.7281       1861.210          21.000  
E04  24594063.126   129242656.2010       2062.413          38.000    24594068.870    99030140.7260       1580.330          38.000  
G04  18789977.041    98741954.8530      -1451.718          31.000    18789972.661    76941772.8520      -1132.094          33.000  
E21  22143548.593   116365118.7830      -1191.587          32.000    22143548.019    89162920.6140       -912.776          29.000  
E28  22767293.652   119642899.6020       1219.462          41.000    22767298.164    91674461.5930        934.391          39.000  
E19  20807736.309   109345362.8320       -243.362          30.000    20807734.906    83784129.1290       -187.200          28.000  
G09  18999233.970    99841764.0470        738.986          44.000    18999234.860    77798699.9710        575.999          34.000  
E23  23123819.098   121516450.7190       1213.785          43.000    23123822.807    93110073.6870        930.126          40.000  
E27                                                                  25509888.250   102717748.3751      -2191.632          25.000  
> 2026  7 21  3 14 40.9950000  0 30                           
E29  23531193.554   123657293.0470      -2573.250          28.000    23531210.897    94750434.9121      -1967.879          18.000  
S35  36638183.166   192534970.0250       -374.467          44.000  
G07  21438715.259   112661215.2830       1691.410          38.000    21438715.656    87787955.1980       1317.775          31.000  
G08  19335407.998   101608253.9661       1978.066          25.000                                                                  
C37  20895180.968   108806711.9030      -1026.567          28.000                                                                  
C32  23579223.587   122783221.5530      -3683.651          28.000                                                                  
C20  21385980.380   111362468.4570      -1519.872          47.000                                                                  
C38  24029015.328   125125388.4641      -1036.162          19.000                                                                  
R16  18756666.379   100194664.7340      -1643.391          30.000    18756638.346    77929100.8750      -1277.772          28.000  
R05  20718403.716   110751777.7110      -4722.846          27.000    20718430.747    86140355.5111      -3673.519          22.000  
R17  21441285.355   114736632.3650        -51.575          26.000    21440082.156    89234607.4701        -32.424          10.000  
R15  21799910.853   116492113.5911      -3182.242          14.000                                                                  
R09  19706733.136   105232793.5660       1147.327          38.000    19706733.657    81847803.4890        892.608          38.000  
R06  18146932.110    96835547.8700      -2015.596          43.000    18146932.786    75316509.2220      -1567.659          41.000  
G26  22862905.896   120145381.3551      -3558.562          20.000                                                                  
S31  36197191.766   190217530.6210       -371.086          35.000  
S33  36899808.040   193909814.1940       -372.281          44.000  
C12  21311273.159   110973443.2160       -341.364          43.000                                                                  
C13  23500608.977   122373837.0331        249.319          11.000                                                                  
C19  23029602.125   119921187.2650       1175.801          35.000                                                                  
R07  20035099.092   107249595.9630       2605.824          36.000    20035102.574    83416232.4170       2026.433          38.000  
R18  21265652.242   113517495.6761       2410.539          18.000    21265649.331    88291372.5791       1872.044          22.000  
E04  24590137.674   129222024.0140       2063.036          38.000    24590142.591    99014331.6790       1580.726          38.000  
G04  18792743.001    98756496.5500      -1456.635          28.000    18792740.103    76953103.9370      -1134.415          33.000  
E21  22145817.233   116377030.3830      -1192.300          31.000    22145814.062    89172047.6850       -913.755          28.000  
E28  22764973.203   119630704.9710       1218.856          41.000    22764977.229    91665117.6550        933.795          39.000  
E19  20808201.861   109347806.8080       -245.396          30.000    20808199.417    83786001.7550       -188.075          27.000  
G09  18997830.965    99834390.9330        734.903          45.000    18997831.512    77792954.6900        572.851          34.000  
E23  23121509.792   121504312.8880       1213.435          44.000    23121512.945    93100773.2970        929.548          40.000  
E27                                                                  25515318.221   102739613.0971      -2186.714          25.000  
> 2026  7 21  3 14 50.9950000  0 29                           
E29  23536093.806   123683013.8500      -2571.828          29.000    23536108.933    94770157.3651      -1945.276          17.000  
S35  36638891.100   192538690.2260       -370.248          44.000  
G07  21435492.377   112644277.5970       1695.510          39.000    21435493.193    87774756.9730       1321.419          31.000  
G08  19331647.635   101588493.9461       1978.734          23.000                                                                  
C37  20897142.917   108816964.1120      -1024.011          27.000                                                                  
C32  23586294.917   122820038.4650      -3680.615          28.000                                                                  
C20  21388899.508   111377669.3520      -1520.893          47.000                                                                  
R16  18759740.776   100211079.3790      -1640.359          28.000    18759714.101    77941867.8060      -1275.991          28.000  
R05  20727235.044   110798997.7180      -4721.285          26.000    20727269.428    86177103.3261      -3680.623          19.000  
R17  21441380.218   114737166.4720        -55.450          26.000    21441988.477    89242542.0231        -90.761          10.000  
R15  21805870.010   116523957.4551      -3170.802          21.000                                                                  
R09  19704582.881   105221309.5340       1149.095          38.000    19704582.998    81838871.4640        893.650          39.000  
R06  18150712.387    96855721.4000      -2019.894          43.000    18150713.378    75332199.7230      -1570.735          41.000  
G26  22869662.585   120180887.6561      -3545.334          19.000                                                                  
S31  36197892.449   190221213.2980       -365.838          35.000  
S33  36900512.071   193913512.6180       -368.147          44.000  
G31  23627636.477   124164067.6531      -3031.400          19.000                                                                  
C12  21311929.570   110976859.9200       -342.602          43.000                                                                  
C19  23027343.589   119909428.5210       1174.724          34.000                                                                  
R07  20030233.116   107223544.7180       2603.346          38.000    20030235.765    83395970.3180       2025.094          37.000  
R18  21261165.134   113493543.0841       2402.056          10.000    21261141.032    88272655.5211       1875.354          16.000  
E04  24586207.675   129201372.7810       2066.167          38.000    24586212.589    98998508.0260       1583.084          38.000  
G04  18795514.818    98771067.8360      -1458.874          26.000    18795512.331    76964458.1910      -1135.678          32.000  
E21  22148082.559   116388935.4340      -1190.482          31.000    22148078.703    89181169.7290       -912.689          27.000  
E28  22762651.666   119618504.9590       1220.509          41.000    22762655.842    91655769.5960        935.312          39.000  
E19  20808667.260   109350256.8970       -245.570          29.000    20808665.142    83787879.0570       -188.150          26.000  
G09  18996433.379    99827046.4460        733.082          45.000    18996433.787    77787231.7500        570.679          34.000  
E23  23119199.070   121492169.4300       1214.674          44.000    23119202.012    93091468.5610        930.725          40.000  
E27                                                                  25520742.481   102761454.4081      -2182.908          26.000  
> 2026  7 21  3 15  0.9950000  0 30                           
E29  23540990.091   123708720.5430      -2570.682          29.000    23540992.685    94789822.3391      -1966.401          18.000  
S35  36639591.077   192542368.1080       -367.115          44.000  
G07  21432261.811   112627297.6780       1698.493          39.000    21432261.895    87761525.8530       1323.931          30.000  
G16  20180143.223   106047368.0851      -3241.836          26.000                                                                  
C37  20899110.003   108827188.0810      -1021.567          28.000                                                                  
C32  23593359.818   122856822.1880      -3677.709          28.000                                                                  
C20  21391820.792   111392881.4340      -1523.044          46.000                                                                  
C38  24032872.216   125145471.4081      -1035.704          25.000                                                                  
R16  18762807.508   100227470.6330      -1639.037          29.000    18762773.675    77954616.4860      -1274.678          28.000  
R05  20736061.706   110846132.9391      -4725.104          22.000    20736099.341    86213815.8931      -3678.259          12.000  
R17  21441486.500   114737725.3421        -61.698          22.000                                                                  
R15  21811820.786   116555756.1401      -3171.169          22.000                                                                  
R09  19702429.615   105209808.1410       1150.107          37.000    19702429.743    81829925.9890        894.087          40.000  
R06  18154500.536    96875937.5830      -2025.120          44.000    18154502.262    75347923.4270      -1574.990          41.000  
G26  22876406.575   120216327.6251      -3534.160          19.000                                                                  
G27  19229362.676   101050982.4111       -256.094          25.000                                                                  
S31  36198585.163   190224853.2570       -363.025          35.000  
S33  36901207.743   193917168.6410       -364.868          44.000  
E27  25526162.412   134140888.8241      -2845.601          25.000    25526157.857   102783264.4380      -2179.572          26.000  
C12  21312588.570   110980291.2730       -345.505          43.000                                                                  
C19  23025086.263   119897677.6380       1173.328          35.000                                                                  
R07  20025370.900   107197513.0500       2600.867          38.000    20025372.324    83375723.4910       2022.904          37.000  
R18  21256593.012   113469136.6461       2403.136          19.000    21256634.077    88253943.2201       1886.691          15.000  
E04  24582273.162   129180694.1910       2067.754          38.000    24582277.355    98982663.4060       1584.361          38.000  
G04  18798292.192    98785660.2400      -1461.239          25.000    18798287.854    76975828.9900      -1139.130          32.000  
E21  22150339.913   116400825.4900      -1189.488          30.000    22150341.842    89190247.2301       -912.733          26.000  
E28  22760327.354   119606291.2510       1220.619          40.000    22760331.946    91646411.0360        935.472          39.000  
E19  20809132.236   109352704.5990       -245.703          29.000    20809130.125    83789754.5470       -187.309          25.000  
G09  18995039.959    99819722.2480        730.083          46.000    18995039.745    77781524.5710        568.650          34.000  
E23  23116885.074   121480011.9140       1215.059          43.000    23116888.606    93082153.0810        931.157          40.000  
> 2026  7 21  3 15 10.9950000  0 31                           
E29  23545875.841   123734415.9380      -2570.587          29.000    23545881.972    94809509.4791      -1969.735          18.000  
S35  36640283.609   192546006.2500       -363.089          44.000  
G07  21429023.524   112610278.2900       1702.352          37.000    21429022.837    87748264.0230       1326.601          29.000  
G16  20186314.428   106079805.8350      -3240.244          27.000                                                                  
G08  19324128.873   101548982.2361       1974.637          25.000                                                                  
C37  20901066.490   108837386.6430      -1019.996          26.000                                                                  
C32  23600419.137   122893575.3960      -3675.189          28.000                                                                  
C20  21394745.224   111408107.3790      -1524.588          46.000                                                                  
C38  24034866.724   125155852.4210      -1036.138          27.000                                                                  
R16  18765870.619   100243841.0800      -1637.293          26.000    18765850.835    77967349.0240      -1273.274          30.000  
R05  20744880.442   110893274.0671      -4722.217          19.000                                                                  
R17  21441588.033   114738268.4561        -54.932          12.000                                                                  
R15  21817754.519   116587465.0811      -3167.531          21.000                                                                  
R09  19700273.894   105198292.5540       1151.007          37.000    19700273.673    81820969.4440        894.843          40.000  
R06  18158298.176    96896199.1270      -2029.705          44.000    18158299.388    75363682.4130      -1578.849          41.000  
G26  22883143.569   120251730.4651      -3544.448          19.000                                                                  
G27  19229907.572   101053866.4040       -266.442          27.000                                                                  
S31  36199270.454   190228454.2930       -358.993          35.000  
S33  36901895.689   193920784.4580       -360.911          44.000  
E27  25531568.054   134169294.9531      -2841.092          25.000    25531567.951   102805043.9540      -2178.245          27.000  
C12  21313251.432   110983739.8900       -346.863          42.000                                                                  
C19  23022831.566   119885937.3790       1172.324          36.000                                                                  
R07  20020512.952   107171503.9000       2598.564          39.000    20020513.330    83355494.1580       2020.964          37.000  
R18  21252095.756   113445129.6381       2407.213          16.000                                                                  
E04  24578333.723   129159991.0070       2070.440          39.000    24578337.621    98966799.9520       1586.314          38.000  
G04  18801078.560    98800334.3131      -1463.387          22.000    18801069.032    76987218.2820      -1139.744          32.000  
E21  22152593.922   116412686.2390      -1188.557          30.000    22152602.990    89199352.4971       -911.246          25.000  
E28  22758000.919   119594066.5760       1221.204          41.000    22758005.794    91637044.0780        935.973          39.000  
E19  20809597.396   109355152.7290       -246.347          29.000    20809595.928    83791619.4511       -189.781          24.000  
G09  18993650.818    99812421.0920        727.693          46.000    18993650.495    77775835.3440        567.282          34.000  
E23  23114568.590   121467843.0400       1216.109          43.000    23114572.817    93072828.9000        931.746          40.000  
> 2026  7 21  3 15 20.9950000  0 31                           
E29  23550770.650   123760117.3960      -2569.230          29.000    23550772.756    94829202.0891      -1962.941          20.000  
S35  36640971.765   192549623.2300       -359.726          44.000  
G07  21425780.748   112593236.9980       1706.123          36.000    21425780.403    87734985.0950       1329.568          29.000  
G16  20192467.224   106112199.1480      -3239.558          26.000                                                                  
G08  19320381.397   101529262.2830       1972.119          28.000                                                                  
C37  20903009.008   108847452.9320      -1017.613          26.000                                                                  
C23  23685267.511   123335403.2671      -2470.965          25.000                                                                  
C32  23607476.047   122930315.4110      -3672.285          27.000                                                                  
C20  21397674.984   111423364.5250      -1526.263          46.000                                                                  
C38  24036852.549   125166222.7340      -1037.338          27.000                                                                  
R16  18768922.705   100260215.3131      -1635.506          26.000    18768925.253    77980079.2980      -1272.455          31.000  
R05  20753717.448   110940512.9321      -4725.823          22.000                                                                  
R15  21823684.896   116619154.4691      -3158.313          22.000                                                                  
R09  19698117.824   105186780.3530       1152.503          35.000    19698117.557    81812015.5260        896.072          40.000  
R06  18162107.429    96916523.7180      -2034.542          44.000    18162108.443    75379490.4430      -1582.621          41.000  
G26  22889858.946   120287019.8291      -3533.065          18.000                                                                  
G27  19230409.679   101056549.3480       -269.874          28.000                                                                  
S31  36199951.374   190232033.0770       -356.948          35.000  
S33  36902579.664   193924379.0710       -357.042          44.000  
E27  25536969.682   134197680.7651      -2839.389          25.000    25536972.551   102826807.8930      -2174.669          27.000  
C12  21313920.683   110987223.2440       -348.918          42.000                                                                  
C19  23020582.130   119874225.2160       1171.150          36.000                                                                  
R07  20015661.385   107145535.4670       2595.704          39.000    20015662.040    83335296.5150       2018.854          36.000  
R18  21247594.227   113421100.1881       2408.390          18.000                                                                  
E04  24574392.784   129139280.8870       2072.490          39.000    24574396.504    98950931.1730       1587.768          38.000  
G04  18803867.287    98814989.1291      -1464.717          19.000    18803858.875    76998639.9510      -1143.112          32.000  
E21  22154858.739   116424569.1350      -1186.936          31.000    22154865.371    89208461.5381       -910.372          25.000  
E28  22755675.897   119581848.5190       1222.594          41.000    22755681.309    91627682.2300        936.541          39.000  
E19  20810066.037   109357618.8240       -246.410          29.000    20810064.852    83793507.0581       -188.840          23.000  
G09  18992269.199    99805160.6290        725.048          46.000    18992269.032    77770177.8490        564.794          33.000  
E23  23112254.074   121455680.4090       1216.884          43.000    23112258.542    93063509.5210        932.167          40.000  
> 2026  7 21  3 15 30.9950000  0 34                           
E29  23555659.902   123785814.2660      -2570.523          27.000    23555662.422    94848890.7731      -1968.088          20.000  
S35  36641654.016   192553206.4850       -357.267          44.000  
G07  21422531.435   112576163.1250       1708.944          37.000    21422530.382    87721680.8030       1331.616          29.000  
G16  20198624.815   106144580.0560      -3237.531          26.000                                                                  
G08  19316630.914   101509559.5840       1969.200          23.000                                                                  
C37  20904984.621   108857624.5100      -1016.870          28.000                                                                  
C23  23690016.953   123360134.4181      -2469.698          23.000                                                                  
C32  23614528.148   122967031.4490      -3670.333          25.000                                                                  
C20  21400608.583   111438642.1870      -1529.430          46.000                                                                  
C38  24038838.063   125176609.8950      -1039.771          26.000                                                                  
R16  18771983.178   100276554.9940      -1635.609          28.000    18771986.120    77992798.6270      -1271.550          29.000  
R05  20762560.866   110987786.8981      -4719.149          24.000                                                                  
R17  21441857.496   114739710.2851        -73.365          19.000                                                                  
R15  21829616.103   116650849.0051      -3168.327          23.000                                                                  
R09  19695959.935   105175260.6980       1151.752          35.000    19695959.994    81803055.8120        895.601          40.000  
R06  18165926.217    96936900.4210      -2040.844          45.000    18165927.204    75395339.0020      -1587.513          41.000  
G26  22896568.721   120322279.8481      -3534.293          21.000                                                                  
G27  19230927.707   101059273.3760       -274.271          29.000                                                                  
S31  36200626.113   190235579.3920       -353.975          35.000  
S33  36903257.507   193927941.1670       -355.183          44.000  
E27  25542367.753   134226047.6081      -2836.703          23.000    25542372.277   102848550.1020      -2172.996          27.000  
C12  21314594.861   110990730.6750       -352.691          42.000                                                                  
C13  23498211.334   122361351.9281        243.294          25.000                                                                  
C28  22722104.263   118319959.1251       1475.056          27.000                                                                  
C19  23018335.748   119862530.5240       1168.236          37.000                                                                  
R07  20010815.518   107119596.7710       2591.644          39.000    20010815.863    83315121.9780       2016.046          35.000  
R18  21243092.372   113397068.9991       2406.021          25.000                                                                  
E04  24570448.730   129118553.1160       2072.892          39.000    24570452.071    98935048.8540       1588.577          38.000  
G04  18806662.077    98829676.0571      -1470.005          19.000    18806653.843    77010085.4520      -1146.106          31.000  
E21  22157121.230   116436446.5270      -1187.769          32.000    22157126.525    89217566.3051       -911.046          23.000  
E28  22753349.839   119569626.4560       1221.665          41.000    22753355.302    91618317.2700        936.237          39.000  
E19  20810536.766   109360092.2000       -248.243          29.000    20810536.497    83795406.2491       -191.533          22.000  
G09  18990893.496    99797930.1570        720.891          46.000    18990892.826    77764543.6680        562.414          33.000  
E23  23109939.264   121443513.2630       1216.396          44.000    23109942.827    93054186.6550        931.910          40.000  
> 2026  7 21  3 15 40.9950000  0 32                           
E29  23560554.706   123811520.8750      -2570.321          27.000    23560554.771    94868590.1011      -1970.817          23.000  
S35  36642332.208   192556772.4270       -355.296          44.000  
G07  21419279.202   112559071.2820       1710.241          37.000    21419277.433    87708362.4850       1333.238          28.000  
G08  19312887.790   101489909.8191       1967.046          20.000                                                                  
C37  20906946.267   108867791.6630      -1015.976          26.000                                                                  
C32  23621589.515   123003814.3741      -3666.995          22.000                                                                  
C20  21403549.196   111453954.6890      -1532.688          46.000                                                                  
C38  24040830.885   125186915.1660      -1043.103          26.000                                                                  
R16  18775052.827   100292909.1070      -1634.692          26.000    18775047.156    78005518.4630      -1271.551          29.000  
R17  21442009.986   114740526.0181        -77.412          20.000                                                                  
R15  21835525.388   116682426.8461      -3159.388          25.000                                                                  
R09  19693805.063   105163748.2150       1151.458          34.000    19693803.871    81794101.6570        895.237          40.000  
R06  18169757.543    96957343.9130      -2047.595          44.000    18169758.028    75411239.4800      -1592.555          41.000  
G26  22903300.248   120357654.7661      -3540.718          23.000                                                                  
G27  19231462.676   101062052.9490       -280.133          29.000                                                                  
S31  36201297.753   190239107.3660       -351.611          35.000  
S33  36903931.868   193931484.6510       -353.141          44.000  
C12  21315276.127   110994276.5330       -356.244          42.000                                                                  
C13  23497755.331   122358977.4171        239.187          26.000                                                                  
C28  22719272.127   118305216.4050       1473.969          28.000                                                                  
C19  23016095.559   119850867.7770       1165.295          37.000                                                                  
R07  20005978.659   107093702.9190       2587.372          40.000    20005978.091    83294982.3700       2012.120          35.000  
R18  21238600.272   113373089.5891       2402.929          25.000                                                                  
E04  24566503.562   129097822.2860       2073.499          39.000    24566506.909    98919164.2140       1588.773          38.000  
G04  18809459.758    98844377.3241      -1479.069          20.000    18809456.199    77021566.1370      -1149.814          31.000  
E21  22159385.774   116448332.7600      -1188.179          32.000    22159395.540    89226703.3161       -907.628          21.000  
E28  22751026.379   119557414.9310       1221.229          40.000    22751031.562    91608960.4250        935.442          39.000  
E19  20811012.758   109362587.2060       -249.606          29.000    20811010.838    83797316.0211       -198.947          22.000  
G09  18989526.245    99790744.2560        716.634          46.000    18989525.548    77758944.2880        558.421          33.000  
E23  23107625.747   121431356.1280       1215.750          44.000    23107629.240    93044871.4660        931.513          40.000  
E27                                                                  25547768.347   102870277.7480      -2171.907          27.000  
R05                                                                  20771360.515    86360419.9131      -3674.501          17.000  
> 2026  7 21  3 15 50.9950000  0 34                           
E29  23565444.571   123837239.7540      -2572.676          25.000    23565449.866    94888300.7851      -1978.447          23.000  
S35  36643007.538   192560321.9500       -354.255          44.000  
G07  21416023.888   112541963.7410       1711.796          36.000    21416021.456    87695031.9250       1333.940          28.000  
G16  20210961.826   106209315.8430      -3239.352          26.000                                                                  
G08  19309140.899   101470219.7601       1951.868          22.000                                                                  
C37  20908905.487   108877956.7530      -1016.940          24.000                                                                  
C23  23699492.492   123409476.0201      -2495.075          18.000                                                                  
C32  23628649.527   123040578.1111      -3663.979          17.000                                                                  
C20  21406497.050   111469304.2790      -1536.973          46.000                                                                  
C38  24042836.688   125197366.9130      -1047.692          25.000                                                                  
R16  18778111.214   100309298.9051      -1636.180          25.000    18778108.830    78018240.6610      -1272.329          28.000  
R17  21442175.325   114741411.1441        -85.031          26.000                                                                  
R15  21841430.281   116713980.7971      -3156.709          20.000                                                                  
R09  19691651.693   105152245.1850       1151.069          32.000    19691649.382    81785154.8720        894.375          40.000  
R06  18173601.880    96977856.4370      -2054.774          45.000    18173601.984    75427193.6710      -1598.337          41.000  
G26  22910039.073   120393067.6171      -3530.013          25.000                                                                  
G27  19232002.438   101064890.4950       -288.232          29.000                                                                  
S31  36201965.636   190242619.4280       -350.658          35.000  
S33  36904603.400   193935012.4170       -352.101          44.000  
C12  21315964.682   110997863.1210       -360.705          41.000                                                                  
C13  23497312.466   122356634.0600        235.873          26.000                                                                  
C28  22716432.824   118290491.2840       1471.436          28.000                                                                  
C19  23013862.725   119839239.3040       1161.406          38.000                                                                  
R07  20001150.649   107067856.1540       2582.151          40.000    20001149.501    83274879.3480       2008.358          34.000  
R18  21234107.806   113349108.7461       2400.594          26.000                                                                  
E04  24562558.380   129077090.7750       2072.922          38.000    24562561.600    98903279.0710       1588.162          38.000  
E21  22161645.894   116460230.2060      -1190.462          33.000    22161672.790    89235872.7231       -914.423          23.000  
E28  22748704.608   119545216.3540       1218.925          40.000    22748710.255    91599613.4620        933.790          40.000  
E19  20811492.736   109365106.5080       -253.329          29.000    20811489.477    83799243.2621       -192.182          21.000  
G09  18988167.209    99783605.2710        711.641          46.000    18988166.944    77753381.4510        554.308          32.000  
E23  23105314.455   121419211.3350       1213.812          44.000    23105317.870    93035565.7390        929.957          39.000  
E27                                                                  25553160.723   102891994.4510      -2171.633          27.000  
G04                                                                  18812267.541    77033083.8400      -1154.414          30.000  
R05                                                                  20780200.062    86397171.2211      -3675.070          23.000  
> 2026  7 21  3 16  0.9950000  0 32                           
S35  36643681.389   192563862.4640       -354.535          44.000  
G07  21412766.975   112524846.5470       1711.760          37.000    21412764.172    87681693.8980       1333.887          28.000  
G16  20217131.903   106241713.7930      -3241.136          27.000                                                                  
G08  19305406.805   101450597.1571       1955.179          25.000                                                                  
C37  20910865.207   108888362.0181      -1018.070          25.000                                                                  
C32  23635708.419   123077336.1221      -3671.010          20.000                                                                  
C20  21409452.812   111484696.9610      -1542.127          45.000                                                                  
C38  24044849.576   125207841.4811      -1050.752          25.000                                                                  
R16  18781189.619   100325690.6390      -1637.647          27.000    18781170.094    78031052.1691      -1273.951          25.000  
R17  21442344.421   114742319.4570        -93.539          27.000                                                                  
R09  19689500.420   105140757.8140       1147.655          29.000    19689497.910    81776220.3110        892.230          40.000  
R06  18177460.152    96998444.0480      -2063.342          45.000    18177459.722    75443206.2560      -1604.772          41.000  
G26  22916767.012   120428422.5961      -3530.099          25.000                                                                  
G27  19232555.548   101067791.9380       -293.609          27.000                                                                  
S31  36202632.209   190246121.4500       -350.197          35.000  
S33  36905272.735   193938530.2580       -351.925          44.000  
C12  21316662.555   111001496.4840       -366.417          41.000                                                                  
C13  23496870.454   122354367.3360        231.824          26.000                                                                  
C28  22713614.692   118275788.4350       1468.850          28.000                                                                  
C19  23011637.620   119827651.1890       1156.031          39.000                                                                  
R07  19996332.447   107042062.9650       2575.756          40.000    19996330.601    83254818.0090       2003.171          34.000  
R18  21229609.521   113325096.5321       2396.118          25.000                                                                  
E04  24558614.433   129056364.7320       2071.623          38.000    24558617.360    98887398.0710       1587.662          38.000  
E21  22163911.440   116472144.7650      -1193.113          33.000    22163941.020    89245005.9641       -916.503          23.000  
E28  22746386.277   119533036.8060       1216.347          40.000    22746392.538    91590281.1040        931.934          40.000  
E19  20811978.178   109367655.9720       -256.963          28.000    20811975.326    83801199.7051       -193.040          21.000  
G09  18986818.887    99776519.4160        705.111          45.000    18986818.755    77747859.9940        549.249          32.000  
E23  23103006.908   121407084.9400       1210.963          44.000    23103009.892    93026274.1020        927.921          39.000  
E29                                                                  23570347.923    94908023.0391      -1976.479          25.000  
E27                                                                  25558552.996   102913704.8090      -2170.861          27.000  
G04                                                                  18815089.826    77044643.2500      -1159.851          31.000  
R05                                                                  20789046.673    86433953.1961      -3673.823          25.000  
> 2026  7 21  3 16 10.9950000  0 31                           
S35  36644353.890   192567396.8360       -351.701          44.000  
G07  21409508.620   112507724.1610       1713.593          37.000    21409506.394    87668351.8260       1334.794          28.000  
G16  20223292.390   106274118.0351      -3241.280          25.000                                                                  
G08  19301690.830   101431069.8171       1952.862          25.000                                                                  
C37  20912824.497   108898564.1601      -1017.205          26.000                                                                  
C32  23642760.287   123114056.2531      -3673.168          22.000                                                                  
C20  21412417.566   111500137.0220      -1544.997          45.000                                                                  
C38  24046880.592   125218417.4911      -1055.341          26.000                                                                  
R16  18784248.411   100342083.3561      -1636.824          22.000    18784243.356    78043821.4131      -1267.370          22.000  
R05  20797878.693   111176580.1091      -4724.541          19.000    20797889.361    86470718.2211      -3672.743          26.000  
R17  21442520.681   114743284.6980        -98.796          27.000                                                                  
R09  19687353.644   105129290.6930       1147.124          29.000    19687350.269    81767301.4290        891.987          41.000  
R06  18181332.792    97019111.1410      -2069.399          45.000    18181332.508    75459280.6610      -1609.545          40.000  
G26  22923488.515   120463744.2991      -3528.658          23.000                                                                  
S31  36203297.803   190249618.6460       -349.518          35.000  
S33  36905941.037   193942042.8790       -349.286          44.000  
C12  21317370.198   111005180.9630       -369.588          40.000                                                                  
C13  23496440.867   122352133.2381        228.872          26.000                                                                  
C28  22710801.015   118261112.4310       1467.416          29.000                                                                  
C19  23009421.207   119816107.8270       1153.739          39.000                                                                  
R07  19991524.688   107016328.1100       2572.007          39.000    19991522.781    83234802.0440       2000.244          34.000  
R18  21225116.690   113301113.6761       2392.258          26.000                                                                  
E04  24554672.227   129035648.6250       2072.800          38.000    24554674.970    98871524.7320       1588.164          38.000  
E21  22166185.437   116484080.9050      -1192.896          34.000    22166212.282    89254151.3881       -911.590          22.000  
E28  22744072.907   119520880.8140       1215.887          39.000    22744079.419    91580966.7800        931.780          40.000  
E19  20812466.411   109370240.3090       -259.419          27.000    20812466.359    83803177.5911       -201.434          21.000  
G09  18985481.314    99769491.0790        701.572          46.000    18985481.528    77742383.3870        546.205          32.000  
E23  23100702.940   121394981.3730       1210.673          43.000    23100706.801    93016999.9730        927.838          39.000  
E29                                                                  23575249.226    94927758.8091      -1974.287          25.000  
E27                                                                  25563943.653   102935412.3330      -2169.111          27.000  
G04                                                                  18817924.117    77056247.7170      -1161.567          30.000  
> 2026  7 21  3 16 20.9950000  0 31                           
S35  36645020.888   192570901.6690       -349.399          44.000  
G07  21406244.556   112490572.0990       1716.211          38.000    21406243.586    87654986.5710       1337.173          28.000  
G16  20229463.880   106306520.1480      -3240.275          27.000                                                                  
G08  19297976.707   101411551.2401       1947.008          27.000                                                                  
C37  20914760.661   108908646.5691      -1016.080          23.000                                                                  
C32  23649798.918   123150708.5631      -3662.582          23.000                                                                  
C20  21415386.966   111515600.2470      -1548.156          46.000                                                                  
C38  24048920.354   125229039.1261      -1051.717          25.000                                                                  
R05  20806735.927   111223927.1211      -4715.314          21.000    20806722.637    86507449.1240      -3673.243          27.000  
R17  21442707.246   114744297.5540       -103.691          30.000                                                                  
R09  19685206.913   105117818.9070       1146.865          28.000    19685202.138    81758378.9730        891.896          42.000  
R06  18185215.921    97039832.8660      -2075.465          45.000    18185215.577    75475397.5410      -1614.219          40.000  
G26  22930197.516   120499000.4241      -3524.135          21.000                                                                  
G27  19233674.149   101073616.6370       -304.036          27.000                                                                  
S31  36203957.331   190253085.3740       -345.850          35.000  
S33  36906603.611   193945525.6910       -347.462          45.000  
E27  25569338.892   134367781.9101      -2829.017          26.000    25569330.588   102957098.1910      -2167.926          28.000  
C12  21318083.386   111008892.3760       -373.056          40.000                                                                  
C13  23496016.393   122349922.6521        227.896          24.000                                                                  
C28  22707982.536   118246439.0330       1466.847          30.000                                                                  
C19  23007208.260   119804585.1540       1150.485          39.000                                                                  
R07  19986723.096   106990626.8080       2567.430          38.000    19986720.554    83214812.1480       1997.306          34.000  
R18  21220631.965   113277174.3431       2391.667          25.000    21220598.916    88104331.5171       1859.154          20.000  
E04  24550727.413   129014918.1240       2073.149          37.000    24550729.954    98855640.3310       1588.541          37.000  
E21  22168459.510   116496014.1960      -1193.836          33.000    22168481.431    89263288.4911       -916.266          21.000  
E28  22741758.827   119508723.9820       1215.034          39.000    22741765.963    91571651.8230        930.966          40.000  
E19  20812956.421   109372834.8490       -260.145          26.000    20812960.863    83805168.4321       -198.750          21.000  
G09  18984150.295    99762495.9590        697.323          46.000    18984150.686    77736932.6440        543.076          33.000  
E23  23098399.637   121382876.2100       1209.961          43.000    23098403.102    93007724.6280        926.970          39.000  
E29                                                                  23580153.335    94947506.2321      -1974.726          25.000  
G04                                                                  18820763.680    77067878.3000      -1165.282          30.000  
> 2026  7 21  3 16 30.9950000  0 33                           
E29  23585035.281   123940196.0001      -2577.245          25.000    23585057.119    94967251.5041      -1976.337          25.000  
S35  36645685.339   192574393.2170       -349.178          44.000  
G07  21402978.153   112473406.5330       1716.608          38.000    21402976.825    87641610.8040       1337.588          28.000  
G16  20235649.161   106338929.1230      -3241.466          26.000                                                                  
G08  19294273.334   101392099.8410       1944.005          24.000                                                                  
C37  20916689.832   108918692.8481      -1019.473          23.000                                                                  
C32  23656838.996   123187368.5631      -3667.794          26.000                                                                  
C20  21418364.168   111531102.5040      -1552.976          45.000                                                                  
C38  24050961.796   125239669.4221      -1063.892          24.000                                                                  
R16  18790370.279   100374784.7381      -1647.833          18.000    18790348.035    78069184.6881      -1270.181          19.000  
R05  20815586.371   111271237.8911      -4721.089          22.000    20815553.371    86544186.4190      -3674.431          27.000  
R17  21442908.203   114745374.1350       -111.172          29.000    21442896.210    89246319.4831        -86.874          25.000  
R15  21864983.664   116839842.9671      -3150.848          15.000                                                                  
R09  19683061.555   105106449.8711       1146.124          19.000    19683056.486    81749465.4810        890.267          42.000  
R06  18189112.029    97060625.5050      -2083.632          45.000    18189112.082    75491569.5610      -1620.137          40.000  
G26  22936911.869   120534284.4701      -3511.354          23.000                                                                  
G27  19234275.085   101076781.5730       -310.120          30.000                                                                  
S31  36204615.064   190256539.1140       -345.475          35.000  
S33  36907263.924   193948995.3100       -346.861          45.000  
E27  25574721.456   134396067.5401      -2829.743          26.000    25574713.294   102978774.6900      -2167.283          28.000  
C12  21318804.017   111012646.6660       -378.468          39.000                                                                  
C13  23495617.036   122347843.1381        220.905          22.000                                                                  
C28  22705167.508   118231784.3080       1464.164          29.000                                                                  
C19  23005002.806   119793099.0920       1145.682          40.000                                                                  
R07  19981930.675   106964975.4740       2561.936          38.000    19981928.097    83194861.2090       1992.134          35.000  
R18  21216141.756   113253204.8241       2387.790          23.000    21216136.714    88085804.5681       1855.275          22.000  
E04  24546782.735   128994189.3540       2071.931          37.000    24546785.154    98839757.2680       1587.884          37.000  
E21  22170731.313   116507960.5590      -1195.491          33.000    22170750.085    89272423.0621       -923.434          20.000  
E28  22739448.448   119496582.4730       1212.455          39.000    22739455.250    91562348.5960        929.304          40.000  
E19  20813452.607   109375455.8640       -263.556          25.000    20813460.355    83807179.1671       -196.762          21.000  
G09  18982828.473    99755550.1740        691.558          46.000    18982829.202    77731520.3340        539.551          33.000  
E23  23096098.472   121370785.5690       1207.520          43.000    23096102.298    92998460.3700        925.292          39.000  
G04                                                                  18823613.064    77079547.4790      -1169.162          30.000  
> 2026  7 21  3 16 40.9950000  0 33                           
E29  23589942.278   123965983.1491      -2583.162          25.000    23589965.124    94987013.9861      -1979.691          25.000  
S35  36646350.759   192577890.4000       -351.391          44.000  
G07  21399713.014   112456247.6280       1713.920          38.000    21399711.039    87628240.3010       1335.287          28.000  
G16  20241833.255   106371551.2691      -3246.570          22.000                                                                  
G08  19290567.974   101372696.6940       1936.753          25.000                                                                  
C37  20918657.515   108928938.7050      -1020.436          27.000                                                                  
C32  23663880.496   123224034.7601      -3670.783          26.000                                                                  
C20  21421352.239   111546663.6670      -1560.412          45.000                                                                  
C38  24053002.982   125250298.0121      -1068.618          23.000                                                                  
R05  20824440.787   111318569.6921      -4736.079          19.000    20824395.676    86580947.5150      -3678.209          26.000  
R17  21443122.602   114746535.1140       -122.150          27.000                                                                  
R15  21870891.799   116871413.9381      -3153.462          22.000                                                                  
R09  19680911.811   105094970.9161       1139.892          25.000    19680916.158    81740577.1110        886.596          43.000  
R06  18193025.363    97081509.2930      -2094.388          45.000    18193025.695    75507812.5100      -1628.839          39.000  
G26  22943625.459   120569565.0351      -3525.673          20.000                                                                  
G27  19234874.899   101079949.7510       -319.822          30.000                                                                  
S31  36205273.306   190259998.3670       -347.486          35.000  
S33  36907925.298   193952471.0140       -349.350          44.000  
E27  25580102.781   134424347.0071      -2831.957          25.000    25580098.410   103000457.1650      -2169.753          28.000  
C12  21319536.529   111016463.7190       -386.063          38.000                                                                  
C13  23495210.342   122345725.1741        206.926          14.000                                                                  
C28  22702359.537   118217168.2690       1458.494          27.000                                                                  
C19  23002807.290   119781669.5860       1138.551          41.000                                                                  
R07  19977151.821   106939394.9020       2553.114          38.000    19977150.131    83174965.1750       1985.908          36.000  
R18  21211660.741   113229284.8791       2378.603          21.000    21211673.886    88067276.4041       1855.306          23.000  
E04  24542842.340   128973482.4610       2068.030          37.000    24542844.727    98823890.9980       1584.790          37.000  
G04  18826486.281    98933853.0201      -1506.965          25.000    18826475.706    77091270.8790      -1175.899          29.000  
E21  22173011.199   116519940.2020      -1201.023          33.000    22173028.685    89281598.2201       -928.411          20.000  
E28  22737144.778   119484476.3880       1207.372          39.000    22737151.638    91553072.5330        925.264          40.000  
E19  20813960.665   109378123.2880       -270.164          25.000    20813970.527    83809233.7771       -203.828          21.000  
G09  18981519.698    99748673.9070        682.656          45.000    18981520.795    77726162.2610        531.521          32.000  
E23  23093804.121   121358729.4910       1202.504          43.000    23093808.078    92989222.6230        921.489          38.000  
R16                                                                  18793425.675    78081971.2541      -1274.262          18.000  
> 2026  7 21  3 16 50.9950000  0 32                           
E29  23594871.544   123991886.3621      -2595.958          25.000    23594891.752    95006851.7271      -1987.920          25.000  
S35  36647027.570   192581447.9460       -360.428          44.000  
G07  21396459.217   112439148.7650       1705.194          38.000    21396457.142    87614916.4970       1329.021          27.000  
G16  20248052.123   106404231.9281      -3246.993          21.000                                                                  
G08  19286895.743   101353320.7631       1921.678          23.000                                                                  
C37  20920627.907   108939191.6360      -1030.395          28.000                                                                  
C32  23670938.539   123260788.0071      -3680.490          26.000                                                                  
C20  21424362.448   111562336.5610      -1574.189          46.000                                                                  
C38  24055046.307   125260937.7131      -1076.364          19.000                                                                  
R16  18796518.657   100407619.5070      -1653.071          28.000    18796509.229    78094782.9561      -1279.338          16.000  
R05  20833300.992   111365933.3601      -4738.588          22.000    20833251.354    86617774.5050      -3687.596          26.000  
R17  21443364.524   114747834.8080       -138.174          25.000    21443383.224    89248346.9401       -107.447          24.000  
R15  21876809.139   116903034.8991      -3155.007          23.000                                                                  
R09  19678792.021   105083626.5660       1127.991          30.000    19678792.683    81731755.6910        877.526          43.000  
R06  18196966.255    97102538.4110      -2111.571          45.000    18196966.604    75524168.5050      -1642.510          39.000  
G26  22950348.210   120604893.1691      -3539.741          19.000                                                                  
G27  19235486.787   101083235.4430       -335.718          28.000                                                                  
S31  36205942.968   190263518.0460       -355.920          35.000  
S33  36908598.059   193956005.5660       -357.983          44.000  
E27  25585491.875   134452666.6761      -2839.698          24.000    25585494.353   103022186.4390      -2175.896          29.000  
C12  21320290.494   111020396.4530       -400.457          38.000                                                                  
C13  23494793.295   122343554.1421        210.718          17.000                                                                  
C19  23000633.759   119770349.6200       1125.153          41.000                                                                  
R07  19972396.522   106913939.3630       2538.069          38.000    19972395.987    83155166.4200       1974.237          37.000  
R18  21207213.578   113205545.5331       2366.204          23.000    21207229.557    88048824.0941       1846.941          21.000  
E04  24538916.359   128952850.8950       2057.751          37.000    24538918.490    98808082.4090       1576.875          37.000  
G04  18829379.550    98949032.3550      -1524.529          28.000    18829362.343    77103090.0810      -1187.810          28.000  
E21  22175308.132   116532006.3560      -1212.607          32.000    22175320.765    89290826.7291       -930.407          20.000  
E28  22734858.490   119472459.2330       1195.896          40.000    22734864.899    91543864.5910        916.234          40.000  
E19  20814488.098   109380890.9710       -282.491          25.000    20814497.044    83811353.9611       -215.620          22.000  
G09  18980234.483    99741920.5470        667.778          45.000    18980235.839    77720899.9010        520.083          32.000  
E23  23091526.630   121346761.4010       1191.026          43.000    23091530.371    92980052.3090        912.625          38.000  
> 2026  7 21  3 17  0.9950000  0 29                           
E29  23599811.459   124017845.5851      -2608.168          23.000    23599841.428    95026781.4711      -1997.727          25.000  
S35  36647722.679   192585099.7910       -370.418          44.000  
G07  21393223.846   112422145.2090       1694.918          39.000    21393221.187    87601666.9980       1320.535          26.000  
G08  19283262.589   101334228.1741       1905.818          23.000                                                                  
C37  20922598.914   108949552.6160      -1041.972          26.000                                                                  
C32  23678014.452   123297634.5821      -3690.615          24.000                                                                  
C20  21427400.610   111578156.0810      -1589.910          46.000                                                                  
C27  23697345.314   123398295.5920       2476.917          27.000                                                                  
R16  18799623.757   100424213.4950      -1665.390          28.000    18799620.876    78107710.8501      -1301.589          18.000  
R05  20842181.719   111413405.2671      -4735.106          15.000    20842130.927    86654667.7270      -3696.671          27.000  
R17  21443638.964   114749309.1330       -157.188          26.000                                                                  
R15  21882737.830   116934715.2331      -3167.014          23.000                                                                  
R09  19676689.280   105072406.6490       1114.799          32.000    19676691.542    81723029.1360        867.297          44.000  
R06  18200940.926    97123748.5190      -2130.463          45.000    18200941.435    75540665.2520      -1657.386          39.000  
G27  19236141.590   101086583.0400       -354.983          29.000                                                                  
S31  36206630.649   190267132.3370       -366.847          35.000  
S33  36909288.854   193959636.2850       -368.332          44.000  
E27  25590892.577   134481047.6491      -2850.951          24.000    25590908.655   103043989.6760      -2184.658          28.000  
C12  21321074.278   111024479.7340       -416.512          39.000                                                                  
C19  22998488.329   119759174.1620       1109.584          41.000                                                                  
R07  19967671.201   106888644.8920       2520.726          38.000    19967671.205    83135492.9640       1960.596          37.000  
R18  21202790.832   113181937.0621       2354.072          22.000    21202812.008    88030482.8901       1828.083          22.000  
E04  24535011.129   128932329.9600       2045.584          36.000    24535013.179    98792358.6060       1567.103          36.000  
G04  18832298.182    98964358.5070      -1541.123          29.000    18832278.609    77115032.4710      -1200.124          28.000  
E21  22177626.517   116544194.1610      -1225.521          31.000    22177635.793    89300148.3971       -931.041          18.000  
E28  22732595.491   119460566.2390       1182.265          40.000    22732601.609    91534751.7860        906.135          41.000  
E19  20815042.019   109383783.6731       -297.459          26.000    20815049.413    83813578.2991       -233.928          21.000  
G09  18978979.095    99735325.4010        651.128          45.000    18978980.879    77715760.8510        507.380          33.000  
E23  23089272.927   121334916.4970       1177.744          43.000    23089275.937    92970976.3780        902.139          38.000  
> 2026  7 21  3 17 10.9950000  0 30                           
E29  23604785.764   124043986.3711      -2622.245          23.000    23604817.962    95046820.2481      -2010.133          24.000  
S35  36648437.690   192588858.0710       -380.784          44.000  
G07  21390008.545   112405247.2930       1685.472          39.000    21390004.584    87588499.8400       1312.595          25.000  
G08  19279650.017   101315243.7681       1893.777          22.000                                                                  
C37  20924616.938   108960031.3330      -1052.985          29.000                                                                  
C32  23685113.545   123334600.8451      -3706.515          22.000                                                                  
C20  21430468.578   111594132.4290      -1604.706          46.000                                                                  
C27  23692607.597   123373579.1750       2467.321          28.000                                                                  
R16  18802743.130   100440933.4800      -1678.542          30.000    18802751.082    78120716.3551      -1294.554          15.000  
R05  20851083.145   111460988.2571      -4765.439          19.000    20851034.931    86691680.0361      -3706.916          26.000  
R17  21443943.091   114750870.8921       -176.194          20.000                                                                  
R15  21888682.134   116966480.4541      -3178.829          21.000                                                                  
R09  19674613.334   105061319.0630       1102.794          36.000    19674615.364    81714405.5030        857.748          44.000  
R06  18204951.726    97145150.1420      -2148.839          45.000    18204952.418    75557310.9610      -1671.674          39.000  
G27  19236843.879   101090218.7900       -372.156          32.000                                                                  
S31  36207338.290   190270852.3890       -376.953          35.000  
S33  36909999.772   193963371.9470       -378.003          44.000  
E27  25596317.176   134509554.4251      -2862.071          23.000    25596342.941   103065874.5910      -2191.993          28.000  
C12  21321889.427   111028723.8060       -431.956          40.000                                                                  
C28  22694122.178   118174157.3730       1419.187          26.000                                                                  
C19  22996372.101   119748153.5090       1094.971          41.000                                                                  
R07  19962978.233   106863522.2300       2504.069          39.000    19962978.538    83115953.1330       1947.584          38.000  
R18  21198404.985   113158524.6691       2340.639          21.000    21198414.717    88012225.9231       1817.462          20.000  
E04  24531129.321   128911930.0610       2034.457          36.000    24531130.918    98776727.5340       1558.647          36.000  
G04  18835238.305    98979853.1540      -1557.249          29.000    18835225.905    77127106.2940      -1213.563          27.000  
E21  22179967.917   116556514.0040      -1237.554          30.000    22179977.043    89309576.4111       -951.193          19.000  
E28  22730357.879   119448807.8600       1169.816          40.000    22730363.917    91525742.1480        896.191          41.000  
E19  20815618.425   109386813.0801       -311.315          26.000    20815628.911    83815911.7101       -235.215          23.000  
G09  18977755.979    99728898.9220        635.040          45.000    18977757.880    77710753.2150        495.029          33.000  
E23  23087044.935   121323205.1810       1165.129          43.000    23087047.400    92962002.8120        892.521          38.000  
> 2026  7 21  3 17 20.9950000  0 30                           
E29  23609790.156   124070284.2671      -2631.850          22.000    23609816.935    95066948.5351      -2012.039          22.000  
S35  36649169.693   192592704.2220       -388.209          44.000  
G07  21386810.228   112388438.1810       1677.089          39.000    21386805.149    87575401.7960       1306.948          25.000  
G08  19276079.222   101296479.4541       1876.314          26.000                                                                  
C37  20926651.951   108970611.2850      -1062.878          32.000                                                                  
C32  23692227.157   123371643.2361      -3723.123          21.000                                                                  
C20  21433563.885   111610248.8610      -1618.060          46.000                                                                  
C27  23687877.668   123348949.0110       2459.338          29.000                                                                  
R16  18805897.550   100457761.9710      -1687.374          34.000    18805911.417    78133846.0531      -1323.792          10.000  
R05  20860009.325   111508704.7211      -4772.527          15.000    20859959.459    86728784.9481      -3716.546          26.000  
R17  21444265.656   114752596.4961       -194.552          23.000    21444311.706    89252211.2141       -147.337          26.000  
R15  21894637.938   116998306.7801      -3181.354          22.000                                                                  
R09  19672559.947   105050347.0020       1092.422          39.000    19672560.738    81705871.6860        849.365          44.000  
R06  18208995.395    97166725.9590      -2165.605          44.000    18208995.723    75574092.1360      -1684.754          39.000  
G27  19237568.830   101094016.7530       -387.231          31.000                                                                  
S31  36208062.763   190274660.7930       -384.347          35.000  
S33  36910727.487   193967196.6520       -386.185          44.000  
E27  25601774.584   134538232.8741      -2869.395          25.000    25601796.045   103087828.3230      -2198.538          29.000  
C12  21322732.463   111033111.9230       -445.510          39.000                                                                  
C28  22691393.434   118160016.9880       1408.229          26.000                                                                  
C19  22994282.066   119737270.9730       1082.289          41.000                                                                  
R07  19958313.785   106838554.5150       2489.679          38.000    19958314.393    83096533.7830       1936.836          38.000  
R18  21194042.325   113135236.4541       2322.653          19.000    21194044.742    87994083.1001       1809.627          22.000  
E04  24527266.858   128891634.3440       2024.785          36.000    24527268.704    98761176.2770       1551.683          36.000  
G04  18838213.761    98995499.3790      -1571.253          28.000    18838202.937    77139298.1550      -1224.641          28.000  
E21  22182334.879   116568949.0010      -1248.654          28.000    22182341.661    89319097.5941       -961.840          21.000  
E28  22728143.316   119437167.2400       1158.846          40.000    22728148.713    91516822.7170        887.984          41.000  
E19  20816230.218   109390029.3930       -323.988          27.000    20816233.464    83818346.1361       -246.935          23.000  
G09  18976561.806    99722624.2370        620.432          45.000    18976563.746    77705863.8490        483.283          32.000  
E23  23084838.879   121311610.5390       1154.284          43.000    23084841.031    92953118.6230        884.446          38.000  
> 2026  7 21  3 17 30.9950000  0 30                           
E29  23614820.923   124096720.8641      -2640.871          25.000    23614835.838    95087157.9771      -2011.515          21.000  
S35  36649915.821   192596625.0710       -395.606          44.000  
G07  21383625.881   112371704.3790       1669.819          39.000    21383621.141    87562362.5880       1300.261          25.000  
G08  19272531.548   101277835.9591       1862.414          24.000                                                                  
C37  20928700.802   108981278.7910      -1070.756          30.000                                                                  
C32  23699349.906   123408733.4171      -3714.897          23.000                                                                  
C20  21436683.381   111626491.8590      -1630.464          46.000                                                                  
C27  23683161.874   123324391.4460       2451.821          31.000                                                                  
R16  18809067.894   100474685.4760      -1696.492          35.000    18809076.213    78146995.7421      -1320.368          20.000  
R05  20868949.704   111556496.2011      -4782.942          18.000    20868901.854    86765964.0731      -3721.572          26.000  
R17  21444632.663   114754560.1351       -205.483          26.000    21444676.088    89253727.7381       -159.947          24.000  
R15  21900606.866   117030202.6641      -3198.853          19.000                                                                  
R09  19670524.662   105039476.4540       1082.080          39.000    19670525.216    81697416.8020        841.736          44.000  
R06  18213068.733    97188462.1470      -2181.522          44.000    18213068.985    75590998.0340      -1696.656          39.000  
G26  22977336.038   120746715.2681      -3563.335          19.000                                                                  
G27  19238321.418   101097963.5490       -402.026          32.000                                                                  
S31  36208801.845   190278544.0930       -391.731          35.000  
S33  36911469.475   193971095.3890       -393.501          44.000  
E27  25607244.281   134566976.5671      -2876.118          25.000    25607262.560   103109840.4200      -2203.945          29.000  
C12  21323600.598   111037630.6960       -458.148          39.000                                                                  
C19  22992216.003   119726513.2380       1069.879          41.000                                                                  
R07  19953675.804   106813727.7540       2475.664          40.000    19953676.556    83077224.0980       1925.433          38.000  
R18  21189694.892   113112029.7591       2310.404          16.000    21189692.918    87976015.1491       1799.755          21.000  
E04  24523421.968   128871429.3710       2016.022          36.000    24523423.688    98745694.5690       1544.836          35.000  
G04  18841217.861    99011283.6540      -1584.801          29.000    18841208.721    77151597.5880      -1235.448          29.000  
E21  22184717.101   116581485.4660      -1258.026          27.000    22184724.625    89328692.7071       -960.750          20.000  
E28  22725947.774   119425630.9120       1148.610          40.000    22725953.438    91507983.1980        880.106          41.000  
E19  20816858.827   109393321.7220       -334.509          28.000    20816859.896    83820868.5481       -260.581          23.000  
G09  18975393.987    99716487.8940        606.988          45.000    18975395.851    77701082.2880        473.208          32.000  
E23  23082652.009   121300119.0490       1144.131          43.000    23082654.732    92944313.4930        876.754          38.000  
> 2026  7 21  3 17 40.9950000  0 29                           
E29  23619876.913   124123290.6741      -2650.489          26.000    23619876.652    95107455.5031      -2034.010          21.000  
S35  36650675.344   192600618.8880       -402.543          44.000  
G07  21380455.086   112355043.5760       1662.841          39.000    21380450.187    87549369.2131       1295.154          25.000  
C37  20930765.347   108992031.6230      -1079.545          29.000                                                                  
C32  23706497.315   123445952.1621      -3726.243          25.000                                                                  
C20  21439826.204   111642859.0170      -1642.573          46.000                                                                  
C27  23678459.016   123299904.0360       2446.499          32.000                                                                  
R16  18812254.395   100491701.0830      -1705.827          34.000    18812264.549    78160242.4481      -1338.359          20.000  
R05  20877910.481   111604396.4311      -4786.267          18.000    20877863.629    86803224.3591      -3729.352          24.000  
R17  21445034.935   114756699.9210       -220.929          27.000                                                                  
R15  21906572.689   117062082.2421      -3187.219           8.000                                                                  
R09  19668506.208   105028705.0460       1072.545          37.000    19668508.078    81689039.0660        834.195          44.000  
R06  18217171.451    97210356.1130      -2196.997          44.000    18217172.064    75608026.6540      -1708.521          38.000  
G27  19239101.808   101102056.7190       -416.437          32.000                                                                  
S31  36209554.742   190282500.3970       -399.662          34.000  
S33  36912225.295   193975067.4950       -400.484          44.000  
E27  25612732.643   134595818.0301      -2883.726          26.000    25612743.325   103131909.0370      -2209.509          29.000  
C12  21324493.218   111042277.7640       -470.705          38.000                                                                  
C13  23493133.071   122334908.5461        134.603          24.000                                                                  
C19  22990173.322   119715877.9400       1057.902          40.000                                                                  
R07  19949063.823   106789039.8620       2462.018          41.000    19949064.323    83058022.4510       1914.609          38.000  
E04  24519594.095   128851312.7970       2007.901          37.000    24519595.463    98730280.6060       1538.169          35.000  
G04  18844246.593    99027203.5610      -1598.790          29.000    18844240.135    77164002.6780      -1245.362          29.000  
E21  22187114.478   116594120.9900      -1268.287          25.000    22187126.414    89338363.4481       -967.267          20.000  
E28  22723772.049   119414196.5410       1138.452          40.000    22723777.328    91499221.7870        872.854          41.000  
E19  20817506.994   109396726.9790       -345.645          29.000    20817506.345    83823471.0551       -259.313          23.000  
G09  18974252.440    99710487.5230        593.688          45.000    18974253.783    77696406.6990        462.144          32.000  
E23  23080484.101   121288728.2810       1134.454          43.000    23080487.470    92935585.5460        869.450          39.000  
R18                                                                  21185357.092    87958012.8491       1820.461          14.000  
> 2026  7 21  3 17 50.9950000  0 30                           
E29  23624931.260   124149874.8270      -2661.022          28.000    23624937.060    95127831.3481      -2035.292          20.000  
S35  36651448.886   192604681.6070       -409.453          44.000  
G07  21377297.762   112338452.0060       1655.777          40.000    21377294.486    87536446.4181       1294.750          22.000  
G16  20285555.678   106601313.6601      -3317.659          20.000                                                                  
G08  19265490.686   101240836.5341       1836.842          23.000                                                                  
C37  20932845.148   109002865.9930      -1087.185          31.000                                                                  
C23  23756807.643   123707931.4921      -2518.005          19.000                                                                  
C32  23713657.508   123483237.4650      -3733.539          26.000                                                                  
C20  21442992.680   111659346.6170      -1654.747          47.000                                                                  
C27  23673769.812   123275483.3780       2438.739          32.000                                                                  
R16  18815457.560   100508805.0290      -1714.616          36.000    18815460.381    78173520.4631      -1329.499          18.000  
R05  20886879.857   111652342.6631      -4798.254          21.000    20886842.771    86840557.0131      -3730.153          24.000  
R17  21445467.555   114758982.2360       -235.330          29.000                                                                  
R09  19666506.092   105018028.9320       1062.951          38.000    19666508.590    81680735.4650        826.733          44.000  
R06  18221303.028    97232404.0880      -2212.310          43.000    18221303.601    75625175.0990      -1720.501          38.000  
G27  19239908.508   101106292.6200       -431.177          32.000                                                                  
S31  36210320.761   190286524.5470       -405.585          35.000  
S33  36912994.492   193979108.3240       -407.434          44.000  
E27  25618230.201   134624686.4510      -2890.392          27.000    25618237.379   103154031.2490      -2214.703          30.000  
C12  21325409.362   111047049.3940       -483.055          38.000                                                                  
C19  22988153.703   119705361.4640       1045.959          40.000                                                                  
R07  19944477.074   106764487.4750       2448.583          41.000    19944477.284    83038926.1280       1904.736          39.000  
E04  24515782.001   128831280.9930       1999.127          37.000    24515783.069    98714931.5870       1531.803          35.000  
G04  18847301.229    99043255.2570      -1611.513          28.000    18847295.473    77176510.5770      -1255.836          28.000  
E21  22189547.679   116606859.8431      -1278.728          25.000    22189547.578    89348112.6931       -981.101          19.000  
E28  22721614.702   119402860.4330       1128.885          40.000    22721620.151    91490535.7260        864.816          41.000  
E19  20818175.208   109400241.4880       -356.796          30.000    20818175.610    83826166.0631       -275.136          23.000  
G09  18973136.087    99704619.4920        580.530          45.000    18973136.699    77691834.1860        452.694          33.000  
E23  23078335.607   121277434.5870       1124.670          43.000    23078338.509    92926932.0010        861.436          39.000  
R18                                                                  21181041.406    87940095.5931       1798.732          16.000  
> 2026  7 21  3 18  0.9950000  0 32                           
E29  23630001.772   124176529.7460      -2668.541          30.000    23630014.171    95148274.3541      -2045.968          20.000  
S35  36652233.670   192608806.0160       -413.959          44.000  
G07  21374152.310   112321923.0090       1651.215          41.000    21374144.439    87523547.6121       1284.964          17.000  
G16  20291870.477   106634498.5671      -3327.448          22.000                                                                  
G08  19262006.224   101222525.8851       1828.626          24.000                                                                  
C37  20934938.719   109013775.2450      -1093.577          28.000                                                                  
C23  23761547.219   123732611.1351      -2525.359          21.000                                                                  
C32  23720836.080   123520605.6450      -3739.000          28.000                                                                  
C20  21446180.922   111675947.8610      -1664.249          47.000                                                                  
C27  23669092.027   123251122.6730       2434.681          31.000                                                                  
R16  18818676.186   100525990.5350      -1720.782          36.000    18818674.432    78186873.1311      -1335.661          21.000  
R05  20895862.804   111700361.7751      -4808.118          23.000    20895837.359    86877953.1031      -3738.848          25.000  
R17  21445923.884   114761405.9820       -248.281          28.000                                                                  
R15  21918520.192   117125925.9281      -3208.711          22.000                                                                  
R09  19664523.854   105007441.3170       1055.585          39.000    19664525.612    81672500.6340        821.362          44.000  
R06  18225461.619    97254599.1810      -2225.185          42.000    18225462.582    75642437.9500      -1730.888          38.000  
G27  19240740.494   101110664.2980       -442.310          32.000                                                                  
S31  36211098.491   190290612.2150       -409.792          35.000  
S33  36913774.989   193983210.6470       -411.874          44.000  
E27  25623741.937   134653621.0470      -2895.541          28.000    25623743.393   103176201.8640      -2218.499          30.000  
C12  21326348.694   111051938.8990       -493.319          38.000                                                                  
C28  22680692.441   118104317.3591       1370.945          27.000                                                                  
C19  22986155.651   119694957.1520       1036.018          40.000                                                                  
R07  19939914.355   106740063.5300       2437.460          41.000    19939914.725    83019929.7490       1895.646          39.000  
E04  24511985.201   128811327.2460       1992.665          37.000    24511985.916    98699642.3620       1527.087          34.000  
G04  18850378.793    99059432.0620      -1622.121          27.000    18850374.396    77189115.9380      -1264.363          28.000  
E21  22191989.695   116619692.3381      -1286.226          24.000    22191984.042    89357923.5751       -984.891          19.000  
E28  22719475.054   119391615.9230       1121.632          40.000    22719480.204    91481919.8030        859.249          42.000  
E19  20818866.185   109403858.4730       -365.289          31.000    20818863.412    83828935.4341       -275.481          24.000  
G09  18972043.557    99698877.0810        569.371          45.000    18972043.627    77687359.5950        443.711          33.000  
E23  23076204.398   121266231.1700       1117.401          43.000    23076206.212    92918347.5600        856.202          39.000  
R18                                                                  21176762.050    87922328.2421       1766.067          19.000  
> 2026  7 21  3 18 10.9950000  0 31                           
E29  23635078.199   124203223.6410      -2670.231          31.000    23635094.309    95168730.0251      -2056.643          21.000  
S35  36653020.765   192612942.5130       -412.560          44.000  
G07  21371008.914   112305405.7150       1652.633          41.000    21370993.031    87510642.9461       1294.013          19.000  
G16  20298201.390   106667768.2271      -3324.993          26.000                                                                  
C37  20937027.697   109024597.3291      -1094.042          22.000                                                                  
C32  23728015.650   123557992.0770      -3738.164          28.000                                                                  
C20  21449381.167   111692612.4660      -1668.055          46.000                                                                  
C27  23664414.283   123226771.8300       2435.878          29.000                                                                  
R16  18821898.936   100543205.9020      -1721.568          35.000    18821904.524    78200293.9381      -1335.481          23.000  
R05  20904856.842   111748440.4091      -4813.872          23.000    20904835.441    86915363.9111      -3743.010          24.000  
R17  21446395.645   114763919.3800       -254.446          28.000                                                                  
R15  21924522.912   117158002.3021      -3201.652          21.000                                                                  
R09  19662548.664   104996890.2130       1054.793          39.000    19662549.898    81664294.2700        820.318          44.000  
R06  18229638.648    97276889.6850      -2232.234          41.000    18229639.452    75659774.9800      -1735.767          38.000  
G27  19241589.325   101115121.2560       -448.224          33.000                                                                  
S31  36211878.411   190294710.2720       -409.663          35.000  
S33  36914558.008   193987325.1760       -410.527          44.000  
E27  25629247.505   134682568.0610      -2894.188          28.000    25629251.449   103198382.0300      -2217.759          30.000  
G31  23743577.908   124773343.6721      -3090.889          19.000                                                                  
C12  21327300.500   111056896.0110       -497.820          37.000                                                                  
C28  22678058.709   118090624.5410       1367.912          28.000                                                                  
C19  22984169.521   119684614.7460       1032.832          39.000                                                                  
R07  19935366.199   106715716.4440       2432.509          42.000    19935366.210    83000993.1290       1891.708          39.000  
E04  24508193.433   128791400.8460       1992.916          38.000    24508193.732    98684374.1190       1527.493          34.000  
G04  18853470.343    99075683.1800      -1627.468          26.000    18853467.384    77201779.2080      -1268.457          26.000  
E21  22194417.229   116632449.3811      -1287.449          23.000    22194427.099    89367760.0721       -985.391          16.000  
E28  22717343.766   119380412.3250       1120.104          40.000    22717348.197    91473335.2340        858.157          42.000  
E19  20819565.722   109407527.1090       -367.149          32.000    20819562.006    83831748.4611       -285.564          23.000  
G09  18970965.097    99693209.5990        564.519          45.000    18970965.328    77682943.4200        439.603          34.000  
E23  23074080.101   121255067.2950       1116.238          43.000    23074081.667    92909793.4560        854.960          39.000  
R18                                                                  21172500.444    87904634.8561       1774.740          24.000  
> 2026  7 21  3 18 20.9950000  0 31                           
E29  23640160.172   124229926.2740      -2670.065          32.000    23640175.744    95189191.4781      -2047.840          22.000  
S35  36653804.212   192617059.6290       -410.366          44.000  
G07  21367862.144   112288870.0920       1654.877          41.000    21367846.235    87497758.3141       1296.446          21.000  
G16  20304513.557   106700938.6371      -3323.596          26.000                                                                  
C37  20939136.224   109035576.4561      -1096.663          21.000                                                                  
C32  23735190.078   123595366.9170      -3736.605          28.000                                                                  
C20  21452587.361   111709310.6170      -1671.113          46.000                                                                  
C27  23659731.913   123202401.0840       2438.577          27.000                                                                  
R16  18825121.495   100560420.5020      -1720.681          34.000    18825127.768    78213685.4041      -1323.493          22.000  
R05  20913855.464   111796542.7491      -4811.840          26.000    20913839.951    86952801.5711      -3742.834          23.000  
R17  21446881.775   114766492.2580       -260.083          28.000                                                                  
R15  21930522.370   117190061.5911      -3194.866          19.000                                                                  
R09  19660573.792   104986345.3780       1054.818          40.000    19660575.189    81656092.7590        820.253          43.000  
R06  18233828.147    97299245.0220      -2238.612          41.000    18233828.715    75677162.4750      -1741.094          38.000  
G27  19242448.390   101119633.4010       -454.095          32.000    19242457.507    78794645.8841       -351.741          23.000  
S31  36212654.713   190298790.0480       -406.555          35.000  
S33  36915337.360   193991420.3250       -408.184          44.000  
E27  25634757.178   134711497.3550      -2891.777          28.000    25634756.730   103220548.6340      -2215.789          30.000  
G31  23749496.181   124804443.9351      -3095.825          23.000                                                                  
C12  21328259.387   111061890.8900       -500.665          36.000                                                                  
C28  22675429.442   118076950.3520       1366.866          29.000                                                                  
C19  22982188.956   119674304.6060       1030.051          38.000                                                                  
R07  19930826.719   106691415.6010       2427.965          43.000    19930826.334    82982092.4720       1888.633          39.000  
E04  24504400.934   128771471.8460       1993.350          38.000    24504401.404    98669103.8810       1527.398          34.000  
G04  18856569.457    99091978.5160      -1631.214          26.000    18856569.790    77214476.8240      -1270.620          26.000  
E21  22196872.721   116645353.0651      -1285.986          26.000    22196881.270    89377641.9071       -974.213          15.000  
E28  22715214.583   119369219.6440       1118.979          40.000    22715218.423    91464759.0210        857.487          42.000  
E19  20820269.086   109411217.5510       -369.389          32.000    20820264.829    83834578.8951       -281.216          23.000  
G09  18969895.387    99687587.0580        560.449          45.000    18969895.345    77678562.2130        436.589          34.000  
E23  23071956.560   121243912.9330       1115.244          42.000    23071959.406    92901246.5950        854.709          40.000  
R18                                                                  21168233.336    87886918.7061       1775.114          23.000  
> 2026  7 21  3 18 30.9950000  0 32                           
E29  23645242.470   124256636.0190      -2671.683          31.000    23645258.224    95209655.7671      -2041.422          23.000  
S35  36654583.802   192621156.0850       -409.608          44.000  
G07  21364711.663   112272314.5770       1655.711          42.000    21364697.969    87484865.8571       1288.337          23.000  
G16  20310840.355   106734186.1850      -3325.169          27.000                                                                  
G08  19251577.227   101167721.0771       1815.209          25.000                                                                  
C37  20941250.112   109046583.8451      -1087.827          17.000                                                                  
C32  23742364.232   123632728.3450      -3736.333          28.000                                                                  
C20  21455799.997   111726040.4950      -1675.358          46.000                                                                  
C27  23655045.646   123178029.4670       2439.535          25.000                                                                  
R16  18828343.170   100577632.6580      -1721.975          36.000    18828353.308    78227086.6201      -1335.162          20.000  
R05  20922861.967   111844669.5260      -4813.256          28.000    20922848.543    86990256.2351      -3741.613          22.000  
R17  21447383.192   114769122.2570       -266.826          26.000                                                                  
R15  21936506.757   117222040.4611      -3203.310          11.000                                                                  
R09  19658600.562   104975805.2190       1052.745          41.000    19658601.042    81647894.8680        818.845          43.000  
R06  18238029.094    97321663.3060      -2245.832          41.000    18238030.011    75694598.8980      -1747.000          37.000  
G27  19243317.294   101124198.8750       -459.747          31.000    19243326.546    78798205.3191       -359.005          23.000  
S31  36213427.332   190302848.9390       -405.669          35.000  
S33  36916112.719   193995495.5250       -407.317          44.000  
E27  25640256.164   134740407.1830      -2891.227          28.000    25640258.190   103242700.2510      -2215.076          30.000  
G31  23755396.412   124835449.7311      -3095.307          17.000                                                                  
C12  21329224.943   111066921.8790       -505.925          36.000                                                                  
C28  22672807.934   118063289.1110       1364.949          28.000                                                                  
C19  22980214.199   119664025.0180       1025.503          38.000                                                                  
R07  19926295.434   106667159.9070       2422.383          43.000    19926295.228    82963226.9570       1883.884          39.000  
E04  24500607.872   128751538.5480       1992.420          38.000    24500608.295    98653830.3460       1527.234          34.000  
G04  18859676.402    99108316.4510      -1637.196          26.000    18859679.557    77227207.6080      -1274.817          26.000  
E21  22199342.996   116658271.4750      -1288.079          27.000    22199350.199    89387584.1621       -985.750          17.000  
E28  22713086.522   119358036.1680       1117.220          40.000    22713090.062    91456189.8730        855.998          42.000  
E19  20820973.289   109414928.0090       -372.940          31.000    20820971.415    83837423.5291       -284.029          24.000  
G09  18968833.724    99682007.8020        554.930          44.000    18968833.819    77674214.7380        432.136          35.000  
E23  23069834.393   121232766.2980       1113.507          42.000    23069838.588    92892705.7010        853.184          40.000  
R18                                                                  21163971.731    87869224.8251       1777.507          24.000  
> 2026  7 21  3 18 40.9950000  0 32                           
E29  23650326.527   124283364.8420      -2672.552          30.000    23650345.158    95230139.3771      -2052.904          24.000  
S35  36655361.865   192625244.7890       -407.268          44.000  
G07  21361560.101   112255751.2050       1657.899          43.000    21361545.298    87471956.7751       1285.636          22.000  
G16  20317189.473   106767442.8560      -3325.097          29.000                                                                  
G08  19248124.440   101149576.4071       1812.450          25.000                                                                  
C37  20943376.576   109057656.7961      -1093.972          17.000                                                                  
C32  23749534.278   123670088.2430      -3734.934          28.000                                                                  
C20  21459021.320   111742814.0290      -1678.511          46.000                                                                  
C27  23650356.107   123153610.3101       2442.519          24.000                                                                  
R16  18831567.917   100594854.4430      -1721.541          37.000    18831575.505    78240473.9851      -1329.049          13.000  
R05  20931870.038   111892809.2490      -4813.354          30.000    20931852.012    87027689.7611      -3741.366          21.000  
R17  21447882.090   114771948.7901       -272.398          22.000                                                                  
R09  19656630.265   104965281.6140       1052.562          42.000    19656630.244    81639709.8350        818.756          43.000  
R06  18242244.775    97344156.7020      -2252.011          41.000    18242245.260    75712093.7630      -1751.929          38.000  
G27  19244198.108   101128829.7860       -465.906          31.000    19244206.631    78801808.6521       -359.292          23.000  
S31  36214198.387   190306899.8690       -403.516          35.000  
S33  36916886.486   193999562.0530       -405.223          44.000  
E27  25645756.531   134769309.5140      -2888.775          28.000    25645758.330   103264846.1850      -2213.429          30.000  
G31  23761286.459   124866402.3511      -3088.481          23.000                                                                  
C12  21330200.409   111072000.8470       -509.075          36.000                                                                  
C13  23491811.331   122328025.4061        103.054          26.000                                                                  
C28  22670195.160   118049652.9510       1363.406          29.000                                                                  
C19  22978248.137   119653787.9040       1022.644          39.000                                                                  
R07  19921774.912   106642961.4820       2418.181          44.000    19921774.518    82944405.9690       1880.791          39.000  
E04  24496815.714   128731613.0510       1993.258          39.000    24496816.300    98638562.8240       1527.025          34.000  
G04  18862795.163    99124708.7780      -1640.681          28.000    18862798.742    77240006.7651      -1278.375          25.000  
E21  22201797.481   116671159.9480      -1288.681          28.000    22201800.909    89397451.8321       -984.799          21.000  
E28  22710962.391   119346874.0510       1116.213          39.000    22710965.992    91447637.0770        855.253          42.000  
E19  20821683.232   109418670.4780       -375.021          31.000    20821681.988    83840284.9641       -288.961          23.000  
G09  18967782.526    99676483.8950        550.817          44.000    18967782.613    77669910.3720        429.314          35.000  
E23  23067717.044   121221639.4720       1112.776          42.000    23067721.155    92884179.9630        852.573          40.000  
R18                                                                  21159710.575    87851533.5941       1766.817          21.000  
> 2026  7 21  3 18 50.9950000  0 33                           
E29  23655410.631   124310090.5560      -2672.656          29.000    23655430.744    95250616.6441      -2048.054          24.000  
S35  36656134.097   192629302.6120       -404.626          44.000  
G07  21358402.855   112239157.8250       1660.834          42.000    21358388.075    87459028.7231       1294.075          24.000  
G16  20323520.306   106800688.2980      -3323.848          29.000                                                                  
G08  19244674.807   101131447.7431       1809.837          27.000                                                                  
C37  20945458.606   109068498.5181      -1090.986          23.000                                                                  
C32  23756701.296   123707424.5260      -3732.586          27.000                                                                  
C20  21462246.640   111759609.1500      -1680.791          46.000                                                                  
C27  23645648.359   123129095.2871       2443.767          22.000                                                                  
R16  18834790.691   100612063.3000      -1720.145          38.000                                                                  
R05  20940871.730   111940939.8530      -4813.121          30.000    20940854.604    87065120.1311      -3743.947          20.000  
R17  21448385.794   114774644.0161       -283.634          16.000                                                                  
R15  21948463.005   117285931.3521      -3186.934          24.000                                                                  
R09  19654658.191   104954751.9330       1052.980          41.000    19654658.164    81631520.0960        819.185          42.000  
R06  18246469.917    97366702.5900      -2257.350          41.000    18246470.271    75729629.4400      -1755.760          38.000  
G27  19245086.961   101133504.0380       -469.593          29.000    19245096.116    78805450.6501       -366.377          21.000  
S31  36214963.267   190310920.1330       -400.569          35.000  
S33  36917654.359   194003598.1650       -402.357          44.000  
E27  25651248.829   134798182.2290      -2886.212          28.000    25651252.102   103286969.3550      -2211.119          29.000  
G31  23767171.262   124897327.2631      -3089.900          18.000                                                                  
C12  21331180.941   111077105.7840       -511.416          36.000                                                                  
C13  23491623.094   122327045.3300        100.256          27.000                                                                  
C28  22667579.291   118036019.8860       1363.064          28.000                                                                  
C19  22976286.624   119643571.3800       1020.559          40.000                                                                  
R07  19917260.937   106618797.5910       2414.344          45.000    19917260.361    82925611.8350       1877.853          40.000  
R18  21155434.426   112929145.4361       2272.950          18.000    21155445.357    87833825.0051       1772.307          21.000  
E04  24493021.456   128711673.2540       1994.637          39.000    24493021.976    98623284.3000       1528.054          34.000  
G04  18865920.847    99141133.4040      -1644.065          29.000    18865922.178    77252797.1061      -1281.549          24.000  
E21  22204236.079   116684043.9550      -1287.972          29.000    22204251.326    89407318.5751       -983.078          23.000  
E28  22708837.296   119335711.1240       1116.056          39.000    22708841.846    91439083.6530        855.406          42.000  
E19  20822395.641   109422422.9140       -375.687          31.000    20822397.710    83843166.8391       -291.389          23.000  
G09  18966737.241    99670993.2190        547.381          43.000    18966737.774    77665631.9540        426.125          35.000  
E23  23065599.340   121210510.2500       1112.973          42.000    23065603.176    92875652.3990        852.696          40.000  
> 2026  7 21  3 19  0.9950000  0 33                           
E29  23660497.098   124336829.7070      -2674.542          27.000    23660520.452    95271110.7381      -2051.255          23.000  
S35  36656903.627   192633346.9620       -404.101          44.000  
G07  21355242.719   112222551.0190       1661.123          41.000    21355229.047    87446092.4871       1290.943          25.000  
G16  20329836.478   106833938.4450      -3325.646          28.000                                                                  
G08  19241231.890   101113370.8780       1804.732          27.000                                                                  
C37  20947544.833   109079353.3160      -1090.684          28.000                                                                  
C32  23763866.938   123744753.6100      -3733.898          27.000                                                                  
C20  21465479.392   111776442.2810      -1685.816          46.000                                                                  
C27  23640947.904   123104619.4961       2441.578          21.000                                                                  
R16  18838013.368   100629276.0340      -1721.642          38.000    18838001.421    78267172.8001      -1339.428          17.000  
R05  20949876.651   111989077.6560      -4812.618          30.000    20949862.098    87102570.4291      -3746.576          19.000  
R17  21448907.203   114777434.4141       -276.092          20.000                                                                  
R15  21954449.360   117317920.0391      -3190.495          25.000                                                                  
R09  19652688.611   104944233.0210       1050.663          42.000    19652688.234    81623338.7330        817.371          42.000  
R06  18250707.881    97389317.8160      -2265.720          40.000    18250709.058    75747219.0070      -1761.777          39.000  
G27  19245986.068   101138238.1710       -476.634          27.000    19246001.256    78809157.4041       -372.232          22.000  
S31  36215725.711   190314926.3130       -400.366          35.000  
S33  36918420.087   194007620.2120       -401.970          44.000  
E27  25656742.651   134827041.8170      -2885.234          28.000    25656743.758   103309082.5610      -2210.599          29.000  
G31  23773052.565   124928233.9871      -3094.396          21.000                                                                  
C12  21332169.800   111082253.2550       -517.044          36.000                                                                  
C13  23491440.477   122326065.7080         96.165          28.000                                                                  
C28  22664967.812   118022406.5000       1360.621          27.000                                                                  
C19  22974332.530   119633391.9740       1015.513          41.000                                                                  
R07  19912756.895   106594685.8380       2407.986          45.000    19912755.966    82906858.2560       1872.915          39.000  
R18  21151191.006   112906493.8821       2268.933          15.000    21151185.413    87816138.0331       1756.832          18.000  
E04  24489227.321   128691735.8520       1993.543          39.000    24489227.968    98608007.6270       1527.364          34.000  
G04  18869055.950    99157606.9170      -1650.314          28.000    18869062.732    77265657.5561      -1286.255          23.000  
E21  22206678.116   116696940.2450      -1290.673          28.000    22206704.013    89417194.3991       -992.651          24.000  
E28  22706715.696   119324564.0870       1113.761          38.000    22706720.607    91430542.4090        853.385          42.000  
E19  20823115.819   109426202.0340       -380.131          32.000    20823115.861    83846058.7761       -293.918          23.000  
G09  18965701.758    99665552.4830        540.848          43.000    18965702.514    77661392.3980        421.084          35.000  
E23  23063484.845   121199395.2700       1110.842          42.000    23063487.764    92867135.7360        851.222          40.000  
> 2026  7 21  3 19 10.9950000  0 34                           
E29  23665584.281   124363484.2481      -2677.042          25.000    23665611.534    95291610.9111      -2047.095          21.000  
S35  36657670.763   192637377.3960       -403.198          44.000  
G07  21352079.696   112205931.6450       1661.913          41.000    21352070.356    87433158.4841       1294.843          27.000  
G16  20336160.546   106867193.8860      -3326.455          28.000                                                                  
G08  19237807.854   101095343.7300       1799.816          28.000                                                                  
C37  20949624.958   109090262.4310      -1091.681          30.000                                                                  
C23  23795420.285   123908997.1751      -2515.590          25.000                                                                  
C32  23771034.576   123782076.0000      -3731.541          26.000                                                                  
C20  21468719.682   111793314.2390      -1689.871          45.000                                                                  
C27  23636260.017   123080207.5411       2453.522          22.000                                                                  
R16  18841236.851   100646493.4510      -1722.745          39.000    18841217.753    78280535.0221      -1342.966          14.000  
R05  20958882.279   112037224.0170      -4815.551          28.000    20958866.484    87140007.0321      -3746.356          19.000  
R17  21449451.201   114780345.4891       -284.098          25.000                                                                  
R15  21960430.069   117349879.2471      -3190.449          26.000                                                                  
R09  19650721.059   104933726.1770       1049.280          42.000    19650720.451    81615166.7650        816.199          42.000  
R06  18254958.692    97412003.0230      -2272.904          41.000    18254960.494    75764863.0730      -1767.726          39.000  
G27  19246902.986   101143165.1150       -482.682          26.000    19246912.478    78812888.6671       -379.803          20.000  
S31  36216485.661   190318919.3620       -399.310          35.000  
S33  36919183.040   194011629.6400       -401.027          44.000  
E27  25662232.038   134855889.1430      -2884.533          28.000    25662233.329   103331186.3470      -2210.435          29.000  
G31  23778936.042   124959152.2621      -3086.538          20.000                                                                  
C12  21333166.499   111087443.9980       -521.994          36.000                                                                  
C13  23491265.305   122325121.2650         92.023          28.000                                                                  
C28  22662357.608   118008813.6170       1357.611          27.000                                                                  
C19  22972385.889   119623250.5620       1011.371          41.000                                                                  
R07  19908262.982   106570626.7880       2402.468          45.000    19908261.306    82888145.7030       1868.456          39.000  
R18  21146928.404   112883739.2571       2263.222          19.000    21146938.145    87798504.6411       1768.725          14.000  
E04  24485433.934   128671801.7520       1992.166          39.000    24485434.740    98592733.4600       1526.676          34.000  
G04  18872199.129    99174130.1000      -1655.616          26.000    18872204.166    77278520.3531      -1282.332          21.000  
E21  22209149.306   116709849.4820      -1292.266          29.000    22209161.727    89427090.5191       -995.005          24.000  
E28  22704596.795   119313433.8200       1111.468          37.000    22704602.697    91422014.0200        851.758          43.000  
E19  20823842.612   109430008.4820       -382.681          32.000    20823838.869    83848969.2291       -296.130          23.000  
G09  18964675.881    99660162.5370        535.691          43.000    18964676.352    77657192.3860        417.971          35.000  
E23  23061373.159   121188295.3810       1108.575          42.000    23061375.652    92858630.6480        849.344          41.000  
> 2026  7 21  3 19 20.9950000  0 33                           
E29  23670683.787   124390282.0151      -2677.915          25.000    23670706.183    95312124.4461      -2051.589          20.000  
S35  36658436.821   192641402.9280       -403.071          44.000  
G07  21348915.924   112189306.8830       1661.557          41.000    21348909.648    87420207.6120       1295.254          28.000  
G16  20342491.187   106900461.8000      -3328.041          29.000                                                                  
G08  19234384.428   101077367.4540       1794.448          27.000                                                                  
C37  20951719.657   109101178.7600      -1092.318          31.000                                                                  
C23  23800246.474   123934128.9961      -2514.337          25.000                                                                  
C32  23778200.669   123819399.0820      -3732.960          25.000                                                                  
C20  21471968.843   111810232.0020      -1694.866          46.000                                                                  
C27  23631583.447   123055855.7391       2445.910          23.000                                                                  
R16  18844462.915   100663722.7390      -1724.360          39.000    18844442.260    78293932.4661      -1343.353          17.000  
R05  20967890.204   112085385.5760      -4817.770          28.000    20967880.252    87177483.5131      -3744.651          17.000  
R17  21450022.368   114783360.5650       -299.801          28.000                                                                  
R15  21966401.067   117381775.8990      -3187.972          27.000                                                                  
R09  19648756.865   104923238.0790       1046.934          40.000    19648756.371    81607009.3860        814.177          42.000  
R06  18259224.542    97434765.3820      -2280.847          41.000    18259226.030    75782567.1270      -1774.041          38.000  
S31  36217244.163   190322906.8990       -399.427          35.000  
S33  36919944.589   194015632.3930       -400.918          44.000  
E27  25667725.753   134884731.2830      -2884.490          29.000    25667721.399   103353286.1620      -2210.678          29.000  
C12  21334173.301   111092685.0910       -527.397          36.000                                                                  
C13  23491098.890   122324219.1670         86.711          27.000                                                                  
C28  22659752.198   117995248.4480       1354.771          26.000                                                                  
C19  22970447.345   119613154.2510       1006.465          41.000                                                                  
R07  19903779.700   106546628.0380       2396.077          45.000    19903778.280    82869480.0210       1863.595          40.000  
R18  21142680.880   112861066.2301       2262.813          21.000    21142698.348    87780901.0071       1734.791          15.000  
E04  24481642.627   128651878.1000       1990.920          39.000    24481643.921    98577467.3150       1525.620          35.000  
G04  18875348.089    99190626.1130      -1661.628          26.000    18875354.072    77291419.3061      -1295.508          23.000  
E21  22211599.938   116722778.7710      -1294.672          29.000    22211621.792    89436996.5801       -985.857          24.000  
E28  22702482.182   119302327.5290       1108.324          37.000    22702489.244    91413503.9900        849.577          41.000  
E19  20824572.933   109433849.6510       -387.105          32.000    20824570.550    83851915.4021       -303.436          23.000  
G09  18963661.101    99654830.5700        529.547          43.000    18963661.829    77653037.6370        412.035          35.000  
E23  23059265.116   121177217.7010       1105.916          43.000    23059267.786    92850142.5670        847.420          40.000  
G27                                                                  19247834.306    78816663.6091       -379.632          19.000  
> 2026  7 21  3 19 30.9950000  0 33                           
E29  23675775.229   124417038.5581      -2683.600          23.000    23675812.682    95332686.0881      -2059.417          19.000  
S35  36659204.451   192645438.0600       -404.121          44.000  
G07  21345754.403   112172693.2300       1660.614          41.000    21345746.340    87407262.0050       1293.660          28.000  
G16  20348828.058   106933758.5390      -3331.477          29.000                                                                  
G08  19230965.945   101059407.9891       1787.607          24.000                                                                  
C37  20953820.650   109112118.6120      -1094.925          33.000                                                                  
C23  23805083.724   123959317.7361      -2515.232          26.000                                                                  
C32  23785371.147   123856738.8200      -3735.439          25.000    24685032.341    99396396.0531      -3025.872          11.000  
C20  21475229.731   111827211.7690      -1701.286          46.000                                                                  
C27  23626885.341   123031391.7651       2445.599          23.000                                                                  
R16  18847693.567   100680980.4610      -1727.365          38.000    18847666.793    78307329.5881      -1342.850          19.000  
R05  20976904.521   112133579.1420      -4821.290          28.000    20976898.570    87214978.6001      -3744.482          19.000  
R17  21450595.883   114786398.7770       -308.753          27.000                                                                  
R15  21972360.281   117413653.7210      -3187.797          27.000                                                                  
R09  19646799.547   104912785.7600       1043.132          40.000    19646799.293    81598879.8260        811.482          41.000  
R06  18263507.634    97457621.5930      -2290.535          41.000    18263509.010    75800344.1890      -1781.221          39.000  
S31  36218004.966   190326904.0800       -399.930          35.000  
S33  36920708.179   194019645.7800       -401.965          44.000  
E27  25673219.117   134913584.5270      -2886.033          29.000    25673212.257   103375394.4340      -2211.347          28.000  
C12  21335192.552   111097992.7880       -534.449          36.000                                                                  
C13  23490946.969   122323375.5140         80.766          25.000                                                                  
C28  22657157.070   117981761.7381       1349.824          23.000                                                                  
C19  22968520.094   119603119.3320       1000.188          41.000                                                                  
R07  19899310.825   106522706.3100       2388.231          45.000    19899309.702    82850874.2350       1857.526          40.000  
R18  21138443.934   112838448.3871       2254.444          19.000    21138459.546    87763302.2411       1765.116          15.000  
E04  24477855.999   128631981.3910       1988.274          39.000    24477857.628    98562221.8090       1523.278          35.000  
G04  18878530.426    99207279.2590      -1669.275          29.000    18878521.238    77304387.7871      -1295.436          25.000  
E21  22214063.877   116735744.5240      -1298.277          29.000    22214088.211    89446927.9941       -997.256          24.000  
E28  22700375.421   119291261.6390       1104.058          36.000    22700383.366    91405024.9330        846.177          43.000  
E19  20825313.391   109437741.8380       -391.774          31.000    20825309.020    83854889.0821       -293.440          23.000  
G09  18962660.425    99649573.0620        521.727          43.000    18962661.193    77648940.8510        406.295          36.000  
E23  23057164.126   121166178.6250       1101.841          43.000    23057166.911    92841684.0770        844.338          41.000  
G27                                                                  19248779.026    78820531.8881       -384.300          19.000  
> 2026  7 21  3 19 40.9950000  0 32                           
E29  23680891.612   124443924.7361      -2689.645          23.000    23680925.254    95353272.6831      -2055.656          20.000  
S35  36659977.479   192649500.0560       -408.110          44.000  
G07  21342597.970   112156106.5380       1657.112          41.000    21342589.457    87394337.3410       1290.835          28.000  
G16  20355172.762   106967099.8520      -3336.820          28.000                                                                  
G08  19227566.379   101041542.8011       1777.122          25.000                                                                  
C37  20955928.916   109123097.7640      -1100.009          33.000                                                                  
C23  23809928.572   123984513.5690      -2519.489          27.000                                                                  
C20  21478505.971   111844269.2620      -1710.247          46.000                                                                  
C27  23622180.504   123006892.2491       2441.089          21.000                                                                  
R16  18850932.756   100698282.8620      -1733.137          38.000    18850909.214    78320800.9741      -1347.564          22.000  
R05  20985927.126   112181820.6920      -4827.086          28.000    20985924.171    87252504.5771      -3754.083          18.000  
R17  21451188.906   114789542.0770       -319.651          27.000                                                                  
R15  21978314.279   117445549.2900      -3190.686          25.000                                                                  
R09  19644851.840   104902385.0580       1037.073          39.000    19644851.769    81590790.4060        806.414          41.000  
R06  18267811.312    97480587.6200      -2302.468          41.000    18267813.029    75818206.6710      -1790.640          39.000  
S31  36218770.731   190330928.4790       -404.213          35.000  
S33  36921476.989   194023685.7450       -405.677          44.000  
E27  25678717.871   134942464.8410      -2890.118          28.000    25678707.560   103397523.4390      -2214.323          28.000  
C12  21336227.344   111103382.8330       -543.533          36.000                                                                  
C13  23490813.953   122322606.2220         74.415          24.000                                                                  
C28  22654578.375   117968334.3301       1337.464          20.000                                                                  
C19  22966608.121   119593161.6380        991.434          41.000                                                                  
R07  19894858.924   106498878.1380       2377.467          44.000    19894858.421    82832341.2000       1849.268          40.000  
R18  21134223.628   112815920.8161       2252.704          20.000    21134258.518    87745860.5331       1733.279          14.000  
E04  24474077.675   128612127.6120       1982.776          39.000    24474080.345    98547009.2130       1519.124          36.000  
G04  18881716.887    99224021.4530      -1679.268          30.000    18881711.890    77317453.0311      -1308.501          27.000  
E21  22216544.053   116748762.5880      -1304.996          29.000    22216566.103    89456904.8161      -1001.195          23.000  
E28  22698280.322   119280252.1580       1097.396          36.000    22698288.085    91396589.0730        841.130          43.000  
E19  20826066.969   109441701.0020       -400.151          31.000    20826062.136    83857921.9481       -307.913          22.000  
G09  18961677.151    99644405.9510        511.741          43.000    18961677.949    77644914.5060        398.721          36.000  
E23  23055073.662   121155194.0690       1095.312          43.000    23055076.667    92833267.3760        839.165          41.000  
G27                                                                  19249746.390    78824492.8951       -388.614          20.000  
> 2026  7 21  3 19 50.9950000  0 33                           
S35  36660754.452   192653583.0740       -408.956          44.000  
G07  21339445.915   112139542.0040       1655.660          41.000    21339435.137    87381429.9290       1290.128          27.000  
G16  20361525.281   107000480.8200      -3339.296          26.000                                                                  
G08  19224217.902   101023836.1920       1770.935          30.000                                                                  
C37  20958043.211   109134111.3790      -1103.214          33.000                                                                  
C23  23814779.637   124009712.4070      -2520.880          28.000                                                                  
C20  21481795.782   111861399.6090      -1716.286          46.000                                                                  
C27  23617466.342   122982344.2281       2435.080          22.000                                                                  
R16  18854178.989   100715624.8720      -1735.847          37.000    18854172.574    78334359.9431      -1350.914          26.000  
R05  20994946.034   112230018.4131      -4831.580          26.000    20994951.811    87290038.0451      -3762.518          16.000  
R17  21451785.759   114792838.7291       -341.287          22.000                                                                  
R15  21984267.293   117477258.1691      -3189.961          23.000                                                                  
R09  19642913.055   104892031.3250       1033.346          38.000    19642912.432    81582737.4910        803.559          40.000  
R06  18272134.796    97503658.4680      -2311.755          41.000    18272136.696    75836150.6700      -1798.342          40.000  
S31  36219540.492   190334973.8470       -404.443          35.000  
S33  36922249.835   194027746.9260       -407.007          44.000  
E27  25684215.656   134971367.3100      -2891.133          27.000    25684207.428   103419669.4320      -2215.010          27.000  
C12  21337277.044   111108850.4290       -550.653          36.000                                                                  
C13  23490710.541   122322293.2371         69.486          22.000                                                                  
C28  22652000.477   117954910.4411       1345.638          19.000                                                                  
C19  22964709.648   119583276.4190        985.314          41.000                                                                  
R07  19890424.493   106475138.6720       2369.984          44.000    19890423.775    82813877.2090       1843.025          40.000  
R18  21130019.351   112793477.8231       2239.435          20.000    21130064.525    87728448.3331       1745.555          15.000  
E04  24470306.738   128592311.9640       1979.878          39.000    24470309.767    98531825.8000       1517.285          36.000  
G04  18884917.533    99240911.3570      -1687.107          29.000    18884913.229    77330562.5181      -1315.214          26.000  
E21  22219035.180   116761828.0820      -1308.611          30.000    22219052.522    89466916.7281      -1006.434          23.000  
E28  22696195.394   119269294.2540       1093.814          37.000    22696202.756    91388192.7430        838.198          43.000  
G21  24144840.942   126881995.1511        503.297          23.000                                                                  
E19  20826831.116   109445722.3160       -404.550          31.000    20826826.267    83860998.3191       -312.363          23.000  
G09  18960710.526    99639324.4570        504.241          44.000    18960710.853    77640954.9080        392.338          36.000  
E23  23052993.307   121144259.1860       1091.499          44.000    23052995.709    92824888.7390        836.332          41.000  
E29                                                                  23686044.478    95373885.7241      -2070.643          21.000  
G27                                                                  19250723.603    78828494.3221       -404.779          20.000  
> 2026  7 21  3 20  0.9950000  0 32                           
S35  36661535.039   192657684.9930       -410.815          44.000  
G07  21336297.547   112122996.9590       1653.884          42.000    21336286.101    87368537.6760       1288.959          28.000  
G16  20367877.352   107033917.8020      -3343.575          27.000                                                                  
G08  19220856.201   101006165.4850       1762.312          30.000                                                                  
C37  20960164.000   109145156.6480      -1105.695          33.000                                                                  
C23  23819632.329   124034929.5720      -2522.564          28.000                                                                  
C32  23806919.920   123968878.6971      -3743.248          25.000                                                                  
C20  21485098.630   111878600.0920      -1723.174          45.000                                                                  
C27  23612778.718   122957934.6301       2434.497          23.000                                                                  
R16  18857432.224   100733003.5630      -1739.421          37.000    18857435.092    78347914.2331      -1353.033          25.000  
R05  21003984.468   112278333.7091      -4834.374          26.000                                                                  
R17  21452390.670   114796075.1991       -337.449          13.000                                                                  
R15  21990229.005   117509115.7231      -3192.044          26.000                                                                  
R09  19640982.014   104881721.3550       1029.300          38.000    19640981.378    81574718.6270        800.289          39.000  
R06  18276477.742    97526831.2440      -2322.333          42.000    18276479.552    75854173.9200      -1806.221          40.000  
G27  19251713.973   101168385.5420       -527.610          28.000    19251716.814    78832561.3851       -409.156          17.000  
S31  36220314.057   190339038.4000       -407.155          35.000  
S33  36923026.347   194031827.0920       -408.522          44.000  
E27  25689719.980   135000289.0810      -2893.401          27.000    25689710.647   103441830.2380      -2216.391          27.000  
C12  21338341.223   111114392.8200       -557.810          36.000                                                                  
C13  23490582.490   122321626.4501         64.865          21.000                                                                  
C19  22962825.096   119573461.0010        978.287          42.000    22962259.562    92459503.5671        938.545          10.000  
R07  19886005.666   106451485.0730       2361.364          43.000    19886004.868    82795479.9500       1836.577          40.000  
R18  21125843.235   112771185.1951       2230.584          20.000    21125867.787    87711023.3221       1742.765          15.000  
E04  24466542.550   128572531.7320       1976.476          39.000    24466545.875    98516669.5600       1514.318          37.000  
G04  18888133.951    99257812.6640      -1694.094          31.000    18888127.842    77343725.2541      -1320.044          27.000  
E21  22221531.294   116774938.2020      -1313.243          31.000    22221546.321    89476958.7861      -1004.890          23.000  
E28  22694120.075   119258385.2480       1088.733          38.000    22694126.676    91379833.8890        834.380          43.000  
E19  20827607.252   109449802.9840       -410.624          31.000    20827603.485    83864128.1451       -314.643          24.000  
G09  18959759.755    99634325.9040        495.958          44.000    18959759.733    77637059.9180        386.561          36.000  
E23  23050922.021   121133371.2660       1086.617          44.000    23050924.041    92816546.0670        832.674          41.000  
E29                                                                  23691174.909    95394543.8371      -2068.540          23.000  
> 2026  7 21  3 20 10.9950000  0 31                           
S35  36662318.072   192661799.8120       -413.240          44.000  
G07  21333151.630   112106465.1060       1651.263          42.000    21333142.790    87355655.7180       1286.844          28.000  
G16  20374264.274   107067366.3010      -3347.516          28.000                                                                  
G08  19217504.661   100988564.4360       1755.804          29.000                                                                  
C37  20962290.170   109156227.4500      -1109.598          34.000                                                                  
C23  23824457.667   124060158.7560      -2524.022          26.000                                                                  
C32  23814107.586   124006307.1511      -3746.551          24.000                                                                  
C20  21488414.384   111895864.4140      -1730.599          44.000                                                                  
C27  23608107.362   122933609.9051       2435.475          26.000                                                                  
R16  18860690.778   100750412.6430      -1743.210          37.000    18860687.578    78361427.6641      -1356.635          22.000  
R05  21013035.479   112326693.7090      -4837.778          26.000                                                                  
R15  21996223.088   117541046.6400      -3194.188          28.000                                                                  
R09  19639058.218   104871449.0510       1024.408          38.000    19639057.526    81566729.0390        796.862          38.000  
R06  18280838.264    97550099.5220      -2332.781          42.000    18280840.511    75872271.4550      -1814.348          38.000  
G27  19252727.379   101173765.0030       -537.287          29.000    19252723.816    78836684.6351       -409.300          16.000  
S31  36221089.432   190343114.9350       -409.458          35.000  
S33  36923805.038   194035919.7050       -410.999          44.000  
E27  25695223.542   135029223.9500      -2895.034          26.000    25695216.543   103464001.1160      -2218.361          27.000  
C12  21339418.606   111120003.8370       -566.050          37.000                                                                  
C13  23490412.870   122320743.5391         51.546          24.000                                                                  
C19  22960953.189   119563709.2150        970.797          42.000                                                                  
R07  19881601.382   106427911.1940       2352.231          42.000    19881600.970    82777144.7090       1829.326          39.000  
R18  21121670.386   112748910.3141       2225.949          15.000    21121699.668    87693718.3101       1731.023          19.000  
E04  24462783.982   128552780.8060       1972.550          39.000    24462787.784    98501535.7440       1511.285          37.000  
G04  18891367.412    99274795.6330      -1703.726          33.000    18891360.901    77356958.7380      -1326.852          26.000  
E21  22224036.448   116788086.6460      -1317.791          31.000    22224047.345    89487029.2641      -1012.983          23.000  
E28  22692053.564   119247518.9790       1083.297          39.000    22692058.596    91371507.7870        830.048          43.000  
E19  20828393.732   109453936.9970       -417.100          31.000    20828391.964    83867303.2581       -317.960          24.000  
G09  18958823.634    99629404.0690        487.168          45.000    18958823.163    77633224.7290        379.784          36.000  
E23  23048857.883   121122524.0170       1081.498          44.000    23048859.823    92808234.5690        828.634          42.000  
E29                                                                  23696305.762    95415203.6661      -2073.081          23.000  
> 2026  7 21  3 20 20.9950000  0 31                           
E29  23701440.399   124551909.2921      -2713.033          24.000    23701454.383    95435934.8651      -2079.747          23.000  
S35  36663110.483   192665965.1800       -420.663          44.000  
G07  21330015.741   112089985.1180       1643.738          42.000    21330012.073    87342814.2400       1281.160          30.000  
G16  20380645.691   107100883.9300      -3357.387          25.000                                                                  
G08  19214174.412   100971072.0610       1742.251          29.000                                                                  
C37  20964428.353   109167362.0650      -1118.776          33.000                                                                  
C23  23829297.794   124085438.4470      -2532.260          26.000                                                                  
C20  21491749.387   111913230.8240      -1743.444          44.000                                                                  
C27  23603442.157   122909284.3220       2429.363          27.000                                                                  
R16  18863962.542   100767891.3250      -1752.979          37.000    18863958.395    78375016.8951      -1363.278          25.000  
R05  21022087.934   112375123.7510      -4848.116          27.000                                                                  
R17  21453684.938   114803000.9001       -362.281          14.000                                                                  
R15  22002227.366   117573011.9370      -3200.294          28.000                                                                  
R09  19637149.451   104861253.7090       1014.160          38.000    19637148.007    81558799.2870        788.676          39.000  
R06  18285223.953    97573502.3820      -2348.754          42.000    18285226.163    75890473.6730      -1826.526          40.000  
G27  19253754.170   101179211.3540       -552.196          30.000    19253743.812    78840862.1891       -426.028          13.000  
S31  36221875.010   190347243.2830       -417.144          35.000  
S33  36924593.456   194040063.4750       -418.519          44.000  
E27  25700739.388   135058210.4900      -2902.717          25.000    25700731.626   103486211.5990      -2225.066          26.000  
C12  21340517.071   111125721.6470       -578.847          38.000                                                                  
C13  23490318.212   122320250.8831         39.930          26.000                                                                  
C19  22959100.072   119554059.3860        958.392          41.000                                                                  
R07  19877219.197   106404456.7040       2337.693          42.000    19877219.418    82758902.3120       1818.510          40.000  
R18  21117511.808   112726711.3301       2204.950          15.000    21117545.794    87676472.4601       1720.306          20.000  
E04  24459038.529   128533097.7970       1963.511          39.000    24459042.397    98486453.9770       1504.409          38.000  
G04  18894621.023    99291892.2650      -1717.137          32.000    18894613.245    77370280.8610      -1338.099          26.000  
E21  22226555.697   116801311.9640      -1327.878          30.000    22226565.301    89497167.5321      -1015.732          24.000  
E28  22690001.786   119236734.0450       1072.796          40.000    22690006.184    91363243.9920        821.980          42.000  
E19  20829196.970   109458162.9060       -429.391          31.000    20829197.501    83870546.2141       -328.723          26.000  
G09  18957909.218    99624597.6250        473.283          45.000    18957908.516    77629479.4610        368.513          36.000  
E23  23046808.390   121111756.0730       1071.324          43.000    23046810.731    92799983.8310        820.805          42.000  
> 2026  7 21  3 20 30.9950000  0 30                           
E29  23706615.615   124579105.8681      -2721.627          24.000    23706630.926    95456778.1741      -2081.387          24.000  
S35  36663918.531   192670211.1020       -428.363          44.000  
G07  21326895.434   112073586.0930       1636.047          42.000    21326892.112    87330035.8260       1274.611          31.000  
G08  19210871.236   100953717.3690       1730.054          30.000                                                                  
C37  20966583.943   109178589.1850      -1127.907          31.000                                                                  
C23  23834163.338   124110742.7511      -2540.679          25.000                                                                  
C20  21495109.256   111930728.0430      -1756.129          44.000                                                                  
C27  23598791.781   122885031.8150       2421.399          28.000                                                                  
R16  18867252.830   100785469.0540      -1762.384          36.000    18867250.956    78388696.5031      -1370.747          25.000  
R05  21031167.746   112423655.7850      -4858.230          27.000                                                                  
R17  21454383.565   114806739.7611       -373.882          10.000    21454347.569    89293980.5801       -290.703          16.000  
R15  22008231.334   117605049.9090      -3207.154          27.000                                                                  
R09  19635260.665   104851164.6560       1003.460          37.000    19635259.050    81550952.2170        780.695          40.000  
R06  18289640.471    97597069.2580      -2364.481          42.000    18289642.535    75908803.4940      -1839.416          39.000  
G27  19254821.216   101184811.7800       -568.323          31.000    19254797.572    78845176.8911       -435.192          15.000  
S31  36222676.102   190351451.4960       -424.722          35.000  
S33  36925397.192   194044287.7170       -426.341          44.000  
E27  25706280.791   135087416.7601      -2912.844          23.000    25706262.642   103508466.7541      -2230.212          25.000  
C12  21341641.921   111131575.1470       -592.160          39.000                                                                  
C13  23490246.673   122319878.3131         26.130          26.000                                                                  
C19  22957271.988   119544540.3920        945.392          41.000                                                                  
R07  19872865.238   106381151.2510       2323.282          42.000    19872865.592    82740775.8590       1806.901          40.000  
R18  21113384.257   112704678.2111       2200.558          20.000    21113415.781    87659324.7001       1709.004          22.000  
E04  24455311.193   128513511.8770       1953.842          39.000    24455315.476    98471446.5930       1497.133          38.000  
G04  18897899.739    99309131.6510      -1730.115          32.000    18897891.807    77383707.0391      -1349.493          25.000  
E21  22229093.248   116814643.2140      -1338.306          30.000    22229101.780    89507380.8741      -1026.355          25.000  
E28  22687971.181   119226059.6300       1062.062          41.000    22687974.735    91355064.8990        813.863          42.000  
E19  20830024.961   109462509.7940       -440.413          31.000    20830025.629    83873883.2620       -337.944          27.000  
G09  18957022.305    99619935.6810        459.208          46.000    18957021.476    77625846.7810        357.866          36.000  
E23  23044778.849   121101096.5150       1060.672          42.000    23044782.381    92791816.1400        812.609          42.000  
> 2026  7 21  3 20 40.9950000  0 32                           
E29  23711807.847   124606391.0441      -2728.644          25.000    23711819.787    95477671.6551      -2094.250          24.000  
S35  36664739.482   192674525.1740       -434.751          44.000  
G07  21323787.994   112057256.2440       1629.687          41.000    21323784.804    87317311.2880       1270.312          31.000  
G16  20393449.715   107168301.0891      -3375.056          25.000                                                                  
G08  19207594.322   100936488.7100       1717.578          31.000                                                                  
C37  20968756.636   109189897.0390      -1134.706          31.000                                                                  
C23  23839050.757   124136192.2071      -2544.619          24.000                                                                  
C20  21498492.102   111948344.2920      -1767.494          43.000                                                                  
C27  23594153.789   122860846.9720       2415.327          28.000                                                                  
R16  18870559.401   100803133.6550      -1770.882          36.000    18870553.269    78402417.5111      -1376.792          23.000  
R05  21040260.417   112472249.2970      -4866.534          24.000                                                                  
R17  21455117.396   114810666.5651       -396.916          17.000                                                                  
R15  22014232.712   117637148.1310      -3212.410          25.000                                                                  
R09  19633389.307   104841169.6790        995.286          38.000    19633387.304    81543178.4000        773.786          39.000  
R06  18294085.076    97620788.0270      -2378.997          42.000    18294087.353    75927251.4020      -1850.231          40.000  
G27  19255914.127   101190554.3590       -580.590          30.000    19255883.661    78849624.2661       -456.300          14.000  
S31  36223490.488   190355727.9190       -431.104          36.000  
S33  36926214.226   194048579.6600       -432.441          44.000  
E27  25711830.169   135116578.9991      -2914.178          22.000    25711806.939   103530791.7451      -2234.463          25.000  
G31  23832008.149   125238047.4201      -3132.502          18.000                                                                  
C12  21342790.866   111137552.5110       -603.839          39.000                                                                  
C13  23490191.748   122319592.4281         17.571          24.000                                                                  
C19  22955466.904   119535140.5000        934.208          41.000                                                                  
R07  19868536.981   106357982.8850       2310.234          43.000    19868537.595    82722756.0190       1796.641          41.000  
R18  21109308.667   112682922.3311       2190.394          26.000    21109303.416    87642251.6401       1717.873          19.000  
E04  24451600.922   128494011.2430       1946.104          40.000    24451604.555    98456504.5840       1490.949          39.000  
G04  18901203.873    99326502.0060      -1743.065          31.000    18901193.604    77397227.3371      -1367.906          23.000  
E21  22231649.161   116828068.5730      -1346.929          29.000    22231658.759    89517676.6881      -1032.561          25.000  
E28  22685958.938   119215483.9470       1052.707          42.000    22685962.156    91346961.4480        806.795          42.000  
E19  20830872.577   109466965.7250       -450.441          30.000    20830872.875    83877297.5800       -345.142          27.000  
G09  18956160.510    99615406.4790        446.425          46.000    18956159.810    77622317.5430        348.340          37.000  
E23  23042768.086   121090533.4800       1051.665          41.000    23042772.019    92783722.4050        805.908          42.000  
> 2026  7 21  3 20 50.9950000  0 31                           
E29  23717017.688   124633768.4881      -2741.584          25.000    23717026.060    95498635.5401      -2098.215          24.000  
S35  36665570.558   192678893.2660       -440.053          44.000  
G07  21320690.658   112040981.0110       1624.318          42.000    21320687.490    87304629.3430       1266.165          31.000  
G16  20399886.679   107202084.2620      -3381.369          27.000                                                                  
G08  19204337.813   100919371.5960       1705.884          31.000                                                                  
C37  20970941.203   109201271.3440      -1141.026          32.000                                                                  
C23  23843945.468   124161680.9901      -2554.198          21.000                                                                  
C20  21501895.444   111966065.0760      -1777.811          42.000                                                                  
C27  23589513.324   122836812.4680       2409.899          29.000                                                                  
R16  18873879.696   100820870.3910      -1777.748          36.000    18873872.755    78416208.4961      -1383.172          26.000  
R05  21049365.232   112520920.4451      -4867.499          21.000                                                                  
R17  21455876.866   114814731.0491       -408.675          22.000                                                                  
R15  22020246.941   117669523.1381      -3216.106          20.000                                                                  
R09  19631533.013   104831254.1770        987.663          35.000    19631530.710    81535466.3540        767.581          40.000  
R06  18298555.940    97644643.8360      -2392.777          43.000    18298558.124    75945805.9030      -1861.123          40.000  
G27  19257016.789   101196375.6220       -594.164          28.000    19257001.735    78854202.4471       -461.503          18.000  
S31  36224314.484   190360058.4140       -435.789          36.000  
S33  36927041.291   194052925.9830       -437.654          44.000  
E27  25717387.769   135145784.4321      -2919.594          21.000    25717360.662   103553154.3131      -2238.805          25.000  
C12  21343960.671   111143639.3510       -614.499          38.000                                                                  
C13  23490164.611   122319450.9791          6.827          26.000                                                                  
C19  22953681.732   119525845.3730        923.767          40.000                                                                  
R07  19864231.641   106334936.9590       2297.806          43.000    19864232.574    82704831.3910       1787.150          41.000  
R18  21105220.000   112661096.7431       2180.311          25.000    21105200.783    87625217.4291       1695.896          19.000  
E04  24447903.470   128474581.4160       1938.899          40.000    24447907.374    98441616.8120       1485.729          39.000  
G04  18904530.557    99343988.5480      -1755.082          31.000    18904517.616    77410838.8801      -1362.981          21.000  
E21  22234218.270   116841573.3090      -1355.013          27.000    22234227.531    89528020.4661      -1038.695          26.000  
E28  22683962.202   119204992.4780       1044.443          42.000    22683965.430    91338922.5440        800.350          42.000  
E19  20831740.060   109471516.3740       -459.974          30.000    20831740.808    83880784.4290       -352.551          28.000  
G09  18955321.188    99610995.4920        434.820          46.000    18955320.919    77618880.4380        338.547          37.000  
E23  23040773.609   121080052.4190       1043.811          40.000    23040777.664    92775691.4910        799.558          42.000  
> 2026  7 21  3 21  0.9950000  0 33                           
E29  23722232.078   124661170.5961      -2749.110          24.000    23722250.890    95519673.6301      -2116.157          23.000  
S35  36666413.663   192683323.9740       -445.435          44.000  
G07  21317605.236   112024769.2780       1618.474          42.000    21317601.828    87291996.8640       1261.237          32.000  
G16  20406317.313   107235967.8440      -3389.043          26.000                                                                  
G08  19201102.022   100902374.9700       1693.882          28.000                                                                  
C37  20973139.422   109212720.7620      -1147.551          30.000                                                                  
C23  23848851.253   124187226.6831      -2560.620          19.000                                                                  
C32  23850278.401   124194657.7431      -3782.765          20.000                                                                  
C20  21505320.163   111983899.1540      -1788.484          41.000                                                                  
C27  23584892.008   122812743.0500       2404.937          31.000                                                                  
R16  18877214.969   100838688.3240      -1785.322          35.000    18877213.145    78430063.6860      -1388.333          27.000  
R05  21058491.871   112569707.2061      -4875.463          20.000                                                                  
R17  21456653.842   114818888.6891       -418.927          18.000                                                                  
R15  22026259.909   117701654.3871      -3191.321          14.000                                                                  
R09  19629692.957   104821427.2190        978.429          35.000    19629690.074    81527823.1490        761.237          41.000  
R06  18303054.136    97668645.5490      -2407.060          43.000    18303056.342    75964473.8710      -1872.058          41.000  
G27  19258176.411   101202382.3140       -606.917          29.000    19258150.773    78858907.6221       -473.073          21.000  
S31  36225150.190   190364451.1810       -442.115          36.000  
S33  36927880.112   194057334.4970       -443.477          44.000  
G31  23843990.815   125301016.9231      -3140.764          23.000                                                                  
C12  21345151.804   111149844.4700       -625.677          37.000                                                                  
C13  23490164.571   122319450.2320         -3.586          27.000                                                                  
C19  22951918.779   119516663.7990        913.027          40.000                                                                  
R07  19859951.339   106312022.5650       2285.468          44.000    19859951.999    82687009.0920       1777.559          40.000  
R18  21101141.909   112639327.9041       2165.649          22.000    21101139.186    87608354.7951       1689.461          13.000  
E04  24444221.243   128455231.3030       1931.374          40.000    24444225.079    98426790.1120       1479.915          39.000  
G04  18907879.302    99361600.2090      -1767.102          31.000    18907867.594    77424556.6711      -1380.633          18.000  
E21  22236801.511   116855166.2770      -1362.838          26.000    22236815.544    89538440.9201      -1045.025          25.000  
E28  22681983.902   119194594.1240       1035.742          43.000    22681986.550    91330954.9900        793.636          41.000  
E19  20832627.357   109476170.5490       -470.526          30.000    20832627.095    83884350.5560       -360.005          28.000  
G09  18954506.008    99606711.6360        422.458          46.000    18954505.584    77615542.3660        329.264          37.000  
E23  23038795.990   121069662.2100       1035.315          40.000    23038800.374    92767730.1670        793.118          42.000  
E27                                                                  25722926.295   103575564.1731      -2243.701          24.000  
