     3.05           O: OBSERVATION      M: MIXED            RINEX VERSION / TYPE
PYRINEXCONV 0.1.2 ALDELTUNES            20260721 051126 UTC PGM / RUN BY / DATE
UNKN                                                        MARKER NAME
NONE                                                        MARKER TYPE
                                                            OBSERVER / AGENCY
                                                            REC # / TYPE / VERS
                                                            ANT # / TYPE
   112628.7570 -5325480.4412  3496555.7810                  APPROX POSITION XYZ
        0.0000        0.0000        0.0000                  ANTENNA: DELTA H/E/N
G    8 C1C L1C D1C S1C C2L L2L D2L S2L                      SYS / # / OBS TYPES
S    4 C1C L1C D1C S1C                                      SYS / # / OBS TYPES
C    8 C2I L2I D2I S2I C7I L7I D7I S7I                      SYS / # / OBS TYPES
R    8 C1C L1C D1C S1C C2C L2C D2C S2C                      SYS / # / OBS TYPES
E    8 C1C L1C D1C S1C C7Q L7Q D7Q S7Q                      SYS / # / OBS TYPES
DBHZ                                                        SIGNAL STRENGTH UNIT
    10.000                                                  INTERVAL
  2026     7    21     5     1   50.9970000     GPS         TIME OF FIRST OBS
  2026     7    21     5    11   40.9970000     GPS         TIME OF LAST OBS
  9 R07  5 R08  6 R09 -2 R10 -7 R16 -1 R18 -3 R19  3 R20  2 GLONASS SLOT / FRQ
    R255 -6                                                 GLONASS SLOT / FRQ
 C1C    0.000 C1P    0.000 C2C    0.000 C2P    0.000        GLONASS COD/PHS/BIS
    18        2428     2GPS                                 LEAPSECONDS
    41                                                      # OF SATELLITES
                                                            END OF HEADER
> 2026  7 21  5  1 50.9970000  0 34                           
G27  22199866.406   116661004.7850      -3913.054          28.000                                                                  
S35  37224097.507   195613981.7560       -463.379          44.000  
G07  19823644.970   104173954.5170        691.058          33.000    19823632.314    81174461.8070        538.212          27.000  
G30  21468509.279   112817781.6720       2298.835          39.000    21468514.847    87909984.6990       1791.347          30.000  
C37  22767234.757   118555020.3000      -1898.947          29.000                                                                  
C27  21482134.464   111863112.5920        756.406          26.000                                                                  
C20  24869989.758   129504509.7590      -3388.322          26.000                                                                  
C28  22809610.336   118775626.4151      -1683.976          26.000                                                                  
C30  23638887.056   123093942.8760       2782.775          32.000                                                                  
R16  21304733.238   113806060.4801      -2372.357          22.000                                                                  
R08  21263464.342   113864885.8521        878.429          25.000                                                                  
R20  21916813.555   117199050.6081       3792.465          19.000                                                                  
R09  19230301.722   102688763.0430       -120.209          34.000    19230305.850    79869035.2921        -85.138          19.000  
E19  22857784.647   120118474.2750      -2865.343          28.000                                                                  
S31  36778722.030   193273491.3820       -459.950          35.000  
S33  37483294.468   196976068.2160       -461.588          45.000  
E06  24673041.207   129657796.9170       1116.802          38.000    24673045.993    99348139.2420        855.602          39.000  
C12  23755504.489   123701189.2140      -3021.598          33.000                                                                  
C13  25281432.393   131647052.1231      -2857.795          22.000                                                                  
C19  23819008.189   124031845.7740      -2192.227          31.000                                                                  
C36  24060003.261   125286800.7200       1687.118          32.000                                                                  
R10  21296964.655   113524805.7951       1527.853          13.000                                                                  
R07  20165358.071   107946888.2980      -2771.942          43.000    20165354.394    83958462.2990      -2156.212          40.000  
R18  21096700.681   112615620.2871      -2437.936          25.000    21096678.501    87589834.6121      -1882.692          20.000  
R19  19797737.104   105904543.8261       1433.037          11.000    19797744.787    82370232.5411       1121.688          16.000  
E04  23276577.921   122319244.1720       -155.187          45.000    23276578.382    93725141.1790       -119.013          40.000  
E31  25466184.398   133825701.8781       1176.266          19.000    25466181.530   102541782.6780        907.710          36.000  
E28  22885183.783   120262420.1860      -1468.319          46.000    22885185.977    92149160.5020      -1125.240          46.000  
G14  22238569.301   116864484.3150       1649.685          37.000    22238567.888    91063223.0750       1285.632          29.000  
G22  23513967.859   123566790.2690       1836.901          39.000                                                                  
G09  20768310.989   109138209.9720      -3238.316          26.000    20768299.248    85042699.0090      -2523.405          28.000  
E13  26346687.215   138452783.0750        764.617          26.000                                                                  
E23  22774885.244   119682819.7760       -380.496          40.000    22774887.295    91705047.8860       -291.171          34.000  
E21                                                                  24424858.098    98348781.9971      -1639.305          26.000  
> 2026  7 21  5  2  0.9970000  0 34                           
G27  22207315.766   116700150.2370      -3914.423          28.000                                                                  
S35  37224978.808   195618613.4010       -462.063          44.000  
G07  19822332.713   104167058.1210        689.026          33.000    19822321.556    81169088.0630        536.248          27.000  
G02  21503596.413   113002161.5741       1465.971          27.000                                                                  
G30  21464136.440   112794798.8180       2298.901          40.000    21464141.113    87892075.9590       1791.945          30.000  
C37  22770887.658   118574013.0310      -1898.731          29.000                                                                  
C27  21480675.089   111855511.4061        758.100          21.000                                                                  
C20  24876481.633   129538367.2421      -3386.404          24.000                                                                  
C28  22812832.177   118792402.8061      -1687.403          27.000                                                                  
C30  23633544.818   123066121.7400       2783.124          31.000                                                                  
R16  21309171.460   113829768.7871      -2359.895          15.000                                                                  
R08  21261827.406   113856119.3451        870.926          25.000    21261819.152    88554719.0440        678.117          28.000  
R20  21909746.648   117161260.6481       3787.424          20.000                                                                  
R09  19230528.259   102689968.9930       -118.523          30.000                                                                  
E19  22863240.533   120147143.2730      -2867.037          27.000                                                                  
S31  36779597.505   193278089.7780       -458.325          35.000  
S33  37484172.223   196980682.6600       -460.275          45.000  
E06  24670918.914   129646643.7770       1114.665          38.000    24670923.855    99339593.3080        854.221          39.000  
C12  23761308.696   123731410.0800      -3021.310          35.000                                                                  
C22  24718593.362   128716201.4781        184.682          26.000                                                                  
C13  25286929.129   131675675.5471      -2863.489          22.000                                                                  
C19  23823223.198   124053792.3890      -2195.373          32.000                                                                  
C36  24056763.144   125269928.8000       1688.578          32.000                                                                  
R10  21294080.838   113509432.6351       1548.237          19.000                                                                  
R07  20170542.016   107974638.0480      -2776.970          43.000    20170538.950    83980045.4300      -2160.389          41.000  
R18  21101276.887   112640048.9291      -2445.779          23.000    21101243.274    87608786.9621      -1894.839          19.000  
E04  23276877.797   122320818.2640       -158.355          45.000    23276877.838    93726347.2950       -121.488          40.000  
E31  25463938.861   133813901.2511       1181.316          22.000    25463927.114   102532706.9210        907.851          37.000  
E28  22887982.072   120277123.4420      -1471.208          46.000    22887984.133    92160426.6170      -1127.229          46.000  
G14  22235430.777   116847991.7620       1649.850          37.000    22235428.899    91050371.7850       1285.575          28.000  
G22  23510473.040   123548423.1960       1837.185          39.000                                                                  
G09  20774474.086   109170611.4580      -3241.160          33.000    20774467.122    85067946.8610      -2525.216          28.000  
E23  22775610.949   119686630.3660       -380.580          40.000    22775612.368    91707967.7080       -291.076          34.000  
E21                                                                  24428925.689    98365160.5401      -1637.874          26.000  
> 2026  7 21  5  2 10.9970000  0 38                           
G27  22214767.227   116739303.8760      -3916.810          28.000                                                                  
S35  37225857.104   195623228.7960       -462.200          44.000  
G07  19821023.594   104160180.0900        684.790          32.000    19821016.541    81163728.4710        534.479          27.000  
G02  21500825.919   112987533.9480       1459.928          30.000                                                                  
G30  21459763.238   112771813.0600       2297.602          40.000    21459767.440    87874165.0130       1790.180          30.000  
G08  19614409.027   103074414.1741      -2298.747          25.000                                                                  
C37  22774534.256   118593004.1570      -1900.129          29.000                                                                  
C27  21479214.108   111847904.2921        748.128          19.000                                                                  
C20  24882987.656   129572245.8901      -3386.298          22.000                                                                  
C28  22816068.748   118809283.2800      -1692.102          28.000                                                                  
C30  23628201.814   123038294.4420       2781.637          31.000                                                                  
R16  21313614.930   113853504.5381      -2374.330          12.000                                                                  
R08  21260203.175   113847422.2600        863.274          26.000    21260205.971    88547967.0730        671.393          29.000  
R20  21902669.247   117123414.5881       3802.841          18.000    21902686.275    91096059.8111       2944.059          25.000  
R09  19230754.739   102691175.2140       -121.693          29.000    19230745.388    79870860.6391        -94.254          26.000  
G04  22697599.286   119276689.2061      -4163.944          22.000                                                                  
E19  22868696.705   120175825.0400      -2869.705          26.000                                                                  
S31  36780469.522   193282672.4150       -457.845          36.000  
S33  37485047.353   196985280.8380       -459.975          45.000  
E06  24668800.609   129635512.5930       1110.737          38.000    24668805.524    99331064.2260        851.137          39.000  
C12  23767113.125   123761628.9540      -3022.932          37.000                                                                  
C22  24718245.529   128714390.5021        175.158          19.000                                                                  
C13  25292433.313   131704337.1501      -2867.402          23.000                                                                  
C19  23827442.522   124075759.8370      -2198.826          35.000                                                                  
C36  24053520.099   125253040.3370       1688.122          32.000                                                                  
R10  21291187.468   113494009.6721       1543.224          15.000                                                                  
R07  20175735.773   108002439.1910      -2783.525          43.000    20175732.928    84001668.5340      -2165.178          40.000  
R18  21105854.203   112664482.8411      -2447.035          21.000    21105840.739    87627875.0441      -1904.415          18.000  
R19  19792402.357   105876006.1951       1418.712          20.000                                                                  
E04  23277183.481   122322423.0160       -163.100          45.000    23277183.275    93727576.9040       -124.960          40.000  
E31  25461680.757   133802034.9891       1188.224          24.000    25461672.550   102523629.1460        907.153          37.000  
E28  22890784.910   120291854.0780      -1475.412          45.000    22890787.241    92171713.7340      -1130.690          46.000  
G14  22232290.836   116831494.7550       1648.758          36.000    22232288.270    91037517.0360       1284.381          27.000  
G22  23506977.771   123530054.7720       1835.762          39.000                                                                  
G09  20780646.221   109203035.2600      -3243.862          35.000    20780637.901    85093212.1690      -2528.315          28.000  
E13  26343780.225   138437498.9591        758.224          25.000                                                                  
E23  22776336.670   119690440.1990       -382.099          41.000    22776337.033    91710886.9480       -292.658          33.000  
E21                                                                  24432992.200    98381534.4791      -1638.106          26.000  
> 2026  7 21  5  2 20.9970000  0 36                           
G27  22222224.884   116778492.9920      -3921.328          28.000                                                                  
S35  37226737.552   195627855.0490       -463.644          44.000  
G07  19819722.746   104153347.7040        680.170          31.000    19819718.195    81158404.5790        530.771          27.000  
G02  21498051.225   112972956.5170       1455.012          33.000                                                                  
G30  21455394.580   112748851.7710       2294.442          41.000    21455398.509    87856273.1130       1787.000          31.000  
G08  19618818.185   103097547.0830      -2308.126          28.000                                                                  
C37  22778186.420   118612020.7790      -1903.403          30.000                                                                  
C27  21477806.217   111840572.5161        740.243          22.000                                                                  
C20  24889504.211   129606179.1541      -3391.503          20.000                                                                  
C28  22819319.141   118826234.8160      -1698.322          28.000                                                                  
C30  23622862.923   123010488.0370       2779.987          30.000                                                                  
R16  21318054.251   113877219.2111      -2368.780          21.000    21318006.470    88570972.0161      -1844.427          26.000  
R08  21258596.370   113838834.2070        853.403          25.000    21258602.187    88541287.8280        663.794          27.000  
R20  21895581.930   117085515.6951       3773.671          21.000    21895610.234    91066629.5761       2942.097          23.000  
R09  19230985.893   102692409.2550       -125.042          28.000    19230986.270    79871831.4430        -97.516          26.000  
G04  22705532.457   119318377.5711      -4176.348          23.000                                                                  
S31  36781343.836   193287266.5660       -460.126          35.000  
S33  37485924.457   196989890.5110       -462.059          45.000  
E06  24666692.233   129624430.7550       1105.048          38.000    24666696.781    99322572.9300        846.938          39.000  
C12  23772921.970   123791872.7000      -3025.731          39.000                                                                  
C13  25297945.933   131733043.0471      -2871.058          23.000                                                                  
C19  23831670.887   124097775.1290      -2204.157          37.000    23831359.409    95959009.0081      -1684.072          10.000  
C36  24050279.112   125236162.2860       1687.327          31.000                                                                  
R10  21288298.523   113478609.9801       1542.515          19.000                                                                  
R07  20180944.043   108030319.4250      -2792.410          41.000    20180941.455    84023353.1400      -2171.713          40.000  
R18  21110447.874   112689004.2181      -2466.728          18.000    21110440.571    87646972.8621      -1916.792          18.000  
R19  19789790.846   105862036.1211       1408.240          24.000    19789783.828    82337109.5121       1089.868          20.000  
E04  23277499.780   122324085.7490       -169.563          45.000    23277499.766    93728850.9580       -129.900          39.000  
E31  25459428.700   133790211.6520       1180.841          26.000    25459422.820   102514570.3630        904.669          38.000  
E28  22893598.279   120306639.4310      -1481.622          45.000    22893600.845    92183042.7600      -1135.246          46.000  
G14  22229155.666   116815020.6940       1645.761          36.000    22229153.851    91024680.0910       1282.600          27.000  
G22  23503487.448   123511712.2980       1832.762          38.000                                                                  
G09  20786825.701   109235508.7900      -3249.780          34.000    20786817.147    85118516.2300      -2533.110          27.000  
E13  26342344.310   138429952.7291        751.759          25.000                                                                  
E23  22777067.302   119694276.5710       -385.361          42.000    22777066.994    91713826.4900       -294.759          33.000  
E21                                                                  24437061.574    98397920.6211      -1638.008          26.000  
> 2026  7 21  5  2 30.9970000  0 36                           
G27  22229689.003   116817714.2900      -3922.789          28.000                                                                  
S35  37227619.259   195632489.4250       -462.591          44.000  
G07  19818430.167   104146557.8910        677.948          31.000    19818427.606    81153113.8760        528.236          26.000  
G02  21495289.720   112958429.9770       1451.192          33.000                                                                  
G30  21451029.823   112725911.7470       2294.363          41.000    21451033.606    87838397.7730       1787.482          31.000  
G08  19623221.431   103120657.3700      -2312.606          29.000                                                                  
C37  22781842.524   118631059.6840      -1903.228          31.000                                                                  
C27  21476402.453   111833262.6251        737.284          23.000                                                                  
C20  24896039.403   129640210.0501      -3383.799          19.000                                                                  
C28  22822584.609   118843244.2710      -1702.789          28.000                                                                  
C30  23617528.468   122982699.5950       2778.695          31.000                                                                  
R16  21322490.768   113900918.0891      -2370.054          26.000    21322447.547    88589422.8601      -1842.735          25.000  
R08  21257007.854   113830311.5241        846.188          26.000    21257014.042    88534712.4051        658.662          26.000  
R20  21888506.435   117047680.5651       3783.938          25.000    21888536.261    91037208.0361       2943.528          24.000  
R09  19231222.702   102693668.0680       -126.375          27.000    19231211.823    79872810.4720        -97.706          25.000  
G04  22713464.047   119360058.3211      -4158.125          23.000                                                                  
S31  36782219.393   193291867.8330       -459.305          36.000  
S33  37486803.379   196994507.9440       -460.871          45.000  
E06  24664592.672   129613395.0200       1102.364          38.000    24664596.790    99314116.9890        844.698          40.000  
C12  23778734.893   123822138.0810      -3026.332          40.000                                                                  
C13  25303468.829   131761801.4381      -2881.377          23.000                                                                  
C19  23835907.077   124119834.9490      -2207.206          39.000                                                                  
C36  24047039.415   125219291.5910       1687.598          31.000                                                                  
R10  21285401.304   113463165.6751       1545.553          22.000                                                                  
R07  20186166.156   108058275.2960      -2798.367          39.000    20186163.793    84045096.6340      -2176.773          39.000  
R19  19787172.404   105848028.9101       1399.509          26.000    19787184.593    82326295.5231       1085.383          18.000  
E04  23277826.792   122325803.2200       -173.328          45.000    23277826.535    93730166.9510       -133.133          39.000  
E31  25457171.426   133778410.5210       1180.078          29.000    25457177.054   102505528.0260        904.140          38.000  
E28  22896421.537   120321476.1970      -1485.033          45.000    22896424.091    92194411.1890      -1137.998          46.000  
G14  22226024.694   116798566.3010       1645.906          35.000    22226024.695    91011858.5090       1282.142          29.000  
G22  23500001.683   123493392.5360       1832.429          38.000                                                                  
G09  20793013.087   109268028.6090      -3253.094          33.000    20793005.737    85143856.3090      -2535.184          27.000  
E13  26340917.495   138422455.0441        750.557          26.000                                                                  
E23  22777802.337   119698136.1890       -385.950          43.000    22777801.452    91716783.8710       -295.597          32.000  
E21                                                                  24441131.318    98414307.6111      -1639.837          25.000  
R18                                                                  21115066.358    87666177.7241      -1929.896          15.000  
> 2026  7 21  5  2 40.9970000  0 35                           
G27  22237154.483   116856940.8840      -3922.986          27.000                                                                  
S35  37228497.860   195637105.5830       -460.971          44.000  
G07  19817140.819   104139784.0790        675.531          31.000    19817134.243    81147851.5381        526.355          24.000  
G02  21492530.201   112943927.7380       1448.489          29.000                                                                  
G30  21446663.505   112702966.4840       2294.585          41.000    21446668.106    87820518.3420       1787.632          31.000  
G08  19627623.667   103143802.6910      -2316.838          29.000                                                                  
C37  22785499.230   118650094.4520      -1903.204          31.000                                                                  
C27  21474986.645   111825890.3851        739.994          19.000                                                                  
C20  24902520.676   129673959.2561      -3385.263          23.000                                                                  
C28  22825860.217   118860285.0500      -1705.768          29.000                                                                  
C30  23612192.635   122954902.6440       2779.477          31.000                                                                  
R16  21326908.619   113924517.1210      -2370.019          27.000    21326883.613    88607854.3761      -1844.932          23.000  
R08  21255439.034   113821881.1910        840.125          28.000    21255446.256    88528148.6070        652.654          27.000  
R20  21881433.102   117009850.0600       3784.448          28.000    21881462.139    91007786.6111       2943.788          23.000  
R09  19231457.838   102694924.3610       -125.942          29.000    19231448.013    79873787.6130        -97.771          27.000  
G04  22721393.939   119401730.2791      -4174.413          22.000                                                                  
S31  36783091.595   193296451.5820       -458.394          36.000  
S33  37487678.429   196999106.7420       -459.542          45.000  
E06  24662496.075   129602378.8530       1100.061          38.000    24662500.578    99305676.0220        842.842          40.000  
C12  23784546.953   123852398.5730      -3026.271          40.000                                                                  
C13  25308990.391   131790553.7281      -2881.292          22.000                                                                  
C19  23840146.862   124141912.7820      -2209.193          39.000                                                                  
C36  24043795.207   125202401.7040       1689.378          31.000                                                                  
R10  21282506.709   113447736.2271       1549.936          21.000                                                                  
R07  20191397.008   108086279.5300      -2803.609          38.000    20191395.155    84066877.7310      -2180.652          38.000  
R19  19784561.416   105834054.9550       1393.266          28.000                                                                  
E04  23278159.243   122327548.8200       -176.523          44.000    23278158.710    93731504.4700       -135.121          39.000  
E31  25454928.292   133766604.1820       1180.900          31.000    25454930.583   102496481.6850        904.579          38.000  
E28  22899249.055   120336337.7220      -1487.789          45.000    22899252.128    92205798.5940      -1140.077          46.000  
G14  22222892.488   116782104.9090       1646.367          33.000    22222891.391    90999031.4740       1282.770          29.000  
G22  23496514.783   123475068.9520       1832.073          38.000                                                                  
G09  20799204.468   109300567.9980      -3255.551          32.000    20799196.026    85169211.5970      -2536.457          27.000  
E13  26339495.628   138414983.2441        747.667          26.000                                                                  
E23  22778536.400   119701992.3940       -385.978          43.000    22778534.965    91719738.6160       -295.620          32.000  
E21                                                                  24445198.612    98430685.0601      -1634.625          25.000  
> 2026  7 21  5  2 50.9970000  0 35                           
G27  22244622.867   116896182.7290      -3924.786          26.000                                                                  
S35  37229374.479   195641711.8580       -460.328          44.000  
G07  19815855.104   104133035.9650        674.316          31.000    19815843.768    81142567.1891        528.492          20.000  
G02  21489745.115   112929482.5730       1445.577          26.000                                                                  
G30  21442298.260   112680025.8970       2294.028          41.000    21442302.819    87802642.5720       1787.656          31.000  
G08  19632032.427   103166992.7530      -2321.321          28.000                                                                  
C37  22789156.602   118669134.9390      -1903.864          31.000                                                                  
C20  24909003.956   129707719.3850      -3383.565          27.000                                                                  
C28  22829142.136   118877367.0940      -1710.303          29.000                                                                  
C30  23606856.903   122927107.0550       2779.611          30.000                                                                  
R16  21331332.828   113948218.1810      -2369.403          27.000    21331323.979    88626302.4751      -1842.790          25.000  
R08  21253869.352   113813504.3961        831.687          26.000    21253883.392    88521672.8401        647.618          23.000  
R20  21874361.796   116972008.9770       3784.524          30.000    21874388.157    90978365.1001       2943.029          22.000  
R09  19231694.804   102696188.3610       -126.611          26.000    19231681.456    79874770.8470        -98.698          25.000  
G04  22729319.829   119443381.0641      -4168.149          23.000                                                                  
S31  36783961.559   193301025.4730       -456.312          36.000  
S33  37488551.883   197003697.1940       -458.229          45.000  
E06  24660404.892   129591392.1500       1097.143          37.000    24660409.871    99297257.6310        840.929          40.000  
C12  23790359.852   123882663.8720      -3026.571          41.000                                                                  
C13  25314522.538   131819360.9601      -2877.390          22.000    25613929.553   103136679.3771      -2222.502          11.000  
C19  23844392.049   124164018.3670      -2211.626          40.000                                                                  
C36  24040550.159   125185502.5020       1690.868          31.000                                                                  
R10  21279607.209   113432280.0521       1547.699          22.000                                                                  
R07  20196639.261   108114342.1320      -2808.663          38.000    20196636.962    84088704.2240      -2184.367          38.000  
R18  21124338.090   112763150.9551      -2487.760          17.000                                                                  
R19  19781953.190   105820110.1601       1386.915          26.000                                                                  
E04  23278498.600   122329332.4370       -180.227          44.000    23278498.211    93732871.1510       -137.829          39.000  
E31  25452682.296   133754802.5380       1180.531          33.000    25452684.868   102487438.9480        904.241          39.000  
E28  22902083.526   120351233.8650      -1491.254          44.000    22902086.884    92217212.5290      -1142.571          46.000  
G14  22219759.505   116765646.4070       1646.446          31.000    22219758.784    90986206.6830       1282.478          29.000  
G22  23493029.139   123456751.3450       1831.261          38.000                                                                  
G09  20805403.423   109333136.6110      -3257.679          33.000    20805394.467    85194589.7890      -2539.401          28.000  
E13  26338073.711   138407511.3881        746.368          25.000                                                                  
E23  22779270.928   119705855.0260       -386.542          43.000    22779269.979    91722698.2770       -296.158          32.000  
E21                                                                  24449264.809    98447057.3511      -1635.386          23.000  
> 2026  7 21  5  3  0.9970000  0 34                           
G27  22252093.147   116935431.2960      -3926.514          26.000                                                                  
S35  37230247.964   195646302.1500       -458.968          44.000  
G07  19814572.625   104126305.5620        671.405          32.000    19814561.229    81137315.3261        521.115          20.000  
G02  21487015.786   112915040.5810       1442.166          30.000                                                                  
G30  21437932.252   112657081.7070       2293.806          42.000    21437936.311    87784763.9420       1788.584          30.000  
G08  19636450.958   103190219.1650      -2324.871          27.000                                                                  
C37  22792813.453   118688172.9060      -1905.157          31.000                                                                  
C20  24915499.048   129741543.3880      -3381.904          29.000                                                                  
C28  22832432.349   118894481.9560      -1714.240          29.000                                                                  
C30  23601518.591   122899304.6240       2781.045          30.000                                                                  
R16  21335753.195   113971911.1520      -2369.525          26.000    21335763.749    88644735.7880      -1842.887          27.000  
R08  21252324.105   113805195.4410        825.772          29.000    21252326.554    88515189.2781        641.447          20.000  
R20  21867286.265   116934158.3660       3784.369          31.000                                                                  
R09  19231928.896   102697451.4560       -126.769          28.000    19231911.360    79875703.2801        -98.618          21.000  
G04  22737247.113   119485039.5061      -4166.468          24.000                                                                  
S31  36784829.282   193305583.2100       -455.964          35.000  
S33  37489421.692   197008269.9070       -457.325          45.000  
E06  24658317.860   129580426.6300       1094.506          37.000    24658323.171    99288855.4880        838.795          40.000  
C12  23796171.626   123912925.6170      -3026.800          40.000                                                                  
C13  25320056.530   131848178.3011      -2878.092          23.000                                                                  
C19  23848640.932   124186143.3510      -2214.456          41.000                                                                  
C36  24037302.090   125168585.7640       1691.985          32.000                                                                  
R10  21276707.713   113416824.8071       1544.251          25.000                                                                  
R07  20201891.178   108142454.3500      -2814.578          39.000    20201888.380    84110569.3110      -2189.212          37.000  
R18  21129002.957   112788052.0661      -2489.049          20.000                                                                  
R19  19779356.642   105806211.8830       1381.077          30.000                                                                  
E04  23278843.641   122331145.7320       -183.660          44.000    23278843.191    93734260.5830       -140.760          39.000  
E31  25450436.383   133742997.2430       1179.953          34.000    25450438.683   102478393.3580        904.154          39.000  
E28  22904922.742   120366156.2360      -1494.323          44.000    22904926.487    92228646.5660      -1145.171          46.000  
G14  22216627.074   116749162.9180       1645.878          29.000    22216626.121    90973377.6110       1282.501          28.000  
G22  23489542.928   123438431.2100       1831.405          38.000                                                                  
G09  20811606.229   109365726.1120      -3260.783          32.000    20811595.965    85219984.1220      -2540.805          28.000  
E13  26336658.141   138400071.9981        741.513          23.000                                                                  
E23  22780005.696   119709715.7040       -386.755          43.000    22780004.823    91725656.4420       -296.412          32.000  
> 2026  7 21  5  3 10.9970000  0 34                           
G27  22259567.930   116974705.8730      -3929.117          24.000                                                                  
S35  37231121.762   195650893.8800       -459.180          44.000  
G07  19813298.742   104119612.3360        667.371          33.000    19813292.089    81132118.8971        521.071          22.000  
G02  21484285.864   112900683.5381       1436.393          29.000                                                                  
G30  21433569.497   112634153.4760       2292.109          42.000    21433572.689    87766897.8760       1785.694          29.000  
G08  19640889.510   103213501.4020      -2331.255          28.000                                                                  
C37  22796472.346   118707227.5800      -1906.287          30.000                                                                  
C20  24921983.638   129775367.3640      -3383.270          31.000                                                                  
C28  22835731.284   118911648.9250      -1719.751          29.000                                                                  
C30  23596182.329   122871514.8870       2778.493          28.000                                                                  
R16  21340190.648   113995616.3070      -2371.693          25.000    21340209.849    88663173.0060      -1843.929          28.000  
R08  21250783.138   113796983.8760        816.208          26.000    21250796.058    88508814.9271        636.768          22.000  
R20  21860211.541   116896318.1030       3783.768          31.000                                                                  
R09  19232168.834   102698733.5190       -129.344          32.000    19232155.802    79876718.4781        -98.632          23.000  
G04  22745170.949   119526679.5921      -4165.747          25.000                                                                  
S31  36785696.704   193310142.0960       -456.102          35.000  
S33  37490292.265   197012845.0910       -457.576          45.000  
E06  24656239.008   129569501.8200       1090.431          36.000    24656244.383    99280484.5310        835.229          40.000  
C12  23801986.260   123943203.0300      -3028.831          40.000                                                                  
C13  25325588.249   131876983.5271      -2893.664          22.000                                                                  
C19  23852897.041   124208306.9130      -2218.170          41.000                                                                  
C36  24034054.873   125151670.7560       1691.607          32.000                                                                  
R10  21273806.537   113401359.0681       1540.563          24.000                                                                  
R07  20207156.037   108170636.2480      -2821.581          38.000    20207152.989    84132488.5680      -2194.853          38.000  
R18  21133673.304   112812982.9791      -2499.008          24.000                                                                  
R19  19776795.211   105792474.1440       1372.116          33.000    19776753.351    82282895.1421       1072.030          21.000  
E04  23279197.773   122333008.2090       -188.677          44.000    23279197.718    93735687.6920       -144.573          39.000  
E21  24457415.323   128524584.7101      -2132.585          22.000                                                                  
E31  25448192.949   133731207.7050       1178.452          34.000    25448195.458   102469359.8850        902.747          40.000  
E28  22907770.964   120381124.3300      -1499.259          44.000    22907774.726    92240115.6050      -1148.654          46.000  
G14  22213498.843   116732712.4760       1643.527          30.000    22213496.151    90960559.4830       1280.880          27.000  
G22  23486060.110   123420128.1760       1829.655          38.000                                                                  
G09  20817816.150   109398355.8420      -3265.013          31.000    20817807.825    85245409.8030      -2543.954          28.000  
E23  22780743.189   119713593.9040       -388.628          43.000    22780743.082    91728628.0200       -297.469          33.000  
> 2026  7 21  5  3 20.9970000  0 35                           
G27  22267065.150   117014216.2631      -3933.612          22.000                                                                  
S35  37231997.114   195655494.7130       -461.340          44.000  
G07  19812032.910   104112962.3790        662.195          34.000    19812032.144    81126959.6341        521.517          24.000  
G02  21481539.255   112886323.1460       1431.365          27.000                                                                  
G30  21429210.752   112611247.2910       2288.527          41.000    21429213.037    87749048.8780       1783.426          29.000  
G08  19645316.478   103236845.1930      -2338.503          27.000                                                                  
C37  22800136.146   118726305.0290      -1910.602          30.000                                                                  
C27  21469514.158   111797394.1921        711.668          10.000                                                                  
C20  24928480.525   129809196.5680      -3384.092          31.000                                                                  
C28  22839039.875   118928873.8990      -1726.154          30.000                                                                  
C30  23590849.128   122843743.7560       2775.731          27.000                                                                  
R16  21344626.429   114019162.2221      -2375.328          21.000    21344657.705    88681624.3560      -1846.364          27.000  
R08  21249266.441   113788862.8380        806.174          26.000    21249280.896    88502503.8661        631.596          17.000  
R20  21853139.601   116858494.6260       3780.629          30.000                                                                  
R09  19232412.411   102700040.3650       -132.512          32.000    19232408.558    79877768.5441       -105.742          22.000  
G04  22753093.421   119568312.0771      -4168.631          25.000                                                                  
S31  36786565.839   193314710.7270       -459.371          35.000  
S33  37491164.728   197017428.7090       -459.635          45.000  
E06  24654168.974   129558623.7780       1084.635          36.000    24654174.216    99272149.3970        831.156          40.000  
C12  23807804.588   123973501.9110      -3031.733          39.000                                                                  
C13  25331130.777   131905844.9741      -2893.778          22.000                                                                  
C19  23857161.675   124230514.9540      -2223.421          40.000                                                                  
C36  24030807.445   125134763.4100       1689.774          31.000                                                                  
R10  21270913.685   113385939.2641       1540.049          26.000                                                                  
R07  20212434.524   108198893.2240      -2830.197          37.000    20212431.435    84154466.2320      -2201.876          38.000  
R18  21138357.188   112837984.9150      -2505.250          26.000                                                                  
R19  19774238.320   105778792.7410       1362.786          31.000    19774214.952    82272333.8421       1057.106          24.000  
E04  23279562.390   122334925.9270       -195.355          43.000    23279562.805    93737157.1220       -149.624          39.000  
E21  24461462.223   128545851.0691      -2141.979          24.000                                                                  
E31  25445954.453   133719439.9620       1175.233          34.000    25445956.048   102460343.0900        900.299          40.000  
E28  22910629.662   120396144.0960      -1505.471          44.000    22910632.787    92251624.2510      -1153.414          46.000  
G14  22210373.178   116716282.5000       1640.955          31.000    22210369.525    90947756.8200       1279.454          26.000  
G22  23482581.525   123401848.1670       1826.040          39.000                                                                  
G09  20824033.600   109431031.5820      -3270.097          30.000    20824027.681    85270871.4410      -2548.542          28.000  
E23  22781485.206   119717495.5910       -392.293          43.000    22781486.010    91731617.6520       -300.812          33.000  
> 2026  7 21  5  3 30.9970000  0 33                           
S35  37232876.003   195660113.1040       -462.281          44.000  
G07  19810777.624   104106365.1520        657.446          34.000    19810783.308    81121845.9021        512.290          24.000  
G02  21478827.705   112872039.5930       1425.558          27.000                                                                  
G30  21424857.896   112588372.6760       2286.271          42.000    21424859.427    87731224.4780       1781.559          28.000  
G08  19649765.092   103260260.0930      -2344.780          29.000                                                                  
C37  22803806.141   118745414.5910      -1912.299          30.000                                                                  
C20  24934980.077   129843040.4330      -3384.619          31.000                                                                  
C28  22842361.845   118946166.2680      -1732.031          31.000                                                                  
C30  23585521.461   122816000.7960       2772.958          26.000                                                                  
R16  21349068.359   114042890.2711      -2374.852          20.000    21349097.253    88700097.4050      -1848.271          27.000  
R08  21247767.234   113780827.8711        799.047          23.000    21247780.081    88496253.4561        622.846          22.000  
R20  21846071.561   116820697.6220       3778.541          28.000                                                                  
R09  19232663.322   102701382.2320       -136.218          34.000    19232665.853    79878836.8321       -114.197          16.000  
G04  22761028.156   119610009.4971      -4171.449          25.000                                                                  
S31  36787438.142   193319296.2480       -458.448          35.000  
S33  37492040.334   197022030.6500       -460.717          45.000  
E06  24652109.537   129547802.0680       1079.229          36.000    24652114.851    99263857.4070        827.435          40.000  
C12  23813628.560   124003831.6020      -3034.062          39.000                                                                  
C13  25336681.739   131934750.2631      -2894.171          19.000                                                                  
C19  23861436.081   124252776.8020      -2228.627          39.000                                                                  
C36  24027564.809   125117873.1740       1687.878          32.000                                                                  
R10  21268024.116   113370535.8300       1539.897          26.000                                                                  
R07  20217728.148   108227234.9900      -2838.293          36.000    20217725.736    84176509.8040      -2207.016          38.000  
R18  21143053.357   112863054.6141      -2514.250          26.000                                                                  
R19  19771697.887   105765204.5340       1354.128          29.000    19771692.190    82261824.6950       1053.380          26.000  
E04  23279939.500   122336908.3260       -201.123          43.000    23279940.155    93738676.1100       -154.098          39.000  
E21  24465526.207   128567207.0181      -2139.444          26.000                                                                  
E31  25443721.190   133707703.5400       1172.354          33.000    25443722.652   102451350.2670        898.319          39.000  
E28  22913499.478   120411225.0090      -1510.786          44.000    22913502.620    92263179.7600      -1157.720          46.000  
G14  22207254.541   116699882.0230       1638.430          32.000    22207250.257    90934977.3441       1276.691          25.000  
G22  23479109.297   123383600.7800       1823.810          38.000                                                                  
G09  20830260.429   109463762.8860      -3275.498          28.000    20830256.597    85296418.3200      -2552.196          27.000  
E23  22782233.821   119721430.2250       -394.835          43.000    22782235.079    91734632.4740       -302.854          34.000  
> 2026  7 21  5  3 40.9970000  0 33                           
S35  37233757.274   195664745.3770       -463.590          44.000  
G07  19809531.450   104099817.1250        652.167          34.000    19809539.853    81116753.6441        515.944          23.000  
G02  21476133.579   112857813.5580       1420.174          27.000                                                                  
G30  21420510.279   112565526.0080       2283.369          42.000    21420511.044    87713421.9460       1778.771          28.000  
G08  19654244.717   103283742.2080      -2350.596          32.000                                                                  
C37  22807481.293   118764552.5940      -1914.996          29.000                                                                  
C20  24941481.755   129876895.0700      -3385.746          30.000                                                                  
C28  22845696.007   118963522.2990      -1738.287          30.000                                                                  
C30  23580197.509   122788276.1981       2772.590          23.000                                                                  
R16  21353533.918   114066745.0271      -2382.458          24.000    21353542.990    88718589.0090      -1849.525          26.000  
R08  21246282.732   113772879.1851        783.766          22.000    21246300.747    88490092.0991        605.015          23.000  
R20  21839008.552   116782923.4050       3776.114          27.000                                                                  
R09  19232920.156   102702754.7950       -138.417          32.000                                                                  
G04  22768962.076   119651714.5860      -4172.397          25.000                                                                  
S31  36788313.270   193323896.3780       -462.049          35.000  
S33  37492918.964   197026645.8190       -462.205          45.000  
E06  24650060.015   129537032.9140       1074.754          35.000    24650065.423    99255605.7450        823.354          40.000  
C12  23819456.952   124034188.2790      -3036.708          38.000                                                                  
C13  25342239.476   131963691.2121      -2901.096          16.000                                                                  
C19  23865720.556   124275088.6130      -2233.428          38.000                                                                  
C36  24024325.317   125100996.2980       1687.336          33.000                                                                  
R10  21265136.708   113355144.6420       1536.588          24.000                                                                  
R07  20223037.203   108255657.8450      -2846.245          36.000    20223035.487    84198616.4880      -2213.805          39.000  
R18  21147770.601   112888235.0101      -2524.723          26.000                                                                  
R19  19769174.975   105751709.0640       1344.929          28.000    19769174.049    82251328.2930       1045.794          27.000  
E04  23280328.498   122338951.7280       -207.291          43.000    23280329.175    93740241.8460       -158.627          40.000  
E21  24469601.375   128588591.5290      -2141.289          27.000                                                                  
E31  25441494.076   133695994.5610       1169.864          33.000    25441494.506   102442378.5140        896.138          40.000  
E28  22916380.539   120426363.3130      -1516.434          44.000    22916383.340    92274779.2340      -1161.964          46.000  
G14  22204139.658   116683507.1520       1636.215          31.000    22204132.202    90922208.7121       1272.807          22.000  
G22  23475642.940   123365382.1600       1820.718          38.000                                                                  
G09  20836491.097   109496498.7731      -3281.249          27.000    20836494.739    85321963.4000      -2556.007          25.000  
E23  22782987.753   119725394.0430       -397.661          42.000    22782989.842    91737669.6610       -304.565          34.000  
> 2026  7 21  5  3 50.9970000  0 34                           
S35  37234641.380   195669391.3840       -465.194          44.000  
G07  19808293.886   104093317.6660        648.114          34.000    19808303.304    81111690.6591        504.296          22.000  
G02  21473441.250   112843644.7700       1413.694          25.000                                                                  
G30  21416168.042   112542706.7340       2280.794          42.000    21416168.630    87695640.6780       1777.074          29.000  
G08  19658727.262   103307290.9490      -2358.249          32.000                                                                  
C37  22811162.692   118783718.4790      -1917.853          27.000                                                                  
C20  24947986.314   129910759.8480      -3386.813          30.000                                                                  
C28  22849042.104   118980941.3640      -1745.392          29.000                                                                  
C30  23574870.152   122760535.1271       2770.158          21.000                                                                  
R16  21358013.896   114090676.3871      -2382.274          25.000    21357995.116    88737114.8791      -1853.049          24.000  
R08  21244818.441   113765037.5901        778.440          20.000    21244840.008    88484008.0931        598.214          22.000  
R20  21831949.022   116745171.6450       3774.037          27.000                                                                  
R09  19233184.080   102704157.8880       -141.780          34.000                                                                  
G04  22776909.382   119693457.1620      -4176.086          26.000                                                                  
S31  36789191.641   193328509.7580       -461.146          35.000  
S33  37493799.589   197031275.2990       -463.456          45.000  
E06  24648019.590   129526315.9040       1069.056          34.000    24648026.304    99247393.9910        818.874          40.000  
C12  23825290.099   124064571.2900      -3039.712          37.000                                                                  
C22  24715276.375   128698928.8431        126.484          26.000                                                                  
C13  25347808.871   131992691.6201      -2887.719          14.000                                                                  
C19  23870014.140   124297449.7790      -2238.363          37.000                                                                  
C36  24021088.586   125084132.2630       1685.886          35.000                                                                  
R10  21262259.078   113339780.4020       1535.382          26.000                                                                  
R07  20228360.969   108284160.8320      -2853.952          37.000    20228360.185    84220785.4940      -2220.048          39.000  
R18  21152494.049   112913448.8191      -2531.673          23.000                                                                  
R19  19766667.336   105738340.7801       1336.850          25.000    19766677.131    82240900.3640       1039.575          28.000  
E04  23280728.933   122341055.5430       -213.480          43.000    23280729.448    93741853.8610       -163.448          40.000  
E21  24473681.716   128610008.9690      -2142.156          28.000                                                                  
E31  25439271.461   133684312.5350       1166.941          33.000    25439271.464   102433427.3570        894.083          40.000  
E28  22919272.366   120441558.3950      -1522.327          44.000    22919274.900    92286422.2090      -1166.474          45.000  
G14  22201029.045   116667157.4790       1634.436          31.000    22201016.301    90909449.7711       1275.730          20.000  
G22  23472181.509   123347191.7240       1817.445          37.000                                                                  
G09  20842732.582   109529322.4570      -3285.698          28.000    20842741.103    85347540.0211      -2561.583          25.000  
E23  22783747.548   119729386.4070       -400.703          42.000    22783749.655    91740728.7620       -307.234          35.000  
> 2026  7 21  5  4  0.9970000  0 35                           
S35  37235528.217   195674051.1710       -466.829          44.000  
G07  19807066.266   104086867.5450        642.462          35.000    19807070.078    81106639.8841        495.449          22.000  
G02  21470760.419   112829606.9531       1416.640          21.000                                                                  
G30  21411831.302   112519915.5670       2277.320          42.000    21411832.092    87677881.3140       1774.864          29.000  
G08  19663222.430   103330906.7080      -2365.308          32.000                                                                  
C37  22814844.561   118802882.3601      -1921.038          25.000                                                                  
C27  21464027.903   111768824.8721        688.771          24.000                                                                  
C20  24954492.009   129944635.3100      -3388.078          28.000                                                                  
C28  22852397.920   118998423.8330      -1750.861          28.000                                                                  
C30  23569541.420   122732786.6001       2767.538          18.000                                                                  
R08  21243382.299   113757347.4021        773.288          25.000    21243395.019    88477989.6331        601.177          22.000  
R20  21824894.497   116707443.1290       3771.257          26.000                                                                  
R09  19233453.365   102705591.9170       -145.047          30.000    19233431.289    79882015.9361       -112.073          11.000  
G04  22784852.050   119735221.6190      -4177.856          26.000                                                                  
S31  36790072.275   193333136.9520       -463.782          35.000  
S33  37494683.042   197035918.3400       -465.215          45.000  
E06  24645989.523   129515651.5670       1063.346          34.000    24645996.875    99239222.6150        814.900          40.000  
C12  23831129.113   124094981.0950      -3043.027          36.000                                                                  
C22  24715044.261   128697720.6290        117.680          26.000                                                                  
C13  25353383.383   132021720.3161      -2913.480          15.000                                                                  
C19  23874317.695   124319860.7770      -2243.420          37.000                                                                  
C36  24017852.974   125067281.6650       1683.933          35.000                                                                  
R10  21259376.796   113324441.0301       1532.360          22.000                                                                  
R07  20233700.387   108312744.3590      -2862.445          38.000    20233700.088    84243017.1150      -2226.172          39.000  
R18  21157236.101   112938762.9131      -2539.843          19.000                                                                  
R19  19764162.499   105724941.6541       1331.240          19.000    19764186.889    82230542.1080       1032.360          27.000  
E04  23281140.789   122343220.3800       -219.545          43.000    23281141.577    93743512.6640       -168.281          40.000  
E21  24477766.364   128631442.6390      -2144.120          28.000    24477774.884    98561855.6321      -1636.719          15.000  
E31  25437051.420   133672658.0110       1164.300          32.000    25437053.682   102424497.2660        891.877          40.000  
E28  22922175.008   120456810.8090      -1528.255          44.000    22922177.230    92298109.1180      -1170.978          45.000  
G14  22197923.327   116650833.6270       1630.660          32.000    22197911.448    90896735.9761       1262.757          20.000  
G22  23468725.740   123329030.0910       1814.879          36.000                                                                  
G09  20848997.009   109562207.6940      -3291.059          29.000    20848999.298    85373165.9321      -2565.664          24.000  
E23  22784513.047   119733407.9150       -403.728          42.000    22784515.299    91743810.1560       -308.797          35.000  
R16                                                                  21362444.992    88755602.5241      -1855.841          22.000  
> 2026  7 21  5  4 10.9970000  0 34                           
S35  37236418.424   195678731.3740       -469.323          44.000  
G07  19805847.751   104080472.6570        636.218          35.000    19805851.180    81101649.4941        492.180          20.000  
G02  21468114.227   112815700.8471       1405.802          25.000                                                                  
G30  21407500.758   112497158.3860       2273.678          42.000    21407503.107    87660148.5380       1770.789          30.000  
G08  19667731.242   103354595.2720      -2372.498          33.000                                                                  
C37  22818525.884   118822051.5951      -1930.066          21.000                                                                  
C20  24961001.825   129978527.1090      -3390.474          27.000                                                                  
C28  22855765.168   119015975.8020      -1758.826          27.000                                                                  
C30  23564222.116   122705087.5421       2763.042          19.000                                                                  
R08  21241961.636   113749739.7921        758.355          23.000    21241973.517    88472069.3491        584.162          24.000  
R20  21817846.255   116669828.2611       3770.436          24.000                                                                  
R09  19233727.537   102707063.2020       -150.447          30.000    19233720.983    79883219.6201       -128.706          20.000  
G04  22792805.122   119777013.2800      -4181.201          27.000                                                                  
S31  36790956.544   193337784.7740       -465.060          35.000  
S33  37495570.544   197040581.0540       -467.506          45.000  
E06  24643971.494   129505045.8490       1057.521          33.000    24643978.415    99231096.1270        810.402          40.000  
C12  23836975.212   124125423.3550      -3045.676          37.000                                                                  
C22  24714825.627   128696582.2831        109.584          25.000                                                                  
C13  25358982.641   132050876.7951      -2913.597          15.000                                                                  
C19  23878632.150   124342327.3080      -2249.448          37.000                                                                  
C36  24014620.161   125050450.1850       1682.144          35.000                                                                  
R10  21256505.649   113309135.7701       1538.147          19.000                                                                  
R07  20239056.447   108341414.2300      -2871.460          40.000    20239055.834    84265315.9320      -2233.476          39.000  
R18  21162005.985   112964224.1331      -2550.865          16.000    21162011.977    87861088.6121      -1984.110          18.000  
R19  19761686.220   105711695.6091       1313.578          19.000    19761706.796    82220324.9070       1024.396          25.000  
E04  23281565.436   122345452.1070       -226.701          43.000    23281566.332    93745222.6830       -173.567          40.000  
E21  24481851.961   128652898.2950      -2147.329          29.000                                                                  
E31  25434838.084   133661036.8280       1160.604          31.000    25434842.239   102415592.7050        889.085          40.000  
E28  22925089.040   120472126.3650      -1534.928          43.000    22925091.756    92309844.4120      -1175.996          45.000  
G14  22194822.121   116634577.7250       1627.712          29.000    22194810.025    90884036.5301       1272.158          20.000  
G22  23465276.568   123310903.0870       1810.762          35.000                                                                  
G09  20855270.185   109595150.1100      -3297.710          28.000    20855270.259    85398845.3301      -2569.627          25.000  
E23  22785284.802   119737464.3700       -407.456          41.000    22785287.422    91746918.3560       -312.179          35.000  
R16                                                                  21366912.095    88774161.9681      -1856.020          21.000  
> 2026  7 21  5  4 20.9970000  0 34                           
S35  37237312.774   195683430.0160       -470.709          44.000  
G07  19804640.723   104074132.0280        631.415          35.000    19804647.662    81096720.6181        494.801          19.000  
G02  21465457.749   112801740.8691       1394.861          24.000                                                                  
G30  21403176.672   112474434.2850       2270.777          42.000    21403179.400    87642441.4510       1769.144          29.000  
G08  19672252.747   103378355.6350      -2379.799          32.000                                                                  
C37  22822207.532   118841222.9441      -1926.591          17.000                                                                  
C20  24967515.151   130012434.0310      -3391.223          26.000                                                                  
C28  22859145.755   119033596.0740      -1765.656          28.000                                                                  
C30  23558927.088   122677515.0411       2756.910          23.000                                                                  
R16  21371399.447   114162179.3081      -2391.250          23.000    21371382.767    88792736.4761      -1862.077          18.000  
R08  21240561.482   113742241.7951        747.807          27.000    21240561.261    88466187.1191        578.744          22.000  
R20  21810796.924   116632132.4581       3762.920          22.000                                                                  
R09  19234007.830   102708528.2871       -154.018          22.000                                                                  
G04  22800766.456   119818831.0250      -4182.996          27.000                                                                  
S31  36791844.394   193342450.8000       -467.709          35.000  
S33  37496461.531   197045263.2990       -469.072          45.000  
E06  24641965.247   129494497.8370       1051.579          34.000    24641971.271    99223013.8510        805.957          40.000  
C12  23842827.865   124155897.0970      -3049.146          38.000                                                                  
C22  24714616.729   128695494.2201        102.907          25.000                                                                  
C13  25364585.799   132080053.5261      -2915.259          17.000                                                                  
C19  23882957.019   124364848.3190      -2254.405          37.000                                                                  
C36  24011390.876   125033637.0090       1680.060          37.000                                                                  
R10  21253638.035   113293850.2271       1535.851          18.000                                                                  
R07  20244428.732   108370169.3280      -2879.371          41.000    20244427.875    84287681.0250      -2239.936          39.000  
R19  19759241.692   105698619.2581       1310.617          21.000    19759238.579    82210024.0041       1017.638          20.000  
E04  23282003.066   122347749.7190       -232.767          43.000    23282003.884    93746983.2050       -178.286          41.000  
E21  24485930.306   128674374.8240      -2147.765          30.000                                                                  
E31  25432627.270   133649447.9590       1157.494          30.000    25432636.959   102406712.9060        886.857          41.000  
E28  22928015.114   120487504.0570      -1540.743          43.000    22928017.941    92321627.3280      -1180.620          45.000  
G14  22191726.326   116618315.4030       1625.174          28.000    22191713.316    90871355.6741       1265.812          20.000  
G22  23461834.168   123292809.7400       1807.370          35.000                                                                  
G09  20861551.458   109628148.5220      -3302.638          27.000    20861550.440    85424561.4371      -2572.049          25.000  
E23  22786062.972   119741554.7500       -410.629          41.000    22786065.704    91750052.5410       -314.639          36.000  
R18                                                                  21166808.720    87881003.2341      -1997.735          21.000  
> 2026  7 21  5  4 30.9970000  0 35                           
G27  22319613.225   117290358.8131      -3974.254          18.000                                                                  
S35  37238210.031   195688143.5450       -472.260          44.000  
G07  19803443.957   104067841.9800        626.410          34.000    19803451.693    81091823.3721        474.248          18.000  
G02  21462802.393   112787787.5481       1383.583          22.000                                                                  
G30  21398858.022   112451739.5190       2268.019          42.000    21398861.399    87624757.2410       1767.530          28.000  
G08  19676786.828   103402183.6850      -2385.712          30.000                                                                  
C37  22825896.899   118860434.6271      -1935.813          16.000                                                                  
C20  24974031.926   130046352.5800      -3392.476          26.000                                                                  
C28  22862538.861   119051280.7810      -1771.826          27.000                                                                  
C30  23553636.683   122649966.6671       2746.254          23.000                                                                  
R16  21375888.123   114186156.5361      -2394.545          21.000    21375851.995    88811305.4071      -1875.871          12.000  
R08  21239171.688   113734820.7510        737.815          26.000    21239178.427    88460427.4081        575.340          21.000  
R20  21803749.033   116594443.9151       3761.082          21.000                                                                  
R09  19234300.296   102710089.8121       -155.304          26.000    19234294.955    79885602.9551       -114.382          21.000  
G04  22808731.350   119860670.9110      -4184.662          27.000                                                                  
S31  36792735.430   193347132.7410       -469.001          36.000  
S33  37497355.393   197049960.2540       -470.576          45.000  
E06  24639968.145   129484003.6600       1046.957          34.000    24639974.091    99214972.8520        802.424          40.000  
C12  23848686.481   124186398.3640      -3051.646          39.000                                                                  
C22  24714425.046   128694483.8170         96.495          27.000                                                                  
C13  25370194.166   132109257.9701      -2919.728          18.000                                                                  
C19  23887291.759   124387419.9570      -2259.677          38.000                                                                  
C36  24008164.507   125016838.2700       1679.004          38.000                                                                  
R10  21250771.890   113278571.6541       1529.914          15.000                                                                  
R07  20249815.935   108399005.7570      -2887.778          41.000    20249814.789    84310109.3290      -2245.937          39.000  
R19  19756808.442   105685602.1341       1298.731          12.000    19756787.155    82199824.3161       1015.548          21.000  
E04  23282451.980   122350109.4300       -239.086          43.000    23282453.047    93748791.2980       -183.258          41.000  
E21  24490018.169   128695868.4980      -2150.072          30.000                                                                  
E31  25430424.421   133637887.5250       1155.399          31.000    25430437.305   102397854.9370        884.694          41.000  
E28  22930952.448   120502940.0450      -1546.524          43.000    22930955.381    92333454.8950      -1184.947          45.000  
G14  22188636.849   116602080.3050       1622.453          29.000    22188619.272    90858686.3341       1259.899          18.000  
G22  23458396.359   123274746.2140       1804.650          35.000                                                                  
G09  20867836.871   109661199.0400      -3307.401          27.000    20867841.739    85450322.9841      -2578.168          25.000  
E23  22786846.899   119745675.2230       -413.648          40.000    22786849.861    91753209.7870       -316.791          36.000  
R18                                                                  21171622.799    87900990.4041      -2000.668          24.000  
> 2026  7 21  5  4 40.9970000  0 36                           
G27  22327155.980   117329996.2101      -3974.364          17.000                                                                  
S35  37239109.790   195692871.2220       -473.059          44.000  
G07  19802256.586   104061601.0180        621.741          34.000    19802269.260    81086982.1391        496.053          16.000  
G02  21460157.132   112773886.0711       1381.446          23.000                                                                  
G30  21394544.517   112429072.5540       2265.401          42.000    21394548.407    87607094.7010       1765.363          27.000  
G08  19681332.356   103426077.9370      -2392.572          29.000                                                                  
C37  22829638.296   118879916.8431      -1935.504          20.000                                                                  
C20  24980551.354   130080280.6930      -3392.383          26.000                                                                  
C28  22865944.938   119069028.3440      -1777.881          25.000                                                                  
C30  23548356.129   122622468.9841       2748.478          25.000                                                                  
R16  21380360.928   114210049.4691      -2390.922          18.000                                                                  
R08  21237805.736   113727484.7471        728.779          27.000    21237808.527    88454721.7071        561.155          22.000  
R20  21796700.515   116556753.0081       3758.375          23.000                                                                  
R09  19234599.061   102711667.9890       -158.123          27.000    19234588.943    79886823.9341       -118.581          20.000  
G04  22816695.594   119902531.2760      -4187.189          27.000                                                                  
S31  36793628.532   193351827.5040       -469.639          35.000  
S33  37498251.764   197054671.1290       -471.618          45.000  
E06  24637982.039   129473561.8270       1042.173          35.000    24637986.861    99206971.9850        798.236          40.000  
C12  23854550.374   124216925.5410      -3053.835          40.000                                                                  
C22  24714247.551   128693548.8390         90.415          28.000                                                                  
C13  25375815.073   132138527.8041      -2927.862          21.000                                                                  
C19  23891635.884   124410040.5120      -2264.043          39.000                                                                  
C36  24004940.745   125000052.4200       1677.828          38.000                                                                  
R10  21247907.837   113263304.3861       1518.743          14.000                                                                  
R07  20255218.270   108427921.4110      -2895.484          42.000    20255216.433    84332599.2560      -2252.006          37.000  
R18  21176440.845   113041278.5101      -2572.536          20.000    21176453.304    87921046.6171      -2006.092          25.000  
R19  19754391.070   105672671.5191       1295.457          21.000    19754359.735    82189724.5681       1004.648          19.000  
E04  23282912.279   122352529.6430       -244.783          43.000    23282913.619    93750645.7520       -187.391          42.000  
E21  24494110.045   128717377.6150      -2151.121          31.000                                                                  
E31  25428229.804   133626354.0170       1151.777          32.000    25428242.534   102389017.5300        883.145          41.000  
E28  22933900.755   120518432.6960      -1551.927          42.000    22933903.637    92345325.8940      -1189.110          45.000  
G14  22185552.377   116585870.3890       1619.404          32.000    22185538.897    90846072.9391       1260.200          17.000  
G22  23454963.856   123256710.8810       1802.466          34.000                                                                  
G09  20874136.761   109694299.9260      -3311.925          29.000    20874142.397    85476122.9711      -2581.488          24.000  
G01  23047318.719   121114476.4101       2401.011          25.000                                                                  
E23  22787636.645   119749824.1190       -416.104          40.000    22787639.689    91756388.8040       -318.530          36.000  
> 2026  7 21  5  4 50.9970000  0 34                           
G27  22334702.245   117369651.6551      -3967.042          19.000                                                                  
S35  37240010.735   195697605.9570       -473.821          44.000  
G07  19801076.857   104055402.5240        617.987          33.000    19801092.245    81082162.5401        478.437          12.000  
G02  21457500.507   112759925.4491       1377.992          25.000                                                                  
G30  21390235.213   112406426.8950       2263.125          42.000    21390239.400    87589448.7780       1763.726          27.000  
G08  19685889.098   103450031.6400      -2398.429          28.000                                                                  
C37  22833365.859   118899327.4171      -1935.575          24.000                                                                  
C20  24987064.435   130114201.3431      -3392.752          25.000                                                                  
C28  22869343.443   119086671.9691      -1776.769          21.000                                                                  
C30  23543071.571   122594951.0931       2753.855          25.000                                                                  
R08  21236455.137   113720247.2000        719.347          27.000    21236455.146    88449084.7841        550.359          18.000  
R20  21789654.751   116519075.4461       3757.930          20.000                                                                  
R09  19234880.807   102713261.5730       -160.706          27.000    19234887.749    79888065.0251       -129.630          22.000  
G04  22824660.094   119944405.3630      -4187.708          27.000                                                                  
S31  36794523.071   193356529.9260       -471.515          36.000  
S33  37499149.633   197059388.7430       -472.168          45.000  
E06  24636003.709   129463165.8700       1036.439          36.000    24636008.936    99199006.2080        794.809          40.000  
C12  23860417.624   124247471.9720      -3055.445          41.000                                                                  
C22  24714073.109   128692672.9080         84.524          29.000                                                                  
C13  25381442.639   132167831.7101      -2928.214          23.000                                                                  
C19  23895988.850   124432703.4560      -2269.107          40.000                                                                  
C36  24001718.298   124983272.9070       1677.232          38.000                                                                  
R07  20260633.622   108456909.7440      -2902.755          42.000    20260631.628    84355145.7420      -2257.418          37.000  
R18  21181280.710   113067114.7321      -2588.265          25.000    21181304.359    87941177.4840      -2012.430          27.000  
R19  19752002.026   105659891.3831       1283.031          21.000    19751950.649    82179701.6751        995.736          21.000  
E04  23283382.637   122355003.8440       -250.183          42.000    23283384.062    93752541.5840       -191.878          42.000  
E21  24498204.451   128738895.6660      -2152.311          30.000                                                                  
E31  25426042.370   133614840.7300       1150.045          34.000    25426052.016   102380195.6870        881.367          41.000  
E28  22936858.152   120533975.4390      -1557.053          42.000    22936861.539    92357235.2560      -1193.066          45.000  
G14  22182471.332   116569678.9590       1618.285          33.000    22182456.134    90833449.5481       1256.981          14.000  
G22  23451534.613   123238697.2390       1799.658          35.000                                                                  
G09  20880440.255   109727444.5580      -3316.747          31.000    20880445.468    85501932.8601      -2584.373          20.000  
E23  22788429.497   119753994.8880       -418.414          39.000    22788433.272    91759584.5840       -320.520          37.000  
R16                                                                  21384782.393    88848408.4981      -1849.903          17.000  
> 2026  7 21  5  5  0.9970000  0 37                           
G27  22342241.292   117409269.6621      -3967.995          17.000                                                                  
S35  37240913.498   195702350.8340       -475.404          44.000  
G07  19799905.111   104049250.2560        612.549          30.000                                                                  
G02  21454872.115   112746123.4960       1372.996          28.000                                                                  
G30  21385930.273   112383806.2680       2260.703          41.000    21385934.824    87571822.3510       1760.835          25.000  
G08  19690459.061   103474048.3490      -2405.114          28.000                                                                  
C37  22837077.212   118918653.2891      -1935.571          25.000                                                                  
C20  24993579.958   130148129.3041      -3393.688          26.000                                                                  
C28  22872767.941   119104504.8191      -1794.322          17.000                                                                  
C30  23537785.900   122567427.5051       2750.887          25.000                                                                  
R16  21389299.341   114257796.9921      -2394.875          20.000    21389294.384    88867155.1801      -1871.712          22.000  
R08  21235122.039   113713099.4530        709.415          28.000    21235117.591    88443514.0941        554.750          23.000  
R20  21782612.309   116481416.2951       3768.632          21.000                                                                  
R09  19235190.629   102714882.9060       -163.693          29.000    19235197.138    79889350.0301       -122.499          20.000  
G04  22832626.486   119986296.9330      -4191.235          25.000                                                                  
E19  22962444.211   120668458.0981      -2934.492          21.000                                                                  
S31  36795420.036   193361242.1710       -471.718          35.000  
S33  37500049.623   197064117.1340       -473.774          45.000  
E06  24634034.879   129452819.3570       1031.837          36.000    24634040.007    99191078.3900        790.602          39.000  
C12  23866289.126   124278041.2090      -3058.115          41.000                                                                  
C22  24713922.779   128691859.6870         77.641          30.000                                                                  
C13  25387069.855   132197134.1201      -2933.710          24.000                                                                  
C19  23900350.171   124455412.2220      -2273.431          40.000                                                                  
C36  23998497.873   124966503.4050       1676.026          38.000                                                                  
R10  21242185.756   113232803.2781       1526.240          21.000                                                                  
R07  20266062.867   108485974.1950      -2910.495          41.000    20266061.328    84377751.4360      -2263.777          38.000  
R18  21186145.735   113093070.3100      -2595.917          28.000    21186166.043    87961372.0341      -2018.104          26.000  
R19  19749633.108   105647219.3411       1263.122          11.000    19749581.896    82169846.8571       1004.082          24.000  
E04  23283864.299   122357535.6430       -256.210          42.000    23283866.058    93754481.5480       -196.569          42.000  
E21  24502299.049   128760426.2640      -2153.890          30.000                                                                  
E31  25423856.469   133603351.3580       1147.602          34.000    25423865.729   102371392.1670        879.422          42.000  
E28  22939826.049   120549571.8660      -1562.676          42.000    22939829.340    92369185.7670      -1197.336          45.000  
G14  22179393.377   116553509.7590       1615.170          35.000    22179383.082    90820865.6161       1230.870          13.000  
G22  23448110.660   123220708.7450       1797.324          34.000                                                                  
G09  20886756.872   109760636.4130      -3321.929          31.000    20886759.099    85527786.4561      -2593.333          18.000  
E23  22789228.720   119758191.1460       -421.044          39.000    22789232.212    91762799.9180       -322.630          38.000  
C27                                                                  21456148.528    86395018.1691        527.977          11.000  
> 2026  7 21  5  5 10.9970000  0 35                           
S35  37241819.256   195707109.9590       -476.884          44.000  
G07  19798742.361   104043147.5010        607.699          28.000                                                                  
G02  21452269.150   112732420.8150       1367.022          27.000                                                                  
G30  21381631.038   112361213.9660       2257.606          40.000    21381634.801    87554220.0881       1757.575          24.000  
G08  19695040.840   103498138.7600      -2411.369          22.000                                                                  
C37  22840806.878   118938074.4321      -1941.857          26.000                                                                  
C20  25000101.403   130182091.7160      -3395.665          27.000                                                                  
C28  22876208.797   119122421.6701      -1803.529          15.000                                                                  
C30  23532506.735   122539937.0970       2747.300          26.000                                                                  
R16  21393809.395   114281889.1001      -2400.963          26.000    21393800.857    88885878.7301      -1868.830          22.000  
R08  21233801.418   113706048.5580        700.417          28.000    21233802.331    88438036.0591        533.498          23.000  
R20  21775590.579   116443868.1091       3752.217          25.000                                                                  
R09  19235496.612   102716535.0520       -166.653          28.000    19235510.498    79890652.1701       -146.157          12.000  
G04  22840600.950   120028208.8060      -4192.542          25.000                                                                  
E19  22968023.387   120697776.8211      -2935.606          20.000                                                                  
S31  36796319.642   193365968.9250       -473.935          36.000  
S33  37500951.860   197068859.5680       -474.888          45.000  
E06  24632076.706   129442525.6960       1026.574          36.000    24632081.085    99183191.0120        786.712          40.000  
C12  23872164.639   124308636.3330      -3060.751          40.000                                                                  
C22  24713779.731   128691112.2310         71.124          32.000                                                                  
C13  25392713.342   132226521.7241      -2940.694          24.000                                                                  
C19  23904720.513   124478169.9870      -2278.432          41.000                                                                  
C36  23995279.791   124949747.0620       1674.774          38.000                                                                  
R10  21239330.782   113217584.5061       1527.944          18.000                                                                  
R07  20271506.624   108515118.1210      -2918.257          41.000    20271506.040    84400418.8610      -2269.565          37.000  
R18  21191018.985   113119078.6890      -2605.305          29.000    21191034.619    87981585.1161      -2026.585          24.000  
E04  23284357.551   122360128.3020       -262.316          42.000    23284359.413    93756468.1090       -200.893          42.000  
E21  24506392.959   128781972.5590      -2155.555          29.000                                                                  
E31  25421678.267   133591889.1480       1144.939          36.000    25421684.614   102362609.4560        877.209          42.000  
E28  22942805.414   120565225.1930      -1568.320          41.000    22942808.212    92381179.8680      -1201.581          45.000  
G14  22176319.999   116537365.9300       1613.001          36.000    22176310.886    90808285.7051       1268.522          13.000  
G22  23444692.039   123202748.8720       1794.528          36.000                                                                  
G09  20893083.375   109793878.6370      -3326.352          31.000    20893077.742    85553660.6981      -2590.477          16.000  
E23  22790033.857   119762416.0890       -423.929          39.000    22790036.386    91766037.2080       -325.016          38.000  
R19                                                                  19747228.232    82160053.2841        982.780          25.000  
> 2026  7 21  5  5 20.9970000  0 34                           
S35  37242727.812   195711885.2730       -478.174          44.000  
G07  19797585.961   104037016.2381        603.524          25.000                                                                  
G02  21449648.035   112718660.3311       1362.477          24.000                                                                  
G30  21377337.465   112338653.0090       2254.688          40.000    21377339.004    87536629.1071       1755.270          22.000  
C37  22844546.852   118957549.9711      -1943.341          26.000                                                                  
C20  25006622.770   130216051.9430      -3396.749          28.000                                                                  
C28  22879671.934   119140455.3341      -1804.185          17.000                                                                  
C30  23527232.195   122512470.5250       2745.095          26.000                                                                  
R16  21398312.438   114305939.2360      -2403.758          26.000    21398303.969    88904587.7871      -1869.772          22.000  
R08  21232505.339   113699097.7310        690.048          29.000    21232502.634    88432623.4851        536.494          22.000  
R20  21768582.516   116406392.9920       3752.203          27.000                                                                  
R09  19235830.896   102718221.1800       -170.414          32.000                                                                  
G04  22848578.041   120070087.4351      -4193.727          24.000                                                                  
E19  22973611.514   120727142.5221      -2947.770          17.000                                                                  
S31  36797222.425   193370711.8750       -475.049          35.000  
S33  37501857.217   197073618.3010       -476.507          45.000  
E06  24630129.145   129432287.8230       1020.682          37.000    24630132.757    99175346.4070        782.422          39.000  
C12  23878045.292   124339260.1530      -3063.325          39.000                                                                  
C22  24713649.899   128690433.5540         64.653          31.000                                                                  
C13  25398363.860   132255945.5641      -2948.589          24.000                                                                  
C19  23909101.270   124500979.5760      -2283.578          41.000                                                                  
C36  23992065.132   124933006.8720       1673.384          39.000                                                                  
R10  21236482.396   113202400.6671       1520.660          17.000                                                                  
R07  20276966.011   108544344.1720      -2926.666          41.000    20276965.529    84423150.1940      -2276.011          36.000  
R18  21195911.754   113145179.9510      -2614.823          28.000                                                                  
R19  19744853.779   105621652.8311       1258.244          16.000                                                                  
E04  23284863.559   122362784.7800       -268.741          41.000    23284865.044    93758503.6060       -205.923          43.000  
E21  24510494.017   128803537.5530      -2157.453          28.000                                                                  
E31  25419503.238   133580456.9780       1141.695          36.000    25419509.109   102353849.7740        874.930          42.000  
E28  22945795.778   120580938.3460      -1574.336          42.000    22945798.315    92393219.8100      -1206.385          45.000  
G14  22173252.481   116521250.4630       1610.195          38.000    22173244.067    90795727.7131       1244.939          16.000  
G22  23441280.399   123184820.3780       1791.615          37.000                                                                  
G09  20899419.882   109827174.1690      -3332.511          32.000    20899399.003    85579544.4851      -2594.665          18.000  
E23  22790843.121   119766672.6460       -427.181          38.000    22790846.711    91769298.7150       -327.230          38.000  
> 2026  7 21  5  5 30.9970000  0 36                           
G27  22364908.845   117528388.9921      -3967.357          16.000                                                                  
S35  37243639.062   195716674.6940       -479.695          44.000  
G07  19796445.481   104031022.8171        597.931          23.000                                                                  
G02  21447049.129   112705003.7821       1356.647          22.000                                                                  
G30  21373049.612   112316120.6210       2251.851          41.000    21373046.431    87519051.7941       1757.445          21.000  
C37  22848291.670   118977003.6420      -1946.399          26.000                                                                  
C27  21452651.408   111709530.9510        629.524          28.000                                                                  
C20  25013148.498   130250021.8490      -3397.245          29.000                                                                  
C28  22883165.174   119158645.9601      -1803.973          22.000                                                                  
C30  23521962.695   122485029.2720       2742.695          26.000                                                                  
R16  21402803.616   114329935.2251      -2404.935          26.000    21402812.255    88923318.5691      -1861.643          21.000  
R08  21231231.403   113692244.0750        680.226          27.000    21231220.406    88427282.7131        535.693          23.000  
R20  21761576.781   116368882.7340       3749.234          28.000                                                                  
R09  19236151.371   102719938.2520       -172.907          29.000    19236118.029    79893174.8301       -136.376          19.000  
G04  22856561.199   120112039.4501      -4197.014          24.000                                                                  
E19  22979207.302   120756548.6621      -2944.775          19.000                                                                  
S31  36798127.606   193375469.4580       -476.871          35.000  
S33  37502765.640   197078390.8700       -478.169          45.000  
E06  24628191.627   129422102.8730       1016.035          38.000    24628194.775    99167542.3900        778.260          39.000  
C12  23883930.260   124369909.7870      -3066.495          38.000                                                                  
C22  24713530.909   128689820.8130         58.545          31.000                                                                  
C13  25404028.936   132285444.5291      -2949.921          23.000                                                                  
C19  23913491.441   124523838.0330      -2288.520          41.000                                                                  
C36  23988852.708   124916279.9730       1671.875          39.000                                                                  
R10  21233641.900   113187259.2201       1504.243          21.000                                                                  
R07  20282440.207   108573649.0490      -2934.474          41.000    20282439.458    84445942.8600      -2282.253          34.000  
R18  21200817.102   113171371.0720      -2623.719          27.000    21200819.330    88022209.5591      -2035.043          20.000  
R19  19742521.019   105609174.1511       1250.289          24.000    19742545.862    82140572.0391        972.390          20.000  
E04  23285381.081   122365502.2130       -274.778          42.000    23285382.095    93760585.8000       -210.669          43.000  
E21  24514602.469   128825118.2450      -2158.604          27.000    24514612.105    98710184.4341      -1654.916          26.000  
E31  25417333.625   133569052.0170       1139.169          37.000    25417338.985   102345110.9370        872.641          42.000  
E28  22948796.890   120596708.4100      -1579.900          41.000    22948799.366    92405303.3640      -1210.477          45.000  
G14  22170190.483   116505160.4920       1607.729          39.000    22170179.894    90783180.1861       1254.924          19.000  
G22  23437874.112   123166920.4660       1788.317          38.000                                                                  
G09  20905766.486   109860519.8480      -3337.379          33.000    20905744.773    85605529.1001      -2602.359          21.000  
E23  22791658.348   119770957.8870       -430.037          38.000    22791662.518    91772582.2500       -329.658          39.000  
> 2026  7 21  5  5 40.9970000  0 36                           
G27  22372500.835   117568284.9011      -3984.221          19.000                                                                  
S35  37244553.972   195721480.3120       -481.285          44.000  
G07  19795311.888   104025065.6761        590.099          23.000                                                                  
G02  21444487.959   112691544.1351       1349.590          23.000                                                                  
G30  21368767.618   112293618.7630       2248.651          41.000    21368759.831    87501499.0711       1761.231          20.000  
C37  22852048.888   118996614.5771      -1949.275          25.000                                                                  
C27  21451447.007   111703270.7640        622.843          31.000                                                                  
C20  25019672.990   130284003.2130      -3398.498          30.000                                                                  
C28  22886653.062   119176807.7591      -1815.237          26.000                                                                  
C30  23516696.389   122457615.2360       2739.134          24.000                                                                  
R16  21407309.196   114354002.4170      -2407.633          27.000    21407335.535    88942111.9381      -1855.766          21.000  
R08  21229965.347   113685489.3940        670.850          28.000    21229966.946    88422061.6211        522.242          24.000  
R20  21754570.579   116331399.3640       3747.563          29.000                                                                  
R09  19236476.881   102721688.4280       -177.259          32.000    19236449.786    79894552.8871       -130.308          22.000  
G04  22864559.287   120154069.5761      -4197.890          23.000                                                                  
E19  22984821.480   120786051.3201      -2951.694          20.000                                                                  
S31  36799035.809   193380242.3720       -478.098          35.000  
S33  37503676.856   197083179.5170       -479.560          45.000  
E06  24626263.930   129411972.8700       1010.499          38.000    24626267.044    99159780.4320        774.308          39.000  
C12  23889819.856   124400586.9430      -3069.124          35.000                                                                  
C22  24713426.078   128689275.8880         51.873          31.000                                                                  
C13  25409699.582   132314972.9331      -2946.701          24.000                                                                  
C19  23917890.591   124546747.1480      -2293.202          40.000                                                                  
C36  23985643.658   124899568.2460       1670.272          40.000                                                                  
R10  21230810.542   113172166.4761       1511.330          22.000                                                                  
R07  20287930.287   108603035.0480      -2942.610          42.000    20287928.266    84468798.6710      -2288.839          34.000  
R18  21205738.753   113197653.9080      -2632.313          27.000    21205747.565    88042670.6971      -2042.921          19.000  
R19  19740217.367   105596839.5630       1235.300          27.000    19740219.503    82130893.3111        963.714          18.000  
E04  23285910.186   122368282.5170       -281.029          41.000    23285910.937    93762716.1810       -215.565          43.000  
E21  24518717.360   128846716.6830      -2160.057          26.000    24518721.131    98726728.3550      -1655.413          27.000  
E31  25415168.682   133557676.1360       1136.000          37.000    25415174.419   102336394.3570        870.608          42.000  
E28  22951808.862   120612537.2460      -1585.710          41.000    22951811.576    92417431.9780      -1215.211          44.000  
G14  22167133.254   116489097.8780       1604.766          38.000    22167125.294    90770671.8461       1256.311          21.000  
G22  23434473.974   123149050.9820       1785.347          38.000                                                                  
G09  20912123.011   109893917.5400      -3342.354          34.000    20912105.794    85631576.5711      -2605.497          23.000  
E23  22792479.964   119775273.6890       -433.109          38.000    22792483.691    91775889.1930       -331.980          39.000  
> 2026  7 21  5  5 50.9970000  0 37                           
G27  22380110.888   117608276.0061      -3992.252          22.000                                                                  
S35  37245471.267   195726301.7610       -482.553          44.000  
G07  19794191.160   104019175.9891        590.256          24.000                                                                  
G02  21441942.705   112678168.6501       1343.601          24.000                                                                  
G30  21364491.461   112271147.8650       2245.541          41.000    21364483.733    87483989.3871       1745.048          20.000  
C37  22855810.960   119016204.7781      -1953.422          23.000                                                                  
C27  21450258.432   111697077.5360        615.302          31.000                                                                  
C20  25026203.322   130317996.2840      -3399.957          30.000                                                                  
C28  22890144.847   119194990.5521      -1821.830          26.000                                                                  
C30  23511420.673   122430136.8751       2736.782          23.000                                                                  
R16  21411818.722   114378097.9850      -2411.075          28.000    21411864.995    88960930.3171      -1874.239          17.000  
R08  21228723.114   113678834.4940        660.450          29.000    21228715.080    88416847.9231        510.858          23.000  
R20  21747569.023   116293943.1710       3744.060          28.000                                                                  
R09  19236811.087   102723471.7570       -180.207          30.000    19236800.268    79895996.4140       -140.031          28.000  
G04  22872553.741   120196080.3751      -4201.773          23.000                                                                  
E19  22990436.159   120815556.9461      -2956.617          20.000                                                                  
S31  36799947.387   193385031.7010       -479.947          35.000  
S33  37504591.290   197087984.4580       -481.252          45.000  
E06  24624346.769   129401898.1880       1004.815          39.000    24624350.289    99152060.9080        769.631          40.000  
C12  23895712.766   124431291.8910      -3071.391          31.000                                                                  
C22  24713335.612   128688799.1390         43.981          30.000                                                                  
C13  25415380.442   132344554.6211      -2959.684          24.000                                                                  
C19  23922299.168   124569707.2240      -2298.437          39.000                                                                  
C36  23982437.656   124882872.0390       1669.075          40.000                                                                  
R10  21227973.676   113157044.7371       1513.594          24.000                                                                  
R07  20293435.454   108632502.0810      -2950.869          41.000    20293432.702    84491717.4860      -2295.284          35.000  
R18  21210679.152   113224028.9180      -2642.312          27.000    21210689.075    88063187.1411      -2055.005          17.000  
R19  19737929.156   105584533.0100       1225.470          25.000    19737923.808    82121341.8001        964.184          13.000  
E04  23286450.881   122371126.0650       -287.470          41.000    23286452.262    93764895.0040       -220.384          43.000  
E21  24522833.182   128868358.1271      -2163.210          24.000    24522834.611    98743292.5630      -1656.643          28.000  
E31  25413009.711   133546329.6550       1133.233          37.000    25413015.346   102327700.3240        868.339          42.000  
E28  22954831.858   120628425.2460      -1591.848          41.000    22954835.087    92429605.8870      -1219.638          44.000  
G14  22164081.245   116473062.9610       1602.287          38.000    22164074.811    90758180.5591       1246.722          24.000  
G22  23431079.300   123131212.2610       1782.290          39.000                                                                  
G09  20918490.573   109927367.4850      -3347.734          35.000    20918478.897    85657673.9081      -2611.207          25.000  
E23  22793307.290   119779620.4120       -436.008          38.000    22793310.714    91779219.8170       -334.360          39.000  
G08                                                                  19713512.444    80723537.2131      -1900.001          25.000  
> 2026  7 21  5  6  0.9970000  0 37                           
G27  22387728.577   117648306.8881      -3995.611          22.000                                                                  
S35  37246391.690   195731138.6690       -484.234          44.000  
G07  19793080.182   104013337.5291        581.784          25.000                                                                  
G02  21439400.824   112664811.6941       1340.992          22.000                                                                  
G30  21360220.891   112248707.1180       2243.133          41.000    21360217.307    87466518.4011       1735.090          20.000  
C37  22859588.291   119035874.5421      -1960.655          21.000                                                                  
C27  21449081.757   111690950.4520        609.354          31.000                                                                  
C20  25032735.331   130352000.0800      -3400.426          30.000                                                                  
C28  22893637.164   119213175.7951      -1829.263          26.000                                                                  
C30  23506155.527   122402719.3291       2738.957          22.000                                                                  
R16  21416316.524   114402219.0970      -2412.698          27.000    21416390.312    88979732.2471      -1872.028          20.000  
R08  21227494.786   113672277.9050        651.022          29.000    21227487.611    88411735.9421        505.151          26.000  
R20  21740562.755   116256513.1690       3741.737          26.000                                                                  
R09  19237148.052   102725287.5830       -183.154          32.000    19237155.498    79897408.7890       -141.879          32.000  
G04  22880558.913   120238148.4021      -4204.555          23.000                                                                  
E19  22996057.158   120845095.6991      -2954.190          21.000                                                                  
S31  36800861.732   193389836.3490       -480.608          35.000  
S33  37505508.531   197092804.9150       -482.683          45.000  
E06  24622440.084   129391878.0050        999.772          39.000    24622443.347    99144383.1000        765.815          39.000  
C12  23901609.324   124462023.6080      -3074.467          27.000                                                                  
C22  24713256.270   128688389.6640         37.615          28.000                                                                  
C13  25421067.548   132374168.8841      -2959.696          25.000                                                                  
C19  23926717.100   124592717.2920      -2303.242          39.000                                                                  
C36  23979233.881   124866190.5320       1667.592          39.000                                                                  
R10  21225135.936   113141918.2771       1508.635          22.000                                                                  
R07  20298955.477   108662049.2290      -2958.541          41.000    20298952.107    84514698.6270      -2301.416          35.000  
R18  21215637.537   113250494.8270      -2650.653          26.000    21215648.392    88083778.1131      -2045.530          17.000  
R19  19735650.242   105572317.6260       1216.807          25.000    19735642.271    82111849.3231        933.983          16.000  
E04  23287003.705   122374032.0460       -293.656          40.000    23287005.274    93767121.6370       -224.887          43.000  
E21  24526940.247   128889940.0931      -2168.811          21.000    24526952.400    98759868.8920      -1658.326          29.000  
E31  25410855.555   133535011.7350       1130.519          36.000    25410861.710   102319028.1620        866.386          41.000  
E28  22957866.668   120644371.4440      -1597.260          41.000    22957869.444    92441824.4030      -1223.852          44.000  
G14  22161034.142   116457054.8610       1600.020          38.000    22161036.611    90745739.3950       1246.003          27.000  
G22  23427690.448   123113403.4110       1780.089          40.000                                                                  
G09  20924866.601   109960868.6950      -3352.324          34.000    20924862.783    85683814.4401      -2609.850          26.000  
E23  22794140.073   119783997.1660       -439.134          38.000    22794143.411    91782573.4310       -336.391          39.000  
G08                                                                  19718158.156    80742560.7131      -1904.455          24.000  
> 2026  7 21  5  6 10.9970000  0 36                           
G27  22395341.594   117688313.8011      -4004.783          22.000                                                                  
S35  37247314.471   195735985.7530       -485.540          44.000  
G07  19791973.390   104007524.0620        577.228          27.000                                                                  
G02  21436860.064   112651459.5811       1327.617          20.000                                                                  
G30  21355955.427   112226291.8520       2240.141          41.000    21355950.455    87449046.2901       1748.109          23.000  
C27  21447917.699   111684884.8400        603.167          31.000                                                                  
C20  25039269.173   130386009.8710      -3401.176          28.000                                                                  
C28  22897140.118   119231433.1730      -1834.283          27.000                                                                  
C30  23500907.489   122375392.1191       2726.279          23.000                                                                  
R16  21420826.293   114426361.0360      -2415.693          27.000    21420900.839    88998471.8131      -1879.735          22.000  
R08  21226295.455   113665815.1850        642.365          30.000                                                                  
R20  21733564.197   116219104.8750       3739.636          26.000                                                                  
R09  19237493.221   102727131.0900       -186.289          32.000    19237500.091    79898842.6800       -144.946          32.000  
G04  22888568.143   120280237.2571      -4207.082          23.000                                                                  
E19  23001693.161   120874713.2451      -2956.678          23.000                                                                  
S31  36801778.171   193394651.2530       -482.412          35.000  
S33  37506427.667   197097634.9350       -483.969          45.000  
E06  24620542.888   129381907.6140        994.148          39.000    24620546.055    99136743.4770        761.425          40.000  
C12  23907517.893   124492777.3250      -3076.898          31.000                                                                  
C22  24713188.591   128688042.7490         31.599          26.000                                                                  
C13  25426758.671   132403804.7471      -2969.182          24.000                                                                  
C19  23931144.101   124615772.5440      -2307.934          39.000                                                                  
C36  23976032.212   124849518.9790       1666.313          38.000                                                                  
R10  21222302.383   113126813.6191       1509.981          20.000                                                                  
R07  20304489.732   108691671.2460      -2966.200          41.000    20304485.919    84537738.0370      -2307.469          36.000  
R18  21220614.079   113277078.9271      -2658.284          23.000    21220614.623    88104396.9541      -2070.320          18.000  
R19  19733387.387   105560193.0120       1208.443          26.000    19733378.532    82102430.4291        929.817          20.000  
E04  23287567.747   122376995.5820       -299.355          40.000    23287569.348    93769392.4200       -229.437          44.000  
E31  25408705.520   133523717.5460       1128.397          36.000    25408712.567   102310374.2030        864.335          41.000  
E28  22960911.304   120660371.0740      -1602.745          41.000    22960914.050    92454083.8570      -1227.953          44.000  
G14  22157992.346   116441068.8310       1597.350          39.000    22157995.196    90733282.7270       1244.511          28.000  
G22  23424306.398   123095619.7080       1776.721          40.000                                                                  
G09  20931251.454   109994416.2520      -3356.880          34.000    20931252.120    85709977.6780      -2616.559          26.000  
E23  22794978.299   119788399.0960       -441.719          39.000    22794980.990    91785946.3690       -338.174          39.000  
E21                                                                  24531069.906    98776454.6360      -1659.370          29.000  
G08                                                                  19722813.581    80761623.6651      -1909.339          23.000  
> 2026  7 21  5  6 20.9970000  0 36                           
G27  22402947.483   117728282.7621      -4002.610          24.000                                                                  
S35  37248238.333   195740842.9230       -486.075          44.000  
G07  19790887.104   104001771.5280        571.912          30.000    19790888.008    81040377.0851        446.875          25.000  
G02  21434328.114   112638154.0521       1328.083          22.000                                                                  
G30  21351694.966   112203901.3530       2237.567          42.000    21351692.763    87431612.5381       1748.445          24.000  
C27  21446765.849   111678879.9410        598.167          31.000                                                                  
C20  25045804.863   130420024.6620      -3401.373          26.000                                                                  
C28  22900670.631   119249801.3560      -1839.966          27.000                                                                  
C30  23495664.448   122348090.1661       2730.677          23.000                                                                  
R16  21425361.776   114450522.9080      -2417.331          28.000    21425420.906    89017251.4201      -1883.198          21.000  
R08  21225106.330   113659445.7420        633.119          30.000    21225102.774    88401795.8720        491.422          27.000  
R20  21726582.089   116181717.6240       3737.298          28.000                                                                  
R09  19237842.534   102729001.4730       -188.466          28.000    19237848.098    79900297.3620       -146.442          31.000  
G04  22896576.955   120322323.4281      -4205.508          25.000                                                                  
E19  23007332.181   120904345.7921      -2967.118          23.000                                                                  
S31  36802696.330   193399476.4970       -482.835          35.000  
S33  37507349.015   197102475.8030       -484.468          45.000  
E06  24618654.941   129371986.2390        989.779          40.000    24618658.232    99129141.3990        758.118          40.000  
C12  23913431.930   124523552.2750      -3077.894          34.000                                                                  
C22  24713134.471   128687757.6950         25.954          26.000                                                                  
C13  25432454.324   132433462.7771      -2971.788          21.000                                                                  
C19  23935580.353   124638872.1190      -2312.056          40.000                                                                  
C36  23972832.548   124832856.5730       1665.771          37.000                                                                  
R10  21219477.596   113111755.9201       1512.890          21.000                                                                  
R07  20310037.210   108721367.2920      -2973.314          39.000    20310034.144    84560834.9870      -2312.619          38.000  
R18  21225614.375   113303770.7601      -2664.589          21.000    21225594.165    88125070.3621      -2076.422          19.000  
R19  19731126.694   105548222.5771       1199.964          26.000    19731129.713    82093074.6511        936.103          25.000  
E04  23288142.526   122380016.0290       -305.006          40.000    23288143.998    93771706.7820       -233.705          44.000  
E31  25406560.772   133512446.3520       1126.005          35.000    25406567.741   102301737.8390        862.738          41.000  
E28  22963966.071   120676423.3290      -1608.016          41.000    22963968.722    92466383.6450      -1232.006          44.000  
G14  22154954.601   116425104.0720       1595.507          39.000    22154961.814    90720842.6520       1242.915          30.000  
G22  23420926.933   123077860.3670       1775.123          40.000                                                                  
G09  20937644.319   110028009.2830      -3361.793          33.000    20937642.138    85736154.0730      -2620.011          25.000  
E23  22795820.988   119792825.4480       -443.974          40.000    22795823.009    91789338.0150       -340.168          39.000  
E21                                                                  24535190.871    98793049.2140      -1660.244          29.000  
G08                                                                  19727482.910    80780744.4501      -1914.431          22.000  
> 2026  7 21  5  6 30.9970000  0 37                           
G27  22410558.658   117768280.2151      -4006.423          23.000                                                                  
S35  37249165.497   195745715.6810       -488.126          44.000  
G07  19789808.360   103996071.0770        567.285          31.000    19789803.760    81035937.2481        442.511          25.000  
G02  21431810.761   112624925.2151       1314.884          24.000                                                                  
G30  21347440.332   112181541.6510       2234.552          42.000    21347440.198    87414198.4511       1739.493          24.000  
G08  19732168.857   103693224.3880      -2464.970          28.000    19732164.220    80799913.8041      -1919.461          23.000  
C27  21445626.366   111672941.8300        590.719          30.000                                                                  
C20  25052343.475   130454125.9381      -3402.666          23.000                                                                  
C28  22904213.624   119268234.0830      -1846.912          28.000                                                                  
C30  23490422.745   122320795.5371       2727.569          23.000                                                                  
R16  21429901.228   114474710.7210      -2419.879          27.000    21429939.920    89036026.5331      -1886.076          18.000  
R08  21223936.148   113653175.6170        621.812          30.000    21223936.461    88396919.0350        483.006          30.000  
R20  21719603.567   116144357.6300       3734.542          29.000                                                                  
R09  19238197.982   102730904.9370       -192.946          24.000    19238201.606    79901828.8420       -150.019          32.000  
G04  22904582.837   120364394.8121      -4204.011          24.000                                                                  
E19  23012975.619   120934003.0161      -2965.627          21.000                                                                  
S31  36803617.228   193404316.7680       -484.795          36.000  
S33  37508273.147   197107331.5030       -486.420          45.000  
E06  24616777.362   129362119.9910        983.766          40.000    24616780.932    99121581.5670        753.410          40.000  
C12  23919348.691   124554354.3030      -3081.609          37.000                                                                  
C22  24713093.080   128687540.4230         19.135          26.000                                                                  
C13  25438154.105   132463143.7851      -2974.099          20.000                                                                  
C19  23940027.003   124662021.8890      -2317.337          41.000                                                                  
C36  23969635.953   124816209.3060       1664.183          37.000                                                                  
R10  21216647.956   113096672.3331       1503.398          17.000                                                                  
R07  20315599.450   108751143.5950      -2981.820          35.000    20315597.320    84583994.3060      -2319.130          40.000  
R18  21230628.586   113330536.6241      -2676.958          16.000    21230594.045    88145829.9281      -2076.879          19.000  
R19  19728895.588   105536283.2420       1189.745          28.000    19728893.888    82083772.4281        926.475          25.000  
E04  23288729.028   122383099.3370       -311.728          40.000    23288730.786    93774069.3030       -238.668          44.000  
E31  25404421.181   133501204.0810       1122.712          35.000    25404428.159   102293123.6680        859.988          40.000  
E28  22967031.379   120692534.1890      -1614.164          41.000    22967034.604    92478728.3340      -1236.842          43.000  
G14  22151921.577   116409166.5700       1592.387          38.000    22151928.584    90708423.8090       1241.477          31.000  
G22  23417553.242   123060131.4520       1771.711          41.000                                                                  
G09  20944044.543   110061653.6730      -3367.448          32.000    20944045.417    85762364.4161      -2624.093          25.000  
G17  23419912.980   123072472.3190       3113.713          33.000                                                                  
E23  22796669.798   119797282.2010       -447.306          40.000    22796671.018    91792752.9330       -342.848          39.000  
E21                                                                  24539314.641    98809657.1510      -1661.671          30.000  
> 2026  7 21  5  6 40.9970000  0 36                           
G27  22418167.812   117808266.2971      -4008.719          20.000                                                                  
S35  37250095.497   195750602.5790       -489.677          43.000  
G07  19788732.950   103990420.6470        561.584          32.000    19788727.705    81031531.3201        438.919          24.000  
G02  21429310.853   112611788.4991       1316.073          17.000                                                                  
G30  21343191.321   112159210.8400       2231.608          42.000    21343189.635    87396793.2061       1739.640          25.000  
G08  19736887.569   103717901.7860      -2471.516          29.000    19736860.097    80819141.9751      -1924.734          23.000  
C27  21444498.834   111667068.4840        584.081          27.000                                                                  
C20  25058900.904   130488272.0971      -3406.906          14.000                                                                  
C28  22907765.517   119286729.2800      -1852.411          27.000                                                                  
C30  23485190.075   122293547.4951       2721.601          23.000                                                                  
R16  21434436.451   114498922.7140      -2422.982          27.000    21434464.023    89054823.0881      -1890.880          18.000  
R08  21222783.514   113647002.5070        612.178          26.000    21222777.701    88392139.7790        476.205          29.000  
R20  21712629.828   116107023.0580       3731.870          27.000                                                                  
R09  19238554.404   102732806.3461       -195.685          14.000    19238562.651    79903333.5680       -151.762          32.000  
G04  22912587.812   120406461.0531      -4221.215          23.000                                                                  
E19  23018626.693   120963698.9921      -2970.552          20.000                                                                  
S31  36804541.118   193409171.5200       -486.229          35.000  
S33  37509199.611   197112201.7600       -488.011          44.000  
E06  24614909.734   129352306.8150        978.756          38.000    24614913.543    99114062.3720        750.113          40.000  
C12  23925270.392   124585181.1940      -3083.929          37.000                                                                  
C22  24713065.304   128687415.8241         11.327          25.000                                                                  
C13  25443871.307   132492914.2061      -2987.936          17.000                                                                  
C19  23944482.379   124685219.7720      -2322.157          40.000                                                                  
C36  23966441.489   124799575.1950       1663.070          35.000                                                                  
R07  20321174.764   108780997.6550      -2989.756          31.000    20321174.706    84607214.0480      -2324.787          40.000  
R19  19726676.191   105524432.0000       1180.011          27.000    19726682.422    82074570.7231        917.009          26.000  
E04  23289326.865   122386243.5040       -317.849          38.000    23289329.097    93776478.4620       -243.261          44.000  
E31  25402287.097   133489988.7060       1119.961          34.000    25402293.906   102284530.0950        858.212          40.000  
E28  22970108.024   120708701.5760      -1619.619          40.000    22970111.186    92491116.3250      -1240.902          43.000  
G14  22148893.613   116393254.2740       1590.000          38.000    22148899.459    90696024.6780       1238.419          32.000  
G22  23414184.959   123042430.8670       1768.540          40.000                                                                  
G09  20950453.439   110095347.2480      -3371.557          29.000    20950455.387    85788612.1191      -2628.042          25.000  
G17  23413993.099   123041362.6380       3109.752          32.000                                                                  
E23  22797523.035   119801767.2150       -449.712          40.000    22797523.901    91796189.5220       -344.407          38.000  
E21                                                                  24543442.411    98826276.9550      -1663.010          30.000  
R18                                                                  21235617.440    88166685.4101      -2086.154          23.000  
> 2026  7 21  5  6 50.9970000  0 37                           
G27  22425785.938   117848299.8321      -4014.115          19.000                                                                  
S35  37251028.119   195755502.7670       -490.704          44.000  
G07  19787666.732   103984820.8810        557.159          34.000    19787663.254    81027172.5711        431.699          22.000  
G02  21426806.078   112598625.7731       1307.631          21.000                                                                  
G30  21338947.569   112136909.5510       2228.489          44.000    21338948.472    87379426.5421       1734.425          26.000  
G08  19741589.723   103742644.8790      -2477.634          30.000    19741570.747    80838431.2651      -1929.956          22.000  
C37  22878367.265   119133661.6381      -1969.378          25.000                                                                  
C27  21443383.646   111661260.4430        577.682          27.000                                                                  
C28  22911338.744   119305287.5680      -1858.447          29.000                                                                  
C30  23479960.114   122266313.4181       2727.112          23.000                                                                  
R16  21438968.963   114523159.2900      -2424.972          28.000    21438992.533    89073637.9341      -1884.975          19.000  
R08  21221649.073   113640927.2920        602.643          28.000    21221644.975    88387414.5480        469.123          30.000  
R20  21705656.942   116069714.4960       3729.299          27.000                                                                  
R09  19238930.596   102734815.4751       -194.113          22.000    19238928.286    79904862.6200       -153.274          31.000  
G04  22920605.515   120448594.5841      -4212.379          24.000                                                                  
E19  23024303.297   120993530.1361      -2971.530          23.000                                                                  
S31  36805467.284   193414039.6910       -487.847          35.000  
S33  37510129.121   197117086.4580       -489.072          45.000  
E06  24613052.386   129342547.3880        973.201          39.000    24613056.420    99106584.3740        745.919          40.000  
C12  23931196.243   124616033.4620      -3086.304          38.000                                                                  
C22  24713047.757   128687324.5481          5.019          22.000                                                                  
C13  25449598.192   132522735.2761      -2980.715          17.000                                                                  
C19  23948946.940   124708466.2270      -2327.325          40.000                                                                  
C36  23963249.855   124782954.7990       1661.065          35.000                                                                  
R10  21211002.772   113066580.1031       1495.624          18.000                                                                  
R07  20326765.578   108810929.9570      -2996.688          34.000    20326766.350    84630494.7370      -2330.903          40.000  
R19  19724467.054   105512673.1480       1171.142          26.000    19724485.666    82065431.5101        910.741          25.000  
E04  23289936.984   122389449.0800       -323.515          39.000    23289939.369    93778934.6790       -247.818          44.000  
E21  24547567.020   128998334.7031      -2170.487          21.000    24547572.803    98842909.0210      -1663.870          31.000  
E31  25400158.386   133478800.7490       1117.481          35.000    25400164.534   102275957.5440        856.330          39.000  
E28  22973196.175   120724926.0250      -1625.247          41.000    22973198.539    92503548.0490      -1245.405          43.000  
G14  22145870.341   116377367.7890       1587.082          38.000    22145875.776    90683645.5770       1236.586          32.000  
G22  23410822.254   123024759.1780       1765.714          42.000                                                                  
G09  20956871.907   110129090.4920      -3376.603          29.000    20956877.960    85814911.6111      -2631.384          24.000  
G17  23408080.325   123010283.8890       3106.537          32.000                                                                  
E23  22798382.382   119806281.1170       -452.801          41.000    22798382.404    91799648.2520       -346.972          38.000  
R18                                                                  21240663.511    88187635.9451      -2096.361          26.000  
> 2026  7 21  5  7  0.9970000  0 37                           
G27  22433402.877   117888327.5421      -4016.073          19.000                                                                  
S35  37251963.761   195760419.7780       -492.695          44.000  
G07  19786612.092   103979273.6370        551.880          36.000    19786603.563    81022833.1011        431.442          19.000  
G02  21424348.579   112585711.0121       1302.015          26.000                                                                  
G30  21334709.885   112114639.5080       2225.041          44.000    21334708.388    87362064.2791       1733.611          26.000  
G08  19746310.658   103767455.2360      -2484.205          28.000    19746291.546    80857762.5371      -1942.949          22.000  
C37  22882153.474   119153377.4321      -1972.880          26.000                                                                  
C27  21442281.999   111655519.5140        570.736          28.000                                                                  
C28  22914914.653   119323910.5120      -1865.350          29.000                                                                  
C30  23474739.380   122239128.0201       2716.032          21.000                                                                  
R16  21443504.690   114547422.4530      -2427.816          28.000    21443529.056    89092486.2201      -1895.450          19.000  
R08  21220533.381   113634951.5220        592.897          26.000    21220529.425    88382766.7310        461.263          32.000  
R20  21698679.700   116032433.8140       3726.490          26.000                                                                  
R09  19239315.833   102736872.4951       -203.737          15.000    19239301.632    79906417.8050       -157.389          30.000  
G04  22928619.261   120490706.5631      -4218.864          24.000                                                                  
E19  23029974.849   121023333.8941      -2981.530          26.000                                                                  
S31  36806397.047   193418924.6390       -489.452          35.000  
S33  37511061.539   197121986.3580       -490.837          45.000  
E06  24611205.512   129332843.3890        967.353          39.000    24611209.582    99099148.8660        741.309          40.000  
C12  23937127.413   124646912.6450      -3089.097          39.000                                                                  
C22  24713050.325   128687337.7591         -3.289          24.000                                                                  
C13  25455342.991   132552650.0331      -2997.242          18.000                                                                  
C19  23953420.160   124731762.8290      -2332.495          39.000                                                                  
C36  23960060.247   124766349.7120       1659.577          34.000                                                                  
R10  21208191.086   113051592.1591       1500.371          22.000                                                                  
R07  20332371.194   108840942.1540      -3006.262          30.000    20332372.897    84653837.5610      -2337.709          40.000  
R18  21245736.809   113411185.0701      -2700.190          23.000    21245738.759    88208648.2860      -2103.292          29.000  
R19  19722289.623   105501006.6170       1161.774          28.000    19722302.017    82056345.5861        903.206          23.000  
E04  23290559.122   122392717.7780       -329.922          39.000    23290561.099    93781439.2720       -252.997          44.000  
E21  24551704.216   129020076.4681      -2173.787          23.000    24551706.071    98859554.5250      -1664.860          31.000  
E31  25398035.215   133467641.9310       1114.264          35.000    25398040.997   102267407.3080        853.882          38.000  
E28  22976294.244   120741209.1880      -1631.224          41.000    22976296.939    92516024.7680      -1250.022          42.000  
G14  22142852.363   116361508.7300       1584.145          37.000    22142857.428    90671287.8650       1234.648          32.000  
G22  23407465.495   123007118.0060       1762.394          42.000                                                                  
G09  20963300.098   110162884.9620      -3381.614          30.000    20963308.079    85841241.7831      -2631.976          22.000  
G17  23402172.894   122979237.2470       3102.523          32.000    23402174.682    95827992.8121       2417.581          25.000  
E23  22799247.074   119810825.5240       -455.927          42.000    22799246.942    91803130.3290       -349.440          37.000  
> 2026  7 21  5  7 10.9970000  0 37                           
G27  22441050.606   117928516.7871      -4018.713          21.000                                                                  
S35  37252902.164   195765351.5350       -493.591          44.000  
G07  19785565.917   103973778.0800        547.000          37.000    19785552.414    81018529.5441        427.626          18.000  
G02  21421902.618   112572743.2790       1296.060          27.000                                                                  
G30  21330477.883   112092399.9220       2222.792          44.000    21330474.620    87344727.7151       1731.177          26.000  
C37  22885942.101   119173110.2490      -1975.842          26.000                                                                  
C27  21441192.712   111649844.9240        564.053          28.000                                                                  
C28  22918503.926   119342597.1770      -1871.417          30.000                                                                  
C30  23469521.045   122211954.2761       2724.145          18.000                                                                  
R16  21448047.990   114571710.8160      -2429.189          27.000    21448073.415    89111366.7981      -1896.479          20.000  
R08  21219435.850   113629074.6890        583.210          27.000    21219432.383    88378195.8170        453.588          33.000  
R20  21691715.990   115995180.3690       3724.178          26.000                                                                  
R09  19239679.398   102738814.0851       -207.012          18.000    19239682.430    79907998.1060       -158.888          29.000  
G04  22936639.530   120532853.2971      -4213.950          23.000                                                                  
E19  23035657.028   121053194.0661      -2986.615          26.000                                                                  
S31  36807329.436   193423823.9530       -489.028          35.000  
S33  37511997.110   197126901.6630       -491.661          45.000  
E06  24609369.540   129323193.9960        962.731          39.000    24609373.548    99091755.1840        737.686          40.000  
C12  23943062.846   124677817.8020      -3091.265          39.000                                                                  
C22  24713050.141   128687336.9161         -4.457          25.000                                                                  
C13  25461105.291   132582656.0861      -2999.547          21.000                                                                  
C19  23957903.610   124755108.5830      -2336.651          39.000                                                                  
C36  23956873.776   124749759.1470       1658.191          35.000                                                                  
R10  21205385.658   113036637.3001       1501.213          24.000                                                                  
R07  20337991.057   108871033.2200      -3012.938          28.000    20337994.149    84677241.6810      -2343.152          40.000  
R18  21250817.172   113438305.1961      -2712.299          26.000    21250826.317    88229716.8700      -2110.586          30.000  
R19  19720139.612   105489435.7980       1153.512          31.000    19720126.051    82047292.5381        896.593          25.000  
E04  23291193.206   122396048.7240       -335.943          39.000    23291195.162    93783991.5230       -257.208          44.000  
E21  24555839.719   129041808.4431      -2169.764          24.000    24555842.946    98876212.9680      -1666.776          31.000  
E31  25395917.550   133456511.3170       1112.223          35.000    25395922.633   102258878.7160        851.915          38.000  
E28  22979403.386   120757550.1570      -1636.536          40.000    22979406.762    92528545.7590      -1254.014          42.000  
G14  22139838.958   116345676.1710       1582.462          37.000    22139843.454    90658950.8310       1233.290          32.000  
G22  23404114.323   122989506.3930       1759.888          42.000                                                                  
G09  20969741.710   110196729.6780      -3386.830          32.000    20969751.651    85867626.6521      -2644.231          21.000  
G17  23396271.140   122948221.8500       3100.182          32.000    23396272.062    95803822.0401       2417.604          26.000  
E23  22800117.336   119815399.5040       -458.508          42.000    22800117.176    91806635.0720       -351.384          37.000  
G08                                                                  19751032.550    80877176.1151      -1936.612          23.000  
> 2026  7 21  5  7 20.9970000  0 36                           
G27  22448705.625   117968743.9131      -4025.441          23.000                                                                  
S35  37253842.999   195770295.2160       -494.687          44.000  
G07  19784529.158   103968331.3890        542.487          37.000    19784511.121    81014264.7921        425.477          17.000  
G02  21419447.454   112559813.4840       1290.451          27.000                                                                  
G30  21326251.040   112070188.0640       2219.942          44.000    21326249.350    87327415.5600       1729.273          27.000  
C37  22889736.423   119192865.5750      -1978.406          25.000                                                                  
C27  21440116.252   111644233.7590        557.730          27.000                                                                  
C28  22922105.214   119361344.7460      -1877.747          30.000                                                                  
R16  21452595.199   114596021.9130      -2432.618          27.000    21452628.133    89130290.4421      -1885.856          21.000  
R08  21218356.567   113623293.5290        573.682          27.000    21218352.369    88373699.3550        446.521          33.000  
R20  21684749.025   115958098.0211       3721.754          26.000                                                                  
R09  19240085.929   102740984.5661       -213.441          22.000                                                                  
G04  22944660.653   120575005.3401      -4219.337          23.000                                                                  
E19  23041339.286   121083054.6531      -2990.255          24.000                                                                  
S31  36808264.526   193428736.1890       -492.661          35.000  
S33  37512934.593   197131829.0470       -493.198          45.000  
E06  24607543.348   129313596.4720        957.371          39.000    24607547.113    99084401.2460        733.750          40.000  
C12  23949001.976   124708746.0560      -3093.857          36.000                                                                  
C22  24713074.491   128687463.9801        -15.088          26.000                                                                  
C13  25466877.860   132612715.8811      -3004.579          22.000                                                                  
C19  23962395.999   124778500.6380      -2341.401          38.000                                                                  
C36  23953690.403   124733180.3310       1657.302          37.000                                                                  
R10  21202580.460   113021684.3191       1495.655          25.000                                                                  
R07  20343626.092   108901199.9920      -3019.835          32.000    20343629.505    84700704.7520      -2349.200          40.000  
R18  21255906.024   113465469.5871      -2721.652          25.000    21255918.237    88250853.2400      -2117.032          29.000  
R19  19717994.227   105477955.9340       1143.805          29.000    19717995.964    82038395.2010        889.372          28.000  
E04  23291838.050   122399439.1110       -341.749          39.000    23291840.171    93786589.3560       -261.966          44.000  
E21  24559976.039   129063544.2881      -2176.149          26.000    24559982.701    98892882.0490      -1667.787          31.000  
E31  25393804.333   133445406.1730       1109.331          34.000    25393808.724   102250369.5590        849.876          36.000  
E28  22982523.429   120773946.1080      -1641.916          40.000    22982526.783    92541108.9020      -1258.312          42.000  
G14  22136830.738   116329867.4240       1579.636          37.000    22136834.382    90646632.3210       1231.400          32.000  
G22  23400768.369   122971921.6650       1757.237          41.000                                                                  
G09  20976192.643   110230621.7320      -3391.355          32.000    20976200.775    85894034.7591      -2638.641          20.000  
G17  23390375.769   122917235.1560       3097.455          31.000    23390374.571    95779673.6561       2414.594          26.000  
E23  22800992.755   119820000.2690       -461.239          42.000    22800992.720    91810160.3460       -353.556          37.000  
G08                                                                  19755781.707    80896623.1021      -1951.018          22.000  
> 2026  7 21  5  7 30.9970000  0 34                           
G27  22456367.492   118009006.8451      -4026.516          25.000                                                                  
S35  37254788.438   195775262.8550       -499.625          44.000  
G07  19783503.627   103962943.9440        533.884          37.000    19783487.124    81010072.4481        421.919          19.000  
G02  21416994.316   112546952.0440       1280.800          26.000                                                                  
G30  21322031.756   112048014.3390       2213.509          44.000    21322028.645    87310137.2980       1724.928          28.000  
G08  19760591.172   103842606.9251      -2505.516          26.000    19760539.480    80916105.3781      -1958.172          21.000  
C37  22893542.057   119212672.0820      -1984.369          25.000                                                                  
C27  21439054.031   111638696.3680        548.325          26.000                                                                  
C28  22925720.021   119380163.4410      -1887.463          31.000                                                                  
R16  21457158.631   114620366.0940      -2437.463          28.000    21457196.728    89149271.9851      -1896.761          23.000  
R08  21217296.551   113617619.0170        560.090          27.000    21217292.122    88369285.8300        435.257          33.000  
R20  21677788.348   115920887.9110       3715.786          27.000                                                                  
G04  22952693.880   120617220.2081      -4226.288          24.000    22952699.910    93987468.9071      -3281.051          14.000  
S31  36809203.724   193433670.6090       -496.447          36.000  
S33  37513876.834   197136779.5070       -498.102          45.000  
E06  24605729.001   129304061.1530        948.507          39.000    24605732.641    99077094.9970        726.752          41.000  
C12  23954945.409   124739707.4630      -3099.262          34.000                                                                  
C22  24713116.549   128687682.5741        -23.781          26.000                                                                  
C13  25472649.650   132642770.2831      -3007.599          23.000                                                                  
C19  23966899.461   124801949.1150      -2349.335          38.000    23966758.961    96504206.8491      -1715.844          12.000  
C36  23950511.195   124716623.4480       1653.439          37.000                                                                  
R10  21199780.857   113006760.8941       1490.351          25.000                                                                  
R07  20349278.973   108931452.7870      -3031.755          34.000    20349280.759    84724234.6980      -2357.753          40.000  
R18  21261001.849   113492670.8571      -2735.007          25.000    21261027.040    88272065.3820      -2126.125          29.000  
R19  19715864.589   105466575.3590       1130.688          28.000    19715870.670    82029543.6340        880.053          28.000  
E04  23292496.746   122402899.2880       -351.177          38.000    23292498.378    93789240.6540       -269.308          44.000  
E21  24564119.592   129085311.5390      -2181.005          27.000    24564126.770    98909569.6560      -1670.951          30.000  
E31  25391696.550   133434336.6890       1103.877          33.000    25391701.918   102241887.7710        845.502          36.000  
E28  22985655.744   120790407.3410      -1651.311          40.000    22985659.237    92553722.0520      -1265.346          41.000  
G14  22133829.787   116314092.7440       1574.025          37.000    22133831.530    90634340.3700       1226.432          32.000  
G22  23397429.170   122954374.0820       1751.215          41.000                                                                  
G09  20982653.973   110264571.2950      -3399.714          32.000    20982661.387    85920490.6921      -2652.196          16.000  
G17  23384487.434   122886287.4220       3092.549          30.000    23384486.133    95755561.5461       2410.573          26.000  
E23  22801875.031   119824638.0760       -467.448          43.000    22801875.027    91813713.9810       -358.256          36.000  
> 2026  7 21  5  7 40.9970000  0 35                           
G27  22464046.514   118049361.1151      -4032.530          26.000                                                                  
S35  37255742.683   195780278.2140       -503.254          44.000  
G07  19782494.436   103957642.2480        526.515          37.000    19782476.599    81005933.9941        405.716          20.000  
G02  21414553.664   112534185.4890       1273.165          28.000                                                                  
G30  21317824.312   112025905.1030       2208.610          44.000    21317824.945    87292909.3280       1721.453          29.000  
C37  22897359.139   119232557.5801      -1988.910          25.000                                                                  
C27  21438014.515   111633366.5831        534.642          22.000                                                                  
C28  22929353.527   119399079.2300      -1895.349          31.000                                                                  
R16  21461741.084   114644770.3960      -2442.061          28.000    21461771.207    89168277.5391      -1900.330          22.000  
R08  21216261.896   113612077.6370        548.769          28.000    21216257.273    88364975.8570        425.881          33.000  
R20  21670842.944   115883756.3600       3710.997          26.000                                                                  
R09  19240869.179   102745167.8111       -220.472          21.000                                                                  
G04  22960739.236   120659498.7931      -4226.998          25.000                                                                  
S31  36810151.741   193438654.4650       -499.471          36.000  
S33  37514827.917   197141778.3180       -501.539          45.000  
E06  24603931.040   129294614.4210        941.122          38.000    24603935.164    99069856.6210        721.014          41.000  
C12  23960900.157   124770728.0560      -3104.285          33.000                                                                  
C22  24713174.659   128687985.3991        -19.020          24.000                                                                  
C13  25478436.050   132672902.2281      -3019.003          23.000                                                                  
C19  23971418.557   124825480.0720      -2356.428          37.000                                                                  
C36  23947341.176   124700114.6880       1648.869          36.000                                                                  
R10  21196983.395   112991848.7481       1485.429          26.000                                                                  
R07  20354953.302   108961818.2820      -3041.538          32.000    20354952.615    84747852.3000      -2365.286          39.000  
R18  21266129.199   113520041.1601      -2745.397          21.000    21266159.071    88293374.1860      -2134.982          29.000  
R19  19713760.035   105455325.0450       1118.657          31.000    19713765.463    82020829.2941        870.682          25.000  
E04  23293173.626   122406455.6040       -359.716          39.000    23293175.305    93791965.6130       -275.398          44.000  
E21  24568271.219   129107140.8320      -2184.385          28.000    24568280.577    98926296.0060      -1673.579          30.000  
E31  25389599.206   133423329.2320       1098.699          31.000    25389606.995   102233453.5060        841.911          35.000  
E28  22988805.173   120806960.1280      -1658.976          40.000    22988808.924    92566405.3600      -1271.268          41.000  
G14  22130839.910   116298378.4360       1569.157          35.000    22130840.188    90622095.4620       1222.818          31.000  
G22  23394101.747   122936889.9620       1745.890          40.000                                                                  
G09  20989130.751   110298604.6270      -3406.681          29.000    20989126.330    85946963.1981      -2650.696          16.000  
G17  23378612.345   122855405.2560       3085.983          29.000    23378611.625    95731505.5031       2403.388          26.000  
E23  22802769.721   119829339.2500       -472.434          43.000    22802769.557    91817316.1560       -361.514          36.000  
G08                                                                  19765311.765    80935646.9871      -1970.049          21.000  
> 2026  7 21  5  7 50.9970000  0 35                           
G27  22471718.262   118089690.9460      -4034.204          27.000                                                                  
S35  37256700.147   195785308.7240       -503.410          44.000  
G07  19781494.688   103952392.6100        523.201          37.000    19781477.896    81001844.8441        420.091          20.000  
G02  21412117.362   112521480.2520       1268.181          30.000                                                                  
G30  21313622.679   112003826.7370       2206.903          44.000    21313623.964    87275705.4590       1719.671          28.000  
C37  22901171.750   119252410.2521      -1990.780          25.000                                                                  
C27  21436998.978   111628078.5471        516.047           8.000                                                                  
C28  22932998.393   119418058.6510      -1899.780          32.000                                                                  
R16  21466327.036   114669200.3540      -2443.366          28.000    21466340.744    89187262.8641      -1904.520          17.000  
R08  21215245.149   113606635.2560        540.738          30.000    21215240.052    88360742.9050        419.791          31.000  
R20  21663901.170   115846614.9881       3708.152          23.000                                                                  
R09  19241289.882   102747413.8661       -222.943          22.000                                                                  
G04  22968790.495   120701808.0101      -4227.304          25.000                                                                  
S31  36811102.754   193443652.7160       -500.064          35.000  
S33  37515782.267   197146792.5740       -501.706          45.000  
E06  24602143.864   129285222.5870        936.939          38.000    24602147.576    99062660.2850        717.958          41.000  
C12  23966862.334   124801774.3060      -3105.290          36.000                                                                  
C22  24713235.363   128688300.9961        -36.946          24.000                                                                  
C13  25484221.188   132703027.0001      -3019.257          22.000                                                                  
C19  23975946.350   124849059.8930      -2359.889          36.000                                                                  
C36  23944173.539   124683620.4650       1649.184          36.000                                                                  
R10  21194200.641   112977014.8151       1485.831          25.000                                                                  
R07  20360640.741   108992262.2860      -3048.200          30.000    20360639.285    84771530.9520      -2370.404          39.000  
R18  21271272.805   113547498.4001      -2753.263          20.000    21271308.483    88314752.7020      -2140.304          29.000  
R19  19711675.755   105444169.4510       1112.369          31.000    19711666.071    82012094.2841        861.409          21.000  
E04  23293862.350   122410074.2830       -364.459          38.000    23293863.643    93794738.3730       -279.270          44.000  
E21  24572430.643   129128986.9560      -2184.623          27.000    24572437.409    98943035.2460      -1674.550          29.000  
E31  25387507.835   133412350.0700       1096.592          30.000    25387517.598   102225040.9050        840.881          35.000  
E28  22991965.353   120823570.6980      -1663.168          40.000    22991969.722    92579132.9460      -1274.476          40.000  
G14  22127854.023   116282690.6840       1568.652          34.000    22127855.400    90609871.3000       1221.629          31.000  
G22  23390779.921   122919435.4950       1744.326          40.000                                                                  
G09  20995616.147   110332687.9070      -3410.042          27.000    20995612.385    85973522.0671      -2654.131          12.000  
G17  23372742.439   122824554.8460       3084.150          27.000    23372740.713    95707465.3451       2402.762          26.000  
E23  22803669.508   119834069.9860       -473.699          43.000    22803669.594    91820941.0060       -363.198          35.000  
G08                                                                  19770101.650    80955261.2341      -1971.583          22.000  
> 2026  7 21  5  8  0.9970000  0 34                           
G27  22479393.118   118130052.2960      -4037.879          27.000                                                                  
S35  37257658.185   195790344.8590       -504.465          44.000  
G07  19780503.473   103947185.2390        518.310          36.000    19780487.209    80997787.6091        398.562          20.000  
G02  21409708.666   112508826.6340       1261.760          29.000                                                                  
G30  21309425.084   111981769.4680       2203.866          44.000    21309422.402    87258518.0080       1717.440          28.000  
G08  19774903.195   103917817.4181      -2526.279          27.000    19774904.759    80974928.8291      -1971.061          22.000  
C37  22904986.529   119272275.0511      -1994.709          25.000                                                                  
C28  22936654.010   119437092.0320      -1906.311          32.000                                                                  
R16  21470907.521   114693646.0210      -2445.517          26.000    21470929.720    89206329.4341      -1905.995          11.000  
R08  21214245.521   113601281.9340        530.836          31.000    21214239.361    88356579.1920        412.459          32.000  
R20  21656964.913   115809523.9931       3707.177          25.000                                                                  
R09  19241700.306   102749606.0151       -220.137          18.000                                                                  
G04  22976838.433   120744100.2431      -4229.070          24.000                                                                  
S31  36812054.619   193448656.9870       -501.527          35.000  
S33  37516737.331   197151812.2360       -502.856          45.000  
E06  24600365.285   129275875.8510        931.831          38.000    24600369.044    99055498.5230        714.051          41.000  
C12  23972829.542   124832836.4550      -3107.408          39.000                                                                  
C22  24713313.324   128688707.3271        -44.798          23.000                                                                  
C13  25490016.707   132733205.2891      -3027.771          21.000                                                                  
C19  23980481.873   124872678.8270      -2364.335          38.000                                                                  
C36  23941007.085   124667131.1980       1647.868          36.000                                                                  
R10  21191410.918   112962144.1571       1484.376          25.000                                                                  
R07  20366340.281   109022774.2040      -3055.770          31.000    20366339.261    84795262.4820      -2376.463          39.000  
R18  21276446.830   113575117.5571      -2759.880          18.000    21276471.728    88336193.3430      -2147.188          29.000  
R19  19709604.519   105433095.6650       1102.926          30.000    19709592.915    82003468.3411        856.960          23.000  
E04  23294560.008   122413745.5110       -370.227          38.000    23294562.254    93797551.4020       -283.824          44.000  
E21  24576599.222   129150840.0300      -2186.020          27.000    24576595.585    98959779.7230      -1674.974          29.000  
E31  25385421.107   133401389.3530       1094.373          29.000    25385431.697   102216642.4330        838.606          34.000  
E28  22995135.283   120840229.2380      -1669.003          39.000    22995139.718    92591897.2720      -1278.732          40.000  
G14  22124871.191   116267019.8060       1565.573          33.000    22124873.647    90597660.2480       1220.106          32.000  
G22  23387462.068   122902000.9460       1742.096          40.000                                                                  
G09  21002112.099   110366811.0870      -3414.545          28.000    21002099.630    86000087.0511      -2672.349           9.000  
G17  23366878.562   122793774.8221       3081.439          23.000    23366875.147    95683447.2961       2401.101          25.000  
E23  22804573.473   119838820.4800       -476.673          43.000    22804573.718    91824580.9910       -365.243          35.000  
> 2026  7 21  5  8 10.9970000  0 36                           
G27  22487075.657   118170449.4030      -4041.879          27.000                                                                  
S35  37258619.170   195795396.2620       -506.105          44.000  
G07  19779522.044   103942029.9220        513.070          34.000    19779508.544    80993780.8991        402.276          20.000  
G02  21407310.930   112496234.4030       1256.352          28.000                                                                  
G30  21305233.245   111959743.1470       2200.988          43.000    21305227.765    87241354.6670       1714.674          27.000  
G08  19779720.939   103943111.6020      -2533.520          28.000    19779720.295    80994647.7771      -1971.637          22.000  
C37  22908816.734   119292219.7651      -1996.285          26.000                                                                  
C28  22940320.945   119456188.8990      -1912.598          32.000                                                                  
C30  23438357.558   122049678.1351       2696.004          26.000                                                                  
R16  21475494.677   114718236.9321      -2448.109          22.000                                                                  
R08  21213264.082   113596027.7040        520.621          32.000    21213259.513    88352492.5530        404.734          32.000  
R20  21650041.681   115772491.3120       3704.367          26.000                                                                  
R09  19242123.237   102751863.5871       -235.168          21.000                                                                  
G04  22984888.564   120786404.3591      -4230.850          22.000                                                                  
S31  36813009.963   193453676.1000       -503.612          35.000  
S33  37517695.189   197156846.8300       -504.517          45.000  
E06  24598596.766   129266584.0880        926.195          38.000    24598601.015    99048378.8800        709.789          42.000  
C12  23978801.222   124863924.0990      -3110.188          41.000                                                                  
C22  24713406.848   128689194.5331        -48.849          22.000                                                                  
C13  25495816.881   132763408.1051      -3022.135          21.000                                                                  
C19  23985026.773   124896346.4750      -2369.474          39.000                                                                  
C36  23937843.119   124650656.5540       1646.350          36.000                                                                  
R10  21188621.414   112947274.7751       1481.623          23.000                                                                  
R07  20372054.566   109053364.1410      -3061.856          31.000    20372054.092    84819054.7240      -2382.551          40.000  
R18  21281632.523   113602799.6011      -2766.795          17.000    21281651.236    88357703.6140      -2154.332          28.000  
R19  19707549.679   105422117.9270       1092.504          31.000    19707544.695    81994946.8711        849.603          27.000  
E04  23295269.307   122417479.1330       -376.560          38.000    23295272.447    93800412.2240       -288.681          43.000  
E21  24580765.335   129172709.8040      -2187.446          26.000    24580756.046    98976537.0900      -1676.603          28.000  
E31  25383340.618   133390456.7940       1091.388          29.000    25383351.495   102208265.5630        836.481          34.000  
E28  22998316.712   120856945.4620      -1674.685          40.000    22998320.444    92604705.8000      -1283.146          39.000  
G14  22121894.531   116251375.4680       1563.076          33.000    22121896.655    90585469.8860       1218.568          32.000  
G22  23384149.840   122884596.0670       1738.934          39.000                                                                  
G09  21008617.700   110400983.9100      -3419.981          29.000                                                                  
G17  23361020.726   122762992.1541       3078.415          19.000    23361012.454    95659440.1261       2398.208          25.000  
E23  22805483.312   119843600.4550       -479.511          44.000    22805483.425    91828243.5500       -367.207          35.000  
R25                                                                  20803036.599    86279607.1620       -213.529          33.000  
> 2026  7 21  5  8 20.9970000  0 36                           
G27  22494765.376   118210883.1050      -4044.844          27.000                                                                  
S35  37259583.724   195800463.7890       -507.367          44.000  
G07  19778550.331   103936927.6990        507.904          33.000    19778539.490    80989812.5011        392.545          21.000  
G02  21404925.170   112483704.8030       1250.166          28.000                                                                  
G30  21301047.789   111937748.8570       2198.221          44.000    21301040.625    87224216.2180       1713.200          28.000  
G08  19784543.525   103968479.5840      -2539.648          27.000    19784550.669    81014427.0061      -1979.411          23.000  
C37  22912661.283   119312209.6530      -1998.853          28.000                                                                  
C28  22944000.333   119475350.2240      -1918.787          31.000                                                                  
C30  23433184.138   122022730.0000       2694.293          28.000                                                                  
R16  21480085.117   114742758.2381      -2441.443          15.000    21480043.592    89244194.8431      -1892.751          20.000  
R08  21212300.941   113590873.3940        511.287          33.000    21212297.686    88348483.6800        397.087          31.000  
R20  21643119.109   115735463.6930       3701.965          26.000                                                                  
R09  19242539.079   102754084.2891       -231.764          22.000                                                                  
G04  22992944.635   120828738.7611      -4232.065          20.000                                                                  
S31  36813968.289   193458711.2900       -504.148          35.000  
S33  37518656.360   197161897.9080       -505.425          45.000  
E06  24596839.226   129257348.3020        921.138          38.000    24596843.371    99041302.1330        705.616          42.000  
C12  23984777.593   124895038.0520      -3112.297          42.000                                                                  
C22  24713513.132   128689747.4711        -62.406          21.000                                                                  
C13  25501626.005   132793657.8581      -3031.852          20.000                                                                  
C19  23989581.565   124920063.7250      -2374.229          40.000                                                                  
C36  23934682.341   124634197.5060       1645.203          34.000                                                                  
R10  21185847.208   112932486.3431       1481.508          27.000                                                                  
R07  20377783.497   109084032.8880      -3070.215          32.000    20377783.305    84842908.0950      -2387.887          40.000  
R18  21286835.094   113630571.1691      -2762.441          15.000    21286846.711    88379284.2450      -2161.182          28.000  
R19  19705515.383   105411236.4010       1084.282          32.000    19705520.234    81986484.6040        842.966          26.000  
E04  23295990.917   122421276.1210       -382.413          37.000    23295994.810    93803321.6050       -293.237          43.000  
E21  24584929.263   129194675.1711      -2189.025          25.000    24584920.867    98993291.9570      -1677.956          26.000  
E31  25381270.461   133379553.4310       1089.303          31.000    25381277.052   102199911.0180        834.779          34.000  
E28  23001509.540   120873720.3310      -1679.883          41.000    23001512.263    92617559.2710      -1287.031          39.000  
G14  22118922.953   116235758.6770       1560.672          33.000    22118924.055    90573301.0170       1216.129          32.000  
G22  23380843.099   122867221.8720       1736.263          39.000                                                                  
G09  21015132.418   110435207.1150      -3423.954          28.000                                                                  
E23  22806398.706   119848410.8830       -482.211          44.000    22806398.957    91831929.4230       -369.172          35.000  
G17                                                                  23355160.744    95635478.5941       2397.122          23.000  
R25                                                                  20803561.555    86281778.8560       -220.251          33.000  
> 2026  7 21  5  8 30.9970000  0 34                           
G27  22502460.723   118251345.2120      -4046.761          27.000                                                                  
S35  37260549.548   195805538.9630       -507.520          44.000  
G07  19777587.026   103931870.6340        504.405          32.000    19777577.980    80985875.2351        392.236          21.000  
G02  21402551.549   112471166.6260       1245.505          24.000                                                                  
G30  21296866.707   111915778.6270       2196.493          44.000    21296859.733    87207096.5880       1711.665          28.000  
G08  19789376.436   103993906.0860      -2544.676          27.000    19789391.649    81034250.2931      -1973.896          22.000  
C37  22916507.529   119332213.1140      -2000.580          29.000                                                                  
C28  22947690.645   119494567.9570      -1923.926          31.000                                                                  
C30  23428011.791   121995792.6170       2693.350          27.000    23428327.592    94336166.4281       1918.000          10.000  
R16  21484683.798   114767323.7741      -2420.589          10.000    21484673.104    89263430.0711      -1906.537          21.000  
R08  21211354.869   113585811.0500        502.608          33.000    21211352.313    88344546.2780        390.277          31.000  
R20  21636200.269   115698485.9791       3700.193          24.000                                                                  
R09  19242977.332   102756401.3540       -231.920          28.000    19242982.812    79921678.6170       -179.963          26.000  
S31  36814927.727   193463755.2550       -503.005          35.000  
S33  37519618.999   197166956.2960       -505.485          45.000  
E06  24595090.601   129248160.4810        917.392          37.000    24595094.870    99034262.1100        702.867          42.000  
C12  23990757.147   124926170.2610      -3113.515          42.000                                                                  
C22  24713634.053   128690377.5011        -62.835          20.000                                                                  
C13  25507445.318   132823960.9771      -3037.123          18.000                                                                  
C19  23994144.568   124943822.5090      -2377.114          41.000                                                                  
C36  23931522.291   124617746.0320       1645.831          32.000                                                                  
R10  21183079.657   112917697.1550       1479.684          27.000                                                                  
R07  20383525.833   109114771.9970      -3076.602          35.000    20383525.510    84866816.2640      -2393.014          40.000  
R18  21292037.647   113658341.9931      -2792.135          20.000    21292057.903    88400928.7800      -2166.828          27.000  
R19  19703497.343   105400439.6660       1075.678          29.000    19703500.838    81978122.0381        837.040          25.000  
E04  23296723.969   122425128.4640       -387.346          36.000    23296727.890    93806273.3730       -296.745          43.000  
E21  24589090.183   129216540.2691      -2189.032          25.000    24589087.014    99010064.1111      -1677.718          25.000  
E31  25379199.594   133368671.1450       1088.250          31.000    25379206.332   102191572.6510        833.727          34.000  
E28  23004711.430   120890545.7730      -1684.345          41.000    23004714.009    92630451.4960      -1290.626          38.000  
G14  22115955.313   116220161.3840       1559.285          34.000    22115955.509    90561147.3280       1214.751          32.000  
G22  23377540.804   122849870.1950       1734.951          38.000                                                                  
G09  21021653.550   110469472.7600      -3427.880          26.000                                                                  
E23  22807318.499   119853243.6830       -483.848          44.000    22807318.964    91835632.4960       -370.847          36.000  
G17                                                                  23349309.799    95611519.6571       2396.623          23.000  
> 2026  7 21  5  8 40.9970000  0 33                           
G27  22510159.103   118291819.2870      -4047.150          26.000                                                                  
S35  37261513.857   195810606.1760       -505.501          44.000  
G07  19776630.146   103926842.4970        502.149          29.000    19776619.413    80981950.1811        401.942          19.000  
G02  21400169.602   112458649.5371       1240.040          21.000                                                                  
G30  21292687.492   111893816.1020       2196.592          44.000    21292686.770    87189982.9250       1711.617          29.000  
G08  19794224.221   104019374.6050      -2548.194          26.000    19794235.169    81054083.7571      -1986.575          21.000  
C37  22920353.996   119352223.2200      -2000.543          29.000                                                                  
C28  22951388.570   119513825.8400      -1927.356          30.000                                                                  
C30  23422837.202   121968859.0051       2693.622          25.000                                                                  
R08  21210423.324   113580823.9010        495.450          33.000    21210422.306    88340667.2990        386.028          31.000  
R20  21629283.773   115661499.5921       3700.185          23.000                                                                  
R09  19243405.240   102758725.6080       -232.009          29.000    19243413.805    79923486.4520       -180.907          25.000  
S31  36815886.189   193468790.0910       -502.430          35.000  
S33  37520580.288   197172007.2010       -504.271          45.000  
E06  24593347.949   129239004.2900        914.657          37.000    24593352.740    99027246.3320        700.965          42.000  
C12  23996736.666   124957304.3480      -3112.923          42.000                                                                  
C13  25513273.946   132854311.9061      -3029.510          17.000                                                                  
C19  23998712.417   124967606.4770      -2379.039          42.000                                                                  
C36  23928360.456   124601285.9430       1647.185          30.000                                                                  
R10  21180294.255   112902901.1020       1480.745          27.000                                                                  
R07  20389277.929   109145564.5870      -3081.333          35.000    20389277.894    84890766.0260      -2396.752          40.000  
R18  21297265.127   113686246.7631      -2783.162          23.000    21297281.833    88422624.1600      -2171.418          27.000  
R19  19701490.237   105389715.0950       1069.641          28.000    19701485.746    81969738.2831        835.288          22.000  
E04  23297465.085   122429019.6710       -390.491          37.000    23297468.160    93809254.9390       -298.971          43.000  
E21  24593248.194   129238391.4041      -2187.592          26.000    24593251.769    99026833.0381      -1677.303          23.000  
E31  25377132.734   133357793.5140       1088.554          33.000    25377136.134   102183237.8960        833.639          34.000  
E28  23007919.563   120907405.3500      -1687.066          41.000    23007922.308    92643369.8470      -1292.454          38.000  
G14  22112989.149   116204567.1500       1559.928          35.000    22112988.126    90548996.0130       1215.270          34.000  
G22  23374239.900   122832524.6960       1735.098          38.000                                                                  
G09  21028178.695   110503824.5881      -3432.435          25.000                                                                  
E23  22808239.268   119858082.3960       -483.525          44.000    22808239.876    91839340.0450       -370.145          36.000  
R16                                                                  21489282.566    89282580.9201      -1897.462          15.000  
G17                                                                  23343457.147    95587554.6251       2392.948          21.000  
> 2026  7 21  5  8 50.9970000  0 36                           
G27  22517864.090   118332305.3260      -4050.429          26.000                                                                  
S35  37262476.156   195815664.6960       -506.463          44.000  
G07  19775675.677   103921887.4800        497.104          28.000    19775665.294    80978042.8211        376.087          18.000  
G02  21397833.294   112446372.8511       1238.854          23.000                                                                  
G30  21288509.933   111871861.5370       2193.935          44.000    21288509.266    87172875.4400       1710.621          30.000  
C37  22924198.812   119372240.1350      -2003.534          30.000                                                                  
C27  21431018.543   111596936.5791        497.709          26.000                                                                  
C28  22955095.018   119533123.9310      -1932.526          29.000                                                                  
C30  23417672.319   121941964.4041       2689.898          21.000                                                                  
R08  21209505.871   113575912.1290        486.497          32.000    21209505.430    88336847.0190        378.372          28.000  
R20  21622365.126   115624502.6901       3698.383          24.000                                                                  
R09  19243853.750   102761058.9840       -234.705          32.000    19243848.754    79925301.1920       -182.682          28.000  
S31  36816842.677   193473817.2660       -503.528          35.000  
S33  37521539.931   197177050.2100       -504.745          45.000  
E06  24591612.006   129229879.9040        909.781          38.000    24591616.407    99020254.9470        696.832          43.000  
C12  24002715.792   124988440.3970      -3114.892          41.000                                                                  
C13  25519105.457   132884678.7221      -3032.413          16.000                                                                  
C19  24003284.706   124991415.7160      -2383.276          42.000                                                                  
C36  23925197.545   124584817.3730       1645.968          29.000                                                                  
R10  21177519.047   112888101.6930       1479.206          29.000                                                                  
R07  20395039.440   109176410.7560      -3088.268          34.000    20395040.382    84914757.4560      -2402.017          40.000  
R18  21302509.210   113714240.2891      -2798.147          23.000    21302519.289    88444370.4060      -2178.162          27.000  
R19  19699497.791   105379062.6380       1061.058          28.000    19699485.915    81961418.0351        821.046          24.000  
E04  23298213.913   122432949.9810       -395.998          37.000    23298216.205    93812266.4660       -303.306          43.000  
E21  24597403.462   129260226.8041      -2189.265          26.000    24597415.123    99043597.5741      -1663.919          21.000  
E31  25375064.790   133346920.7240       1086.038          33.000    25375067.545   102174906.7750        832.083          34.000  
E28  23011133.720   120924299.1790      -1692.084          41.000    23011137.197    92656314.4870      -1296.778          38.000  
G14  22110023.238   116188976.1540       1558.089          36.000    22110023.169    90536847.2170       1214.087          34.000  
G22  23370940.795   122815185.5960       1732.431          40.000                                                                  
G09  21034711.058   110538151.9181      -3432.777          24.000    21034711.419    86133626.2981      -2676.149          26.000  
E23  22809161.228   119862927.1880       -485.792          44.000    22809162.347    91843052.2720       -371.926          36.000  
C22                                                                  24714088.195    99513391.4281       -197.258          11.000  
R16                                                                  21493876.397    89301667.3971      -1911.994          14.000  
G08                                                                  19799084.896    81073942.2891      -1987.493          20.000  
G17                                                                  23337609.482    95563609.3871       2394.886          20.000  
R25                                                                  20805242.069    86288754.6240       -241.676          33.000  
> 2026  7 21  5  9  0.9970000  0 35                           
G27  22525570.304   118372800.2940      -4050.442          26.000                                                                  
S35  37263437.030   195820712.6400       -504.763          44.000  
G07  19774727.035   103916891.0461        496.808          25.000    19774722.153    80974181.4341        389.006          21.000  
G02  21395498.773   112434104.5611       1224.368          21.000                                                                  
G30  21284333.303   111849912.0040       2194.455          44.000    21284331.936    87155772.0010       1709.626          29.000  
C37  22928043.712   119392260.9490      -2002.435          30.000                                                                  
C27  21430059.332   111591942.0701        497.866          26.000                                                                  
C28  22958808.327   119552459.2720      -1935.510          28.000                                                                  
C30  23412513.703   121915102.7361       2687.152          22.000                                                                  
R08  21208601.875   113571072.6820        479.254          33.000    21208601.921    88333082.9750        373.962          27.000  
R20  21615450.325   115587526.6961       3697.085          26.000                                                                  
R09  19244293.488   102763398.3520       -233.580          30.000    19244290.623    79927120.7560       -182.456          29.000  
G04  23025142.871   120997942.3611      -4233.175          21.000                                                                  
S31  36817796.907   193478832.5940       -501.570          35.000  
S33  37522497.546   197182081.4900       -502.849          45.000  
E06  24589881.665   129220784.3930        907.930          38.000    24589885.587    99013285.6490        695.592          43.000  
C12  24008694.753   125019575.3240      -3113.853          39.000                                                                  
C13  25524945.578   132915089.8491      -3038.291          15.000                                                                  
C19  24007861.427   125015247.1580      -2384.636          42.000                                                                  
C36  23922033.209   124568337.3590       1648.433          29.000                                                                  
R10  21174747.429   112873295.6820       1480.210          30.000                                                                  
R07  20400811.519   109207307.1580      -3092.334          37.000    20400812.188    84938788.0070      -2405.484          40.000  
R18  21307759.889   113742268.3681      -2809.893          21.000    21307770.110    88466165.0540      -2182.155          28.000  
R19  19697517.650   105368475.8490       1054.915          27.000                                                                  
E04  23298969.092   122436916.3710       -398.591          37.000    23298970.839    93815305.6600       -305.441          43.000  
E21  24601564.411   129282092.5911      -2187.567          26.000    24601572.273    99060336.7131      -1676.186          21.000  
E31  25372996.879   133336049.7650       1086.644          34.000    25372999.291   102166577.0760        833.104          34.000  
E28  23014354.317   120941224.2600      -1694.168          41.000    23014357.914    92669283.0380      -1297.953          38.000  
G14  22107057.097   116173385.4170       1558.532          36.000    22107058.479    90524698.6210       1214.442          35.000  
G22  23367642.098   122797849.7790       1733.360          41.000                                                                  
G09  21041249.072   110572519.5350      -3435.308          29.000    21041244.599    86160381.2570      -2676.859          27.000  
G17  23331754.139   122609195.1791       3070.338          21.000    23331761.771    95539664.0771       2386.730          19.000  
E23  22810083.483   119867775.0510       -485.375          44.000    22810084.977    91846766.8880       -371.894          36.000  
R16                                                                  21498455.922    89320694.2481      -1909.102          18.000  
G08                                                                  19803948.139    81093856.3691      -1998.187          21.000  
> 2026  7 21  5  9 10.9970000  0 36                           
G27  22533277.426   118413301.9920      -4051.516          26.000                                                                  
S35  37264394.914   195825747.5550       -503.515          44.000  
G07  19773791.528   103911975.3591        491.821          26.000    19773784.189    80970340.2711        377.119          22.000  
G30  21280156.945   111827965.5800       2193.715          43.000    21280154.115    87138670.8540       1709.786          29.000  
G08  19808839.267   104096152.5531      -2561.262          25.000    19808820.225    81113807.4261      -1998.448          21.000  
C37  22931889.096   119412283.6620      -2002.680          30.000                                                                  
C27  21429105.162   111586978.2890        492.908          27.000                                                                  
C20  25157130.705   130999780.7861      -3410.088          27.000                                                                  
C28  22962528.539   119571829.8830      -1939.923          28.000                                                                  
C30  23407342.781   121888175.7761       2691.571          25.000                                                                  
R16  21502993.727   114865132.0481      -2457.211          16.000    21503050.229    89339781.5911      -1906.760          24.000  
R08  21207711.404   113566303.6020        472.055          33.000    21207710.998    88329373.6690        367.632          26.000  
R20  21608533.863   115550541.1521       3695.661          27.000                                                                  
R09  19244730.843   102765741.8520       -235.922          30.000    19244725.513    79928943.4220       -182.631          29.000  
G04  23033190.717   121040233.8201      -4231.402          22.000                                                                  
E19  23104411.942   121414503.4531      -3028.375          22.000                                                                  
S31  36818748.908   193483835.7600       -500.423          35.000  
S33  37523452.265   197187099.5190       -502.007          45.000  
E06  24588156.393   129211715.8120        904.619          38.000    24588159.986    99006337.0000        693.161          43.000  
C12  24014672.064   125050707.0470      -3113.330          38.000                                                                  
C13  25530796.058   132945554.1241      -3041.999          19.000    21933483.578    88317049.4661      -2376.348          10.000  
C19  24012441.893   125039098.7320      -2386.984          41.000                                                                  
C36  23918865.317   124551843.9860       1649.684          27.000                                                                  
R10  21171968.911   112858481.1910       1480.963          30.000                                                                  
R07  20406594.488   109238251.6510      -3097.622          38.000    20406592.708    84962855.9570      -2409.279          39.000  
R18  21313020.340   113770349.8191      -2808.936          18.000    21313032.292    88488006.5320      -2187.101          27.000  
R19  19695550.423   105357956.4880       1047.923          27.000    19695549.993    81945042.3250        814.178          27.000  
E04  23299729.986   122440916.9380       -402.706          37.000    23299732.027    93818371.0170       -308.351          42.000  
E21  24605728.723   129303976.7001      -2185.932          26.000    24605726.895    99077065.7731      -1671.765          20.000  
E31  25370927.995   133325178.6060       1086.522          35.000    25370930.481   102158247.2820        832.346          34.000  
E28  23017580.833   120958178.5850      -1697.693          41.000    23017584.338    92682273.9980      -1300.711          37.000  
G14  22104090.176   116157792.8680       1558.753          37.000    22104091.502    90512548.6340       1214.419          35.000  
G22  23364343.796   122780515.2200       1732.501          42.000                                                                  
G09  21047789.271   110606880.0920      -3437.833          32.000    21047784.832    86187155.6660      -2678.611          27.000  
G17  23325912.410   122578496.1371       3075.481          22.000    23325910.451    95515703.6361       2400.482          17.000  
E23  22811006.189   119872623.9330       -485.713          44.000    22811007.967    91850482.2340       -371.897          36.000  
> 2026  7 21  5  9 20.9970000  0 37                           
G27  22540981.864   118453819.8890      -4052.967          26.000                                                                  
S35  37265352.348   195830778.2990       -503.205          44.000  
G07  19772861.926   103907082.4080        489.922          26.000    19772853.997    80966531.3851        384.147          25.000  
G30  21275983.028   111806031.9190       2192.436          43.000    21275978.947    87121579.7500       1708.531          28.000  
G08  19813717.174   104121785.5951      -2565.910          25.000    19813698.156    81133780.8111      -1999.162          22.000  
C37  22935736.303   119432317.7920      -2004.211          29.000                                                                  
C27  21428175.345   111582072.7860        487.886          29.000                                                                  
C20  25163674.918   131033870.2410      -3408.754          28.000                                                                  
C28  22966256.660   119591245.0700      -1944.379          28.000                                                                  
C30  23402169.763   121861238.2481       2690.030          26.000                                                                  
R16  21507599.814   114889737.5821      -2447.819          18.000                                                                  
R08  21206835.165   113561614.7020        465.549          32.000    21206831.158    88325702.6241        362.673          21.000  
R20  21601621.081   115513555.9510       3697.727          26.000                                                                  
R09  19245172.964   102768098.9780       -237.630          31.000    19245173.236    79930776.8150       -185.002          31.000  
G04  23041242.944   121082548.9111      -4234.355          23.000                                                                  
E19  23110172.390   121444775.1241      -3029.334          23.000                                                                  
S31  36819700.222   193488834.2610       -500.347          34.000  
S33  37524406.510   197192114.1040       -501.583          45.000  
E06  24586437.061   129202683.7490        901.121          38.000    24586441.271    98999416.3360        690.670          43.000  
C12  24020650.002   125081844.9700      -3113.936          37.000                                                                  
C22  24714347.884   128694114.1160        -85.520          28.000                                                                  
C13  25536649.429   132976034.6171      -3044.492          19.000                                                                  
C19  24017027.787   125062979.8400      -2389.997          40.000                                                                  
C36  23915697.741   124535313.7591       1650.400          24.000                                                                  
R10  21169190.049   112843667.5740       1480.639          29.000                                                                  
R07  20412388.132   109269254.0780      -3103.342          36.000    20412383.897    84986968.9870      -2413.574          39.000  
R18  21318284.618   113798450.6931      -2818.767          18.000    21318306.604    88509997.3761      -2192.126          24.000  
R19  19693595.449   105347455.4561       1040.172          25.000    19693608.549    81936920.1530        809.111          28.000  
E04  23300500.061   122444961.1810       -406.912          37.000    23300501.675    93821469.8640       -311.788          42.000  
E21  24609903.407   129325914.6681      -2185.686          26.000    24609885.424    99093810.2211      -1686.970          19.000  
E31  25368858.696   133314316.8300       1085.454          36.000    25368863.775   102149924.6590        831.362          33.000  
E28  23020814.104   120975171.6480      -1701.583          41.000    23020818.179    92695294.6650      -1303.885          37.000  
G14  22101125.402   116142208.1190       1558.262          38.000    22101124.950    90500404.7280       1213.615          35.000  
G22  23361047.897   122763191.5480       1731.338          43.000                                                                  
G09  21054332.449   110641270.7300      -3441.182          31.000    21054326.817    86213953.5260      -2681.284          27.000  
G17  23320072.633   122547808.0441       3072.986          24.000    23320067.970    95491779.9631       2390.021          13.000  
E23  22811930.952   119877483.3810       -486.557          43.000    22811932.721    91854205.7110       -373.184          36.000  
> 2026  7 21  5  9 30.9970000  0 37                           
G27  22548694.884   118494347.7230      -4053.423          27.000                                                                  
S35  37266307.643   195835799.2870       -501.881          44.000  
G07  19771938.605   103902195.4400        487.234          26.000    19771928.216    80962740.8091        379.171          25.000  
G30  21271810.085   111784104.7590       2191.904          43.000    21271805.222    87104493.6550       1708.059          28.000  
C37  22939584.747   119452357.0340      -2004.138          28.000                                                                  
C27  21427227.028   111577209.3490        484.108          31.000                                                                  
C20  25170217.666   131067943.4190      -3406.852          29.000                                                                  
C28  22969992.806   119610698.5720      -1947.601          26.000                                                                  
C30  23396994.560   121834289.5781       2691.649          26.000                                                                  
R16  21512181.236   114914210.4921      -2457.869          17.000    21512224.850    89377900.2111      -1908.162          25.000  
R08  21205972.509   113556999.4990        457.696          33.000    21205973.040    88322127.8751        358.091          20.000  
R20  21594706.876   115476601.7381       3703.076          24.000                                                                  
R09  19245615.538   102770463.3570       -237.667          31.000    19245616.229    79932615.8170       -185.193          31.000  
G04  23049290.931   121124840.7471      -4235.537          23.000                                                                  
E19  23115940.801   121475087.9761      -3031.422          25.000                                                                  
S31  36820649.816   193493823.6700       -498.404          35.000  
S33  37525358.752   197197118.6240       -500.406          45.000  
E06  24584723.370   129193681.9360        898.247          38.000    24584728.087    98992518.8480        688.393          43.000  
C12  24026628.135   125112982.7790      -3114.317          36.000                                                                  
C22  24714509.465   128694935.3861        -91.081          25.000    24715046.306    99517249.6881       -179.191          11.000  
C13  25542500.300   133006501.0461      -3038.222          18.000                                                                  
C19  24021617.657   125086884.0810      -2391.916          39.000                                                                  
C36  23912523.459   124518784.4321       1648.953          21.000                                                                  
R10  21166410.568   112828848.9070       1481.733          30.000                                                                  
R07  20418189.454   109300307.6220      -3108.832          34.000    20418184.895    85011121.7260      -2417.577          40.000  
R18  21323578.887   113826711.8281      -2822.619          22.000    21323584.985    88531911.9051      -2195.156          21.000  
R19  19691638.258   105337040.2800       1033.356          27.000    19691678.281    81928850.6880        804.172          28.000  
E04  23301276.847   122449042.8210       -410.012          37.000    23301278.550    93824597.3640       -314.766          42.000  
E21  24614079.949   129347863.0371      -2184.769          25.000    24614043.115    99110551.8401      -1670.125          18.000  
E31  25366792.220   133303458.0670       1085.517          36.000    25366796.873   102141604.3020        831.795          32.000  
E28  23024053.991   120992197.0700      -1704.464          41.000    23024057.797    92708340.1180      -1305.878          37.000  
G14  22098159.867   116126624.8360       1558.087          38.000    22098159.452    90488261.8870       1213.788          35.000  
G22  23357752.272   122745872.3650       1731.376          42.000                                                                  
G09  21060878.729   110675684.9320      -3442.884          28.000    21060874.800    86240769.8090      -2682.618          26.000  
G17  23314232.099   122517116.2421       3067.050          25.000    23314231.989    95467881.6681       2399.396          10.000  
E23  22812856.606   119882347.0210       -486.746          43.000    22812858.173    91857932.3680       -372.636          36.000  
G08                                                                  19818585.302    81153793.2701      -2002.681          22.000  
> 2026  7 21  5  9 40.9970000  0 37                           
G27  22556406.446   118534876.1430      -4052.929          27.000                                                                  
S35  37267259.793   195840801.4980       -498.535          44.000  
G30  21267636.949   111762174.9650       2193.822          42.000    21267630.613    87087405.4750       1709.510          29.000  
G08  19823474.443   104173061.0191      -2573.614          23.000    19823481.993    81173844.1461      -2007.712          23.000  
C37  22943433.445   119472392.3060      -2002.899          27.000                                                                  
C27  21426299.169   111572378.8640        481.735          32.000                                                                  
C20  25176748.597   131101991.2130      -3402.611          30.000                                                                  
C28  22973733.373   119630181.2670      -1949.677          26.000                                                                  
C30  23391820.091   121807345.4391       2692.712          23.000                                                                  
R16  21516763.396   114938687.7521      -2456.472          18.000    21516803.287    89396922.5771      -1903.679          23.000  
R08  21205122.886   113552448.6030        452.441          33.000    21205125.065    88318596.8311        351.075          18.000  
R20  21587794.450   115439637.5831       3705.229          22.000                                                                  
R09  19246057.977   102772825.9000       -235.492          30.000    19246056.945    79934456.2850       -182.281          30.000  
G04  23057331.815   121167095.5091      -4229.256          24.000                                                                  
E19  23121702.800   121505368.1861      -3030.732          25.000                                                                  
S31  36821595.631   193498793.4960       -495.519          35.000  
S33  37526307.295   197202104.3280       -497.145          45.000  
E06  24583013.126   129184701.2330        897.257          38.000    24583019.065    98985637.5150        687.882          43.000  
C12  24032604.999   125144111.1930      -3111.460          37.000                                                                  
C22  24714681.462   128695831.5491        -86.524          21.000                                                                  
C13  25548346.547   133036943.9781      -3041.843          14.000                                                                  
C19  24026210.081   125110802.2770      -2391.956          38.000    25824272.506   103983643.6091      -1697.038          10.000  
C36  23909352.178   124502270.5481       1654.304          21.000                                                                  
R10  21163628.231   112814015.5540       1485.154          29.000                                                                  
R07  20423998.947   109331402.9010      -3111.083          33.000    20423994.307    85035306.8980      -2419.635          40.000  
R18  21328889.329   113855059.5451      -2831.900          23.000    21328879.397    88553893.3801      -2194.071          21.000  
R19  19689716.038   105326726.6660       1029.049          28.000    19689759.483    81920950.2601        799.659          25.000  
E04  23302059.621   122453152.6720       -412.026          38.000    23302060.506    93827746.4450       -315.726          42.000  
E21  24618230.992   129369676.7581      -2181.339          25.000    24618199.515    99127287.4101      -1686.091          18.000  
E31  25364724.505   133292593.1260       1087.327          36.000    25364728.366   102133279.2160        832.964          31.000  
E28  23027298.339   121009245.6790      -1705.397          42.000    23027302.052    92721403.3430      -1306.929          37.000  
G14  22095192.523   116111033.7970       1560.123          38.000    22095192.438    90476113.0620       1215.694          35.000  
G22  23354455.911   122728548.5980       1733.076          42.000                                                                  
G17  23308392.139   122486426.9411       3070.311          24.000                                                                  
E23  22813781.016   119887205.6620       -484.908          43.000    22813782.598    91861655.2240       -371.143          36.000  
G09                                                                  21067426.084    86267593.2530      -2682.499          25.000  
G07                                                                  19771001.898    80958947.3011        378.464          25.000  
> 2026  7 21  5  9 50.9970000  0 37                           
G27  22564113.572   118575412.2820      -4053.911          26.000                                                                  
S35  37268209.460   195845791.6620       -498.193          44.000  
G30  21263464.532   111740250.0220       2192.246          41.000    21263459.093    87070321.1450       1707.997          29.000  
G08  19828374.985   104198813.3821      -2581.959          21.000    19828383.644    81193915.5921      -2014.582          23.000  
C37  22947282.894   119492521.9530      -2004.364          26.000                                                                  
C27  21425379.692   111567588.7490        477.022          32.000                                                                  
C20  25183283.167   131136021.0180      -3402.604          31.000                                                                  
C28  22977481.800   119649700.3710      -1953.699          26.000                                                                  
C30  23386633.536   121780337.3411       2697.524          17.000                                                                  
R16  21521342.718   114963149.8691      -2450.324          21.000    21521379.575    89415935.7431      -1909.424          21.000  
R08  21204285.287   113547969.8750        444.406          32.000    21204292.863    88315130.0331        342.078          22.000  
R20  21580868.529   115402602.0231       3693.095          20.000                                                                  
R09  19246500.610   102775193.9630       -236.853          30.000    19246500.895    79936293.1340       -184.363          32.000  
G04  23065374.156   121209358.7521      -4232.106          25.000                                                                  
E19  23127469.770   121535673.6860      -3033.057          27.000                                                                  
S31  36822538.972   193503752.1250       -494.947          35.000  
S33  37527253.783   197207078.1670       -496.674          45.000  
E06  24581309.427   129175749.0200        893.994          38.000    24581315.537    98978778.0600        684.968          44.000  
C12  24038581.953   125175237.4640      -3112.125          37.000                                                                  
C22  24714864.186   128696783.3071        -91.244          23.000                                                                  
C13  25554198.726   133067418.0431      -3061.710          15.000                                                                  
C19  24030806.872   125134741.6560      -2394.990          38.000                                                                  
C36  23906176.594   124485734.8541       1657.393          16.000                                                                  
R10  21160844.339   112799175.1870       1484.238          29.000                                                                  
R07  20429816.992   109362547.0900      -3117.126          32.000    20429812.539    85059530.1150      -2424.014          40.000  
R18  21334205.019   113883435.2031      -2833.899          22.000    21334192.185    88575950.9651      -2199.637          19.000  
R19  19687798.822   105316482.5910       1021.160          27.000    19687837.310    81912952.9211        803.631          16.000  
E04  23302849.239   122457298.0600       -416.326          38.000    23302849.421    93830922.7630       -318.718          43.000  
E21  24622368.578   129391420.1701      -2181.090          26.000    24622356.033    99144024.4871      -1682.967          19.000  
E31  25362657.612   133281729.3740       1086.216          38.000    25362660.299   102124955.0400        832.209          31.000  
E28  23030548.601   121026324.8200      -1709.345          42.000    23030552.147    92734489.9660      -1310.048          38.000  
G14  22092224.868   116095442.3500       1559.312          38.000    22092225.641    90463963.9470       1214.611          35.000  
G22  23351159.501   122711227.5160       1732.170          42.000                                                                  
G17  23302542.769   122455688.6981       3069.723          23.000                                                                  
E23  22814705.594   119892066.6540       -486.084          42.000    22814707.785    91865379.8830       -372.346          37.000  
G09                                                                  21073979.818    86294424.4621      -2685.442          22.000  
G07                                                                  19770079.773    80955170.9651        379.354          25.000  
> 2026  7 21  5 10  0.9970000  0 36                           
G27  22571830.978   118615939.3710      -4050.750          26.000                                                                  
S35  37269153.728   195850753.7300       -493.463          44.000  
G02  21381530.781   112360702.0231       1215.517          21.000                                                                  
G30  21259289.862   111718313.2710       2195.592          41.000    21259285.267    87053227.6210       1710.737          29.000  
C37  22951129.873   119512547.4210      -2000.153          24.000                                                                  
C27  21424464.667   111562822.4240        476.387          31.000                                                                  
C20  25189811.572   131170015.9730      -3396.638          32.000                                                                  
C28  22981237.987   119669336.2541      -1953.928          27.000                                                                  
R16  21525911.946   114987557.1221      -2445.313          21.000    21525953.147    89434938.0071      -1906.061          21.000  
R08  21203459.574   113543545.9950        441.059          33.000    21203460.107    88311662.3291        337.456          21.000  
R20  21573945.053   115365579.5531       3700.839          25.000    21573950.509    89728798.7070       2879.030          27.000  
R09  19246941.598   102777550.7910       -233.548          30.000    19246944.195    79938126.2640       -180.881          30.000  
G04  23073414.667   121251611.9141      -4222.983          26.000                                                                  
E19  23133246.329   121565996.6900      -3031.127          29.000                                                                  
S31  36823477.076   193508681.8220       -489.868          35.000  
S33  37528195.003   197212023.6180       -491.921          46.000  
E06  24579608.314   129166808.7410        894.508          38.000    24579614.213    98971927.6990        685.440          44.000  
C12  24044555.926   125206344.9570      -3108.714          38.000                                                                  
C22  24715041.963   128697708.9021        -95.896          21.000                                                                  
C13  25560052.408   133097899.6731      -3094.774          15.000                                                                  
C19  24035404.868   125158685.6130      -2393.583          38.000                                                                  
R10  21158055.967   112784310.8860       1487.302          30.000                                                                  
R07  20435641.210   109393723.0760      -3117.125          31.000    20435636.457    85083778.1590      -2424.892          40.000  
R18  21339519.301   113911802.4681      -2842.465          22.000    21339503.607    88598003.1261      -2213.740          19.000  
R19  19685887.121   105306287.0130       1018.213          25.000    19685906.571    81904919.9211        816.388          12.000  
E04  23303642.050   122461462.3380       -415.997          39.000    23303641.863    93834113.5860       -318.943          43.000  
E21  24626498.688   129413123.4151      -2176.852          25.000    24626512.999    99160762.6321      -1666.259          17.000  
E31  25360587.806   133270850.0750       1090.099          38.000    25360589.944   102116619.0220        834.503          31.000  
E28  23033801.476   121043417.7650      -1708.900          43.000    23033804.947    92747587.1110      -1308.895          38.000  
G14  22089254.132   116079833.8710       1562.548          38.000    22089255.327    90451801.4890       1217.867          33.000  
G22  23347860.696   122693892.4160       1735.605          41.000                                                                  
G17  23296698.053   122424974.2171       3068.476          23.000                                                                  
E23  22815627.505   119896913.2600       -482.656          41.000    22815629.995    91869093.5040       -369.535          37.000  
G09                                                                  21080532.036    86321254.3331      -2682.984          21.000  
G07                                                                  19769160.309    80951405.8111        376.641          24.000  
G08                                                                  19833283.875    81213981.1111      -2014.708          21.000  
> 2026  7 21  5 10 10.9970000  0 37                           
G27  22579540.654   118656448.2070      -4051.067          26.000                                                                  
S35  37270090.567   195855677.2580       -491.667          44.000  
G02  21379218.572   112348534.2890       1213.837          27.000                                                                  
G30  21255111.383   111696355.4780       2195.792          40.000    21255107.025    87036117.6530       1711.075          29.000  
G08  19838203.898   104250464.1851      -2577.335          22.000    19838180.227    81234031.1501      -2005.721          21.000  
C37  22954976.805   119532588.0251      -1999.868          24.000                                                                  
C27  21423552.917   111558070.6880        474.289          30.000                                                                  
C20  25196331.502   131203966.8840      -3393.594          33.000                                                                  
C28  22984995.184   119688896.8660      -1956.897          27.000                                                                  
C30  23376329.467   121726681.3421       2696.953          25.000                                                                  
R16  21530477.121   115011943.8261      -2437.342          20.000    21530530.706    89453956.4751      -1900.700          23.000  
R08  21202642.578   113539167.3910        434.806          33.000    21202650.119    88308288.6011        338.237          26.000  
R20  21567025.282   115328576.0790       3702.169          27.000    21567033.269    89700005.5780       2879.421          28.000  
R09  19247379.966   102779886.9010       -233.368          28.000    19247379.780    79939948.0831       -180.928          26.000  
G04  23081453.765   121293850.0420      -4222.687          27.000                                                                  
E19  23139016.383   121596307.8610      -3031.527          30.000                                                                  
S31  36824408.082   193513574.0610       -488.610          35.000  
S33  37529128.938   197216931.2670       -489.996          45.000  
E06  24577907.878   129157870.9640        892.701          38.000    24577913.432    98965079.2770        683.935          44.000  
C12  24050525.419   125237424.2710      -3107.413          39.000                                                                  
C22  24715228.331   128698679.0571       -101.447          20.000                                                                  
C13  25565906.653   133128384.8791      -3044.755          12.000                                                                  
C19  24040002.536   125182624.7480      -2394.818          39.000                                                                  
R10  21155260.627   112769412.8390       1490.660          31.000                                                                  
R07  20441470.284   109424921.1980      -3122.903          31.000    20441464.066    85108043.2680      -2428.141          39.000  
R18  21344846.072   113940236.9741      -2843.048          25.000    21344823.320    88620090.2831      -2197.544          18.000  
R19  19683983.664   105296039.3231       1015.842          22.000                                                                  
E04  23304436.040   122465636.1730       -418.876          39.000    23304436.189    93837311.6960       -321.011          43.000  
E21  24630652.320   129434951.1731      -2175.685          25.000    24630652.811    99177432.1431      -1666.200          18.000  
E31  25358513.184   133259945.8640       1090.618          39.000    25358514.909   102108263.8720        834.882          31.000  
E28  23037055.581   121060515.0820      -1710.903          43.000    23037058.536    92760687.6740      -1311.001          38.000  
G14  22086278.263   116064198.8930       1563.650          39.000    22086280.248    90439618.3930       1218.567          32.000  
G22  23344557.069   122676533.9760       1735.861          40.000                                                                  
G09  21087086.626   110813387.5381      -3444.557          26.000    21087088.394    86348101.4241      -2684.701          22.000  
G17  23290858.579   122394286.9501       3069.684          25.000                                                                  
E23  22816544.854   119901736.0700       -482.061          41.000    22816547.795    91872788.9420       -369.668          37.000  
G07                                                                  19768240.149    80947638.6931        377.405          22.000  
> 2026  7 21  5 10 20.9970000  0 37                           
G27  22587252.619   118696957.6830      -4050.017          26.000                                                                  
S35  37271024.068   195860583.0070       -488.995          44.000  
G02  21376909.480   112336406.6200       1212.006          27.000                                                                  
G30  21250932.339   111674395.9540       2196.703          40.000    21250928.590    87019006.3640       1711.526          29.000  
G08  19843123.378   104276316.9621      -2578.626          21.000    19843085.531    81254117.6031      -2011.316          21.000  
C37  22958834.002   119552672.8581      -2003.487          20.000                                                                  
C27  21422648.256   111553352.6120        471.794          31.000                                                                  
C20  25202846.796   131237892.7420      -3390.691          34.000                                                                  
C28  22988755.703   119708475.9300      -1958.691          27.000                                                                  
C30  23371153.047   121699735.5180       2697.059          26.000                                                                  
R16  21535043.070   115036333.8491      -2437.633          20.000    21535113.298    89472995.8701      -1905.780          23.000  
R08  21201837.095   113534854.3160        427.987          32.000    21201843.656    88304929.9811        335.602          25.000  
R20  21560107.724   115291552.0390       3703.084          28.000    21560111.436    89671209.5170       2880.573          28.000  
R09  19247808.410   102782222.3571       -223.130          13.000    19247813.512    79941756.9450       -180.470          28.000  
G04  23089494.470   121336060.6390      -4219.715          28.000                                                                  
E19  23144789.522   121626626.6200      -3031.888          31.000                                                                  
S31  36825335.565   193518447.4480       -485.985          35.000  
S33  37530059.153   197221820.1410       -487.453          45.000  
E06  24576211.527   129148955.0870        891.265          39.000    24576216.924    98958247.6440        682.712          44.000  
C12  24056493.309   125268494.4460      -3105.771          40.000                                                                  
C13  25571777.901   133158957.1541      -3041.237          18.000                                                                  
C36  23896628.302   124436013.9840       1664.635          27.000                                                                  
C19  24044602.795   125206578.1200      -2395.380          38.000                                                                  
R10  21152463.376   112754500.7740       1492.637          31.000                                                                  
R07  20447306.607   109456161.1250      -3125.776          33.000    20447299.822    85132341.0010      -2430.829          39.000  
R18  21350184.851   113968725.5160      -2848.016          28.000    21350149.577    88642204.0511      -2220.177          18.000  
R19  19682102.913   105285978.3061       1006.022          19.000                                                                  
E04  23305235.707   122469838.8180       -420.905          39.000    23305236.119    93840531.8970       -322.614          43.000  
E21  24634824.298   129456874.8791      -2170.499          23.000    24634790.383    99194092.4291      -1670.847          18.000  
E31  25356437.819   133249036.0120       1091.939          40.000    25356438.971   102099904.4220        836.733          31.000  
E28  23040314.368   121077636.0550      -1712.681          43.000    23040316.418    92773806.3260      -1312.305          37.000  
G14  22083301.032   116048556.7440       1565.144          38.000    22083304.018    90427429.7140       1220.225          31.000  
G22  23341252.530   122659171.4100       1736.918          39.000                                                                  
G09  21093652.208   110847848.1850      -3446.328          29.000    21093649.097    86374966.1701      -2685.020          21.000  
G17  23285025.888   122363636.0661       3072.378          26.000                                                                  
E23  22817461.272   119906554.3810       -480.903          40.000    22817464.620    91876480.8870       -368.512          37.000  
G07                                                                  19767320.819    80943873.8411        364.986          22.000  
> 2026  7 21  5 10 30.9970000  0 37                           
G27  22594959.740   118737472.8130      -4052.781          25.000                                                                  
S35  37271955.082   195865475.0090       -489.720          44.000  
G07  19766406.955   103873168.9000        476.407          27.000    19766405.428    80940125.3331        369.687          22.000  
G02  21374595.663   112324313.6090       1207.025          25.000                                                                  
G30  21246753.979   111652439.8630       2194.166          39.000    21246751.104    87001897.7350       1709.916          29.000  
G08  19848035.185   104302128.2681      -2585.508          18.000    19848005.624    81274264.3561      -2027.614          19.000  
C37  22962693.521   119572770.7481      -1996.109          18.000                                                                  
C27  21421751.381   111548673.4400        464.948          33.000                                                                  
C20  25209357.877   131271798.3890      -3390.012          34.000                                                                  
C28  22992520.817   119728089.4940      -1964.069          26.000                                                                  
C30  23365979.934   121672775.3810       2694.659          26.000                                                                  
R16  21539626.582   115060818.6511      -2447.421          23.000    21539687.065    89491999.2281      -1911.335          22.000  
R08  21201045.066   113530611.3330        419.489          32.000    21201040.168    88301583.5010        326.406          26.000  
R20  21553182.518   115254529.8920       3700.686          28.000    21553187.456    89642414.5780       2878.732          27.000  
R09  19248252.493   102784593.5191       -238.038          22.000    19248258.079    79943576.0090       -182.965          29.000  
G04  23097531.107   121378260.9980      -4220.375          29.000                                                                  
E19  23150564.727   121656957.8070      -3034.663          31.000                                                                  
S31  36826260.674   193523307.8270       -486.219          35.000  
S33  37530987.069   197226695.9870       -488.182          45.000  
E06  24574519.745   129140066.2180        886.273          39.000    24574525.256    98951436.6740        679.111          44.000  
C12  24062460.425   125299560.3970      -3107.485          42.000                                                                  
C13  25577655.614   133189564.5201      -3057.031          19.000                                                                  
C36  23893430.775   124419376.8560       1664.376          26.000                                                                  
C19  24049206.701   125230550.6500      -2399.413          39.000                                                                  
R10  21149664.097   112739580.0370       1491.497          30.000                                                                  
R07  20453150.803   109487447.3410      -3131.987          33.000    20453144.477    85156674.7190      -2436.044          39.000  
R18  21355533.464   113997246.9540      -2856.377          28.000    21355489.183    88664372.5721      -2223.225          18.000  
R19  19680256.331   105276100.1911       1001.115          25.000                                                                  
E04  23306041.747   122474075.4020       -426.759          39.000    23306042.441    93843778.0960       -326.968          43.000  
E21  24638962.025   129478619.3251      -2174.858          22.000    24638925.626    99210743.0581      -1673.062          18.000  
E31  25354361.843   133238125.5880       1089.756          40.000    25354362.674   102091544.4880        835.316          32.000  
E28  23043577.855   121094785.7100      -1717.458          43.000    23043579.875    92786946.9900      -1315.986          38.000  
G14  22080323.052   116032912.4620       1563.344          38.000    22080326.839    90415239.3760       1219.138          30.000  
G22  23337948.058   122641809.8140       1735.004          39.000                                                                  
G09  21100216.133   110882379.2040      -3450.372          31.000    21100214.707    86401851.6801      -2684.575          21.000  
G17  23279187.944   122332957.4531       3069.163          26.000                                                                  
E23  22818377.949   119911373.2000       -482.849          39.000    22818381.572    91880173.2520       -370.379          37.000  
> 2026  7 21  5 10 40.9970000  0 37                           
G27  22602665.851   118777809.8801      -4050.014          25.000                                                                  
S35  37272882.177   195870348.4860       -484.922          44.000  
G07  19765503.725   103868399.2100        477.311          28.000    19765502.112    80936426.7021        366.786          23.000  
G02  21372291.549   112312149.4721       1205.333          23.000                                                                  
G30  21242575.395   111630482.2150       2197.319          39.000    21242572.644    86984787.9040       1712.150          28.000  
G08  19852964.561   104328032.2171      -2582.938          22.000    19852927.873    81294419.9691      -2010.553          19.000  
C37  22966547.574   119592839.9191      -1998.166          18.000                                                                  
C27  21420860.790   111544028.0390        464.255          32.000                                                                  
C20  25215864.571   131305678.8370      -3385.062          34.000                                                                  
C28  22996298.252   119747732.6190      -1964.655          26.000                                                                  
C30  23360805.662   121645844.4191       2697.662          24.000                                                                  
R16  21544227.584   115085396.6481      -2443.256          26.000    21544252.328    89510966.9001      -1898.877          20.000  
R08  21200265.777   113526433.5560        416.074          31.000    21200256.598    88298330.1460        323.067          28.000  
R20  21546255.740   115217504.1570       3703.864          27.000    21546262.945    89613616.9050       2880.329          26.000  
R09  19248696.215   102786952.3280       -230.737          30.000    19248693.999    79945393.9980       -180.444          29.000  
G04  23105562.650   121420446.0040      -4216.001          29.000    23105578.825    94613481.8911      -3288.015          22.000  
E19  23156338.303   121687296.3860      -3032.225          30.000                                                                  
S31  36827181.962   193528149.0960       -481.789          35.000  
S33  37531911.299   197231553.0010       -483.320          45.000  
E06  24572832.993   129131199.2890        887.154          39.000    24572838.082    98944642.5540        679.671          44.000  
C12  24068425.096   125330617.0220      -3103.974          43.000                                                                  
C13  25583530.930   133220159.0791      -3031.128          19.000                                                                  
C36  23890221.017   124402649.2661       1667.285          22.000                                                                  
C19  24053813.464   125254537.1920      -2397.795          39.000                                                                  
R10  21146862.230   112724645.2890       1495.546          31.000                                                                  
R07  20459002.938   109518774.9570      -3132.917          34.000    20458996.471    85181040.5630      -2436.860          39.000  
R18  21360883.666   114025822.1640      -2858.944          29.000    21360836.869    88686575.2171      -2229.404          20.000  
R19  19678408.691   105266217.1651        991.703          22.000                                                                  
E04  23306853.622   122478340.7840       -426.703          40.000    23306854.182    93847046.3690       -326.908          43.000  
E21  24643086.200   129500291.0941      -2165.912          19.000    24643060.812    99227393.4261      -1669.862          17.000  
E31  25352284.905   133227209.4830       1093.342          41.000    25352285.195   102083180.2660        837.292          32.000  
E28  23046845.279   121111958.9750      -1717.149          43.000    23046847.933    92800105.7070      -1315.805          38.000  
G14  22077344.425   116017260.9950       1566.834          38.000    22077348.239    90403043.4710       1220.863          28.000  
G22  23334643.212   122624444.0730       1738.184          39.000                                                                  
G09  21106782.607   110916877.4680      -3449.482          31.000    21106778.982    86428730.5801      -2687.025          22.000  
G17  23273349.636   122302272.4540       3072.546          27.000                                                                  
E23  22819294.393   119916187.4760       -479.999          40.000    22819297.367    91883862.1110       -367.776          37.000  
> 2026  7 21  5 10 50.9970000  0 36                           
G27  22610371.660   118818304.4581      -4049.647          24.000                                                                  
S35  37273801.643   195875179.4480       -482.166          44.000  
G07  19764598.604   103863625.2090        476.663          28.000    19764592.486    80932701.7651        373.045          22.000  
G30  21238392.089   111608499.1420       2198.630          38.000    21238389.141    86967658.2850       1712.676          29.000  
G08  19857894.776   104353941.3721      -2596.131          18.000    19857849.271    81314572.8891      -2013.422          19.000  
C37  22970364.239   119612713.8171      -1992.923          22.000                                                                  
C27  21419970.677   111539392.7600        462.468          31.000                                                                  
C20  25222361.305   131339510.2400      -3382.000          33.000                                                                  
C28  23000069.419   119767381.4940      -1966.711          28.000                                                                  
C30  23355625.642   121618870.9941       2700.384          22.000                                                                  
R16  21548818.628   115109823.1730      -2441.427          28.000    21548813.514    89529916.6661      -1899.982          21.000  
R08  21199493.139   113522296.7980        410.292          30.000    21199485.257    88295112.6020        319.341          28.000  
R20  21539319.926   115180450.7460       3705.139          27.000                                                                  
R09  19249131.528   102789264.3910       -230.993          32.000    19249126.002    79947192.1830       -179.481          32.000  
G04  23113585.489   121462591.5790      -4213.678          29.000    23113596.890    94646314.8581      -3280.859          21.000  
E19  23162107.348   121717618.3590      -3032.303          31.000                                                                  
S31  36828095.367   193532948.5510       -478.783          35.000  
S33  37532827.485   197236367.8600       -480.432          45.000  
E06  24571145.270   129122330.4610        885.861          40.000    24571150.299    98937846.9750        678.649          44.000  
C12  24074383.721   125361640.4830      -3101.643          44.000                                                                  
C13  25589403.219   133250737.1401      -3058.771          20.000                                                                  
C36  23886994.892   124385850.4901       1685.765          15.000                                                                  
C19  24058418.073   125278513.9810      -2398.243          38.000                                                                  
R10  21144053.647   112709672.4280       1496.993          32.000                                                                  
R07  20464858.905   109550119.4900      -3136.098          37.000    20464851.452    85205419.6060      -2439.483          39.000  
R18  21366247.390   114054426.6880      -2863.017          28.000    21366203.435    88708857.0411      -2229.658          22.000  
R19  19676555.739   105256304.5611        970.427          19.000                                                                  
E04  23307665.597   122482611.0950       -428.385          40.000    23307666.520    93850318.4200       -328.360          43.000  
E31  25350202.047   133216263.7640       1095.087          41.000    25350202.685   102074793.3290        838.885          32.000  
E28  23050113.068   121129131.8290      -1718.441          42.000    23050115.839    92813264.1390      -1316.802          38.000  
G14  22074360.109   116001578.3800       1568.618          39.000    22074363.409    90390823.2620       1221.984          26.000  
G22  23331333.523   122607050.2850       1739.714          40.000                                                                  
G09  21113347.170   110951365.9040      -3449.328          30.000    21113338.814    86455592.7871      -2692.725          22.000  
G17  23267505.975   122271534.9780       3073.047          26.000                                                                  
E23  22820205.663   119920973.2100       -478.233          40.000    22820208.407    91887529.1280       -366.521          38.000  
E21                                                                  24647180.027    99243979.6511      -1666.066          17.000  
> 2026  7 21  5 11  0.9970000  0 33                           
G27  22618065.845   118858738.2401      -4044.971          22.000                                                                  
S35  37274716.383   195879986.3350       -478.435          44.000  
G07  19763693.656   103858910.3261        476.984          27.000    19763686.305    80928990.5931        376.834          23.000  
G30  21234207.503   111586509.3930       2200.409          38.000    21234204.719    86950523.3700       1715.063          29.000  
C37  22974190.804   119632640.2751      -1989.556          23.000                                                                  
C27  21419085.855   111534786.0910        460.097          31.000                                                                  
C20  25228852.328   131373310.9030      -3377.026          33.000                                                                  
C28  23003834.389   119787054.4010      -1967.096          30.000                                                                  
C30  23350430.669   121591819.3431       2695.772          20.000                                                                  
R16  21553410.698   115134225.1000      -2438.314          28.000    21553386.394    89548916.4901      -1894.960          24.000  
R08  21198731.845   113518219.9320        406.010          29.000    21198722.675    88291941.7820        315.448          28.000  
R20  21532386.907   115143388.6870       3707.532          28.000    21532394.714    89555970.2761       2886.430          21.000  
R09  19249562.924   102791569.7720       -229.223          33.000    19249559.005    79948985.2940       -178.077          33.000  
G04  23121599.430   121504716.2110      -4210.189          29.000    23121611.276    94679132.4131      -3285.456          21.000  
E19  23167874.528   121747942.4060      -3031.135          30.000                                                                  
S31  36829003.797   193537723.8550       -474.681          35.000  
S33  37533739.402   197241158.8220       -476.710          45.000  
E06  24569461.417   129113478.3990        885.656          40.000    24569466.014    98931064.2380        678.480          44.000  
C12  24080338.757   125392649.1920      -3099.185          44.000                                                                  
C19  24063023.996   125302499.3390      -2397.645          36.000                                                                  
R10  21141241.234   112694680.1060       1501.167          32.000                                                                  
R07  20470721.182   109581499.3360      -3138.589          38.000    20470713.168    85229826.1230      -2440.918          39.000  
R18  21371610.834   114083079.3980      -2866.758          25.000    21371584.749    88731198.5041      -2228.631          23.000  
E04  23308482.322   122486904.9570       -429.356          40.000    23308483.817    93853608.5220       -329.001          43.000  
E31  25348117.272   133205307.0760       1097.265          41.000    25348117.813   102066397.9790        840.252          33.000  
E28  23053384.099   121146322.9300      -1719.021          42.000    23053387.161    92826436.5140      -1317.006          38.000  
G14  22071373.866   115985883.2680       1571.234          40.000    22071376.549    90378593.3090       1224.112          25.000  
G22  23328022.241   122589647.0700       1742.389          40.000                                                                  
G17  23261657.191   122240832.7901       3074.894          24.000                                                                  
E23  22821115.458   119925749.0480       -475.942          41.000    22821117.337    91891188.5330       -364.698          38.000  
E21                                                                  24651299.941    99260569.7041      -1649.383          16.000  
G09                                                                  21119905.538    86482482.2541      -2689.976          22.000  
G08                                                                  19862778.530    81334757.3661      -2019.335          18.000  
> 2026  7 21  5 11 10.9970000  0 34                           
G27  22625752.691   118899132.6761      -4050.974          21.000                                                                  
S35  37275624.896   195884762.2790       -477.104          44.000  
G02  21365427.810   112276080.8081       1190.750          19.000                                                                  
G30  21230020.172   111564504.9320       2199.868          38.000    21230018.040    86933377.0470       1714.559          29.000  
G08  19867777.001   104405871.9211      -2590.813          18.000    19867717.998    81354983.9571      -2025.206          18.000  
C37  22978016.112   119652559.1711      -1985.771          22.000                                                                  
C27  21418205.699   111530200.1070        457.750          32.000                                                                  
C20  25235335.805   131407072.8580      -3375.771          32.000                                                                  
C28  23007616.133   119806743.4360      -1970.795          31.000                                                                  
C30  23345210.213   121564635.5421       2700.726          26.000                                                                  
R16  21557978.051   115158605.4790      -2437.931          27.000    21557961.256    89567923.9491      -1895.694          26.000  
R08  21197978.209   113514210.1791        399.165          26.000    21197975.988    88288810.8490        310.038          30.000  
R20  21525450.924   115106309.9090       3707.838          29.000    21525457.412    89527117.1421       2891.233          25.000  
R09  19249992.756   102793860.4730       -229.615          34.000    19249989.287    79950767.0140       -178.967          31.000  
G04  23129612.999   121546811.7330      -4209.173          29.000    23129621.959    94711935.2351      -3282.668          20.000  
E19  23173639.367   121778260.1480      -3031.876          29.000                                                                  
S31  36829906.390   193542466.9780       -474.431          35.000  
S33  37534645.070   197245917.4670       -475.379          45.000  
E06  24567778.246   129104635.0640        882.989          40.000    24567783.052    98924288.1780        676.557          44.000  
C12  24086289.439   125423634.9800      -3098.631          44.000                                                                  
C22  24716500.916   128705305.3801       -116.091          25.000                                                                  
C19  24067629.577   125326485.1550      -2399.310          33.000                                                                  
R10  21138423.500   112679660.1750       1502.560          32.000                                                                  
R07  20476587.519   109612906.6560      -3143.192          38.000    20476580.647    85254254.0300      -2444.720          40.000  
R18  21376978.162   114111760.6891      -2867.154          16.000    21376966.598    88753543.9421      -2235.204          22.000  
E04  23309302.705   122491214.3070       -432.703          41.000    23309303.843    93856910.4730       -331.577          44.000  
E31  25346028.866   133194331.2840       1097.367          41.000    25346029.665   102057987.9510        841.165          34.000  
E28  23056657.201   121163524.0980      -1721.556          42.000    23056660.515    92839616.6510      -1319.080          38.000  
G14  22068384.082   115970167.5510       1571.437          41.000    22068385.294    90366348.3211       1224.646          24.000  
G22  23324707.611   122572226.2830       1741.933          40.000                                                                  
G17  23255807.603   122210093.3341       3071.495          22.000                                                                  
E23  22822021.434   119930506.8540       -475.976          40.000    22822023.044    91894834.1110       -364.615          38.000  
G09                                                                  21126468.581    86509357.0361      -2695.931          22.000  
G07                                                                  19762784.589    80925298.7371        372.570          23.000  
> 2026  7 21  5 11 20.9970000  0 34                           
G27  22633445.129   118939556.7811      -4042.304          20.000                                                                  
S35  37276530.412   195889519.6930       -474.890          44.000  
G30  21225833.050   111542500.3250       2200.135          38.000    21225831.459    86916230.6320       1714.615          29.000  
C37  22981841.466   119672479.1031      -1993.869          20.000                                                                  
C27  21417330.949   111525649.2910        453.239          32.000                                                                  
C20  25241814.251   131440810.2570      -3372.594          30.000                                                                  
C28  23011404.135   119826462.8080      -1973.065          33.000                                                                  
C30  23340024.015   121537611.7680       2701.916          30.000                                                                  
R16  21562541.656   115182978.7980      -2436.632          26.000    21562543.976    89586944.6840      -1895.060          27.000  
R08  21197233.771   113510238.5310        392.988          27.000    21197237.914    88285731.6520        304.237          29.000  
R20  21518518.874   115069229.5390       3708.187          28.000    21518525.339    89498285.8551       2884.280          25.000  
R09  19250421.582   102796151.1150       -229.475          31.000    19250416.718    79952548.5370       -178.223          28.000  
G04  23137620.402   121588892.5130      -4207.008          29.000    23137627.347    94744715.5111      -3278.339          18.000  
E19  23179410.502   121808586.2180      -3033.223          29.000                                                                  
S31  36830805.777   193547193.5470       -472.012          35.000  
S33  37535547.181   197250659.2830       -473.283          45.000  
E06  24566099.789   129095814.9800        880.928          39.000    24566104.733    98917529.9470        674.936          45.000  
C12  24092237.692   125454612.1350      -3097.424          43.000                                                                  
C22  24716727.906   128706487.4291       -120.961          23.000                                                                  
C19  24072236.158   125350485.8080      -2401.817          30.000                                                                  
R10  21135604.035   112664627.4300       1503.858          33.000                                                                  
R07  20482461.338   109644355.7270      -3147.148          38.000    20482455.897    85278714.3920      -2447.831          40.000  
R18  21382338.666   114140375.3731      -2873.428           8.000    21382345.407    88775875.1751      -2243.828          19.000  
R19  19671018.892   105226685.9341        974.507          19.000                                                                  
E04  23310128.600   122495553.6330       -435.105          40.000    23310129.452    93860235.4210       -333.476          44.000  
E31  25343938.836   133183350.8660       1098.628          39.000    25343940.243   102049574.3930        842.003          34.000  
E28  23059935.020   121180749.8430      -1723.732          41.000    23059938.371    92852815.6060      -1320.905          39.000  
G14  22065392.228   115954445.6910       1572.404          41.000    22065388.594    90354076.6871       1228.168          23.000  
G22  23321392.334   122554802.5040       1742.534          40.000                                                                  
G17  23249961.671   122179372.5841       3078.632          20.000    23249940.523    95204619.7021       2390.758          23.000  
E23  22822926.031   119935261.0770       -475.121          39.000    22822927.757    91898476.9790       -364.304          39.000  
G09                                                                  21133032.429    86536234.1781      -2690.338          23.000  
G07                                                                  19761886.521    80921621.4911        373.952          23.000  
G08                                                                  19872659.865    81375219.6691      -2019.072          17.000  
> 2026  7 21  5 11 30.9970000  0 34                           
G27  22641153.451   118980064.3411      -4052.153          20.000                                                                  
S35  37277435.150   195894273.9860       -476.096          44.000  
G07  19761007.739   103844796.4871        466.094          21.000    19760990.912    80917953.9481        371.504          21.000  
G02  21360865.628   112252106.0751       1191.226          16.000                                                                  
G30  21221648.205   111520509.3070       2197.682          38.000    21221647.305    86899094.7920       1712.199          29.000  
G08  19877590.902   104457444.2251      -2602.930          18.000    19877601.148    81395453.6741      -2025.324          17.000  
C37  22985675.745   119692444.9471      -1997.078          19.000                                                                  
C27  21416465.490   111521147.0510        446.963          30.000                                                                  
C20  25248290.174   131474536.6090      -3372.799          29.000                                                                  
C28  23015200.183   119846226.1230      -1979.993          33.000                                                                  
C30  23334838.322   121510603.6440       2699.165          32.000                                                                  
R16  21567107.530   115207359.4070      -2439.646          26.000    21567107.891    89605907.3260      -1896.792          26.000  
R08  21196514.903   113506374.4021        384.171          25.000    21196514.230    88282714.9120        297.577          27.000  
R20  21511589.957   115032161.3100       3705.271          25.000    21511592.493    89469451.0371       2882.298          25.000  
R09  19250850.848   102798455.9970       -232.262          28.000    19250847.020    79954341.2170       -180.235          29.000  
G04  23145633.532   121630972.1980      -4209.135          29.000    23145633.352    94777498.8631      -3274.451          19.000  
E19  23185185.196   121838934.0980      -3036.565          29.000                                                                  
S31  36831704.126   193551915.1800       -473.086          35.000  
S33  37536448.654   197255397.2580       -474.397          45.000  
E06  24564428.655   129087031.8840        875.620          40.000    24564433.386    98910800.0480        670.895          44.000  
C12  24098186.267   125485594.1020      -3099.129          41.000                                                                  
C19  24076849.029   125374514.5800      -2404.729          30.000                                                                  
R10  21132784.579   112649595.5580       1502.628          30.000                                                                  
R07  20488345.593   109675860.1850      -3153.875          38.000    20488341.334    85303217.8930      -2453.196          40.000  
R19  19669225.878   105217094.7491        963.363          26.000                                                                  
E04  23310962.728   122499936.6490       -441.308          42.000    23310963.319    93863593.8290       -338.152          43.000  
E31  25341851.500   133172379.5140       1095.909          40.000    25341852.948   102041167.7990        839.779          35.000  
E28  23063220.186   121198013.8120      -1729.028          42.000    23063223.480    92866043.8260      -1325.014          39.000  
G14  22062401.950   115938731.3910       1570.183          42.000    22062397.012    90341826.7001       1224.077          23.000  
G22  23318078.671   122537389.3490       1740.286          40.000                                                                  
G17  23244114.412   122148645.4251       3075.354          19.000    23244091.187    95180667.5471       2394.857          23.000  
E23  22823831.953   119940025.3980       -477.800          39.000    22823834.312    91902127.5560       -366.038          39.000  
G09                                                                  21139604.066    86563143.9641      -2696.422          24.000  
R18                                                                  21387737.853    88798264.0331      -2244.710          19.000  
> 2026  7 21  5 11 40.9970000  0 36                           
G27  22648870.033   119020614.4221      -4056.436          22.000                                                                  
S35  37278341.943   195899040.5890       -476.536          44.000  
G02  21358616.679   112240288.2101       1177.028          23.000                                                                  
G30  21217469.450   111498548.3350       2194.836          38.000    21217469.627    86881982.3820       1709.960          30.000  
G08  19882547.933   104483493.8731      -2603.915          23.000    19882567.343    81415788.8821      -2034.177          18.000  
C37  22989510.153   119712412.2181      -1999.540          15.000                                                                  
C27  21415611.620   111516709.6610        440.917          28.000                                                                  
C20  25254767.482   131508267.9870      -3372.718          28.000                                                                  
C28  23019007.516   119866049.4370      -1985.419          34.000                                                                  
C30  23329657.022   121483622.5160       2697.513          34.000                                                                  
R16  21571676.106   115231763.4380      -2441.027          28.000    21571666.058    89624863.6951      -1898.401          23.000  
R08  21195806.871   113502583.3011        378.437          20.000    21195807.713    88279773.8050        290.649          26.000  
R20  21504669.940   114995122.2150       3703.178          27.000    21504668.722    89440654.9221       2880.784          25.000  
R09  19251287.875   102800791.3310       -234.771          31.000    19251285.811    79956157.7100       -183.261          27.000  
G04  23153638.169   121673066.9530      -4210.136          30.000    23153641.359    94810289.8791      -3273.357          19.000  
E19  23190968.156   121869320.0740      -3039.547          30.000                                                                  
S31  36832605.490   193556651.1280       -473.949          35.000  
S33  37537352.699   197260147.9870       -474.988          45.000  
E06  24562767.833   129078302.1490        870.865          40.000    24562772.225    98904111.0310        667.222          45.000  
C12  24104138.305   125516597.0040      -3100.669          39.000                                                                  
C22  24717205.109   128708972.4870       -132.021          27.000                                                                  
C19  24081473.563   125398587.7580      -2409.417          33.000                                                                  
R10  21129967.042   112634581.5350       1500.884          31.000                                                                  
R07  20494244.078   109707436.7590      -3160.926          39.000    20494240.296    85327777.4500      -2457.952          41.000  
R19  19667437.704   105207516.8760        954.787          26.000    19667393.368    81827893.9211        753.057          15.000  
E04  23311807.941   122504379.6220       -446.829          42.000    23311808.554    93866998.1900       -342.441          44.000  
E31  25339768.488   133161433.5350       1093.869          40.000    25339770.764   102032780.6350        838.350          36.000  
E28  23066515.737   121215332.3010      -1733.963          42.000    23066519.251    92879313.8330      -1328.654          39.000  
G14  22059416.529   115923040.9810       1568.410          42.000    22059407.893    90329587.4471       1221.946          23.000  
G22  23314770.159   122520003.1620       1737.973          40.000                                                                  
G09  21146185.712   111123955.0460      -3460.168          28.000    21146188.319    86590105.4751      -2695.542          26.000  
E23  22824743.107   119944816.0830       -479.886          39.000    22824746.290    91905798.3600       -367.662          39.000  
G07                                                                  19760106.166    80914331.1751        360.272          19.000  
G17                                                                  23238243.478    95156722.0161       2393.446          24.000  
R18                                                                  21393150.278    88820735.5571      -2248.207          19.000  
R25                                                                  20816892.862    86337074.8030       -330.751          37.000  
