     3.05           O: OBSERVATION      M: MIXED            RINEX VERSION / TYPE
PYRINEXCONV 0.1.2 ALDELTUNES            20260721 093303 UTC PGM / RUN BY / DATE
UNKN                                                        MARKER NAME
NONE                                                        MARKER TYPE
                                                            OBSERVER / AGENCY
                                                            REC # / TYPE / VERS
                                                            ANT # / TYPE
   112625.4674 -5325487.5784  3496559.0546                  APPROX POSITION XYZ
        0.0000        0.0000        0.0000                  ANTENNA: DELTA H/E/N
G    8 C1C L1C D1C S1C C2L L2L D2L S2L                      SYS / # / OBS TYPES
S    4 C1C L1C D1C S1C                                      SYS / # / OBS TYPES
E    8 C1C L1C D1C S1C C7Q L7Q D7Q S7Q                      SYS / # / OBS TYPES
C    8 C2I L2I D2I S2I C7I L7I D7I S7I                      SYS / # / OBS TYPES
R    8 C1C L1C D1C S1C C2C L2C D2C S2C                      SYS / # / OBS TYPES
DBHZ                                                        SIGNAL STRENGTH UNIT
    10.000                                                  INTERVAL
  2026     7    21     9    23   30.0010000     GPS         TIME OF FIRST OBS
  2026     7    21     9    33   20.0020000     GPS         TIME OF LAST OBS
  7 R10 -7 R11  0 R12 -1 R20  2 R21  4 R22 -3 R23  3        GLONASS SLOT / FRQ
 C1C    0.000 C1P    0.000 C2C    0.000 C2P    0.000        GLONASS COD/PHS/BIS
    18        2428     2GPS                                 LEAPSECONDS
    34                                                      # OF SATELLITES
                                                            END OF HEADER
> 2026  7 21  9 23 30.0010000  0 31                           
G24  23377815.739   122851307.1100        192.059          32.000    23377817.334    95728274.1620        149.413          30.000  
S35  38597063.474   202828979.9170       -388.368          41.000  
G03  23691140.671   124497784.1061       -714.983          26.000                                                                  
G17  21921506.669   115198294.5730      -1584.887          27.000                                                                  
E26  27626915.926   145180409.8440      -3093.541          27.000    27626913.784   111242133.6341      -2369.830          26.000  
G01  25491635.828   133959449.6061      -3923.678          12.000                                                                  
C30  23576126.524   122767011.4300      -2523.697          30.000                                                                  
C29  22021614.455   114672325.0480       -255.250          42.000                                                                  
C39  22928489.225   119394634.5640        652.866          45.000                                                                  
C35  25355853.491   132034585.7430       1891.624          24.000                                                                  
R12  21674388.964   115780700.2850       3005.054          38.000    21674380.975    90051643.2660       2337.640          30.000  
R22  20637837.960   110166211.9170       1356.172          47.000    20637836.868    85684791.8940       1054.766          37.000  
R20  24006858.037   128375449.8470      -4217.206          28.000                                                                  
R11  19587218.865   104668174.8040       -721.957          30.000                                                                  
R23  23699243.248   126775030.0740       3015.132          41.000                                                                  
R21  20763735.741   111110928.9140      -2889.673          33.000    20763735.737    86419623.1101      -2240.231          14.000  
G22  21155132.037   111170968.4681       -873.087          22.000                                                                  
G06  21205866.947   111437586.6890       1202.283          45.000    21205865.705    86834476.0870        936.890          32.000  
S31  38145914.625   200458135.1960       -388.594          34.000  
S33  38852825.576   204173014.6860       -387.734          44.000  
G19  21144897.984   111117104.0970        273.004          43.000                                                                  
C36  22643118.365   117908761.1460      -2270.198          35.000                                                                  
C11  22579211.443   117575879.1780      -1436.607          30.000                                                                  
G30  24440463.613   128435502.4501      -3903.041          22.000                                                                  
G14  21223242.844   111528888.4090      -2086.329          27.000    21223244.643    86905638.3461      -1625.870          22.000  
E31  23904984.476   125621538.4510       -310.718          27.000    23904975.991    96255442.3060       -237.822          29.000  
E16  25927934.602   136252276.9990       1692.223          40.000    25927938.224   104401039.0730       1296.347          36.000  
E12  24708268.495   129842859.6050       1643.269          25.000                                                                  
E33  24193926.109   127139939.1611      -1213.125          16.000    24193962.045    97419058.7311       -950.204          15.000  
G11  23736282.810   124735008.1960       2865.329          28.000    23736270.757    97196071.4900       2233.605          35.000  
E10  26639760.536   139992938.4310       2400.267          33.000    26639775.549   107267336.2001       1839.968          25.000  
> 2026  7 21  9 23 40.0010000  0 30                           
G24  23377455.338   122849408.6810        188.548          32.000    23377454.153    95726774.9190        145.708          31.000  
S35  38597801.872   202832859.5970       -387.020          41.000  
G03  23692502.978   124504960.9830       -720.234          27.000                                                                  
G17  21924531.162   115214158.9980      -1584.158          29.000                                                                  
E26  27632804.016   145211351.1650      -3094.033          25.000    27632800.284   111265835.8501      -2371.513          25.000  
C30  23580973.018   122792247.9250      -2523.027          30.000                                                                  
C29  22022107.396   114674888.5000       -257.040          42.000                                                                  
C39  22927239.231   119388125.2010        649.420          45.000                                                                  
C35  25352222.715   132015675.8120       1891.515          27.000                                                                  
R12  21668764.193   115750664.4530       3002.852          39.000    21668756.388    90028282.1190       2335.397          31.000  
R22  20635301.905   110152674.1820       1351.814          47.000    20635301.881    85674262.5650       1051.269          36.000  
R20  24014742.361   128417610.0070      -4215.039          28.000                                                                  
R11  19588573.509   104675418.3540       -728.000          29.000    19588559.705    81414140.2151       -569.216          23.000  
R23  23693610.046   126744889.6760       3013.342          41.000                                                                  
R21  20769138.284   111139831.5300      -2891.957          33.000    20769147.074    86442145.1851      -2253.168          20.000  
G22  21156819.564   111179836.7021       -885.227          25.000                                                                  
G06  21203583.917   111425588.6330       1197.754          44.000    21203582.430    86825126.9440        934.216          32.000  
S31  38146652.883   200462015.5730       -386.913          34.000  
S33  38853562.627   204176888.6120       -386.556          44.000  
G19  21144379.535   111114381.5100        272.095          42.000                                                                  
C36  22647481.754   117931483.3100      -2273.929          34.000                                                                  
C11  22581971.707   117590255.8350      -1437.605          27.000                                                                  
G30  24447915.668   128474663.9341      -3913.760          20.000                                                                  
G14  21227219.402   111549762.0350      -2089.072          25.000    21227226.383    86921943.3411      -1633.069          21.000  
E31  23905576.814   125624642.8880       -310.606          27.000    23905567.652    96257821.0530       -238.031          29.000  
E16  25924713.841   136235353.1750       1693.180          40.000    25924717.593   104388071.4780       1297.071          36.000  
E12  24705143.705   129826406.3351       1639.197          25.000                                                                  
E33  24196257.534   127152191.5261      -1220.479          18.000    24196272.799    97428363.1341       -921.145          12.000  
G11  23730833.658   124706355.5460       2865.392          27.000    23730817.502    97173744.9110       2232.004          34.000  
E10  26635194.654   139968939.1000       2399.538          33.000    26635208.705   107248948.0671       1839.718          24.000  
> 2026  7 21  9 23 50.0010000  0 31                           
G24  23377103.709   122847555.3170        183.937          33.000    23377101.407    95725330.6910        142.759          31.000  
S35  38598536.694   202836719.8910       -384.209          41.000  
G03  23693872.150   124512183.0150       -724.319          28.000                                                                  
G17  21927541.961   115229996.9750      -1582.932          28.000                                                                  
E26  27638692.037   145242286.3980      -3093.111          25.000    27638688.200   111289544.4151      -2368.533          25.000  
G01  25506579.237   134037977.5961      -3921.427          15.000                                                                  
C30  23585817.957   122817475.9580      -2521.565          29.000                                                                  
C29  22022602.424   114677463.1730       -257.191          43.000                                                                  
C39  22925995.181   119381644.8100        647.625          44.000                                                                  
C35  25348592.921   131996762.9250       1892.467          34.000                                                                  
R12  21663142.952   115720644.8120       3002.307          40.000    21663135.123    90004933.5470       2334.203          31.000  
R22  20632772.943   110139175.5820       1348.753          47.000    20632772.895    85663763.6530       1049.460          35.000  
R20  24022621.754   128459743.4620      -4211.694          29.000                                                                  
R11  19589938.976   104682723.0230       -732.676          29.000    19589930.731    81419838.4681       -567.639          25.000  
R23  23687979.084   126714761.5900       3012.966          42.000                                                                  
R21  20774542.298   111168750.6090      -2892.299          32.000    20774551.960    86464640.0601      -2235.883          18.000  
G22  21158506.347   111188701.0321       -884.072          24.000                                                                  
G06  21201307.959   111413628.3150       1194.910          45.000    21201307.510    86815807.1940        931.927          33.000  
S31  38147387.573   200465876.7690       -384.495          34.000  
S33  38854296.118   204180742.8200       -383.711          44.000  
G19  21143861.086   111111660.3800        272.705          42.000                                                                  
C36  22651849.323   117954229.2470      -2274.577          33.000                                                                  
C11  22584732.821   117604630.3311      -1437.636          24.000                                                                  
G30  24455359.242   128513779.6651      -3898.671          17.000                                                                  
G14  21231198.643   111570701.0921      -2090.835          23.000    21231205.802    86938238.5381      -1626.929          21.000  
E31  23906164.045   125627752.5000       -310.894          27.000    23906158.210    96260203.7470       -238.313          29.000  
E16  25921490.254   136218414.3660       1695.163          40.000    25921493.687   104375092.3610       1299.191          36.000  
E12  24702015.208   129809966.0331       1639.023          24.000                                                                  
E33  24198598.468   127164492.3891      -1222.580          22.000                                                                  
G11  23725389.393   124677709.5040       2864.628          26.000    23725365.465    97151423.3570       2232.711          32.000  
E10  26630629.683   139944941.1990       2400.521          34.000    26630638.730   107230546.5911       1842.845          22.000  
> 2026  7 21  9 24  0.0010000  0 30                           
G24  23376757.672   122845737.6120        179.495          34.000    23376754.859    95723914.3070        139.881          31.000  
S35  38599265.548   202840551.2510       -382.453          41.000  
G03  23695265.390   124519441.9960       -728.480          29.000                                                                  
G17  21930551.978   115245817.2760      -1581.687          29.000                                                                  
E26  27644582.355   145273260.0441      -3092.119          25.000    27644572.274   111313236.2161      -2368.221          25.000  
G01  25514042.931   134077200.3581      -3924.043          15.000                                                                  
C30  23590659.116   122842686.2190      -2520.938          28.000                                                                  
C29  22023097.354   114680039.9280       -258.376          44.000                                                                  
C39  22924754.207   119375184.3100        644.473          44.000                                                                  
C35  25344960.071   131977842.6010       1891.431          38.000                                                                  
R12  21657523.457   115690632.0610       3000.194          40.000    21657515.387    89981590.2830       2333.933          32.000  
R22  20630249.850   110125706.8950       1344.851          47.000    20630248.759    85653288.0050       1045.929          34.000  
R20  24030493.631   128501840.7900      -4208.545          29.000                                                                  
R11  19591314.441   104690079.6230       -739.053          29.000                                                                  
R23  23682347.978   126684636.1980       3011.749          41.000                                                                  
R21  20779946.660   111197676.9460      -2893.392          32.000    20779957.202    86487136.7441      -2253.471          15.000  
G22  21160160.743   111197394.7661       -887.211          16.000                                                                  
G06  21199037.361   111401696.5680       1191.241          45.000    21199037.650    86806509.7770        928.919          32.000  
S31  38148117.177   200469709.5130       -382.723          34.000  
S33  38855024.272   204184568.3590       -381.665          44.000  
G19  21143341.455   111108931.5090        272.540          41.000                                                                  
C36  22656219.013   117976989.8690      -2277.750          31.000                                                                  
C11  22587498.457   117619030.9071      -1444.546          23.000                                                                  
G14  21235172.096   111591582.4001      -2091.949          16.000    21235186.306    86954537.5941      -1637.556          18.000  
E31  23906743.345   125630857.9120       -311.075          27.000    23906749.187    96262583.2050       -238.604          29.000  
E16  25918261.407   136201451.3360       1697.134          40.000    25918265.560   104362094.7500       1299.927          35.000  
E12  24698907.409   129793636.4480       1637.031          27.000                                                                  
E33  24200917.004   127176676.4191      -1221.074          23.000                                                                  
G11  23719962.936   124649246.3991       2867.997          22.000    23719908.590    97129099.8530       2231.731          29.000  
E10  26626062.791   139920935.6410       2400.182          34.000    26626067.164   107212138.4561       1837.585          21.000  
> 2026  7 21  9 24 10.0010000  0 29                           
G24  23376419.517   122843961.1870        173.555          33.000    23376417.330    95722530.0470        135.965          32.000  
S35  38599990.155   202844359.9260       -380.750          41.000  
G03  23696663.967   124526743.4230       -733.032          29.000                                                                  
G17  21933560.197   115261625.5220      -1581.142          28.000                                                                  
E26  27650460.901   145304152.7241      -3090.606          24.000    27650454.576   111336922.1491      -2370.238          25.000  
G01  25521504.548   134116411.2711      -3912.982          15.000                                                                  
C30  23595498.549   122867884.0460      -2520.010          28.000                                                                  
C29  22023593.612   114682624.1150       -259.847          44.000                                                                  
C39  22923518.307   119368749.1160        641.548          44.000                                                                  
C35  25341326.793   131958919.6470       1891.439          40.000                                                                  
R12  21651906.554   115660631.8590       2998.512          39.000    21651897.578    89958256.8610       2331.488          33.000  
R22  20627733.348   110112273.6370       1340.604          47.000    20627731.029    85642839.9180       1042.661          34.000  
R20  24038360.063   128543907.5400      -4205.633          28.000                                                                  
R11  19592700.405   104697493.6910       -745.732          31.000    19592699.728    81431347.4081       -579.452          25.000  
R23  23676718.135   126654519.5380       3010.262          40.000                                                                  
R21  20785353.560   111226615.7880      -2894.842          31.000    20785361.090    86509628.3741      -2239.769          16.000  
G06  21196773.343   111389798.8630       1186.957          44.000    21196773.530    86797238.8620        924.713          32.000  
S31  38148842.045   200473518.6820       -380.406          34.000  
S33  38855747.771   204188371.0530       -380.255          44.000  
G19  21142821.280   111106200.2380        272.351          40.000                                                                  
C36  22660592.024   117999770.4410      -2279.833          31.000                                                                  
C11  22590263.657   117633430.7411      -1439.916          23.000                                                                  
E31  23907322.658   125633827.6081       -310.921          25.000    23907340.651    96264963.6960       -239.079          28.000  
E16  25915029.775   136184469.6280       1698.508          40.000    25915033.645   104349082.7880       1301.359          36.000  
E12  24695794.047   129777260.2580       1635.953          28.000                                                                  
E33  24203233.584   127188850.7131      -1215.998          24.000                                                                  
G11  23714528.640   124620688.6201       2871.095          22.000    23714452.933    97106778.4900       2231.414          27.000  
E10  26621495.446   139896927.8870       2399.579          35.000    26621496.001   107193732.5551       1842.401          19.000  
G14                                                                  21239166.902    86970837.2641      -1640.261          19.000  
> 2026  7 21  9 24 20.0010000  0 31                           
G24  23376095.468   122842265.5120        163.221          32.000    23376095.597    95721208.7450        127.060          33.000  
S35  38600717.958   202848184.6710       -385.547          41.000  
G03  23698081.201   124534126.9380       -744.650          29.000                                                                  
G17  21936573.309   115277470.1150      -1586.455          23.000                                                                  
E26  27656343.651   145335065.9321      -3096.900          25.000    27656341.602   111360626.8521      -2371.963          25.000  
G01  25528975.460   134155671.1051      -3932.079          15.000                                                                  
C30  23600343.088   122893108.7810      -2525.664          28.000    23600058.706    95027656.1191      -1812.422          10.000  
C29  22024098.793   114685254.9810       -267.624          44.000                                                                  
C39  22922294.597   119362378.5890        631.768          43.000                                                                  
C35  25337700.503   131940033.3770       1884.804          42.000                                                                  
R12  21646300.012   115630684.6620       2989.880          39.000    21646290.297    89934964.6260       2325.212          34.000  
R22  20625230.659   110098915.9820       1329.854          46.000    20625228.445    85632450.6150       1034.588          34.000  
R20  24046227.671   128585983.9340      -4209.662          26.000                                                                  
R11  19594105.064   104705004.9610       -758.096          31.000    19594099.758    81437165.9901       -589.664          25.000  
R23  23671096.794   126624451.6770       3002.095          39.000                                                                  
R21  20790772.257   111255607.5470      -2903.112          31.000    20790780.465    86532183.9151      -2269.116          18.000  
G06  21194523.369   111377974.8250       1176.733          44.000    21194522.605    86788025.3220        917.737          31.000  
S31  38149569.986   200477344.8060       -385.653          34.000  
S33  38856474.400   204192190.2450       -384.788          44.000  
G19  21142308.029   111103506.3470        265.308          41.000                                                                  
C36  22664977.849   118022610.2890      -2288.732          33.000                                                                  
C11  22593029.859   117647834.8891      -1448.462          25.000                                                                  
R10  22471418.361   119785304.4961      -4013.907          19.000                                                                  
G14  21243153.017   111633521.7651      -2112.245          22.000    21243162.136    86987197.6051      -1640.701          19.000  
E31  23907917.350   125636953.3201       -319.402          24.000    23907939.033    96267375.6210       -244.521          28.000  
E16  25911802.756   136167508.9560       1692.862          41.000    25911805.962   104336086.9420       1297.249          36.000  
E12  24692690.418   129760936.0930       1628.254          27.000                                                                  
E33  24205573.467   127201146.8171      -1233.360          26.000                                                                  
E23  26323942.161   138333248.8141      -2213.641          20.000                                                                  
G11  23709039.951   124591863.9990       2855.793          28.000    23709007.796    97084423.3021       2225.691          26.000  
E10  26616937.028   139872957.6020       2393.059          36.000    26616938.232   107175379.7201       1835.774          17.000  
> 2026  7 21  9 24 30.0010000  0 31                           
G24  23375797.642   122840699.4030        148.767          33.000    23375798.501    95719988.3680        116.403          32.000  
S35  38601458.204   202852074.8990       -393.048          41.000  
G03  23699508.108   124541641.2760       -758.540          28.000                                                                  
G17  21939600.438   115293377.7781      -1594.341          17.000                                                                  
E26  27662244.669   145366076.2131      -3106.417          24.000    27662244.177   111384394.3201      -2381.023          25.000  
C30  23605200.981   122918408.6340      -2534.778          26.000                                                                  
C29  22024622.000   114687980.7350       -278.017          43.000                                                                  
C39  22921092.843   119356121.0500        619.291          43.000                                                                  
C35  25334089.891   131921232.1270       1875.077          43.000                                                                  
R12  21640712.874   115600840.1730       2978.710          38.000    21640702.543    89911752.2620       2316.660          36.000  
R22  20622751.309   110085683.4660       1316.316          46.000    20622749.910    85622158.7280       1023.674          34.000  
R20  24054105.289   128628119.3550      -4217.181          25.000                                                                  
R11  19595537.226   104712663.4090       -774.156          32.000    19595529.628    81443108.5551       -603.333          24.000  
R23  23665493.484   126594482.3830       2991.319          38.000                                                                  
R21  20796209.857   111284701.6420      -2915.441          29.000    20796218.525    86554817.8681      -2267.613          17.000  
G06  21192296.376   111366273.2420       1163.440          44.000    21192294.790    86778907.2500        906.256          31.000  
S31  38150310.572   200481235.9480       -393.327          34.000  
S33  38857213.431   204196074.2450       -392.478          44.000  
G19  21141811.785   111100898.4600        255.823          41.000                                                                  
C36  22669385.254   118045557.5300      -2300.245          33.000                                                                  
C11  22595822.704   117662362.0060      -1456.697          29.000                                                                  
R10  22478966.254   119825539.3221      -4023.626          19.000                                                                  
G30  24485066.024   128669890.1741      -3908.915          19.000                                                                  
G14  21247183.822   111654704.4811      -2118.716          26.000    21247174.023    87003625.2831      -1652.963          19.000  
E31  23908534.370   125640195.7721       -328.716          22.000    23908555.384    96269856.3170       -252.491          28.000  
E16  25908589.136   136150617.9880       1684.875          42.000    25908591.501   104323144.5080       1291.095          36.000  
E12  24689599.103   129744718.5961       1617.533          26.000    24689598.095    99414780.0841       1238.580          25.000  
E33  24207943.960   127213571.0180      -1246.469          28.000                                                                  
E23  26328167.939   138355456.2061      -2227.683          22.000                                                                  
G11  23703595.390   124563273.6280       2846.006          34.000    23703591.933    97062246.3401       2217.093          27.000  
E10  26612393.325   139849073.5890       2383.488          36.000                                                                  
> 2026  7 21  9 24 40.0010000  0 31                           
G24  23375527.228   122839270.9620        136.389          34.000    23375526.596    95718875.3030        106.524          33.000  
S35  38602212.565   202856038.1390       -399.345          41.000  
G03  23700969.377   124549294.6240       -771.816          28.000                                                                  
G17  21942638.199   115309341.4241      -1614.289          16.000                                                                  
E26  27668163.691   145397180.8961      -3115.079          24.000    27668161.614   111408221.0171      -2385.454          25.000  
C30  23610074.955   122943791.5130      -2541.662          26.000                                                                  
C29  22025164.539   114690809.4170       -287.476          43.000                                                                  
C39  22919914.209   119349984.5870        608.188          43.000                                                                  
C35  25330497.087   131902523.9510       1866.700          45.000                                                                  
R12  21635146.468   115571106.8010       2968.589          38.000    21635137.475    89888626.3430       2308.329          36.000  
R22  20620297.257   110072584.4330       1303.702          47.000    20620295.393    85611970.6170       1013.894          33.000  
R20  24061996.445   128670322.1330      -4223.492          26.000                                                                  
R11  19596999.481   104720477.5690       -788.412          32.000    19596991.396    81449183.8331       -612.336          25.000  
R23  23659910.369   126564620.1640       2981.684          37.000                                                                  
R21  20801668.679   111313906.0640      -2924.607          27.000    20801667.057    86577495.1061      -2273.526          17.000  
G06  21190094.248   111354702.2860       1151.056          44.000    21190092.380    86769890.9130        896.631          31.000  
S31  38151065.110   200485200.0860       -399.321          34.000  
S33  38857966.692   204200032.2300       -398.830          44.000  
G19  21141333.918   111098384.5270        247.113          42.000                                                                  
C36  22673814.883   118068620.3390      -2311.904          34.000                                                                  
C11  22598626.289   117676975.0530      -1465.547          31.000                                                                  
R10  22486534.470   119865882.2301      -4032.869          16.000                                                                  
G30  24492523.670   128709080.5901      -3920.565          21.000                                                                  
G14  21251212.441   111675875.1251      -2128.077          26.000    21251212.548    87020162.7781      -1656.033          18.000  
E16  25905390.353   136133804.9640       1677.916          42.000    25905392.234   104310261.8100       1285.571          35.000  
E12  24686539.377   129728639.2201       1607.508          26.000    24686532.757    99402437.6181       1230.698          25.000  
E33  24210326.956   127226085.3430      -1256.848          28.000                                                                  
E23  26332400.259   138377696.8291      -2245.061          22.000                                                                  
G11  23698191.224   124534861.4220       2836.543          36.000    23698189.946    97040110.1280       2210.552          28.000  
E10  26607867.221   139825284.0980       2374.332          37.000                                                                  
E31                                                                  23909189.833    96272411.9740       -258.951          27.000  
> 2026  7 21  9 24 50.0010000  0 30                           
G24  23375280.185   122837970.7070        123.878          33.000    23375278.698    95717862.1520         96.236          32.000  
S35  38602978.921   202860065.3770       -406.112          41.000  
G03  23702447.384   124557077.4500       -784.712          28.000                                                                  
G17  21945709.749   115325482.4941      -1608.400          22.000                                                                  
E26  27674098.642   145428369.1321      -3121.414          24.000    27674096.699   111432119.3211      -2392.845          25.000  
C30  23614964.314   122969248.1310      -2549.717          26.000                                                                  
C29  22025725.127   114693731.6160       -297.006          42.000                                                                  
C39  22918757.097   119343959.8760        596.759          43.000                                                                  
C35  25326920.034   131883899.4550       1858.093          46.000                                                                  
R12  21629599.182   115541475.0490       2958.247          37.000    21629591.607    89865579.4310       2300.474          37.000  
R22  20617867.329   110059609.1810       1291.268          47.000    20617863.470    85601878.7540       1004.318          34.000  
R20  24069899.839   128712582.4400      -4228.863          28.000                                                                  
R11  19598488.667   104728437.3540       -803.628          32.000    19598484.390    81455394.0120       -625.274          27.000  
R23  23654345.850   126534855.2730       2971.740          37.000                                                                  
R21  20807146.460   111343211.4680      -2935.590          26.000    20807148.374    86600308.3901      -2281.602          20.000  
G06  21187915.404   111343252.4870       1138.824          44.000    21187913.472    86760968.9900        886.908          31.000  
S31  38151831.945   200489228.7730       -405.925          34.000  
S33  38858731.946   204204053.9610       -405.402          44.000  
G19  21140872.028   111095955.2980        238.550          43.000                                                                  
C36  22678264.435   118091789.1210      -2322.279          33.000                                                                  
C11  22601449.182   117691676.7950      -1474.894          33.000                                                                  
G30  24499995.417   128748344.2341      -3933.434          23.000                                                                  
G14  21255263.997   111697183.0050      -2139.552          27.000    21255279.983    87036818.3131      -1668.133          20.000  
E16  25902203.625   136117060.3960       1670.937          42.000    25902205.890   104297431.5610       1280.132          36.000  
E12  24683491.953   129712625.2491       1595.623          26.000    24683484.089    99390161.4931       1222.677          26.000  
E33  24212727.699   127238705.6080      -1267.188          30.000                                                                  
E23  26336658.774   138400075.5531      -2239.440          23.000                                                                  
G11  23692803.664   124506539.3450       2827.266          37.000    23692802.542    97018040.9700       2203.398          29.000  
E10  26603356.963   139801579.5760       2365.811          36.000    26603370.520   107120749.0621       1812.488          25.000  
E31                                                                  23909840.973    96275035.5300       -265.994          28.000  
> 2026  7 21  9 25  0.0010000  0 31                           
G24  23375055.893   122836796.1940        111.018          33.000    23375055.923    95716946.9030         87.200          32.000  
S35  38603756.920   202864153.7910       -411.468          41.000  
G03  23703960.185   124564987.2630       -796.926          27.000                                                                  
G17  21948785.623   115341646.1941      -1611.535          21.000                                                                  
E26  27680048.708   145459637.7191      -3129.892          24.000    27680042.975   111456062.5311      -2397.102          25.000  
C30  23619867.036   122994775.8590      -2556.366          26.000                                                                  
C29  22026302.989   114696744.7540       -305.439          41.000                                                                  
C39  22917621.027   119338044.4330        586.890          43.000                                                                  
C35  25323358.742   131865356.1410       1850.847          46.000                                                                  
R12  21624070.518   115511942.5320       2948.865          36.000    21624064.306    89842609.6960       2293.650          38.000  
R22  20615459.645   110046755.1740       1280.011          47.000    20615455.672    85591881.1700        995.495          36.000  
R20  24077814.225   128754897.7250      -4234.033          28.000                                                                  
R11  19600006.016   104736540.5740       -816.700          31.000    19600007.230    81461696.4610       -635.050          27.000  
R23  23648798.994   126505185.1280       2962.912          38.000                                                                  
R21  20812641.284   111372614.6370      -2944.023          28.000    20812646.427    86623191.2761      -2291.195          23.000  
G06  21185759.069   111331921.2940       1127.985          43.000    21185757.677    86752139.4800        878.619          32.000  
S31  38152610.112   200493318.2890       -411.980          34.000  
S33  38859508.996   204208136.8970       -410.947          44.000  
G19  21140425.952   111093608.2030        231.293          43.000                                                                  
C36  22682733.737   118115061.3800      -2331.422          34.000                                                                  
C11  22604287.655   117706464.5720      -1482.479          33.000                                                                  
R10  22501727.077   119946866.9631      -4069.135          16.000                                                                  
G30  24507474.323   128787646.4791      -3937.484          25.000                                                                  
G14  21259346.495   111718636.3350      -2149.796          28.000    21259366.535    87053551.3391      -1668.051          17.000  
E16  25899029.991   136100381.8040       1665.142          42.000    25899032.168   104284651.8630       1275.866          36.000  
E12  24680461.845   129696702.3121       1588.016          25.000    24680456.425    99377970.6011       1215.833          27.000  
E33  24215153.046   127251429.2310      -1276.653          30.000                                                                  
E23  26340943.019   138422589.3671      -2249.652          25.000                                                                  
G11  23687431.364   124478304.9500       2819.488          37.000    23687425.518    96996040.1450       2197.642          30.000  
E10  26598861.778   139777957.5800       2358.714          35.000    26598877.406   107102654.2810       1807.054          27.000  
E31                                                                  23910507.643    96277724.9060       -271.798          27.000  
> 2026  7 21  9 25 10.0010000  0 31                           
G24  23374854.331   122835741.0500         99.421          32.000    23374855.559    95716124.7380         77.144          32.000  
S35  38604545.662   202868297.3260       -417.211          41.000  
G03  23705490.838   124573017.7580       -809.028          25.000                                                                  
G17  21951850.726   115357754.0691      -1627.742          23.000    21951854.128    89889172.0321      -1277.119          23.000  
E26  27686010.527   145490967.2901      -3137.433          23.000    27686003.575   111480063.6211      -2402.410          25.000  
C30  23624780.042   123020428.2851      -2562.690          23.000    26322722.471   105990695.7091      -1913.536          10.000  
C29  22026897.843   114699842.6270       -314.233          40.000                                                                  
C39  22916504.838   119332232.1200        576.187          43.000                                                                  
C35  25319811.290   131846887.8150       1842.991          46.000                                                                  
R12  21618559.095   115482502.9330       2939.264          35.000    21618554.140    89819712.2140       2286.340          38.000  
R22  20613073.423   110034015.9280       1268.266          47.000    20613069.950    85581972.9060        986.476          36.000  
R20  24085736.770   128797261.3870      -4238.489          27.000                                                                  
R11  19601547.659   104744780.5710       -830.833          29.000    19601550.384    81468105.3510       -646.266          26.000  
R23  23643269.450   126475603.6490       2953.829          38.000                                                                  
R21  20818154.122   111402109.3440      -2954.684          30.000    20818156.956    86646126.3501      -2298.701          25.000  
G06  21183624.356   111320702.5380       1116.321          44.000    21183623.518    86743397.5770        869.965          32.000  
S31  38153398.856   200497463.2360       -417.033          34.000  
S33  38860296.460   204212274.5780       -416.427          44.000  
G19  21139994.433   111091336.9770        223.437          43.000                                                                  
C36  22687221.744   118138430.9080      -2341.496          33.000                                                                  
C11  22607141.712   117721332.1960      -1490.823          33.000                                                                  
R10  22509347.739   119987489.2321      -4064.994          15.000                                                                  
G30  24514966.434   128827017.7851      -3937.810          26.000                                                                  
G14  21263450.949   111740191.0690      -2160.691          29.000                                                                  
E16  25895867.539   136083762.9610       1658.940          43.000    25895869.586   104271917.9120       1271.657          36.000  
E12  24677452.715   129680889.0971       1577.429          24.000    24677446.966    99365842.3760       1209.772          27.000  
E33  24217596.545   127264249.8970      -1286.303          30.000                                                                  
E23  26345242.229   138445181.7131      -2260.097          26.000                                                                  
G11  23682074.482   124450152.0460       2811.513          38.000    23682068.410    96974102.8710       2190.341          31.000  
E10  26594381.040   139754411.9210       2350.756          34.000    26594396.916   107084612.7960       1801.510          26.000  
E31                                                                  23911192.031    96280475.4300       -278.235          27.000  
> 2026  7 21  9 25 20.0010000  0 30                           
G24  23374676.832   122834802.4300         88.080          32.000    23374676.919    95715393.3800         68.194          32.000  
S35  38605344.158   202872493.1670       -422.306          41.000  
G17  21954928.735   115373928.4831      -1621.397          24.000    21954947.869    89901840.7311      -1271.757          22.000  
E26  27691987.083   145522374.1911      -3145.543          22.000    27691976.988   111504115.3051      -2407.785          24.000  
C30  23629696.384   123046029.6481      -2568.936          18.000                                                                  
C29  22027507.887   114703022.3010       -322.128          39.000                                                                  
C39  22915407.696   119326520.1120        566.095          43.000                                                                  
C35  25316277.813   131828491.6100       1835.870          44.000                                                                  
R12  21613063.759   115453153.4840       2929.972          33.000    21613060.365    89796884.8760       2278.539          38.000  
R22  20610707.838   110021388.6350       1257.015          47.000    20610704.665    85572151.6860        977.720          36.000  
R20  24093667.374   128839670.6330      -4243.298          26.000                                                                  
R11  19603113.656   104753154.8100       -844.328          26.000    19603109.867    81474613.6061       -656.465          24.000  
R23  23637755.894   126446107.6850       2945.035          39.000                                                                  
R21  20823682.238   111431692.3430      -2962.666          30.000    20823681.722    86669120.8651      -2306.410          25.000  
G06  21181510.594   111309593.3130       1105.237          43.000    21181511.231    86734741.0250        861.536          33.000  
S31  38154197.552   200501659.7600       -422.151          34.000  
S33  38861093.800   204216464.9150       -421.625          44.000  
G19  21139576.501   111089138.6600        215.906          42.000                                                                  
C36  22691727.662   118161894.7720      -2351.529          34.000                                                                  
C11  22610011.608   117736276.7130      -1498.201          34.000                                                                  
R10  22517005.955   120028311.5231      -4119.417          12.000                                                                  
G30  24522462.687   128866410.6461      -3942.611          25.000                                                                  
G14  21267566.162   111761844.1930      -2169.592          27.000                                                                  
E16  25892716.392   136067201.0280       1653.187          43.000    25892718.283   104259227.6220       1266.794          36.000  
E12  24674462.489   129665174.7541       1569.792          27.000    24674451.032    99353782.4610       1202.424          28.000  
E33  24220053.085   127277164.7010      -1296.421          30.000                                                                  
E23  26349546.761   138467802.2061      -2266.100          26.000                                                                  
G11  23676732.369   124422077.8810       2803.372          37.000    23676726.549    96952226.8800       2184.937          32.000  
E10  26589915.012   139730939.7200       2343.854          33.000    26589933.717   107066644.4511       1795.169          24.000  
E31                                                                  23911888.544    96283284.8560       -283.828          27.000  
> 2026  7 21  9 25 30.0010000  0 29                           
G24  23374520.822   122833984.4420         77.725          31.000    23374520.834    95714756.0130         60.200          32.000  
S35  38606153.228   202876745.0600       -426.690          41.000  
G17  21958048.905   115390325.0001      -1634.500          26.000    21958056.204    89914569.3441      -1270.743          22.000  
E26  27697974.798   145553839.1161      -3142.200          22.000    27697963.913   111528222.8991      -2412.039          24.000  
C30  23634637.972   123071762.0861      -2571.360          18.000                                                                  
C29  22028135.023   114706287.8650       -329.215          40.000                                                                  
C39  22914330.499   119320912.5330        556.973          43.000                                                                  
C35  25312758.426   131810171.6190       1829.550          43.000                                                                  
R12  21607586.271   115423898.6240       2922.025          32.000    21607584.103    89774131.0460       2272.719          38.000  
R22  20608364.110   110008877.4010       1246.670          47.000    20608360.925    85562420.7060        969.728          36.000  
R20  24101607.291   128882129.2730      -4246.588          26.000                                                                  
R11  19604702.363   104761585.3031       -857.153          22.000    19604700.939    81481226.5231       -665.911          25.000  
R23  23632259.003   126416701.5520       2937.584          39.000                                                                  
R21  20829227.362   111461367.8990      -2970.113          31.000    20829219.177    86692168.0021      -2309.190          24.000  
G06  21179417.992   111298597.7480       1095.306          43.000    21179419.360    86726173.0980        853.210          33.000  
S31  38155006.773   200505913.6490       -426.481          34.000  
S33  38861901.902   204220711.2990       -425.948          44.000  
G19  21139172.832   111087017.3500        209.589          42.000                                                                  
C36  22696252.597   118185456.9440      -2359.385          33.000                                                                  
C11  22612897.218   117751302.1600      -1504.742          35.000                                                                  
G30  24529969.324   128905858.8311      -3946.862          24.000                                                                  
G14  21271696.573   111783599.8990      -2179.091          25.000                                                                  
E16  25889576.949   136050700.1700       1648.515          44.000    25889578.257   104246584.1100       1263.040          36.000  
E12  24671479.533   129649522.6620       1561.559          28.000    24671473.172    99341793.0450       1197.020          28.000  
E33  24222522.430   127290177.6630      -1304.920          28.000                                                                  
E23  26353861.499   138490504.5820      -2272.252          26.000                                                                  
G11  23671405.353   124394086.5690       2796.248          36.000    23671399.914    96930415.4680       2179.374          32.000  
E10  26585462.573   139707545.2450       2336.590          32.000                                                                  
E31                                                                  23912602.083    96286156.4200       -289.128          28.000  
> 2026  7 21  9 25 40.0010000  0 29                           
G24  23374378.671   122833240.7650         70.921          29.000    23374378.575    95714176.4890         55.367          31.000  
S35  38606964.364   202881006.9530       -426.053          41.000  
G17  21961172.629   115406697.1340      -1637.151          28.000    21961167.439    89927308.5191      -1277.066          20.000  
C30  23639598.800   123097593.9701      -2588.309          19.000                                                                  
C29  22028769.861   114709593.3070       -332.470          40.000                                                                  
C39  22913264.777   119315363.4710        551.970          43.000                                                                  
C35  25309245.441   131791881.9060       1827.286          42.000                                                                  
R12  21602117.468   115394691.2550       2918.634          32.000    21602116.583    89751414.1940       2269.408          38.000  
R22  20606032.777   109996435.1820       1240.688          47.000    20606031.031    85552743.4470        965.389          37.000  
R20  24109548.015   128924590.3690      -4246.478          27.000                                                                  
R11  19606312.343   104770188.2111       -865.128          23.000    19606311.074    81487918.4551       -672.345          25.000  
R23  23626769.620   126387338.2500       2934.044          39.000                                                                  
R21  20834782.188   111491088.5420      -2973.108          31.000    20834768.166    86715262.9221      -2314.137          25.000  
G06  21177338.471   111287669.5130       1089.410          43.000    21177338.353    86717657.5880        848.883          32.000  
S31  38155818.049   200510176.1430       -426.596          34.000  
S33  38862711.880   204224967.6560       -426.103          44.000  
G19  21138774.433   111084926.7060        207.654          42.000                                                                  
C36  22700786.838   118209071.4800      -2363.896          32.000                                                                  
C11  22615789.168   117766362.6120      -1507.903          34.000                                                                  
G30  24537473.149   128945290.7921      -3946.135          22.000                                                                  
G14  21275838.816   111805286.6721      -2184.383          25.000                                                                  
E16  25886440.304   136034214.0250       1648.079          44.000    25886441.262   104233951.8770       1262.593          36.000  
E12  24668513.483   129633921.1620       1558.197          29.000    24668503.822    99329838.7740       1193.603          28.000  
E33  24225002.751   127303242.3450      -1308.913          28.000                                                                  
E23  26358188.610   138513215.6281      -2275.575          26.000                                                                  
G11  23666084.664   124366131.7950       2793.629          34.000    23666080.319    96908632.5610       2177.292          32.000  
E10  26581020.198   139684182.0690       2334.705          29.000                                                                  
E26                                                                  27703953.764   111552341.5831      -2411.854          24.000  
E31                                                                  23913322.315    96289054.6220       -291.159          28.000  
> 2026  7 21  9 25 50.0010000  0 28                           
G24  23374252.666   122832585.2720         61.248          27.000    23374254.317    95713665.7050         47.275          31.000  
S35  38607779.826   202885292.6660       -429.524          41.000  
G17  21964296.198   115423091.2170      -1641.347          29.000    21964284.900    89940074.0781      -1270.743          21.000  
C30  23644566.193   123123460.8311      -2576.524          17.000                                                                  
C29  22029414.771   114712952.3110       -338.320          39.000                                                                  
C39  22912213.312   119309886.7000        544.325          44.000                                                                  
C35  25305741.041   131773636.1870       1822.437          43.000                                                                  
R12  21596660.765   115365545.5360       2911.527          34.000    21596660.105    89728745.3080       2264.036          37.000  
R22  20603716.916   109984076.0850       1231.845          47.000    20603715.937    85543130.8770        958.212          36.000  
R20  24117491.281   128967063.7031      -4248.070          26.000                                                                  
R11  19607953.821   104778960.1441       -877.188          25.000    19607940.063    81494689.0721       -681.108          27.000  
R23  23621291.085   126358031.8510       2928.122          38.000                                                                  
R21  20840347.134   111520868.3560      -2981.289          28.000    20840333.862    86738428.0221      -2318.806          26.000  
G06  21175274.460   111276822.4810       1080.640          42.000    21175272.662    86709205.3440        842.059          32.000  
S31  38156633.930   200514463.8780       -430.509          34.000  
S33  38863526.235   204229247.5450       -428.747          44.000  
G19  21138384.995   111082880.7390        202.289          41.000                                                                  
C36  22705333.248   118232752.0860      -2371.549          30.000                                                                  
C11  22618690.626   117781471.7010      -1514.009          34.000                                                                  
G14  21280017.630   111827246.5291      -2190.527          25.000                                                                  
E16  25883308.459   136017756.5100       1644.419          44.000    25883309.741   104221341.5650       1259.665          37.000  
E12  24665543.109   129618379.2840       1551.474          28.000    24665545.252    99317930.0590       1188.647          27.000  
E33  24227495.722   127316372.6350      -1316.160          26.000                                                                  
E23  26362514.338   138535947.2111      -2279.050          25.000                                                                  
G11  23660773.537   124338227.5480       2787.714          33.000    23660770.761    96886889.0010       2173.004          32.000  
E10  26576585.623   139660864.0500       2330.096          26.000                                                                  
E26                                                                  27709949.248   111576482.1691      -2418.192          23.000  
E31                                                                  23914051.183    96291989.9970       -295.204          29.000  
> 2026  7 21  9 26  0.0010000  0 29                           
G24  23374141.999   122832009.4240         53.519          29.000    23374144.095    95713216.9610         41.918          30.000  
S35  38608598.216   202889593.6200       -430.600          42.000  
G17  21967422.442   115439511.4070      -1642.402          30.000    21967416.785    89952899.3351      -1279.527          22.000  
C30  23649539.012   123149355.6641      -2572.561          18.000                                                                  
C29  22030068.866   114716356.5440       -342.850          39.000                                                                  
C39  22911173.838   119304473.9500        538.287          44.000                                                                  
C35  25302243.506   131755426.1600       1819.477          43.000                                                                  
R12  21591214.318   115336453.1080       2907.394          34.000    21591213.945    89706117.8240       2260.919          37.000  
R22  20601415.513   109971791.6310       1224.968          47.000    20601414.035    85533576.3180        953.304          35.000  
R20  24125432.908   129009531.6341      -4249.289          25.000                                                                  
R11  19609601.545   104787764.9991       -885.340          22.000    19609592.593    81501529.9710       -688.190          29.000  
R23  23615821.395   126328773.9280       2923.588          38.000                                                                  
R21  20845919.495   111550726.5300      -2985.941          26.000    20845910.597    86761638.2981      -2322.021          25.000  
G06  21173223.876   111266048.2620       1073.956          42.000    21173221.159    86700809.8680        837.244          33.000  
S31  38157452.764   200518765.7680       -430.367          34.000  
S33  38864343.669   204233543.0540       -430.247          44.000  
G19  21138002.356   111080870.9170        199.133          42.000                                                                  
C36  22709891.156   118256490.3960      -2377.909          30.000                                                                  
C11  22621599.786   117796620.9420      -1517.169          34.000                                                                  
G30  24552488.774   129024198.5041      -3954.196          22.000                                                                  
G14  21284209.092   111849272.9461      -2197.237          25.000                                                                  
E16  25880179.791   136001319.2310       1642.753          44.000    25880181.767   104208746.7700       1258.702          37.000  
E12  24662600.496   129602888.7220       1546.109          31.000    24662597.702    99306060.6650       1185.157          27.000  
E33  24230001.809   127329560.1110      -1321.590          26.000                                                                  
E23  26366846.647   138558713.9701      -2281.361          23.000                                                                  
G11  23655470.610   124310365.4390       2784.336          31.000    23655468.625    96865178.2300       2170.089          32.000  
E10  26572159.573   139637640.8161       2326.856          22.000                                                                  
E26                                                                  27715951.701   111600651.8141      -2418.521          24.000  
E31                                                                  23914787.812    96294956.3130       -298.349          29.000  
> 2026  7 21  9 26 10.0010000  0 30                           
G24  23374048.364   122831511.8750         46.106          31.000    23374048.197    95712829.3230         35.951          29.000  
S35  38609419.248   202893908.8690       -431.684          41.000  
G17  21970551.321   115455956.3430      -1645.314          28.000    21970550.172    89965729.8741      -1277.044          22.000  
C30  23654498.066   123175178.0271      -2584.259          22.000                                                                  
C29  22030730.904   114719804.5640       -346.497          39.000                                                                  
C39  22910146.709   119299123.8820        532.300          44.000                                                                  
C35  25298753.263   131737250.4320       1816.442          44.000                                                                  
R12  21585777.464   115307412.7670       2902.029          34.000    21585777.271    89683530.8950       2256.998          37.000  
R22  20599128.145   109959580.2020       1218.025          48.000    20599125.545    85524078.5320        947.866          34.000  
R20  24133369.969   129051973.8521      -4248.240          25.000                                                                  
R11  19611268.430   104796672.3021       -891.947          24.000    19611262.505    81508453.0840       -695.403          29.000  
R23  23610360.310   126299562.8790       2919.575          39.000                                                                  
R21  20851504.239   111580605.4880      -2988.944          25.000    20851482.715    86784829.3171      -2323.447          23.000  
G22  21183434.339   111319698.1601       -993.503          18.000                                                                  
G06  21171187.158   111255345.5170       1067.078          42.000    21171184.790    86692470.1250        831.250          34.000  
S31  38158274.122   200523082.6260       -431.810          34.000  
S33  38865163.776   204237852.7950       -431.219          44.000  
G19  21137626.586   111078895.7860        196.301          41.000                                                                  
C36  22714460.346   118280284.8300      -2380.732          30.000                                                                  
C11  22624516.379   117811808.9730      -1519.537          33.000                                                                  
G30  24560015.231   129063750.7371      -3949.213          23.000                                                                  
G14  21288392.532   111871257.6851      -2199.055          21.000                                                                  
E16  25877055.245   135984900.8230       1641.657          43.000    25877057.357   104196166.4560       1257.396          37.000  
E12  24659661.704   129587447.9650       1542.211          32.000    24659661.381    99294229.4730       1181.474          28.000  
E33  24232524.404   127342775.1061      -1325.701          24.000                                                                  
E23  26371185.276   138581513.2981      -2284.045          21.000                                                                  
G11  23650176.017   124282544.1240       2780.686          29.000    23650174.170    96843499.3500       2166.166          32.000  
E10  26567732.047   139614373.4201       2324.753          26.000                                                                  
E26                                                                  27721959.894   111624844.7961      -2422.360          24.000  
E31                                                                  23915532.434    96297952.3130       -300.784          30.000  
> 2026  7 21  9 26 20.0010000  0 29                           
G24  23373967.760   122831084.3140         38.905          31.000    23373965.584    95712496.1830         30.126          30.000  
S35  38610241.696   202898229.7640       -433.029          41.000  
G03  23716730.641   124632260.1121       -868.625          23.000                                                                  
G17  21973682.224   115472417.5750      -1647.045          27.000    21973681.780    89978552.6211      -1292.385          20.000  
C30  23659435.554   123200888.9871      -2583.234          21.000                                                                  
C29  22031399.509   114723288.1240       -350.647          39.000                                                                  
C39  22909130.129   119293828.3480        526.269          45.000                                                                  
C35  25295268.347   131719100.8010       1813.007          44.000                                                                  
R12  21580348.974   115278416.2850       2896.626          34.000    21580349.413    89660978.0390       2253.164          36.000  
R22  20596852.866   109947433.6090       1210.947          48.000    20596849.688    85514631.2470        942.380          34.000  
R20  24141318.475   129094478.6491      -4249.562          25.000                                                                  
R11  19612947.886   104805646.5601       -902.512          25.000    19612944.724    81515443.7920       -702.987          29.000  
R23  23604907.027   126270390.5930       2914.706          39.000                                                                  
R21  20857097.031   111610538.7991      -3008.685          15.000    20857075.090    86808105.5471      -2332.059          23.000  
G06  21169162.689   111244705.9480       1060.461          42.000    21169159.771    86684179.5470        826.190          34.000  
S31  38159096.412   200527404.3940       -432.800          34.000  
S33  38865984.693   204242167.7070       -432.385          44.000  
G19  21137255.635   111076947.0330        193.011          41.000                                                                  
C36  22719040.401   118304127.3860      -2387.107          32.000                                                                  
C11  22627438.119   117827027.6370      -1523.778          32.000                                                                  
G30  24567539.421   129103290.9831      -3942.670          23.000                                                                  
E16  25873932.574   135968493.1000       1639.736          43.000    25873935.008   104183594.3060       1256.254          36.000  
E12  24656731.893   129572048.9130       1537.266          32.000    24656731.885    99282430.1790       1178.231          28.000  
E33  24235063.898   127356119.5291      -1333.445          23.000                                                                  
E23  26375558.885   138604496.9701      -2298.563          20.000                                                                  
G11  23644886.283   124254755.4630       2776.876          31.000    23644886.185    96821845.7990       2163.702          31.000  
E10  26563309.345   139591144.1170       2319.885          29.000                                                                  
E26                                                                  27727969.581   111649043.4011      -2419.854          24.000  
E31                                                                  23916282.139    96300971.8130       -303.463          30.000  
> 2026  7 21  9 26 30.0010000  0 28                           
G24  23373899.390   122830726.6160         33.193          32.000    23373898.476    95712217.4370         25.556          31.000  
S35  38611064.929   202902555.1600       -431.919          41.000  
G03  23718385.918   124640958.9571       -877.182          25.000                                                                  
G17  21976817.019   115488894.8770      -1647.839          28.000    21976817.313    89991392.4181      -1282.749          21.000  
C30  23664379.263   123226632.0591      -2587.918          25.000                                                                  
C29  22032075.144   114726806.9210       -352.932          38.000                                                                  
C39  22908123.704   119288587.0990        521.907          45.000                                                                  
C35  25291788.401   131700976.9460       1811.858          43.000                                                                  
R12  21574928.808   115249463.3700       2894.210          35.000    21574928.637    89638459.1260       2250.847          36.000  
R22  20594589.261   109935351.3070       1205.876          47.000    20594586.029    85505233.9850        937.217          34.000  
R20  24149264.529   129136969.7751      -4247.990          24.000                                                                  
R11  19614643.620   104814708.2371       -913.043          23.000    19614642.736    81522501.7640       -708.349          26.000  
R23  23599460.897   126241256.6590       2912.202          39.000                                                                  
G06  21167149.839   111234129.3300       1055.157          42.000    21167147.134    86675938.0120        822.321          35.000  
S31  38159919.902   200531732.0850       -432.477          34.000  
S33  38866806.981   204246488.7030       -431.707          44.000  
G19  21136889.613   111075024.3390        191.559          40.000                                                                  
C36  22723630.316   118328017.5750      -2390.854          32.000                                                                  
C11  22630365.807   117842276.4690      -1525.734          30.000                                                                  
G30  24575062.503   129142824.9301      -3953.027          22.000                                                                  
E16  25870812.615   135952095.7720       1639.880          43.000    25870814.447   104171030.1170       1256.204          36.000  
E12  24653808.113   129556691.2430       1533.989          32.000    24653810.575    99270662.6570       1175.448          28.000  
E23  26379959.344   138627621.5281      -2279.338          17.000    26379926.737   106221032.7431      -1753.756          25.000  
G11  23639603.163   124226999.2070       2774.557          33.000    23639604.523    96800217.5130       2161.804          31.000  
E10  26558891.655   139567953.0400       2318.365          30.000                                                                  
E26                                                                  27733983.157   111673257.5601      -2420.869          24.000  
E31                                                                  23917037.766    96304014.5790       -305.147          29.000  
R21                                                                  20862674.842    86831411.4671      -2335.989          24.000  
> 2026  7 21  9 26 40.0010000  0 27                           
G24  23373843.332   122830429.2330         25.619          35.000    23373842.535    95711985.6730         19.996          31.000  
S35  38611887.439   202906877.8680       -433.044          42.000  
G03  23720051.423   124649716.9310       -884.190          27.000                                                                  
G17  21979953.273   115505378.9580      -1649.842          30.000    21979955.598    90004243.1651      -1284.363          23.000  
C30  23669350.803   123252520.5750      -2587.476          27.000                                                                  
C29  22032756.265   114730351.6670       -356.768          39.000                                                                  
C39  22907126.246   119283390.9210        516.343          46.000                                                                  
C35  25288311.400   131682869.6990       1808.945          44.000                                                                  
R12  21569515.239   115220544.6850       2889.165          36.000    21569514.407    89615966.8250       2247.112          35.000  
R22  20592335.614   109923323.9580       1198.980          47.000    20592333.448    85495879.3590        933.024          34.000  
R20  24157208.295   129179448.5171      -4250.915          22.000                                                                  
R11  19616363.331   104823898.0441       -925.791          21.000    19616354.540    81529619.8550       -715.152          24.000  
R23  23594020.189   126212151.6280       2907.957          40.000                                                                  
R21  20868281.159   111670387.1391      -2990.019          19.000    20868272.940    86854711.3451      -2319.460          20.000  
G06  21165147.294   111223606.3110       1048.615          42.000    21165145.318    86667738.2840        816.583          36.000  
S31  38160742.526   200536055.6150       -433.199          34.000  
S33  38867628.299   204250805.0440       -432.400          44.000  
G19  21136526.686   111073118.3590        188.953          41.000                                                                  
C36  22728226.826   118351946.1230      -2396.228          32.000                                                                  
C11  22633297.142   117857546.1050      -1528.702          28.000                                                                  
E16  25867692.957   135935699.5490       1638.614          44.000    25867694.275   104158466.7890       1255.192          36.000  
E12  24650893.707   129541365.5740       1530.598          33.000    24650893.440    99258919.6850       1172.174          28.000  
E23  26384356.131   138650726.8051      -2290.985          21.000    26384288.721   106238596.9351      -1757.242          25.000  
G11  23634326.590   124199266.0000       2771.205          34.000    23634326.568    96778607.2890       2158.811          29.000  
E10  26554481.112   139544779.7460       2314.948          30.000                                                                  
E26                                                                  27739999.654   111697482.8921      -2422.777          25.000  
E31                                                                  23917797.040    96307073.4860       -307.391          29.000  
> 2026  7 21  9 26 50.0010000  0 27                           
G24  23373800.476   122830206.8110         18.720          36.000    23373800.999    95711812.3520         14.867          31.000  
S35  38612711.642   202911210.4420       -433.926          42.000  
G03  23721726.802   124658593.5330       -891.689          25.000                                                                  
G17  21983093.453   115521884.2780      -1651.110          30.000    21983106.711    90017146.1331      -1286.308          23.000  
C30  23674320.382   123278400.3970      -2590.030          30.000                                                                  
C29  22033444.839   114733936.7540       -360.089          39.000                                                                  
C39  22906139.761   119278254.3000        510.959          46.000                                                                  
C35  25284840.193   131664793.4510       1806.016          43.000                                                                  
R12  21564111.547   115191675.3030       2884.507          37.000    21564109.287    89593512.8830       2243.528          35.000  
R22  20590095.258   109911366.2520       1192.449          46.000    20590092.986    85486578.9350        927.423          34.000  
R20  24165147.171   129221900.9381      -4241.446          21.000                                                                  
R11  19618098.756   104833171.2231       -928.978          19.000    19618083.545    81536847.4941       -725.964          19.000  
R23  23588587.924   126183090.4890       2903.896          40.000                                                                  
R21  20873909.050   111700502.9731      -3003.738          23.000    20873878.865    86878043.4021      -2336.244          18.000  
G06  21163157.799   111213151.4780       1042.303          42.000    21163156.270    86659591.6640        812.329          37.000  
S31  38161567.358   200540389.6990       -433.493          34.000  
S33  38868451.550   204255132.5970       -433.237          44.000  
G19  21136169.771   111071243.6440        185.760          40.000                                                                  
C36  22732832.284   118375927.4400      -2400.096          31.000                                                                  
C11  22636235.330   117872851.1350      -1532.323          28.000                                                                  
E16  25864575.879   135919319.0470       1637.160          43.000    25864576.952   104145915.4770       1254.732          35.000  
E12  24647987.242   129526086.6700       1526.165          34.000    24647984.553    99247212.4650       1169.190          27.000  
E23  26388733.464   138673729.6551      -2294.394          20.000    26388656.528   106256184.2001      -1758.745          26.000  
G11  23629057.685   124171570.5460       2767.586          35.000    23629054.476    96757026.3660       2157.381          28.000  
E10  26550074.884   139521638.8330       2312.721          31.000                                                                  
E26                                                                  27746018.960   111721720.7201      -2426.257          25.000  
E31                                                                  23918563.281    96310159.7330       -309.800          29.000  
> 2026  7 21  9 27  0.0010000  0 29                           
G24  23373770.037   122830049.1770         11.959          36.000    23373771.261    95711689.5930          8.611          31.000  
S35  38613536.295   202915544.0510       -434.060          42.000  
G03  23723420.129   124667413.6291       -900.545          20.000                                                                  
G17  21986236.207   115538400.6140      -1653.132          31.000    21986251.555    90030024.1131      -1290.984          22.000  
C30  23679290.833   123304290.9460      -2590.362          31.000                                                                  
C29  22034138.952   114737552.0860       -363.615          38.000                                                                  
C39  22905163.060   119273167.2120        505.872          46.000                                                                  
C35  25281372.761   131646738.1570       1803.760          43.000                                                                  
R12  21558714.883   115162844.9530       2880.661          36.000    21558711.495    89571089.2920       2240.706          35.000  
R22  20587865.882   109899467.9290       1186.366          46.000    20587864.456    85477324.7230        922.209          34.000  
R20  24173091.169   129264381.1841      -4244.048          23.000                                                                  
R11  19619842.537   104842489.3751       -939.859          24.000                                                                  
R23  23583161.816   126154062.9250       2900.381          40.000                                                                  
R21  20879524.431   111730552.5521      -3011.851          21.000    20879510.365    86901481.8961      -2338.968          23.000  
G22  21192914.772   111369518.5421      -1004.516          21.000                                                                  
G06  21161179.746   111202754.7170       1036.346          42.000    21161178.300    86651490.2990        807.202          37.000  
S31  38162392.174   200544724.8310       -434.225          34.000  
S33  38869274.984   204259460.1250       -433.376          44.000  
G19  21135817.065   111069390.0100        184.167          41.000                                                                  
C36  22737446.749   118399951.4260      -2405.162          32.000                                                                  
C11  22639177.356   117888181.3180      -1535.039          25.000                                                                  
G14  21309482.496   111982086.1831      -2224.513          20.000                                                                  
E16  25861459.267   135902944.0920       1636.655          43.000    25861460.796   104133368.4340       1254.345          35.000  
E12  24645087.483   129510844.3370       1522.231          35.000    24645085.607    99235533.2620       1166.294          27.000  
E23  26393115.225   138696755.9931      -2286.503          20.000    26393026.708   106273781.6181      -1761.674          27.000  
G11  23623794.547   124143902.7010       2764.792          35.000    23623788.147    96735467.0880       2154.637          28.000  
E10  26545675.679   139498520.2340       2309.519          31.000                                                                  
E26                                                                  27752041.334   111745970.0991      -2424.483          25.000  
E31                                                                  23919334.103    96313265.5620       -311.634          29.000  
> 2026  7 21  9 27 10.0010000  0 28                           
G24  23373753.822   122829965.0230          5.244          36.000    23373755.232    95711623.9660          4.290          31.000  
S35  38614362.465   202919885.7280       -434.183          41.000  
G17  21989384.209   115554936.7300      -1653.662          33.000    21989388.240    90042868.8991      -1289.236          19.000  
C30  23684266.490   123330200.2350      -2591.369          31.000                                                                  
C29  22034840.565   114741206.1740       -366.944          38.000                                                                  
C39  22904197.179   119268138.2770        500.546          46.000                                                                  
C35  25277910.994   131628712.4130       1801.596          41.000                                                                  
R12  21553326.716   115134062.5680       2876.387          34.000    21553322.034    89548702.9900       2237.504          34.000  
R22  20585649.585   109887637.8500       1180.115          46.000    20585648.060    85468123.5400        918.227          34.000  
R20  24181035.032   129306860.8211      -4248.291          22.000                                                                  
R11  19621599.153   104851876.4641       -946.266          25.000                                                                  
R23  23577743.591   126125077.7860       2896.889          40.000                                                                  
R21  20885160.680   111760713.0941      -3006.826          24.000    20885148.586    86924948.9871      -2351.381          22.000  
G22  21194832.375   111379595.5321      -1010.009          22.000                                                                  
G06  21159214.278   111192424.6950       1030.170          43.000    21159212.628    86643440.9180        802.338          37.000  
S31  38163218.663   200549068.3510       -434.105          34.000  
S33  38870100.270   204263797.0800       -433.763          44.000  
G19  21135469.881   111067566.2300        181.519          41.000                                                                  
C36  22742071.538   118424026.5630      -2410.106          31.000                                                                  
C11  22642109.704   117903405.9611      -1539.328          17.000                                                                  
G14  21313722.573   112004367.4531      -2240.263          20.000                                                                  
E16  25858345.470   135886583.4360       1635.714          43.000    25858347.562   104120832.3780       1253.117          35.000  
E12  24642193.397   129495647.2900       1517.879          35.000    24642191.456    99223888.8180       1162.859          27.000  
E23  26397503.104   138719814.4951      -2304.660          21.000    26397403.488   106291404.9820      -1762.955          26.000  
G11  23618537.404   124116271.2480       2761.841          35.000    23618529.438    96713936.1570       2151.887          28.000  
E10  26541283.460   139475432.5580       2307.809          31.000                                                                  
E26                                                                  27758068.605   111770239.6041      -2426.265          25.000  
E31                                                                  23920112.110    96316397.6080       -314.085          28.000  
> 2026  7 21  9 27 20.0010000  0 30                           
G24  23373752.504   122829953.2840         -2.682          38.000    23373753.746    95711614.8430         -1.791          31.000  
S35  38615190.238   202924236.3350       -435.954          41.000  
G03  23726832.981   124685348.2261       -906.985          19.000                                                                  
G17  21992536.325   115571491.6330      -1656.769          33.000    21992530.050    90055733.3541      -1285.943          20.000  
C30  23689245.057   123356127.3050      -2594.875          31.000                                                                  
C29  22035549.962   114744898.0240       -371.834          38.000                                                                  
C39  22903242.476   119263166.5710        493.826          46.000                                                                  
C35  25274454.423   131610715.2260       1797.614          37.000                                                                  
R12  21547947.327   115105327.3820       2871.014          33.000    21547941.398    89526353.3850       2233.794          34.000  
R22  20583446.284   109875874.9760       1172.285          46.000    20583444.526    85458974.6660        911.500          33.000  
R20  24188978.681   129349338.8031      -4246.290          22.000                                                                  
R11  19623377.568   104861393.1510       -955.758          28.000    19623341.210    81558699.8101       -745.127          19.000  
R23  23572333.319   126096134.0730       2891.889          40.000                                                                  
R21  20890811.518   111790951.4431      -3013.300          22.000    20890789.038    86948424.2871      -2345.010          18.000  
G06  21157261.336   111182160.4450       1022.601          42.000    21157259.491    86635442.7910        796.930          38.000  
S31  38164046.806   200553420.4480       -435.975          34.000  
S33  38870927.480   204268142.0990       -435.557          44.000  
G19  21135128.542   111065771.1820        177.460          41.000                                                                  
C36  22746704.941   118448151.8100      -2415.254          27.000                                                                  
R10  22609526.590   120521499.3581      -4135.062          17.000                                                                  
G30  24612688.600   129340551.5051      -3953.337          22.000                                                                  
G14  21317981.902   112026750.2561      -2237.880          18.000                                                                  
E16  25855234.795   135870236.1110       1633.479          43.000    25855236.453   104108306.4690       1252.078          34.000  
E12  24639309.406   129480494.5290       1512.550          35.000    24639307.211    99212278.2570       1158.821          26.000  
E33  24250453.635   127436993.4721      -1372.018          21.000                                                                  
E23  26401889.577   138742865.4501      -2301.981          21.000    26401785.576   106309049.3550      -1765.684          26.000  
G11  23613285.953   124088675.2840       2756.953          33.000    23613278.741    96692432.7970       2148.337          29.000  
E10  26536892.447   139452374.9550       2303.458          31.000                                                                  
E26                                                                  27764098.754   111794520.4491      -2428.667          24.000  
E31                                                                  23920896.403    96319555.1970       -317.711          28.000  
> 2026  7 21  9 27 30.0010000  0 29                           
G24  23373765.580   122830021.8910        -10.136          38.000    23373766.972    95711668.2940         -7.653          31.000  
S35  38616021.307   202928602.6340       -436.711          41.000  
G17  21995691.549   115588073.0020      -1658.761          33.000    21995680.508    90068634.6001      -1284.785          21.000  
C30  23694228.929   123382073.7430      -2595.119          31.000                                                                  
C29  22036267.902   114748635.3960       -375.208          38.000                                                                  
C39  22902300.322   119258259.9180        487.980          47.000                                                                  
C35  25271004.302   131592754.4190       1794.933          34.000                                                                  
R12  21542578.458   115076647.4640       2866.084          33.000    21542572.199    89504046.8180       2229.278          34.000  
R22  20581257.275   109864187.2220       1165.818          47.000    20581254.881    85449884.1870        906.687          33.000  
R20  24196920.876   129391809.4431      -4244.763          20.000                                                                  
R11  19625176.050   104870996.4900       -964.684          26.000    19625137.836    81566166.9261       -747.268          18.000  
R23  23566932.169   126067239.9620       2887.693          40.000                                                                  
G22  21198720.465   111400027.7341      -1025.936          26.000                                                                  
G06  21155322.375   111171969.8360       1016.296          42.000    21155320.462    86627502.0830        791.644          38.000  
S31  38164878.166   200557788.3840       -437.062          33.000  
S33  38871757.175   204272503.1730       -436.111          44.000  
G19  21134794.215   111064012.7530        174.927          41.000                                                                  
C36  22751331.559   118472153.7361      -2418.712          23.000                                                                  
R10  22617304.403   120562958.6931      -4159.024          17.000                                                                  
G30  24620213.579   129380095.0331      -3952.501          23.000                                                                  
E16  25852128.467   135853910.0150       1632.276          43.000    25852129.500   104095796.8900       1250.894          34.000  
E12  24636436.078   129465393.9590       1508.361          36.000    24636431.849    99200701.9011       1154.667          25.000  
E33  24253042.117   127450595.7031      -1364.728          22.000                                                                  
E23  26406279.425   138765934.3321      -2303.312          21.000    26406173.264   106326722.9620      -1768.823          26.000  
G11  23608042.333   124061122.6570       2753.065          29.000    23608036.729    96670963.1810       2146.091          31.000  
E10  26532506.131   139429355.3040       2300.726          29.000                                                                  
E26                                                                  27770133.976   111818821.6471      -2430.483          24.000  
E31                                                                  23921689.043    96322744.2220       -319.820          28.000  
R21                                                                  20896420.069    86971861.2361      -2352.653          14.000  
> 2026  7 21  9 27 40.0010000  0 28                           
G24  23373793.318   122830167.3540        -19.242          38.000    23373794.377    95711781.6550        -14.758          31.000  
S35  38616854.662   202932981.7100       -439.365          41.000  
G17  21998850.075   115604677.4330      -1662.516          32.000    21998848.462    90081606.4671      -1296.945          23.000  
C30  23699218.182   123408048.2510      -2599.077          32.000                                                                  
C29  22036993.782   114752414.8410       -381.172          38.000                                                                  
C39  22901370.097   119253414.9300        480.681          46.000                                                                  
C35  25267558.778   131574826.5030       1790.752          30.000                                                                  
R12  21537218.887   115048019.3180       2860.101          32.000    21537212.670    89481780.5480       2223.761          34.000  
R22  20579081.953   109852571.1150       1157.260          47.000    20579079.032    85440849.4430        900.828          33.000  
R20  24204857.958   129434252.3271      -4250.412          17.000                                                                  
R11  19626989.662   104880681.7771       -976.596          22.000    19626957.788    81573731.0051       -754.676          22.000  
R23  23561539.637   126038391.8410       2881.789          39.000                                                                  
R21  20902079.710   111851250.3141      -3027.880          22.000    20902077.779    86995408.8301      -2356.416          18.000  
G22  21200680.727   111410309.0200      -1031.549          26.000                                                                  
G06  21153396.258   111161849.4540       1007.837          42.000    21153394.507    86619616.0610        785.278          38.000  
S31  38165711.651   200562168.9230       -439.218          34.000  
S33  38872589.557   204276876.5790       -438.603          44.000  
G19  21134466.067   111062287.4730        170.148          41.000                                                                  
C36  22755994.814   118496436.3421      -2428.428          26.000                                                                  
R10  22625078.104   120604397.7761      -4160.330          13.000                                                                  
G30  24627740.693   129419650.1041      -3964.464          22.000                                                                  
E16  25849025.254   135837601.7330       1629.124          43.000    25849026.241   104083300.9190       1248.688          33.000  
E12  24633572.357   129450342.1640       1502.015          36.000    24633566.316    99189163.7361       1152.324          24.000  
G11  23602803.564   124033569.3441       2749.675          23.000    23602802.468    96649524.7700       2141.099          31.000  
E10  26528128.160   139406370.1810       2295.950          30.000                                                                  
E23                                                                  26410569.904   106344421.8620      -1771.446          26.000  
E26                                                                  27776174.552   111843144.3821      -2433.573          24.000  
E31                                                                  23922488.519    96325962.2910       -323.995          28.000  
> 2026  7 21  9 27 50.0010000  0 27                           
G24  23373840.611   122830414.2820        -30.481          39.000    23373841.498    95711974.0720        -23.885          31.000  
S35  38617695.193   202937397.7310       -443.826          41.000  
G17  22002017.847   115621329.5600      -1668.263          30.000    22002024.332    90094611.1261      -1302.243          23.000  
C30  23704215.238   123434069.1560      -2604.736          33.000                                                                  
C29  22037732.329   114756260.6750       -387.776          38.000                                                                  
C39  22900456.248   119248656.0580        471.103          47.000                                                                  
C35  25264124.326   131556956.0460       1783.893          30.000                                                                  
R12  21531875.006   115019468.2960       2850.782          29.000    21531868.171    89459574.2000       2217.154          35.000  
R22  20576924.414   109841051.7750       1146.636          47.000    20576921.373    85431889.9980        891.898          34.000  
R20  24212801.299   129476729.5371      -4251.993          14.000                                                                  
R11  19628820.091   104890462.7741       -984.563          23.000    19628801.802    81581395.1451       -764.873          23.000  
R23  23556160.192   126009614.9780       2873.812          38.000                                                                  
R21  20907765.210   111881639.1620      -3036.336          27.000    20907741.688    87018981.8111      -2358.577          17.000  
G22  21202632.107   111420583.1081      -1041.434          20.000                                                                  
G06  21151488.829   111151823.9390        997.516          42.000    21151486.873    86611803.9460        777.350          38.000  
S31  38166551.938   200566586.5580       -443.977          34.000  
S33  38873429.017   204281287.4630       -443.449          44.000  
G19  21134149.070   111060620.0320        163.251          41.000                                                                  
C36  22760671.871   118520790.6971      -2436.484          25.000                                                                  
G30  24635277.129   129459254.8531      -3955.528          22.000                                                                  
E31  23923310.316   125717843.7921       -424.983          22.000    23923299.999    96329228.0720       -328.930          28.000  
E16  25845929.947   135821335.9410       1624.051          43.000    25845930.137   104070837.5870       1243.547          32.000  
E12  24630722.032   129435363.7670       1493.448          37.000    24630716.021    99177686.7611       1144.873          22.000  
G11  23597565.417   124006042.9581       2747.034          22.000    23597580.674    96628136.7050       2135.258          32.000  
E10  26523768.311   139383444.3600       2289.213          32.000    26523798.918   106800346.7211       1753.286          25.000  
E23                                                                  26414975.319   106362165.2070      -1776.794          26.000  
E26                                                                  27782224.421   111867504.5461      -2437.585          24.000  
> 2026  7 21  9 28  0.0010000  0 27                           
G24  23373908.228   122830767.7250        -40.686          40.000    23373908.867    95712249.4850        -31.906          30.000  
S35  38618543.192   202941855.7550       -447.904          41.000  
G03  23733945.744   124722726.5261       -951.971          24.000                                                                  
G17  22005195.145   115638034.2820      -1673.154          29.000    22005200.676    90107618.0791      -1299.700          20.000  
C30  23709222.315   123460141.3960      -2610.074          33.000                                                                  
C29  22038484.883   114760177.9830       -395.439          38.000                                                                  
C39  22899560.074   119243988.3780        462.123          47.000                                                                  
C35  25260704.501   131539147.9200       1777.497          32.000                                                                  
R12  21526546.087   114990999.6650       2842.401          24.000    21526539.357    89437431.9460       2211.011          35.000  
R22  20574785.569   109829634.2190       1136.591          47.000    20574782.484    85423009.7290        883.665          32.000  
R20  24220765.991   129519320.5921      -4307.630          12.000                                                                  
R11  19630679.912   104900398.4830      -1000.664          28.000    19630653.369    81589090.0441       -774.732          21.000  
R23  23550794.845   125980914.4790       2866.239          36.000                                                                  
R21  20913435.496   111912017.5061      -3043.597          24.000    20913407.373    87042562.5851      -2352.435          10.000  
G06  21149600.014   111141898.3720        987.738          42.000    21149597.963    86604069.7520        769.659          39.000  
S31  38167400.617   200571046.8650       -448.141          34.000  
S33  38874276.253   204285740.3460       -447.329          44.000  
G19  21133843.595   111059015.3740        157.269          42.000                                                                  
C36  22765355.324   118545178.5211      -2439.986          18.000                                                                  
G30  24642814.303   129498862.5191      -3970.815          20.000                                                                  
E31  23924132.460   125722163.7381       -436.309          24.000    23924123.922    96332545.7010       -334.341          28.000  
E16  25842843.379   135805117.7250       1619.487          43.000    25842843.598   104058410.6470       1240.313          31.000  
E12  24627886.146   129420463.8840       1486.057          36.000    24627877.355    99166256.2951       1135.073          21.000  
G11  23592348.674   123978628.9540       2734.162          27.000    23592371.493    96606803.0680       2131.091          32.000  
E10  26519420.984   139360582.9090       2282.726          34.000    26519448.271   106782828.4080       1748.821          27.000  
E23                                                                  26419392.947   106379956.7040      -1781.448          26.000  
E26                                                                  27788284.020   111891904.0061      -2442.426          24.000  
> 2026  7 21  9 28 10.0010000  0 26                           
G24  23373996.789   122831232.2030        -51.764          39.000    23373996.022    95712611.4960        -40.738          29.000  
S35  38619400.325   202946361.5500       -452.452          41.000  
G17  22008383.481   115654796.3890      -1679.307          29.000    22008378.228    90120629.7361      -1305.994          20.000  
E26  27794356.717   146060329.3871      -3186.565          20.000    27794353.830   111916345.0951      -2445.784          25.000  
C30  23714239.728   123486269.3840      -2615.907          31.000                                                                  
C29  22039251.781   114764171.0570       -402.535          37.000                                                                  
C39  22898682.026   119239416.3720        452.686          47.000                                                                  
C35  25257299.784   131521406.5670       1771.122          33.000                                                                  
R22  20572666.068   109818322.9830       1126.182          46.000    20572663.180    85414212.0910        876.019          33.000  
R11  19632568.657   104910468.3160      -1013.396          29.000    19632538.622    81596925.9831       -793.526          23.000  
R23  23545443.793   125952295.1190       2858.056          33.000                                                                  
R21  20919117.757   111942424.4531      -3051.302          25.000                                                                  
G06  21147730.814   111132077.2450        977.240          41.000    21147729.148    86596416.9210        761.505          39.000  
S31  38168258.647   200575553.3980       -452.503          34.000  
S33  38875132.734   204290240.2010       -452.084          44.000  
G19  21133551.230   111057477.9860        150.775          42.000                                                                  
C36  22770081.306   118569788.5021      -2446.317          21.000    23968826.107    96512530.1521      -1731.057          10.000  
G30  24650355.268   129538490.7131      -3965.110          20.000                                                                  
G14  21339449.632   112139564.2821      -2282.613          20.000                                                                  
E31  23924968.807   125726559.0801       -444.135          25.000    23924961.207    96335918.4630       -339.793          29.000  
E16  25839766.997   135788951.6120       1614.367          43.000    25839766.574   104046023.6270       1236.492          30.000  
E12  24625066.085   129405647.0170       1478.136          36.000    24625059.041    99154907.7421       1135.809          21.000  
E23  26423831.190   138858169.4871      -2327.998          22.000    26423823.857   106397799.9740      -1787.121          26.000  
G11  23587168.621   123951325.1590       2727.120          32.000    23587175.905    96585527.3350       2125.785          32.000  
E10  26515086.181   139337790.2850       2276.397          35.000    26515111.829   106765363.9460       1743.307          27.000  
R12                                                                  21521227.597    89415357.4600       2203.904          36.000  
> 2026  7 21  9 28 20.0020000  0 28                           
G24  23374105.745   122831806.1200        -63.082          38.000    23374105.931    95713058.6530        -48.865          29.000  
S35  38620266.597   202950911.5230       -457.619          41.000  
G03  23737636.167   124742119.9641       -972.587          20.000                                                                  
G17  22011584.220   115671615.7290      -1684.227          28.000    22011584.134    90133756.9531      -1314.152          21.000  
E26  27800441.039   146092303.6311      -3195.432          19.000    27800435.983   111940835.0041      -2450.747          25.000  
C30  23719268.330   123512454.0280      -2621.682          30.000                                                                  
C29  22040033.695   114768238.7140       -410.503          37.000                                                                  
C39  22897822.059   119234938.0210        442.825          47.000                                                                  
C35  25253907.068   131503728.5830       1764.190          32.000                                                                  
R12  21515929.327   114934231.5171       2821.271          15.000    21515931.032    89393347.2180       2197.369          37.000  
R22  20570565.900   109807115.3570       1115.135          46.000    20570563.847    85405495.0720        866.989          34.000  
R20  24236693.001   129604488.5291      -4265.082          16.000                                                                  
R11  19634469.367   104920666.2970      -1025.911          28.000    19634459.105    81604907.3011       -797.842          25.000  
R23  23540105.695   125923752.3610       2850.368          32.000                                                                  
R21  20924844.680   111973007.3320      -3060.166          29.000    20924812.847    87090033.2471      -2376.884          20.000  
G06  21145881.209   111122358.0010        966.290          41.000    21145879.942    86588843.4890        753.111          39.000  
S31  38169125.192   200580106.1790       -457.824          34.000  
S33  38875997.657   204294785.5180       -457.130          44.000  
G19  21133271.165   111056006.1790        143.755          42.000                                                                  
C36  22774813.754   118594431.3501      -2462.236          21.000                                                                  
G14  21343804.159   112162447.6361      -2292.192          20.000                                                                  
E31  23925826.171   125731064.7491       -452.520          26.000    23925812.380    96339345.5660       -345.417          28.000  
E16  25836700.239   135772834.4040       1608.952          43.000    25836698.479   104033674.1010       1232.490          29.000  
E12  24622261.613   129390910.1430       1469.619          36.000    24622256.010    99143621.0781       1119.094          19.000  
E23  26428283.913   138881568.6661      -2335.128          21.000    26428268.068   106415695.1770      -1790.676          25.000  
G11  23581989.965   123924091.4010       2719.105          35.000    23581992.776    96564306.2660       2119.227          31.000  
E10  26510766.304   139315062.7230       2268.919          35.000    26510785.978   106747949.2890       1738.746          27.000  
E33                                                                  24266188.997    97709886.9911      -1077.837          25.000  
> 2026  7 21  9 28 30.0020000  0 27                           
G24  23374235.081   122832486.3880        -72.863          39.000    23374235.746    95713588.7280        -56.823          29.000  
S35  38621140.271   202955503.9780       -460.807          41.000  
G17  22014794.503   115688486.1500      -1689.802          25.000    22014793.168    90146897.1431      -1313.438          22.000  
E26  27806543.424   146124371.6391      -3200.027          20.000    27806527.506   111965363.5181      -2455.068          25.000  
C30  23724306.518   123538687.1110      -2625.239          29.000                                                                  
C29  22040828.437   114772377.1320       -416.932          38.000                                                                  
C39  22896979.947   119230551.2830        434.581          47.000                                                                  
C35  25250525.635   131486114.6430       1758.122          33.000                                                                  
R12  21510659.969   114906083.5451       2818.681          26.000    21510650.416    89371403.5470       2191.528          37.000  
R22  20568485.425   109796010.5210       1105.821          45.000    20568484.286    85396858.0060        859.996          35.000  
R20  24244684.269   129647221.7311      -4271.735          20.000                                                                  
R11  19636402.295   104930987.8260      -1037.783          29.000    19636395.242    81612955.0961       -806.063          24.000  
R23  23534783.711   125895288.9730       2843.105          34.000                                                                  
R21  20930571.545   112003640.8820      -3066.725          30.000    20930547.554    87113901.1831      -2384.193          21.000  
G06  21144050.706   111112739.5780        957.317          42.000    21144049.376    86581348.6080        746.002          39.000  
S31  38169999.544   200584699.8540       -460.740          34.000  
S33  38876870.453   204299372.4770       -460.399          44.000  
G19  21133003.274   111054597.2250        138.269          43.000                                                                  
C36  22779531.188   118618995.9261      -2478.036          16.000                                                                  
G14  21348163.741   112185356.9721      -2295.840          22.000                                                                  
E31  23926693.722   125735623.4391       -457.235          26.000    23926676.335    96342823.9920       -350.048          29.000  
E16  25833642.559   135756766.3770       1604.974          43.000    25833639.864   104021362.2230       1229.519          27.000  
E12  24619472.336   129376253.2640       1462.468          37.000    24619467.534    99132393.1831       1121.757          20.000  
E23  26432730.818   138904937.4691      -2340.111          22.000    26432723.330   106433622.9141      -1796.568          25.000  
G11  23576824.881   123896930.1970       2713.457          37.000    23576822.658    96543141.7160       2114.417          29.000  
E10  26506455.545   139292401.7640       2263.396          37.000    26506473.485   106730585.7260       1733.923          27.000  
E33                                                                  24268869.886    97720681.7311      -1083.817          25.000  
> 2026  7 21  9 28 40.0020000  0 28                           
G24  23374383.387   122833265.1880        -83.017          39.000    23374383.879    95714195.5580        -64.385          28.000  
S35  38622020.509   202960129.9350       -463.937          41.000  
G17  22018007.676   115705410.9041      -1693.632          24.000    22018007.384    90160059.1661      -1313.073          21.000  
E26  27812652.688   146156475.8351      -3204.534          16.000    27812627.457   111989924.8921      -2457.260          25.000  
C30  23729352.340   123564963.5120      -2630.252          28.000                                                                  
C29  22041634.839   114776578.9340       -422.891          38.000                                                                  
C39  22896153.836   119226248.0350        426.426          47.000                                                                  
C35  25247154.555   131468555.1860       1753.502          34.000                                                                  
R12  21505402.413   114877973.0770       2809.992          31.000    21505383.871    89349518.1210       2185.883          37.000  
R22  20566422.798   109784999.3080       1096.741          46.000    20566422.632    85388293.7330        853.310          34.000  
R20  24252675.071   129689952.4161      -4266.598          21.000                                                                  
R11  19638358.106   104941425.4840      -1049.686          28.000    19638343.376    81621051.2111       -815.807          22.000  
R23  23529476.371   125866894.0700       2836.462          36.000                                                                  
R21  20936306.548   112034342.2200      -3073.906          30.000    20936294.700    87137820.6201      -2395.420          23.000  
G06  21142237.880   111103213.2350        948.180          42.000    21142236.720    86573925.4830        739.003          39.000  
S31  38170880.086   200589328.2100       -464.817          34.000  
S33  38877750.016   204303993.5900       -463.562          44.000  
G19  21132745.760   111053243.2230        132.675          43.000                                                                  
C36  22784300.497   118643831.4121      -2480.849          21.000                                                                  
C11  22669125.529   118044084.6811      -1588.485          26.000                                                                  
G14  21352551.052   112208412.8941      -2305.602          26.000                                                                  
E31  23927572.099   125740239.8071       -463.547          25.000    23927551.649    96346348.1860       -354.098          29.000  
E16  25830592.616   135740738.1460       1600.885          43.000    25830586.471   104009067.8891       1227.148          26.000  
E12  24616696.609   129361667.0820       1455.385          36.000    24616692.699    99121220.1091       1113.143          20.000  
G11  23571669.761   123869831.1150       2707.260          37.000    23571664.831    96522025.6160       2109.254          28.000  
E10  26502155.034   139269797.4320       2257.622          38.000    26502170.545   106713258.4560       1730.271          28.000  
E23                                                                  26437189.062   106451604.7431      -1799.628          25.000  
E33                                                                  24271566.078    97731538.0661      -1089.633          24.000  
> 2026  7 21  9 28 50.0020000  0 27                           
G24  23374550.177   122834140.5900        -92.102          38.000    23374549.490    95714877.7230        -71.602          28.000  
S35  38622907.014   202964788.7260       -467.365          40.000  
G17  22021242.198   115722407.8171      -1697.157          23.000    22021231.954    90173263.2561      -1328.529          21.000  
C30  23734406.047   123591281.1990      -2633.759          27.000                                                                  
C29  22042453.325   114780842.1950       -429.277          36.000                                                                  
C39  22895343.716   119222026.3910        418.275          46.000                                                                  
C35  25243793.061   131451048.3260       1748.956          33.000                                                                  
R12  21500149.163   114849907.6830       2803.070          32.000    21500130.797    89327689.4610       2180.701          37.000  
R22  20564377.474   109774079.8210       1087.627          45.000    20564376.475    85379800.7880        846.043          33.000  
R20  24260660.671   129732654.4291      -4271.177          16.000                                                                  
R11  19640327.527   104951977.4560      -1060.544          23.000    19640321.682    81629274.1231       -825.230          24.000  
R23  23524181.871   125838565.7390       2829.657          35.000                                                                  
R21  20942054.402   112065109.3220      -3079.616          32.000    20942052.936    87161786.6271      -2402.069          24.000  
G06  21140442.084   111093777.0240        939.287          40.000    21140440.701    86566572.5970        732.025          40.000  
S31  38171766.996   200593988.6960       -468.155          33.000  
S33  38878635.689   204308646.8090       -466.833          43.000  
G19  21132498.286   111051942.1360        127.520          43.000                                                                  
C36  22789071.459   118668675.0511      -2482.729          25.000                                                                  
G14  21356941.657   112231485.8631      -2311.825          26.000                                                                  
E31  23928449.482   125744849.9761       -467.001          23.000    23928438.300    96349916.6720       -358.624          29.000  
E16  25827549.246   135724747.7960       1597.246          42.000    25827545.430   103996822.5051       1224.062          25.000  
E12  24613933.247   129347149.7150       1448.635          35.000    24613932.449    99110105.4281       1110.630          17.000  
E23  26441650.624   138951811.2301      -2354.434          21.000    26441664.164   106469624.1711      -1803.907          24.000  
G11  23566525.156   123842792.3160       2700.822          37.000    23566518.521    96500956.4680       2104.601          28.000  
E10  26497863.913   139247247.7780       2252.530          38.000    26497879.907   106695980.2010       1725.498          29.000  
E26                                                                  27818736.040   112014521.7871      -2462.921          25.000  
E33                                                                  24274276.078    97742450.7471      -1095.155          23.000  
> 2026  7 21  9 29  0.0020000  0 27                           
G24  23374734.707   122835112.8440       -102.291          38.000    23374734.301    95715635.3310        -79.486          29.000  
S35  38623799.736   202969479.7320       -471.075          41.000  
G17  22024461.661   115739327.1781      -1703.113          24.000    22024464.317    90186499.4101      -1325.141          21.000  
C30  23739468.101   123617640.3530      -2638.065          27.000                                                                  
C29  22043283.710   114785167.0120       -435.389          36.000                                                                  
C39  22894548.565   119217886.6440        409.748          47.000                                                                  
C35  25240441.167   131433594.3530       1742.943          32.000                                                                  
R12  21494909.027   114821915.6080       2795.392          34.000    21494890.805    89305917.8640       2174.359          37.000  
R22  20562349.293   109763252.3360       1078.090          46.000    20562348.404    85371379.4330        838.504          35.000  
R20  24268649.952   129775377.0121      -4280.177          15.000                                                                  
R11  19642317.553   104962588.9581      -1068.282          22.000    19642318.109    81637571.1151       -833.929          25.000  
R23  23518899.381   125810304.3850       2822.672          36.000                                                                  
R21  20947816.131   112095942.0000      -3086.363          35.000    20947807.367    87185737.5121      -2412.434          24.000  
G22  21216860.819   111495344.9930      -1096.536          27.000                                                                  
G06  21138663.348   111084431.2230        929.966          42.000    21138662.059    86559290.1760        724.603          40.000  
S31  38172659.786   200598681.9650       -471.282          34.000  
S33  38879527.164   204313332.8250       -470.393          44.000  
G19  21132260.845   111050694.1830        122.167          43.000                                                                  
G14  21361350.328   112254646.2720      -2319.766          26.000                                                                  
E31  23929347.462   125749569.0801       -474.927          23.000    23929335.664    96353529.6430       -363.512          29.000  
E16  25824513.645   135708795.5970       1593.197          43.000    25824512.166   103984608.3871       1222.407          24.000  
E12  24611183.803   129332701.3820       1441.204          36.000    24611179.337    99099019.7991       1078.032          15.000  
E23  26446135.461   138975378.8621      -2363.677          22.000    26446150.337   106487688.4041      -1809.459          25.000  
G11  23561391.135   123815814.0170       2694.457          38.000    23561385.029    96479934.5190       2099.544          28.000  
E10  26493583.486   139224753.1310       2246.596          38.000    26493599.437   106678744.0470       1721.291          28.000  
E26                                                                  27824852.673   112039151.3101      -2464.750          25.000  
E33                                                                  24277001.279    97753423.6301      -1099.816          22.000  
> 2026  7 21  9 29 10.0020000  0 26                           
G24  23374937.320   122836179.0430       -111.339          37.000    23374937.510    95716466.1160        -86.733          29.000  
S35  38624697.967   202974200.5870       -473.369          41.000  
G17  22027718.677   115756425.1590      -1705.565          27.000    22027707.510    90199779.8021      -1329.252          21.000  
C30  23744537.051   123644038.0420      -2640.431          26.000                                                                  
C29  22044124.621   114789550.5770       -440.604          35.000                                                                  
C39  22893768.722   119213825.9530        402.342          47.000                                                                  
C35  25237098.907   131416190.3510       1736.972          31.000                                                                  
R12  21489679.461   114793994.2320       2789.496          34.000    21489664.201    89284201.2300       2169.232          37.000  
R22  20560338.134   109752513.8800       1069.881          47.000    20560337.686    85363027.3530        832.056          35.000  
R11  19644347.596   104973436.6931      -1075.998          23.000    19644338.513    81645969.1641       -842.745          23.000  
R23  23513628.328   125782107.0340       2816.508          34.000                                                                  
R21  20953588.654   112126837.3970      -3092.314          35.000    20953575.666    87209745.5321      -2405.004          26.000  
G22  21218964.106   111506340.3350      -1102.984          29.000                                                                  
G06  21136901.147   111075172.9630        921.531          42.000    21136900.458    86552075.9480        718.196          39.000  
S31  38173558.312   200603404.5450       -473.647          34.000  
S33  38880424.539   204318048.7080       -472.947          44.000  
G19  21132032.723   111049496.4380        117.788          43.000                                                                  
C11  22678333.215   118092031.9110      -1605.482          26.000                                                                  
G14  21365771.505   112277885.3060      -2327.114          25.000                                                                  
E31  23930259.239   125754360.9621       -472.305          23.000    23930243.558    96357184.8790       -367.339          29.000  
E16  25821484.561   135692878.7070       1590.380          43.000    25821486.570   103972426.2231       1219.353          24.000  
E12  24608447.319   129318319.2690       1435.426          36.000                                                                  
G11  23556266.808   123788893.4450       2689.512          37.000    23556263.735    96458957.4890       2095.456          28.000  
E10  26489312.594   139202310.6420       2242.117          38.000    26489329.568   106661547.7780       1718.111          26.000  
E23                                                                  26450646.244   106505791.2661      -1812.394          25.000  
E26                                                                  27830977.656   112063814.0991      -2466.782          25.000  
> 2026  7 21  9 29 20.0020000  0 27                           
G24  23375157.383   122837335.5050       -120.233          37.000    23375157.162    95717367.2830        -93.728          28.000  
S35  38625601.417   202978947.8170       -475.595          41.000  
G17  22030975.824   115773501.9160      -1708.702          28.000    22030960.118    90213098.5471      -1329.858          22.000  
C30  23749613.605   123670470.7920      -2644.224          26.000                                                                  
C29  22044976.531   114793989.2140       -446.647          36.000                                                                  
C39  22893003.054   119209840.7220        394.863          46.000                                                                  
C35  25233766.744   131398832.5920       1733.510          30.000                                                                  
R12  21484461.974   114766139.8780       2782.159          35.000    21484450.578    89262536.7510       2163.825          37.000  
R22  20558343.058   109741860.7620       1061.200          47.000    20558342.897    85354741.6910        824.331          33.000  
R11  19646391.263   104984357.8121      -1097.487          23.000                                                                  
R23  23508367.935   125753969.9590       2811.071          33.000                                                                  
R21  20959372.458   112157791.4690      -3098.578          36.000    20959364.025    87233813.6090      -2410.014          28.000  
G22  21221071.128   111517403.0490      -1110.005          31.000                                                                  
G06  21135155.002   111065998.5720        913.228          43.000    21135154.380    86544927.0860        711.594          39.000  
S31  38174461.774   200608153.4390       -476.274          34.000  
S33  38881327.002   204322790.5170       -475.353          44.000  
G19  21131813.441   111048345.2890        112.944          42.000                                                                  
C36  22803421.199   118743378.2470      -2504.840          28.000                                                                  
G30  24703367.772   129817073.0591      -3992.805          24.000                                                                  
G14  21370201.846   112301168.3071      -2334.830          23.000                                                                  
E31  23931165.467   125759122.5361       -490.436          23.000    23931161.275    96360879.6920       -371.385          29.000  
E16  25818461.876   135676993.5250       1587.103          43.000    25818465.995   103960263.4161       1215.635          24.000  
E12  24605722.508   129303999.7590       1428.846          36.000                                                                  
G11  23551152.105   123762026.9930       2684.020          36.000    23551152.574    96438022.6180       2091.308          29.000  
E10  26485051.197   139179916.6860       2237.084          37.000    26485066.474   106644388.7030       1714.489          26.000  
E23                                                                  26455150.857   106523929.0121      -1814.742          24.000  
E26                                                                  27837110.584   112088508.2191      -2470.269          25.000  
> 2026  7 21  9 29 30.0020000  0 27                           
G24  23375393.613   122838579.0730       -129.117          37.000    23375393.345    95718336.2630       -100.091          28.000  
S35  38626508.624   202983716.7780       -478.434          41.000  
G17  22034219.337   115790612.3720      -1712.547          28.000    22034217.962    90226439.1191      -1332.380          23.000  
C30  23754696.211   123696935.2170      -2647.720          28.000                                                                  
C29  22045838.532   114798479.7510       -451.868          36.000                                                                  
C39  22892251.324   119205927.8950        387.538          46.000                                                                  
C35  25230443.571   131381518.1180       1729.683          30.000                                                                  
R12  21479256.927   114738349.6450       2775.696          35.000    21479248.314    89240922.1120       2158.630          37.000  
R22  20556362.650   109731289.7040       1052.977          47.000    20556361.680    85346519.6990        818.206          31.000  
R11  19648452.521   104995372.3951      -1100.093          22.000    19648447.513    81663046.2331       -869.552          19.000  
R23  23503117.269   125725890.1550       2804.831          31.000                                                                  
R21  20965166.582   112188801.1340      -3103.501          36.000    20965163.809    87257932.2110      -2413.195          30.000  
G22  21223189.248   111528530.0690      -1116.586          31.000                                                                  
G06  21133424.476   111056904.9530        905.371          43.000    21133423.825    86537841.1460        705.338          39.000  
S31  38175369.812   200612925.3510       -478.760          34.000  
S33  38882233.479   204327554.8660       -477.707          44.000  
G19  21131602.280   111047237.4990        108.588          42.000                                                                  
C36  22808236.065   118768470.4881      -2511.781          21.000                                                                  
G30  24710967.495   129857010.0131      -3994.423          25.000                                                                  
G14  21374641.466   112324498.6141      -2341.168          23.000                                                                  
E31  23932075.593   125763905.7061       -482.187          23.000    23932087.898    96364611.6070       -375.493          29.000  
E16  25815444.519   135661136.9290       1584.065          43.000    25815449.304   103948116.5561       1212.792          25.000  
E12  24603008.894   129289739.7470       1422.429          35.000                                                                  
G11  23546045.862   123735211.5940       2678.860          35.000    23546051.678    96417127.5300       2087.747          31.000  
E10  26480797.609   139157568.1680       2232.672          35.000    26480812.869   106627264.5710       1710.400          28.000  
E23                                                                  26459663.406   106542100.0231      -1819.365          23.000  
E26                                                                  27843249.398   112113227.5411      -2471.411          25.000  
> 2026  7 21  9 29 40.0020000  0 26                           
G24  23375646.481   122839911.1790       -136.937          36.000    23375645.861    95719374.2870       -106.325          28.000  
S35  38627421.530   202988511.6190       -480.170          41.000  
G17  22037487.974   115807757.4250      -1715.637          30.000    22037481.554    90239802.8131      -1336.362          22.000  
C30  23759784.950   123723432.7820      -2650.731          29.000                                                                  
C29  22046711.252   114803023.5590       -456.581          36.000                                                                  
C39  22891513.479   119202088.9300        380.762          45.000                                                                  
C35  25227127.319   131364248.3850       1725.292          28.000                                                                  
R12  21474065.853   114710624.8850       2769.544          36.000    21474057.755    89219358.3920       2154.559          36.000  
R22  20554397.676   109720802.1560       1045.008          47.000    20554395.366    85338373.1530        813.604          31.000  
R11  19650525.437   105006449.9121      -1113.382          22.000    19650529.645    81671700.1931       -867.662          16.000  
R23  23497877.676   125697869.0440       2799.393          33.000                                                                  
R21  20970971.091   112219867.6180      -3109.159          35.000    20970969.832    87282095.0580      -2417.788          29.000  
G22  21225318.952   111539722.7510      -1122.551          32.000                                                                  
G06  21131709.924   111047893.5430        897.458          44.000    21131708.830    86530819.2590        699.493          39.000  
S31  38176282.573   200617721.4790       -480.476          34.000  
S33  38883144.743   204332344.1100       -479.731          44.000  
G19  21131399.796   111046174.5680        104.553          42.000                                                                  
C36  22813053.600   118793555.8341      -2517.782          26.000                                                                  
G30  24718564.044   129896930.3521      -3995.527          25.000                                                                  
G14  21379100.421   112347930.5001      -2347.462          25.000                                                                  
E31  23933015.245   125768843.3391       -493.761          25.000    23933023.660    96368381.6900       -378.725          28.000  
E16  25812432.906   135645310.3700       1581.614          43.000    25812440.227   103935999.6741       1213.524          26.000  
E12  24600307.017   129275540.6060       1417.240          36.000                                                                  
G11  23540951.576   123708448.7590       2674.790          35.000    23540960.462    96396273.3920       2083.645          32.000  
E10  26476552.159   139135266.5410       2228.188          33.000    26476570.029   106610176.2890       1707.919          29.000  
E26                                                                  27849393.643   112137967.7881      -2475.995          25.000  
> 2026  7 21  9 29 50.0020000  0 27                           
G24  23375914.390   122841324.2750       -145.149          35.000    23375914.505    95720475.3890       -113.049          29.000  
S35  38628336.812   202993322.1550       -481.954          41.000  
G03  23755059.988   124833682.6311      -1053.962          18.000                                                                  
G17  22040757.429   115824929.6630      -1718.674          30.000    22040748.637    90253181.1001      -1343.514          21.000  
E26  27855558.978   146381950.2451      -3233.785          18.000    27855544.758   112162735.2681      -2477.363          24.000  
C30  23764878.850   123749955.9130      -2653.863          28.000                                                                  
C29  22047593.119   114807613.1000       -461.473          37.000                                                                  
C39  22890788.193   119198316.3460        373.942          44.000                                                                  
C35  25223831.806   131347110.5391       1717.242          22.000                                                                  
R12  21468886.177   114682958.1710       2763.794          36.000    21468878.157    89197839.8680       2149.713          36.000  
R22  20552446.922   109710390.4710       1037.189          47.000    20552440.972    85330274.7010        806.558          31.000  
R11  19652614.420   105017612.5891      -1124.340          25.000    19652636.576    81680457.2991       -887.945          12.000  
R23  23492648.483   125669899.1060       2793.962          34.000                                                                  
R21  20976784.571   112250983.0790      -3114.106          35.000    20976784.879    87306296.0470      -2422.144          29.000  
G22  21227458.491   111550973.5240      -1128.066          31.000                                                                  
G06  21130009.641   111038956.7690        889.860          44.000    21130007.981    86523855.5330        693.549          39.000  
S31  38177198.318   200622534.0760       -482.428          33.000  
S33  38884059.490   204337149.8740       -481.586          44.000  
G19  21131204.551   111045148.8590        100.460          40.000                                                                  
C36  22817894.656   118818767.6520      -2523.663          30.000                                                                  
G30  24726156.624   129936830.0471      -3997.820          23.000                                                                  
G14  21383573.392   112371435.9361      -2355.162          25.000                                                                  
E31  23933969.149   125773856.5141       -498.283          25.000    23933967.987    96372184.3120       -381.688          28.000  
E16  25809425.219   135629506.3220       1579.298          43.000    25809433.359   103923895.0850       1209.408          27.000  
E12  24597615.928   129261394.8310       1411.785          36.000                                                                  
G11  23535868.595   123681730.9770       2669.503          35.000    23535876.687    96375454.3230       2080.322          32.000  
E10  26472314.006   139113004.2480       2224.221          29.000    26472333.827   106593118.2230       1704.940          27.000  
> 2026  7 21  9 30  0.0020000  0 25                           
G24  23376199.152   122842819.6020       -153.964          36.000    23376199.503    95721640.5740       -119.571          29.000  
S35  38629255.666   202998151.1820       -484.011          41.000  
G17  22044030.364   115842130.1540      -1721.349          29.000    22044023.242    90266589.9541      -1335.955          21.000  
C30  23769977.280   123776505.8190      -2656.245          28.000                                                                  
C29  22048483.968   114812249.6490       -465.863          38.000                                                                  
C39  22890076.186   119194611.4960        367.096          43.000                                                                  
R12  21463717.888   114655351.0650       2757.654          36.000    21463709.451    89176367.7150       2144.550          36.000  
R22  20550510.955   109700055.9980       1029.383          47.000    20550503.710    85322236.8480        799.682          31.000  
R11  19654726.527   105028908.5240      -1134.471          27.000                                                                  
R23  23487430.653   125641981.5120       2789.210          36.000                                                                  
R21  20982608.007   112282148.8240      -3119.415          36.000    20982608.459    87330536.0610      -2426.327          29.000  
G22  21229609.475   111562283.7200      -1133.378          30.000                                                                  
G06  21128323.672   111030095.9520        882.324          45.000    21128321.875    86516951.0100        687.494          39.000  
S31  38178117.915   200627364.9560       -484.405          34.000  
S33  38884977.375   204341973.6120       -483.324          44.000  
G19  21131016.198   111044161.7570         96.630          42.000                                                                  
C36  22822745.753   118844034.2010      -2529.910          30.000                                                                  
G30  24733754.887   129976758.3101      -3998.534          21.000                                                                  
G14  21388051.892   112394970.9211      -2359.359          25.000                                                                  
E31  23934920.658   125778856.9541       -503.060          25.000    23934921.050    96376020.4280       -385.521          28.000  
E16  25806422.150   135613726.1380       1576.884          43.000    25806430.385   103911803.7000       1208.676          27.000  
E12  24594935.222   129247303.7620       1406.533          36.000                                                                  
G11  23530795.547   123655059.5770       2665.036          37.000    23530801.085    96354671.3560       2076.750          32.000  
E10  26468082.471   139090782.7310       2219.736          26.000    26468102.010   106576091.3510       1701.471          26.000  
E26                                                                  27861700.205   112187520.8921      -2478.894          24.000  
> 2026  7 21  9 30 10.0020000  0 28                           
G24  23376499.601   122844397.8190       -161.965          35.000    23376499.969    95722870.4120       -126.839          28.000  
S35  38630178.032   203002998.5430       -485.537          41.000  
G17  22047308.362   115859359.7150      -1724.303          29.000    22047300.635    90280009.5521      -1344.914          21.000  
E26  27867862.062   146446602.6211      -3238.970          19.000    27867860.694   112212326.1471      -2481.665          24.000  
C30  23775081.123   123803083.1730      -2658.829          28.000                                                                  
C29  22049384.008   114816933.8370       -470.725          39.000                                                                  
C39  22889377.248   119190975.0710        360.534          42.000                                                                  
C35  25217253.552   131312856.1891       1714.938          22.000                                                                  
R12  21458560.737   114627804.2420       2752.417          36.000    21458551.833    89154942.4290       2140.173          37.000  
R22  20548589.395   109689799.3420       1022.151          47.000    20548582.786    85314259.3690        795.432          33.000  
R11  19656856.302   105040279.9981      -1145.191          25.000    19656828.329    81697878.8291       -890.292          15.000  
R23  23482222.723   125614117.0550       2784.084          36.000                                                                  
R21  20988441.439   112313365.1910      -3124.530          34.000    20988440.287    87354815.3940      -2429.504          28.000  
G22  21231772.079   111573654.0990      -1139.310          30.000                                                                  
G06  21126652.254   111021311.7800        874.894          45.000    21126650.513    86510106.2060        681.780          39.000  
S31  38179041.038   200632214.6950       -486.267          33.000  
S33  38885898.752   204346815.9050       -485.015          44.000  
G19  21130836.283   111043213.8600         93.151          42.000                                                                  
C36  22827607.998   118869360.5990      -2535.137          27.000                                                                  
C11  22696995.528   118189204.7390      -1632.005          27.000                                                                  
G30  24741344.028   130016639.6471      -3991.785          19.000                                                                  
G14  21392559.754   112418662.7000      -2366.547          27.000                                                                  
E31  23935877.394   125783883.7651       -505.575          23.000    23935882.201    96379890.5620       -388.874          28.000  
E16  25803423.914   135597970.5160       1574.816          42.000    25803432.422   103899731.2760       1206.394          27.000  
E12  24592264.920   129233268.1280       1401.359          36.000                                                                  
E33  24296425.048   127678575.0661      -1477.854          21.000                                                                  
G11  23525731.161   123628435.2290       2660.617          38.000    23525733.939    96333925.1720       2072.530          33.000  
E10  26463860.922   139068602.5640       2216.192          27.000    26463877.564   106559096.2480       1698.488          25.000  
> 2026  7 21  9 30 20.0020000  0 29                           
G24  23376815.273   122846057.3550       -170.106          34.000    23376814.951    95724163.5730       -132.746          27.000  
S35  38631103.443   203007862.9110       -487.319          41.000  
G17  22050591.387   115876616.6880      -1726.869          28.000    22050586.860    90293466.5981      -1341.560          20.000  
E26  27874031.247   146479022.3301      -3233.022          18.000    27874027.044   112237156.1751      -2486.433          24.000  
C30  23780190.623   123829686.3500      -2661.656          27.000                                                                  
C29  22050292.430   114821664.0280       -475.186          39.000                                                                  
C39  22888691.289   119187405.5670        353.682          42.000                                                                  
C35  25213942.599   131295615.0601       1711.188          20.000                                                                  
R12  21453414.973   114600316.3200       2745.990          36.000    21453405.660    89133562.9570       2135.754          38.000  
R22  20546681.538   109679618.7890       1014.460          46.000    20546677.160    85306341.2210        788.889          33.000  
R20  24332645.724   130117591.6151      -4283.507          18.000                                                                  
R11  19659002.880   105051750.4781      -1154.852          26.000    19658992.428    81706873.5971       -903.821          20.000  
R23  23477023.355   125586304.1770       2778.532          35.000    23476980.216    97678009.6401       1840.783          11.000  
R21  20994284.010   112344630.4930      -3128.688          32.000    20994282.370    87379132.9560      -2434.280          29.000  
G22  21233946.789   111585083.1190      -1145.861          30.000                                                                  
G06  21124995.053   111012602.7000        867.439          45.000    21124993.050    86503319.9140        675.669          39.000  
S31  38179967.142   200637081.1400       -487.426          34.000  
S33  38886823.578   204351675.6820       -486.747          44.000  
G19  21130663.586   111042303.5640         89.098          44.000                                                                  
C36  22832481.777   118894745.1760      -2541.277          30.000                                                                  
C11  22700138.199   118205544.5090      -1636.317          29.000                                                                  
G30  24748936.968   130056541.3841      -3993.874          19.000                                                                  
G14  21397067.642   112442366.6050      -2373.720          27.000                                                                  
E31  23936835.924   125788921.3651       -511.000          24.000    23936851.736    96383793.5020       -391.711          28.000  
E16  25800430.027   135582237.9300       1572.337          42.000    25800437.149   103887666.5020       1204.030          26.000  
E12  24589603.562   129219286.3640       1395.818          36.000                                                                  
E33  24299245.734   127693397.4321      -1484.891          22.000                                                                  
G11  23520675.040   123601856.4970       2655.891          40.000    23520675.723    96313214.4460       2070.018          33.000  
E10  26459653.180   139046462.4330       2212.116          29.000    26459661.977   106542093.5651       1694.468          24.000  
> 2026  7 21  9 30 30.0020000  0 29                           
G24  23377146.251   122847794.9310       -178.377          34.000    23377145.682    95725517.4810       -138.617          29.000  
S35  38632031.890   203012741.5070       -489.286          41.000  
G17  22053878.322   115893897.7670      -1729.954          27.000    22053876.020    90306935.1071      -1335.445          19.000  
E26  27880201.524   146511447.2931      -3251.467          18.000    27880197.828   112262002.6511      -2490.311          24.000  
C30  23785303.812   123856311.9830      -2663.879          26.000                                                                  
C29  22051209.403   114826436.9230       -479.546          39.000                                                                  
C39  22888017.793   119183899.7490        346.765          42.000                                                                  
C35  25210645.513   131278446.0980       1705.880          27.000                                                                  
R12  21448279.314   114572884.0680       2739.813          35.000    21448270.420    89112226.7680       2131.122          39.000  
R22  20544787.931   109669511.2850       1006.656          46.000    20544784.822    85298479.8540        782.217          32.000  
R20  24340683.480   130160573.2491      -4282.415          23.000                                                                  
R11  19661168.910   105063335.1890      -1164.193          28.000    19661166.039    81715907.3031       -902.229          21.000  
R23  23471832.292   125558539.7280       2773.670          33.000                                                                  
R21  21000134.556   112375941.3200      -3134.463          31.000    21000134.085    87403485.7530      -2436.931          28.000  
G22  21236132.718   111596567.4810      -1151.534          30.000                                                                  
G06  21123351.519   111003965.4370        859.584          46.000    21123349.392    86496589.5650        670.135          39.000  
S31  38180895.444   200641961.8620       -488.556          33.000  
S33  38887750.788   204356548.9120       -488.446          44.000  
G19  21130497.377   111041427.5880         85.570          45.000                                                                  
C36  22837368.035   118920184.5770      -2546.835          33.000                                                                  
C11  22703266.982   118221922.0550      -1639.746          28.000                                                                  
G30  24756544.764   130096520.6121      -4001.450          19.000                                                                  
G14  21401594.017   112466130.0760      -2379.911          28.000                                                                  
E31  23937816.172   125794072.6521       -517.277          25.000    23937828.539    96387726.8760       -395.377          28.000  
E16  25797439.882   135566525.1180       1569.898          42.000    25797445.102   103875620.7671       1202.476          26.000  
E12  24586952.635   129205355.1850       1390.493          35.000                                                                  
E33  24302082.408   127708304.2291      -1487.283          25.000                                                                  
G11  23515626.107   123575320.1430       2650.803          41.000    23515625.851    96292536.8260       2066.041          33.000  
E10  26455446.364   139024312.9510       2208.553          29.000    26455448.473   106525128.1431       1694.764          19.000  
> 2026  7 21  9 30 40.0020000  0 29                           
G24  23377492.338   122849611.9030       -185.756          33.000    23377492.596    95726933.3080       -144.847          29.000  
S35  38632963.149   203017634.7930       -490.098          41.000  
G17  22057171.371   115911204.2500      -1731.507          28.000    22057169.647    90320422.2951      -1349.399          17.000  
E26  27886383.015   146543931.0411      -3249.199          18.000    27886372.939   112286867.5931      -2486.081          23.000  
C30  23790423.157   123882969.5490      -2666.695          24.000                                                                  
C29  22052134.757   114831253.9350       -483.478          40.000                                                                  
C39  22887356.886   119180459.0340        340.949          43.000                                                                  
C35  25207375.951   131261398.4940       1703.164          32.000                                                                  
R12  21443154.436   114545509.0840       2734.625          33.000    21443145.685    89090935.1150       2126.947          39.000  
R22  20542908.159   109659478.1520        999.729          46.000    20542905.234    85290676.2730        777.135          31.000  
R20  24348709.382   130203490.6091      -4284.419          24.000                                                                  
R11  19663358.848   105075023.3930      -1174.006          29.000    19663354.565    81725003.3221       -903.745          19.000  
R23  23466650.863   125530825.0510       2768.272          35.000                                                                  
R21  21005995.821   112407298.9070      -3137.590          31.000    21005992.789    87427874.9610      -2440.442          26.000  
G22  21238329.488   111608108.6100      -1156.640          29.000                                                                  
G06  21121721.656   110995401.3930        852.720          46.000    21121719.735    86489916.3150        664.315          39.000  
S31  38181827.102   200646857.6930       -490.057          33.000  
S33  38888681.143   204361437.7060       -489.440          44.000  
G19  21130337.934   111040587.3150         82.402          44.000                                                                  
C36  22842265.941   118945680.1850      -2552.343          31.000                                                                  
C11  22706409.800   118238338.1560      -1643.709          27.000                                                                  
G30  24764169.338   130136588.1321      -3996.196          22.000                                                                  
G14  21406125.086   112489954.5250      -2385.489          28.000                                                                  
E31  23938803.036   125799258.0401       -520.233          27.000    23938813.384    96391691.6270       -398.325          27.000  
E16  25794453.970   135550833.5250       1568.140          42.000    25794456.766   103863588.4591       1201.318          25.000  
E12  24584311.406   129191476.0740       1385.801          35.000                                                                  
E33  24304925.241   127723243.5401      -1495.239          26.000                                                                  
G11  23510585.591   123548827.6220       2647.198          43.000    23510583.900    96271893.3640       2062.584          33.000  
E10  26451243.776   139002247.6690       2204.480          28.000    26451238.558   106508176.4271       1690.951          20.000  
> 2026  7 21  9 30 50.0020000  0 30                           
G24  23377852.334   122851506.0090       -192.854          31.000    23377852.443    95728409.2850       -150.990          28.000  
S35  38633896.993   203022541.8210       -491.417          41.000  
G17  22060469.722   115928534.1310      -1734.812          28.000    22060474.602    90333955.0671      -1359.426          18.000  
C30  23795545.112   123909647.6631      -2668.895          22.000                                                                  
C29  22053067.762   114836112.8340       -488.300          39.000                                                                  
C39  22886708.656   119177081.3100        334.538          43.000                                                                  
C35  25204108.368   131244384.5000       1699.162          34.000                                                                  
R12  21438039.517   114518189.1960       2728.986          31.000    21438031.334    89069686.2880       2122.906          39.000  
R22  20541042.156   109649516.9570        992.315          47.000    20541039.399    85282928.6510        772.599          31.000  
R20  24356719.963   130246326.8481      -4280.841          22.000                                                                  
R11  19665565.020   105086806.6800      -1183.508          30.000    19665557.713    81734160.2131       -919.451          20.000  
R23  23461479.786   125503157.9190       2764.522          36.000                                                                  
R21  21011866.293   112438731.7330      -3142.805          28.000    21011861.217    87452298.9480      -2443.514          26.000  
G22  21240535.523   111619769.4010      -1162.984          28.000                                                                  
G06  21120105.795   110986908.4080        845.508          47.000    21120103.566    86483298.3750        659.171          38.000  
S31  38182761.316   200651765.9760       -491.958          33.000  
S33  38889613.799   204366339.2770       -490.944          44.000  
G19  21130184.304   111039780.5390         78.809          45.000                                                                  
C36  22847171.273   118971229.8160      -2558.068          29.000                                                                  
C11  22709577.224   118254790.7830      -1647.486          31.000                                                                  
R10  22775520.279   121406338.4931      -4275.938          26.000                                                                  
G30  24771796.084   130176666.7581      -3999.775          23.000                                                                  
G14  21410667.578   112513837.7980      -2391.260          28.000                                                                  
E31  23939798.709   125804478.8640       -522.823          27.000    23939805.637    96395686.2190       -401.459          28.000  
E16  25791471.271   135535160.9940       1566.340          41.000    25791470.754   103851564.6801       1201.981          25.000  
E12  24581679.748   129177646.8590       1380.377          35.000                                                                  
E33  24307778.611   127738236.1330      -1501.269          28.000                                                                  
G11  23505552.795   123522376.8410       2642.706          43.000    23505548.763    96251282.3890       2059.187          33.000  
E10  26447051.215   138980218.3100       2200.482          29.000    26447050.449   106491312.7901       1690.730          22.000  
E26                                                                  27892555.891   112311764.3121      -2494.139          24.000  
> 2026  7 21  9 31  0.0020000  0 31                           
G24  23378227.947   122853481.3350       -202.679          31.000    23378228.228    95729948.4120       -157.037          29.000  
S35  38634833.749   203027464.8270       -493.099          41.000  
G03  23769530.062   124909722.6291      -1114.685          26.000                                                                  
G17  22063766.572   115945875.5631      -1735.622          25.000    22063781.490    90347496.5111      -1347.424          18.000  
C30  23800688.393   123936429.5711      -2672.722          23.000                                                                  
C29  22054009.884   114841017.3320       -492.400          38.000                                                                  
C39  22886073.297   119173770.4470        327.773          44.000                                                                  
C35  25200848.275   131227407.7710       1696.144          36.000                                                                  
R12  21432936.175   114490928.5280       2723.451          29.000    21432927.972    89048483.5450       2118.109          40.000  
R22  20539190.636   109639631.6420        984.961          47.000    20539187.332    85275240.1560        765.374          31.000  
R20  24364727.533   130289146.9511      -4295.257          10.000                                                                  
R11  19667788.980   105098688.4200      -1192.984          31.000    19667781.075    81743400.4451       -925.026          19.000  
R23  23456318.321   125475542.4280       2759.358          37.000                                                                  
R21  21017739.877   112470171.3141      -3133.447          20.000    21017738.751    87476760.4120      -2447.985          26.000  
G22  21242751.279   111631411.2401      -1165.823          27.000                                                                  
G06  21118503.909   110978490.3330        838.373          47.000    21118501.584    86476738.8640        653.180          38.000  
S31  38183698.532   200656692.2970       -492.957          33.000  
S33  38890549.646   204371257.9260       -492.311          44.000  
G19  21130037.950   111039011.1300         75.182          45.000                                                                  
C36  22852085.977   118996807.7721      -2561.501          25.000                                                                  
C11  22712745.145   118271283.6640      -1651.404          31.000                                                                  
R10  22783551.509   121449129.9500      -4281.538          27.000                                                                  
G30  24779418.193   130216721.0841      -4003.569          25.000                                                                  
G14  21415237.861   112537783.7350      -2397.835          28.000                                                                  
E31  23940805.393   125809734.9120       -527.883          28.000    23940805.881    96399713.4960       -403.623          27.000  
E16  25788492.471   135519511.4280       1564.144          41.000    25788490.264   103839563.4771       1199.465          25.000  
E12  24579057.311   129163871.3600       1375.171          33.000                                                                  
E33  24310640.201   127753278.1720      -1506.758          29.000                                                                  
G11  23500527.949   123495971.6960       2638.515          43.000    23500523.951    96230706.9950       2056.161          33.000  
E10  26442869.628   138958228.8560       2197.475          30.000    26442871.758   106474486.6411       1683.804          26.000  
E26                                                                  27898741.117   112336668.8861      -2492.727          24.000  
> 2026  7 21  9 31 10.0020000  0 29                           
G24  23378618.768   122855535.9100       -209.222          31.000    23378620.385    95731549.3720       -162.749          30.000  
S35  38635773.394   203032403.3520       -494.594          41.000  
G03  23771648.662   124920894.6870      -1123.476          27.000                                                                  
G17  22067064.229   115963204.8671      -1739.237          23.000    22067087.326    90361032.7301      -1343.186          15.000  
C29  22054960.283   114845965.8830       -496.968          38.000                                                                  
C39  22885450.575   119170524.8370        321.586          44.000                                                                  
C35  25197594.909   131210466.8430       1692.391          38.000                                                                  
R12  21427843.547   114463725.7080       2717.235          29.000    21427835.725    89027325.7290       2113.751          40.000  
R22  20537352.830   109629820.6610        977.366          47.000    20537349.022    85267609.3560        759.732          30.000  
R11  19670031.984   105110667.4850      -1202.551          30.000    19670024.940    81752727.1091       -934.748          17.000  
R23  23451165.990   125447977.0260       2754.233          37.000                                                                  
R21  21023620.291   112501638.6761      -3151.672          22.000    21023627.183    87501302.7771      -2451.666          25.000  
G22  21244986.252   111643131.8060      -1174.210          28.000                                                                  
G06  21116915.730   110970145.5950        830.914          47.000    21116913.427    86470236.4550        647.621          38.000  
S31  38184638.924   200661632.6320       -494.698          33.000  
S33  38891488.368   204376191.3710       -494.113          44.000  
G19  21129898.349   111038277.4290         71.483          45.000                                                                  
C36  22857023.914   119022521.2001      -2568.345          26.000                                                                  
C11  22715919.180   118287815.0090      -1655.066          29.000                                                                  
R10  22791588.456   121491995.0940      -4285.798          26.000                                                                  
G30  24787038.425   130256765.3171      -4003.342          26.000                                                                  
G14  21419799.553   112561790.6270      -2403.776          29.000                                                                  
E31  23941813.353   125815032.1080       -532.141          28.000    23941814.018    96403772.4420       -407.415          26.000  
E16  25785518.460   135503883.2510       1561.654          40.000    25785516.971   103827591.7121       1196.892          25.000  
E12  24576444.982   129150148.0440       1369.153          33.000                                                                  
E33  24313516.519   127768375.8240      -1512.530          29.000                                                                  
G11  23495510.777   123469610.6340       2633.708          43.000    23495507.596    96210165.9610       2051.776          34.000  
E10  26438696.061   138936277.7400       2194.494          30.000    26438695.310   106457664.6530       1680.377          28.000  
E26                                                                  27904930.772   112361592.2841      -2498.649          23.000  
> 2026  7 21  9 31 20.0020000  0 30                           
G24  23379025.296   122857666.2430       -216.721          32.000    23379026.395    95733209.3800       -169.285          29.000  
S35  38636715.511   203037353.6620       -495.455          41.000  
G03  23773786.022   124932117.1950      -1130.377          27.000                                                                  
G17  22070404.557   115980757.9231      -1742.838          25.000                                                                  
E26  27911137.069   146674014.5181      -3248.182          19.000    27911126.116   112386538.2471      -2493.500          23.000  
C29  22055918.287   114850954.7180       -500.972          38.000                                                                  
C39  22884839.236   119167340.8860        315.184          44.000                                                                  
C35  25194348.010   131193557.9810       1688.926          39.000                                                                  
R12  21422759.919   114436576.9720       2712.107          30.000    21422753.431    89006209.9900       2109.375          41.000  
R22  20535527.992   109620080.1960        970.476          47.000    20535523.792    85260033.3660        755.706          31.000  
R11  19672291.738   105122739.7170      -1211.436          30.000    19672282.334    81762109.3961       -954.475          17.000  
R23  23446022.699   125420457.7410       2749.529          38.000                                                                  
R21  21029527.654   112533220.1770      -3156.216          27.000    21029518.082    87525820.5781      -2455.939          24.000  
G22  21247231.573   111654951.1400      -1179.241          28.000                                                                  
G06  21115341.087   110961870.4420        824.120          47.000    21115339.102    86463788.3000        641.965          39.000  
S31  38185580.968   200666585.6950       -496.187          33.000  
S33  38892429.453   204381136.7720       -494.967          44.000  
G19  21129765.031   111037575.7450         68.541          45.000                                                                  
C36  22861946.397   119048153.4170      -2573.889          27.000                                                                  
C11  22719101.367   118304381.1720      -1658.327          28.000                                                                  
R10  22799634.015   121534878.0811      -4290.142          24.000                                                                  
G30  24794654.713   130296789.8321      -4001.840          25.000                                                                  
G14  21424376.404   112585854.7390      -2409.458          28.000                                                                  
E31  23942827.760   125820366.7650       -535.656          28.000    23942830.904    96407861.0200       -410.017          26.000  
E16  25782547.920   135488272.7390       1560.285          41.000    25782546.615   103815630.4271       1195.158          26.000  
E12  24573842.367   129136473.2510       1364.690          32.000                                                                  
E33  24316395.256   127783525.3300      -1517.450          29.000                                                                  
E23  26509808.840   139309985.3561      -2414.422          20.000                                                                  
G11  23490501.565   123443289.9820       2629.843          42.000    23490499.695    96189656.4040       2049.703          33.000  
E10  26434528.150   138914361.3130       2189.557          29.000    26434524.682   106440871.4790       1678.452          29.000  
> 2026  7 21  9 31 30.0020000  0 30                           
G24  23379445.820   122859870.7140       -224.429          33.000    23379445.794    95734927.0900       -174.516          29.000  
S35  38637659.260   203042313.5920       -497.153          41.000  
G17  22073717.311   115998166.7991      -1740.175          22.000                                                                  
C30  23816115.514   124016763.2651      -2675.687          24.000                                                                  
C29  22056883.572   114855982.2490       -504.469          36.000                                                                  
C39  22884239.514   119164217.0970        308.890          44.000                                                                  
C35  25191106.783   131176679.6630       1685.935          40.000                                                                  
R12  21417684.390   114409480.8400       2705.536          31.000    21417680.869    88985135.1570       2105.365          41.000  
R22  20533716.001   109610408.7370        963.287          48.000    20533712.654    85252511.2210        748.720          32.000  
R11  19674567.801   105134904.3240      -1221.134          26.000    19674559.482    81771573.1891       -946.578          20.000  
R23  23440887.007   125392983.3070       2744.781          38.000                                                                  
R21  21035437.160   112564800.8090      -3160.523          26.000    21035416.580    87550371.2781      -2457.690          24.000  
G22  21249468.805   111666711.9521      -1184.659          27.000                                                                  
G06  21113778.813   110953663.4120        817.039          47.000    21113777.494    86457393.1970        636.847          39.000  
S31  38186525.453   200671547.6990       -496.591          33.000  
S33  38893372.519   204386092.5320       -496.212          44.000  
G19  21129637.001   111036904.5850         65.152          44.000                                                                  
C36  22866894.783   119073920.0540      -2579.435          28.000                                                                  
C11  22722290.229   118320980.5430      -1661.686          29.000                                                                  
R10  22807683.474   121577786.2531      -4298.894          21.000                                                                  
G30  24802268.582   130336800.8071      -4004.543          25.000                                                                  
G14  21428966.101   112609974.5990      -2414.605          25.000                                                                  
E31  23943851.766   125825737.4590       -539.304          27.000    23943851.867    96411976.2870       -413.630          25.000  
E16  25779580.842   135472678.4740       1558.126          41.000    25779579.134   103803682.5631       1192.481          26.000  
E12  24571247.493   129122845.3980       1360.409          31.000                                                                  
E33  24319287.208   127798725.1160      -1522.791          29.000                                                                  
E23  26514409.576   139334162.5071      -2416.715          24.000                                                                  
G11  23485499.109   123417008.3060       2625.739          41.000    23485499.075    96169177.2340       2045.908          33.000  
E10  26430366.101   138892477.9750       2186.377          28.000    26430359.639   106424103.8070       1675.364          29.000  
E26                                                                  27917324.205   112411495.7201      -2503.932          22.000  
> 2026  7 21  9 31 40.0020000  0 30                           
G24  23379880.635   122862147.9340       -232.225          34.000    23379879.996    95736701.5630       -180.608          29.000  
S35  38638604.835   203047282.4330       -497.704          41.000  
G17  22077029.512   116015572.8441      -1742.515          20.000                                                                  
C30  23821247.670   124043486.8851      -2678.385          25.000                                                                  
C29  22057856.171   114861047.1120       -508.203          35.000                                                                  
C39  22883651.019   119161152.1380        303.177          45.000                                                                  
C35  25187870.992   131159830.5350       1683.117          40.000                                                                  
R12  21412620.052   114382436.0950       2701.270          34.000    21412618.428    88964100.3930       2101.019          41.000  
R22  20531916.725   109600804.8380        956.582          48.000    20531914.144    85245041.4860        745.157          31.000  
R11  19676859.175   105147168.6711      -1226.589          20.000    19676860.119    81781134.8871       -955.413          24.000  
R23  23435759.354   125365552.2200       2740.598          37.000                                                                  
R21  21041329.840   112596405.9931      -3159.664          21.000    21041324.317    87574959.5531      -2461.138          25.000  
G22  21251719.624   111678533.7340      -1190.160          27.000                                                                  
G06  21112229.997   110945523.0840        810.366          47.000    21112228.671    86451050.1120        631.585          39.000  
S31  38187471.213   200676519.6310       -497.460          33.000  
S33  38894317.139   204391056.1990       -497.002          44.000  
G19  21129514.542   111036262.4920         62.478          44.000                                                                  
C36  22871842.071   119099736.1280      -2584.034          26.000                                                                  
C11  22725485.379   118337611.8470      -1664.660          30.000                                                                  
R10  22815743.307   121620750.0181      -4306.236          22.000                                                                  
G30  24809880.485   130376801.1131      -4009.380          25.000                                                                  
G14  21433761.201   112635175.1521      -2497.516          22.000                                                                  
E31  23944880.164   125831142.7940       -542.646          27.000    23944878.980    96416105.1231       -414.321          25.000  
E16  25776616.431   135457099.0870       1556.910          41.000    25776616.246   103791752.1561       1192.822          27.000  
E12  24568660.329   129109263.2610       1354.791          30.000                                                                  
E33  24322187.205   127813973.6830      -1527.148          28.000                                                                  
E23  26519009.153   139358333.5111      -2421.016          25.000                                                                  
G11  23480503.650   123390764.2630       2622.134          40.000    23480506.208    96148727.3770       2042.652          34.000  
E10  26426207.933   138870626.3670       2183.960          26.000    26426201.677   106407360.5400       1672.475          30.000  
E26                                                                  27923527.487   112436473.8131      -2500.535          22.000  
> 2026  7 21  9 31 50.0020000  0 29                           
G24  23380328.266   122864498.9320       -238.784          35.000    23380328.144    95738533.4960       -185.557          29.000  
S35  38639552.112   203052260.8800       -498.299          41.000  
G17  22080365.897   116033105.2131      -1747.373          22.000                                                                  
C30  23826374.732   124070184.9611      -2679.681          25.000                                                                  
C29  22058835.866   114866150.3570       -512.202          34.000                                                                  
C39  22883074.168   119158147.1060        297.680          45.000                                                                  
C35  25184640.842   131143011.6610       1680.661          40.000                                                                  
R12  21407567.361   114355443.9410       2696.741          36.000    21407565.476    88943106.4990       2097.290          41.000  
R22  20530130.849   109591269.5120        950.339          48.000    20530127.071    85237625.1340        739.163          30.000  
R11  19679167.306   105159502.7441      -1246.735          18.000    19679172.088    81790744.0991       -963.400          25.000  
R23  23430639.157   125338165.7530       2736.518          36.000                                                                  
R21  21047248.718   112628078.6081      -3168.579          27.000    21047250.610    87599593.8050      -2463.982          27.000  
G22  21253990.799   111690459.4300      -1193.224          28.000                                                                  
G06  21110693.878   110937450.5930        804.009          47.000    21110692.490    86444759.8760        626.389          39.000  
S31  38188419.311   200681500.0750       -497.886          33.000  
S33  38895263.623   204396029.6710       -497.694          44.000  
G19  21129397.985   111035650.5010         60.004          44.000                                                                  
C36  22876814.075   119125602.6690      -2588.654          27.000                                                                  
C11  22728686.726   118354275.9620      -1667.711          27.000                                                                  
R10  22823818.456   121663795.4481      -4303.915          22.000                                                                  
G30  24817498.308   130416833.1831      -4004.600          25.000                                                                  
E31  23945917.607   125836583.8500       -545.656          27.000    23945913.212    96420269.2911       -417.282          23.000  
E16  25773654.846   135441535.7000       1555.544          41.000    25773657.214   103779826.9830       1191.882          28.000  
E12  24566084.739   129095727.7890       1351.392          30.000                                                                  
E33  24325097.973   127829272.1450      -1531.757          28.000                                                                  
E23  26523618.550   139382555.3611      -2423.336          26.000                                                                  
G11  23475515.683   123364559.0150       2618.917          38.000    23475521.171    96128307.7430       2040.442          34.000  
E10  26422050.153   138848807.7780       2180.653          26.000    26422049.417   106390642.4680       1670.736          31.000  
E26                                                                  27929733.849   112461464.0901      -2497.050          22.000  
> 2026  7 21  9 32  0.0020000  0 30                           
G24  23380787.943   122866916.7100       -245.606          36.000    23380787.206    95740417.5770       -192.065          28.000  
S35  38640500.072   203057241.9630       -499.078          41.000  
G03  23782510.171   124977934.1521      -1158.571          25.000                                                                  
G17  22083697.194   116050611.2561      -1749.060          24.000                                                                  
C30  23831503.338   124096891.1791      -2682.404          26.000                                                                  
C29  22059821.598   114871285.0060       -516.267          32.000                                                                  
C39  22882507.454   119155195.1530        291.697          46.000                                                                  
C35  25181415.218   131126216.1430       1677.617          41.000                                                                  
R12  21402523.359   114328497.5510       2691.888          37.000    21402521.292    88922148.2090       2093.530          41.000  
R22  20528356.703   109581795.7480        943.544          49.000    20528352.063    85230256.6480        734.506          32.000  
R11  19681494.938   105171940.8111      -1248.545          21.000    19681498.095    81800412.8060       -970.861          26.000  
R23  23425525.212   125310816.7250       2732.129          36.000                                                                  
R21  21053179.117   112659773.6340      -3171.352          28.000    21053171.923    87624244.3700      -2466.890          27.000  
G06  21109169.166   110929438.9340        797.313          48.000    21109168.097    86438517.0430        621.221          39.000  
S31  38189367.715   200686484.1530       -499.581          33.000  
S33  38896210.700   204401006.2350       -498.616          44.000  
G19  21129285.828   111035061.6890         56.896          43.000                                                                  
C36  22881798.131   119151512.5910      -2593.237          30.000                                                                  
C11  22731892.255   118370965.9080      -1671.247          27.000                                                                  
R10  22831901.490   121706882.4711      -4306.720          20.000                                                                  
G30  24825116.631   130456868.0401      -4003.918          25.000                                                                  
G14  21442786.175   112682601.5361      -2429.681          23.000                                                                  
E31  23946960.271   125842053.8230       -549.564          27.000    23946955.267    96424465.4791       -423.438          22.000  
E16  25770694.890   135425981.3170       1554.282          41.000    25770698.066   103767908.6940       1191.168          28.000  
E12  24563519.358   129082232.0950       1346.738          30.000                                                                  
E33  24328016.064   127844613.4110      -1536.462          27.000                                                                  
E23  26528220.529   139406739.4621      -2425.816          26.000                                                                  
G11  23470533.453   123338385.6760       2614.505          36.000    23470541.440    96107912.9060       2037.888          34.000  
E10  26417901.244   138827015.2560       2177.256          31.000    26417902.348   106373944.3300       1668.958          31.000  
E26                                                                  27935942.623   112486464.5841      -2505.596          22.000  
> 2026  7 21  9 32 10.0020000  0 29                           
G24  23381262.694   122869411.8370       -252.828          36.000    23381260.649    95742361.7740       -196.664          29.000  
S35  38641450.662   203062236.3650       -499.625          41.000  
G03  23784702.750   124989455.7941      -1168.751          23.000                                                                  
G17  22087005.361   116067996.1761      -1745.932          23.000                                                                  
C30  23836645.757   124123668.8471      -2682.976          26.000                                                                  
C29  22060815.118   114876461.4070       -519.746          32.000                                                                  
C39  22881952.937   119152306.6890        286.113          46.000                                                                  
C35  25178196.121   131109454.3820       1674.738          41.000                                                                  
R12  21397489.872   114301607.7320       2686.450          38.000    21397487.392    88901233.9370       2089.545          41.000  
R22  20526595.407   109572394.0900        936.761          49.000    20526591.926    85222944.3100        728.248          32.000  
R11  19683841.515   105184480.8451      -1264.248          20.000    19683839.796    81810155.1890       -977.626          27.000  
R23  23420421.520   125283515.9620       2728.026          37.000                                                                  
R21  21059099.214   112691510.8840      -3175.146          27.000    21059100.261    87648928.9070      -2469.724          27.000  
G06  21107658.180   110921498.6450        790.793          47.000    21107657.158    86432329.8030        616.036          39.000  
S31  38190318.647   200691481.1630       -500.755          33.000  
S33  38897160.263   204405996.1240       -499.171          44.000  
G19  21129179.886   111034506.4820         54.111          44.000                                                                  
C36  22886786.884   119177476.2760      -2598.277          33.000                                                                  
C11  22735104.559   118387692.0750      -1673.923          27.000                                                                  
R10  22839997.093   121750036.5691      -4313.746          19.000                                                                  
G30  24832738.639   130496922.2221      -4004.267          26.000                                                                  
E31  23948007.990   125847563.0390       -552.409          26.000    23948002.673    96428682.3381       -420.054          20.000  
E16  25767738.719   135410446.5600       1552.854          41.000    25767742.508   103756005.4750       1189.868          29.000  
E12  24560963.851   129068786.7800       1342.528          29.000                                                                  
E33  24330943.084   127860008.0490      -1541.888          27.000                                                                  
E23  26532840.809   139431012.3430      -2428.492          26.000                                                                  
G11  23465558.730   123312254.7790       2610.853          34.000    23465569.040    96087551.1450       2035.359          33.000  
E10  26413764.323   138805259.3190       2173.954          33.000    26413762.412   106357274.2140       1666.867          31.000  
E26                                                                  27942156.144   112511483.6921      -2500.187          22.000  
> 2026  7 21  9 32 20.0020000  0 29                           
G24  23381751.766   122871978.9520       -261.451          37.000    23381749.446    95744351.1040       -203.286          29.000  
S35  38642402.786   203067238.4120       -501.535          41.000  
G17  22090335.756   116085497.4481      -1753.053          25.000                                                                  
C30  23841797.491   124150510.3590      -2685.628          26.000                                                                  
C29  22061813.893   114881674.2370       -523.566          29.000                                                                  
C39  22881409.890   119149476.5160        279.227          46.000                                                                  
C35  25174982.548   131092721.0870       1671.010          41.000                                                                  
R12  21392466.283   114274769.1770       2680.389          38.000    21392463.104    88880359.5060       2084.723          41.000  
R22  20524846.909   109563059.2580        929.191          49.000    20524844.386    85215683.8940        722.388          34.000  
R11  19686188.316   105197021.4021      -1267.556          15.000    19686196.969    81819967.4980       -985.381          27.000  
R23  23415326.348   125256258.0240       2722.825          38.000                                                                  
R21  21065033.865   112723286.2420      -3179.951          28.000    21065033.902    87673643.0530      -2473.741          25.000  
G22  21260854.304   111726529.9240      -1209.892          28.000                                                                  
G06  21106160.061   110913624.4230        783.115          48.000    21106158.835    86426194.0560        610.260          39.000  
S31  38191271.100   200696485.6600       -502.236          33.000  
S33  38898111.212   204410993.7230       -501.243          44.000  
G19  21129079.345   111033979.5820         50.452          44.000                                                                  
C36  22891783.608   119203488.4710      -2605.199          33.000                                                                  
C11  22738322.167   118404449.1000      -1677.725          26.000                                                                  
G30  24840363.388   130536994.2930      -4005.398          27.000                                                                  
G14  21452059.669   112731334.3351      -2443.005          26.000                                                                  
E31  23949061.619   125853167.3461       -556.730          26.000    23949059.430    96432937.4731       -419.139          18.000  
E16  25764785.611   135394926.0970       1550.374          41.000    25764789.260   103744113.1710       1188.406          29.000  
E12  24558415.156   129055386.4680       1336.912          27.000                                                                  
E33  24333881.155   127875450.5470      -1547.925          26.000                                                                  
E23  26537462.458   139455305.9081      -2432.493          25.000                                                                  
G11  23460593.516   123286161.1030       2605.611          34.000    23460602.962    96067218.3810       2030.885          33.000  
E10  26409631.588   138783534.6770       2170.044          34.000    26409627.872   106340628.1370       1661.706          30.000  
E26                                                                  27948372.789   112536515.4661      -2509.223          22.000  
> 2026  7 21  9 32 30.0020000  0 29                           
G24  23382256.043   122874624.9370       -266.131          38.000    23382253.159    95746412.9600       -207.128          29.000  
S35  38643357.408   203072256.0820       -499.861          41.000  
G17  22093685.768   116103101.6011      -1754.003          26.000                                                                  
C30  23846963.029   124177375.7040      -2684.833          27.000                                                                  
C29  22062818.886   114886930.4830       -525.773          25.000                                                                  
C39  22880878.965   119146711.5830        275.731          46.000                                                                  
C35  25171775.691   131076023.2540       1670.244          41.000                                                                  
R12  21387452.916   114247989.1000       2677.545          37.000    21387449.978    88859530.5670       2083.124          41.000  
R22  20523112.193   109553798.2050        924.688          49.000    20523111.158    85208480.8650        719.236          34.000  
R11  19688566.039   105209726.4471      -1274.178          23.000    19688575.764    81829855.1890       -990.566          28.000  
R23  23410240.271   125229050.1330       2720.507          38.000                                                                  
R21  21070981.440   112755106.8460      -3181.747          29.000    21070970.575    87698392.3560      -2475.121          25.000  
G22  21263169.073   111738689.6870      -1213.105          29.000                                                                  
G06  21104675.521   110905823.2600        778.719          47.000    21104674.412    86420115.2190        606.938          39.000  
S31  38192226.745   200701505.7440       -499.868          33.000  
S33  38899064.893   204416006.0250       -499.664          44.000  
G19  21128985.956   111033488.0150         49.815          44.000                                                                  
C36  22896789.738   119229555.9920      -2607.837          33.000                                                                  
C11  22741546.364   118421244.0280      -1678.662          27.000                                                                  
G30  24847985.679   130577048.1130      -4003.520          26.000                                                                  
G14  21456730.095   112755847.9120      -2445.265          27.000                                                                  
E31  23950131.709   125858790.7651       -557.792          26.000    23950123.629    96437222.5091       -422.575          17.000  
E16  25761836.412   135379426.9860       1551.231          41.000    25761840.146   103732237.2650       1188.747          30.000  
E12  24555875.407   129042038.2220       1334.851          26.000                                                                  
E33  24336831.856   127890947.8880      -1550.153          26.000                                                                  
E23  26542084.409   139479594.6331      -2429.612          22.000                                                                  
G11  23455639.179   123260111.5610       2605.261          36.000    23455645.005    96046920.0850       2028.986          32.000  
E10  26405504.475   138761848.3660       2169.244          35.000    26405501.390   106324011.3300       1662.091          31.000  
E26                                                                  27954593.341   112561563.4641      -2501.062          22.000  
> 2026  7 21  9 32 40.0020000  0 27                           
G24  23382764.831   122877302.1930       -270.282          38.000    23382762.914    95748499.1690       -210.208          28.000  
S35  38644306.152   203077240.3490       -497.400          41.000  
G17  22097019.891   116120622.6801      -1751.861          25.000                                                                  
C30  23852118.655   124204217.3420      -2683.953          27.000                                                                  
C29  22063814.685   114892072.1641       -525.701          26.000                                                                  
C39  22880351.624   119143964.6890        273.135          46.000                                                                  
C35  25168566.643   131059313.5390       1670.613          42.000                                                                  
R12  21382441.013   114221219.3080       2675.671          35.000    21382438.644    88838709.6270       2081.195          40.000  
R22  20521381.695   109544562.6230        921.643          48.000    20521382.593    85201297.6250        717.019          34.000  
R11  19690958.033   105222508.7491      -1273.428          23.000    19690968.140    81839780.1880       -994.617          28.000  
R23  23405153.953   125201843.8060       2719.987          40.000                                                                  
R21  21076929.560   112786923.9130      -3182.432          30.000    21076924.535    87723138.9570      -2475.255          26.000  
G22  21265473.642   111750822.3820      -1214.202          30.000                                                                  
G06  21103195.678   110898047.4500        775.558          47.000    21103194.370    86414056.1690        604.399          39.000  
S31  38193175.209   200706492.3870       -497.771          33.000  
S33  38900012.414   204420985.7990       -497.108          44.000  
G19  21128890.372   111032984.0820         50.297          44.000                                                                  
C36  22901796.610   119255631.5620      -2608.969          31.000                                                                  
G30  24855605.759   130617062.9150      -4001.434          25.000                                                                  
G14  21461391.264   112780311.3960      -2447.719          26.000                                                                  
E31  23951195.800   125864382.5911       -557.126          25.000    23951194.985    96441537.0481       -426.969          17.000  
E16  25758882.298   135363901.5660       1553.306          42.000    25758886.018   103720341.1630       1190.780          30.000  
E12  24553336.886   129028694.3670       1333.698          25.000                                                                  
E33  24339784.683   127906452.4420      -1551.752          25.000                                                                  
G11  23450685.196   123234058.6230       2604.804          38.000    23450685.560    96026619.1100       2029.060          31.000  
E10  26401375.306   138740152.7480       2169.379          35.000    26401373.451   106307387.4780       1662.323          31.000  
E26                                                                  27960808.167   112586587.9471      -2504.348          22.000  
> 2026  7 21  9 32 50.0020000  0 28                           
G24  23383281.509   122880019.2250       -273.011          37.000    23383279.324    95750616.3670       -212.470          28.000  
S35  38645249.783   203082200.4500       -493.931          41.000  
G17  22100348.651   116138115.8991      -1748.842          24.000                                                                  
C30  23857274.802   124231043.0820      -2680.745          28.000                                                                  
C29  22064834.752   114897347.4210       -525.107          29.000                                                                  
C39  22879828.736   119141244.3200        271.470          46.000                                                                  
C35  25165357.177   131042600.4450       1672.272          42.000                                                                  
R12  21377432.298   114194468.3850       2675.336          34.000    21377430.555    88817903.3520       2080.627          40.000  
R22  20519657.712   109535361.1020        919.308          48.000    20519659.599    85194140.8760        714.783          34.000  
R11  19693361.454   105235351.7151      -1283.378          22.000    19693368.018    81849749.9140       -998.724          29.000  
R23  23400070.188   125174647.6250       2720.243          41.000                                                                  
R21  21082877.582   112818746.2290      -3181.513          30.000    21082885.641    87747885.5620      -2474.279          26.000  
G22  21267786.455   111762972.8090      -1215.132          29.000                                                                  
G06  21101722.346   110890305.5920        773.310          47.000    21101720.836    86408023.5460        602.773          39.000  
S31  38194119.716   200711455.5430       -493.824          33.000  
S33  38900955.383   204425941.0560       -493.732          44.000  
G19  21128793.940   111032476.3360         51.660          45.000                                                                  
C36  22906807.537   119281723.5520      -2608.981          33.000                                                                  
C11  22747987.731   118454740.7551      -1676.541          26.000                                                                  
G30  24863213.591   130657062.0450      -3996.319          25.000                                                                  
G14  21466052.447   112804796.1090      -2449.451          25.000                                                                  
E31  23952251.896   125869932.4711       -557.775          24.000    23952259.480    96445823.3311       -428.591          18.000  
E16  25755924.705   135348358.4350       1555.867          42.000    25755928.527   103708448.5120       1192.424          30.000  
E12  24550800.378   129015326.4621       1332.960          25.000                                                                  
E33  24342752.159   127922025.7141      -1560.273          22.000                                                                  
G11  23445731.342   123208010.8920       2605.074          39.000    23445726.548    96006322.2000       2030.188          31.000  
E10  26397244.575   138718456.4110       2169.999          34.000    26397245.190   106290763.0260       1663.384          32.000  
E26                                                                  27967022.790   112611611.2651      -2492.760          22.000  
> 2026  7 21  9 33  0.0020000  0 29                           
G24  23383803.310   122882760.2330       -276.195          38.000    23383800.109    95752752.2150       -214.721          29.000  
S35  38646185.816   203087120.3830       -490.535          41.000  
G17  22103673.279   116155586.4651      -1746.899          24.000                                                                  
C30  23862424.700   124257837.3250      -2678.369          27.000                                                                  
C29  22065848.102   114902592.9730       -524.015          31.000                                                                  
C39  22879307.987   119138534.9000        269.538          45.000                                                                  
C35  25162144.076   131025868.3430       1673.541          42.000                                                                  
R12  21372424.181   114167720.6730       2673.737          33.000    21372423.042    88797099.5720       2079.901          40.000  
R22  20517937.097   109526177.6750        916.671          47.000    20517938.956    85186998.2030        712.844          34.000  
R11  19695770.850   105248227.2021      -1286.398          22.000    19695774.729    81859751.3570      -1001.816          29.000  
R23  23394985.859   125147445.9030       2719.727          42.000                                                                  
R21  21088821.886   112850557.2370      -3181.340          29.000                                                                  
G22  21270098.936   111775125.0270      -1216.166          29.000                                                                  
G06  21100252.360   110882581.8900        770.776          47.000    21100250.969    86402005.0960        600.775          39.000  
S31  38195056.132   200716377.8560       -490.626          33.000  
S33  38901891.056   204430856.5220       -490.282          44.000  
G19  21128693.767   111031948.9400         52.915          45.000                                                                  
C36  22911819.532   119307816.3320      -2609.529          33.000                                                                  
C11  22751204.123   118471489.2351      -1677.438          25.000                                                                  
G30  24870812.083   130696999.5251      -3991.377          24.000                                                                  
G14  21470711.927   112829352.6491      -2451.010          23.000                                                                  
E31  23953316.693   125875528.4431       -563.744          22.000    23953319.621    96450092.0341       -430.687          17.000  
E16  25752960.682   135332781.8390       1558.672          42.000    25752965.155   103696513.2350       1194.139          30.000  
E12  24548266.421   129002009.8681       1332.910          24.000                                                                  
E33  24345710.564   127937572.3321      -1554.205          19.000                                                                  
E23  26556037.370   139552918.1521      -2430.400          23.000                                                                  
G11  23440773.320   123181952.6360       2605.761          40.000    23440766.092    95986017.1610       2029.161          30.000  
E10  26393111.158   138696743.6190       2171.538          35.000    26393113.090   106274125.9780       1664.630          32.000  
E26                                                                  27973229.944   112636604.4371      -2504.114          20.000  
> 2026  7 21  9 33 10.0020000  0 29                           
G24  23384332.577   122885540.0880       -280.416          38.000    23384329.398    95754918.3800       -218.241          29.000  
S35  38647117.379   203092015.5970       -488.804          41.000  
G17  22107006.963   116173105.6131      -1745.168          26.000                                                                  
C30  23867561.492   124284614.8670      -2677.226          25.000                                                                  
C29  22066857.792   114907842.1160       -525.380          33.000                                                                  
C39  22878792.103   119135851.2130        266.731          44.000                                                                  
C35  25158930.367   131009131.9970       1673.563          42.000                                                                  
R12  21367419.260   114140991.3360       2671.717          33.000    21367419.264    88776310.0880       2078.119          40.000  
R22  20516223.139   109517027.4240        912.916          47.000    20516225.006    85179881.3470        709.953          33.000  
R20  24468771.828   130845518.2831      -4266.132          18.000                                                                  
R11  19698191.165   105261161.1871      -1296.888          25.000    19698191.768    81869796.6130      -1007.052          29.000  
R23  23389902.671   125120253.6950       2718.784          42.000                                                                  
R21  21094767.264   112882372.0790      -3182.049          30.000    21094759.177    87797357.5101      -2475.484          22.000  
G22  21272414.512   111787293.9810      -1218.417          29.000                                                                  
G06  21098788.610   110874891.2850        767.150          47.000    21098787.536    86396012.4270        597.871          39.000  
S31  38195988.132   200721276.0660       -489.353          33.000  
S33  38902821.615   204435746.7230       -488.156          44.000  
G19  21128592.476   111031416.7350         53.037          44.000                                                                  
C36  22916834.529   119333924.6190      -2612.471          35.000                                                                  
C11  22754426.695   118488270.0181      -1676.709          24.000                                                                  
G30  24878398.523   130736866.1681      -3990.982          23.000                                                                  
G14  21475379.764   112853881.6721      -2452.292          24.000                                                                  
E31  23954380.226   125881117.3861       -556.830          21.000                                                                  
E16  25749993.176   135317186.7280       1560.084          42.000    25749997.838   103684563.7600       1195.278          29.000  
E12  24545730.976   128988686.2981       1332.091          22.000                                                                  
E33  24348666.325   127953104.7721      -1557.408          19.000                                                                  
G11  23435816.113   123155898.8470       2604.847          39.000    23435807.898    95965715.5280       2028.847          29.000  
E10  26388981.410   138675029.3340       2171.453          36.000    26388981.189   106257487.8360       1663.227          32.000  
E26                                                                  27979435.008   112661590.1641      -2486.521          21.000  
> 2026  7 21  9 33 20.0020000  0 28                           
G24  23384868.693   122888358.8910       -283.623          37.000    23384865.457    95757114.8690       -221.008          29.000  
S35  38648044.138   203096885.2700       -485.514          41.000  
G17  22110321.163   116190521.7451      -1744.691          25.000                                                                  
C30  23872692.606   124311374.9761      -2678.324          22.000                                                                  
C29  22067868.204   114913094.8490       -525.369          35.000                                                                  
C39  22878281.041   119133193.4150        264.655          44.000                                                                  
C35  25155715.412   130992391.5490       1674.401          42.000                                                                  
R12  21362418.243   114114280.7270       2670.514          32.000    21362418.812    88755535.1780       2077.026          39.000  
R22  20514515.741   109507910.2970        910.138          47.000    20514516.339    85172790.2570        708.248          31.000  
R20  24476764.340   130888258.2051      -4254.981          15.000                                                                  
R11  19700617.263   105274124.6941      -1300.384          26.000    19700618.372    81879885.8350      -1010.900          29.000  
R23  23384821.136   125093071.0920       2717.940          41.000                                                                  
R21  21100715.699   112914190.9820      -3181.555          30.000    21100710.226    87822126.4881      -2474.748          26.000  
G22  21274732.394   111799479.8470      -1219.287          28.000                                                                  
G06  21097331.476   110867233.9060        764.096          47.000    21097330.254    86390045.6450        595.451          39.000  
S31  38196915.172   200726148.2890       -484.957          33.000  
S33  38903747.365   204440611.9750       -485.377          44.000  
G19  21128490.213   111030879.8910         54.273          44.000                                                                  
C36  22921852.211   119360048.4400      -2613.557          35.000                                                                  
C11  22757657.850   118505096.4151      -1676.388          24.000                                                                  
C26  26723484.274   139156195.0301       2491.627          25.000                                                                  
E16  25747022.139   135301573.2340       1562.478          43.000    25747027.307   103672600.1420       1197.396          28.000  
E12  24543196.256   128975366.7681       1329.008          22.000                                                                  
E33  24351628.073   127968668.8021      -1556.430          20.000                                                                  
G11  23430859.798   123129849.6570       2604.610          38.000    23430851.427    95945417.4260       2030.192          29.000  
E10  26384849.247   138653313.7140       2171.632          36.000    26384848.683   106240848.5620       1664.982          32.000  
E26                                                                  27985639.430   112686572.7611      -2493.856          21.000  
E31                                                                  23955434.580    96458607.6241       -426.267          19.000  
