     3.05           O: OBSERVATION      M: MIXED            RINEX VERSION / TYPE
PYRINEXCONV 0.1.2 ALDELTUNES            20260721 141610 UTC PGM / RUN BY / DATE
UNKN                                                        MARKER NAME
NONE                                                        MARKER TYPE
                                                            OBSERVER / AGENCY
                                                            REC # / TYPE / VERS
                                                            ANT # / TYPE
   112627.0259 -5325480.6601  3496554.4169                  APPROX POSITION XYZ
        0.0000        0.0000        0.0000                  ANTENNA: DELTA H/E/N
G    8 C1C L1C D1C S1C C2L L2L D2L S2L                      SYS / # / OBS TYPES
S    4 C1C L1C D1C S1C                                      SYS / # / OBS TYPES
C    8 C2I L2I D2I S2I C7I L7I D7I S7I                      SYS / # / OBS TYPES
R    8 C1C L1C D1C S1C C2C L2C D2C S2C                      SYS / # / OBS TYPES
E    8 C1C L1C D1C S1C C7Q L7Q D7Q S7Q                      SYS / # / OBS TYPES
DBHZ                                                        SIGNAL STRENGTH UNIT
    10.000                                                  INTERVAL
  2026     7    21    14     6   30.0060000     GPS         TIME OF FIRST OBS
  2026     7    21    14    16   20.0060000     GPS         TIME OF LAST OBS
  9 R01  1 R02 -4 R07  5 R08  6 R14 -7 R15  0 R22 -3 R23  3 GLONASS SLOT / FRQ
    R24  2                                                  GLONASS SLOT / FRQ
 C1C    0.000 C1P    0.000 C2C    0.000 C2P    0.000        GLONASS COD/PHS/BIS
    18        2428     2GPS                                 LEAPSECONDS
    39                                                      # OF SATELLITES
                                                            END OF HEADER
> 2026  7 21 14  6 30.0060000  0 30                           
G29  23808102.897   125112429.6210       2177.371          43.000    23808100.099    97490151.8970       1695.825          28.000  
S35  40053740.900   210483851.6860       -493.756          39.000  
G12  24995603.513   131352782.4100      -3649.894          27.000    24995590.575   102352764.3081      -2839.975          17.000  
C12  26722030.455   139148624.7521      -3178.141          23.000                                                                  
C24  28081637.852   146228481.6080      -2180.035          31.000                                                                  
C19  25169388.148   131063608.9231      -2040.246          25.000                                                                  
R22  25529384.025   136277585.5261      -2902.620          12.000                                                                  
R01  21972916.864   117457832.8431       2269.926          21.000                                                                  
R08  22229912.649   119040172.8481      -1800.750          25.000                                                                  
R23  22907608.525   122540258.0551      -1665.878          21.000                                                                  
R24  22847044.520   122173414.1841       1428.497          20.000    22847037.602    95023751.5510       1109.525          37.000  
G25  24347365.649   127946214.6570      -2324.422          38.000    24347364.041    99698384.3230      -1811.367          31.000  
S31  39610235.888   208153174.7800       -498.114          37.000  
S33  40313174.355   211847174.5710       -496.549          43.000  
G05  22101178.995   116142375.7770       -338.361          39.000    22101173.957    90500596.1120       -263.689          31.000  
C31  24130012.378   125651226.8410       1077.302          36.000                                                                  
C22  23896770.210   124436736.2820       1217.496          28.000                                                                  
C21  27546026.070   143439385.7981       2950.805          19.000                                                                  
R02  25571568.590   136454894.2480       3997.400          32.000    25571589.028   106131587.2081       3109.973          25.000  
R14  24434895.118   130251702.7150      -2529.279          39.000    24434899.150   101306911.2850      -1967.476          25.000  
E11  24105545.414   126675490.3440       -565.092          34.000    24105539.449    97063031.6360       -432.825          36.000  
E25  26507224.767   139296418.8930      -1692.760          47.000    26507225.159   106733626.8130      -1296.928          32.000  
E02  28514923.537   149846933.5871        908.157          26.000    28514928.310   114817770.3260        695.901          27.000  
E16  27979035.566   147030794.0380      -3372.099          25.000    27979026.229   112659929.8930      -2584.310          31.000  
E04  27657771.727   145342570.7621       1408.454          23.000                                                                  
E36  27996618.870   147123183.9880        858.144          28.000    27996620.059   112730785.0090        656.590          30.000  
E10  26566289.885   139606845.3470      -1455.728          31.000    26566290.766   106971444.2591      -1114.900          20.000  
G15  25616183.520   134613985.0150       3290.881          30.000                                                                  
G18  26942113.038   141581764.7060       1894.760          29.000    26942120.764   110323452.4730       1476.628          26.000  
G20                                                                  24259788.418    99339777.9911       1800.697          20.000  
> 2026  7 21 14  6 40.0060000  0 28                           
G29  23803963.144   125090677.8970       2173.293          42.000    23803960.207    97473202.4130       1693.919          29.000  
S35  40054681.885   210488796.7650       -495.176          40.000  
G11  24204432.801   127195160.0530      -2210.126          26.000                                                                  
G12  25002544.710   131389298.0600      -3652.131          27.000    25002541.335   102381227.0791      -2843.415          17.000  
C12  26728141.131   139180444.5811      -3179.410          22.000                                                                  
C24  28085824.666   146250295.6500      -2183.605          31.000                                                                  
C19  25173320.734   131084086.3841      -2046.058          22.000                                                                  
R01  21968669.139   117435125.9981       2267.846          21.000                                                                  
R08  22233287.120   119058242.2821      -1805.717          23.000                                                                  
R24  22844382.142   122159172.5200       1424.681          32.000    22844371.203    95012663.5140       1108.025          38.000  
G25  24351794.259   127969489.4300      -2330.167          37.000    24351792.832    99716520.5370      -1816.310          32.000  
S31  39611184.461   208158159.4140       -498.891          37.000  
S33  40314119.938   211852144.8950       -497.399          42.000  
G05  22101828.916   116145791.3220       -344.751          38.000    22101825.718    90503257.5480       -268.794          32.000  
C31  24127945.325   125640468.8760       1074.557          35.000                                                                  
C22  23894437.110   124424591.8580       1211.213          28.000                                                                  
R02  25564079.509   136414932.7590       3994.995          31.000    25564088.298   106100456.9441       3106.542          25.000  
R14  24439646.567   130277032.2110      -2536.174          38.000    24439648.568   101326617.0571      -1973.492          24.000  
E11  24106621.582   126681150.3120       -566.387          33.000    24106615.968    97067368.5410       -434.730          35.000  
E25  26510451.753   139313375.2790      -1698.101          47.000    26510452.594   106746619.4210      -1301.814          33.000  
E02  28513216.474   149837963.3731        901.926          26.000    28513201.834   114810836.4480        691.607          25.000  
E16  27985452.884   147064564.4640      -3374.880          29.000    27985446.856   112685781.3800      -2585.320          30.000  
E04  27655108.671   145328576.8501       1399.522          20.000                                                                  
E36  27994979.211   147114612.2490        855.765          30.000    27994988.477   112724216.9730        655.927          31.000  
E10  26569057.097   139621405.7660      -1456.315          28.000    26569062.064   106982602.3741      -1114.487          23.000  
G15  25609924.458   134581086.2220       3289.343          27.000                                                                  
G18  26938509.086   141562823.6020       1893.561          30.000    26938515.224   110308732.2540       1475.603          26.000  
G20                                                                  24255394.231    99321784.6561       1795.171          20.000  
> 2026  7 21 14  6 50.0060000  0 28                           
G29  23799830.939   125068962.4060       2169.260          42.000    23799828.095    97456281.2490       1690.615          29.000  
S35  40055624.370   210493748.6010       -495.647          40.000  
G12  25009497.467   131425834.9470      -3655.091          26.000    25009495.796   102409704.1921      -2844.860          14.000  
C12  26734243.196   139212219.6611      -3181.381          21.000                                                                  
C24  28090019.479   146272140.3410      -2184.803          32.000                                                                  
C19  25177270.177   131104652.1920      -2051.780          28.000                                                                  
R01  21964432.905   117412481.0641       2267.163          21.000                                                                  
R08  22236678.906   119076405.2291      -1817.451          23.000    22236663.273    92614917.0681      -1411.122          17.000  
R24  22841718.644   122144934.3230       1423.158          35.000    22841708.730    95001589.3880       1106.493          38.000  
G25  24356233.138   127992817.5070      -2335.785          37.000    24356231.519    99734698.2280      -1820.853          32.000  
S31  39612134.460   208163151.2880       -499.628          37.000  
S33  40315067.404   211857122.6230       -498.293          42.000  
G05  22102490.687   116149268.2330       -350.812          38.000    22102489.182    90505966.8010       -272.826          32.000  
C31  24125883.345   125629734.7650       1072.209          33.000                                                                  
C22  23892117.201   124412523.6561       1207.058          24.000                                                                  
R02  25556592.204   136374981.6300       3994.617          31.000    25556598.375   106069370.4791       3106.977          24.000  
R14  24444410.242   130302426.2270      -2542.894          38.000    24444424.893   101346419.7971      -1977.898          24.000  
E11  24107703.700   126686824.8290       -568.674          33.000    24107695.568    97071716.4870       -435.483          34.000  
E25  26513687.808   139330380.8500      -1703.158          47.000    26513689.303   106759649.6050      -1305.108          34.000  
E02  28511502.474   149828956.4911        896.451          22.000    28511488.571   114803948.9971        688.111          26.000  
E16  27991874.885   147098320.8250      -3376.542          28.000    27991870.572   112711646.6320      -2586.684          30.000  
E04  27652448.220   145314595.2711       1391.004          21.000                                                                  
E36  27993354.584   147106054.1050        855.241          33.000    27993359.638   112717659.4450        654.959          32.000  
E10  26571832.022   139635977.3240      -1457.802          28.000    26571836.659   106993775.0481      -1121.055          23.000  
G15  25603664.996   134548197.9420       3287.848          24.000                                                                  
G18  26934906.394   141543888.9780       1893.024          30.000    26934902.895   110293923.9041       1475.977          24.000  
G20                                                                  24251017.100    99303860.7891       1783.986          19.000  
R07                                                                  25890132.966   107793706.5861      -3260.577          11.000  
> 2026  7 21 14  7  0.0060000  0 28                           
G29  23795705.080   125047281.9720       2166.464          41.000    23795702.673    97439387.3880       1688.560          29.000  
S35  40056568.190   210498707.3410       -496.015          40.000  
G11  24212841.710   127239341.9021      -2209.065          23.000                                                                  
C12  26740340.992   139243972.5811      -3181.809          21.000                                                                  
C24  28094221.103   146294014.4940      -2188.466          33.000                                                                  
C19  25181215.809   131125198.4001      -2060.879          21.000                                                                  
R01  21960213.595   117389927.0931       2247.727          20.000                                                                  
R08  22240084.649   119094642.5211      -1828.544          25.000    22240083.317    92629161.4531      -1422.541          19.000  
R24  22839059.022   122130712.6070       1421.821          36.000    22839049.266    94990528.0470       1105.671          38.000  
G25  24360681.451   128016197.4220      -2340.421          38.000    24360681.773    99752916.3250      -1823.519          32.000  
S31  39613085.724   208168149.3900       -499.884          38.000  
S33  40316015.967   211862107.0760       -498.730          42.000  
G05  22103163.943   116152805.0550       -356.403          38.000    22103162.065    90508722.7960       -277.308          32.000  
E28  27926636.703   146755466.3371        379.664          24.000                                                                  
C31  24123826.343   125619023.3290       1070.383          34.000                                                                  
C22  23889820.917   124400566.5921       1193.191          15.000                                                                  
C21  27529117.276   143351337.3431       2938.084          23.000                                                                  
R02  25549107.239   136335039.9340       3994.110          31.000    25549117.209   106038321.2711       3106.053          24.000  
R14  24449185.765   130327883.3700      -2548.723          38.000    24449205.672   101366240.2041      -1981.898          21.000  
E11  24108784.524   126692512.5610       -569.772          32.000    24108777.751    97076074.5760       -436.362          35.000  
E25  26516933.090   139347434.2450      -1707.458          47.000    26516935.339   106772716.4990      -1308.141          36.000  
E02  28509781.032   149819932.5950        893.307          26.000    28509787.082   114797098.3141        683.350          26.000  
E16  27998299.624   147132093.8010      -3377.743          29.000    27998297.458   112737524.6420      -2587.964          29.000  
E04  27649797.760   145300667.3111       1389.512          21.000                                                                  
E36  27991730.114   147097508.3220        853.464          32.000    27991733.254   112711111.3630        654.557          33.000  
E10  26574606.761   139650558.4880      -1457.804          28.000    26574611.094   107004946.2631      -1118.872          18.000  
G18  26931304.125   141524959.4440       1893.015          30.000    26931308.933   110279207.5731       1474.810          25.000  
G20                                                                  24246644.518    99285956.0471       1796.716          20.000  
> 2026  7 21 14  7 10.0060000  0 30                           
G29  23791587.553   125025643.4610       2163.280          41.000    23791585.548    97422526.2510       1685.579          29.000  
S35  40057514.085   210503678.5900       -496.359          40.000  
G11  24217044.747   127261429.0331      -2215.112          25.000                                                                  
G12  25023409.252   131498902.3821      -3658.938          24.000                                                                  
C12  26746449.624   139275781.7261      -3188.617          17.000                                                                  
C24  28098429.739   146315924.5750      -2191.232          34.000                                                                  
C29  27689074.873   144184278.3951      -2901.474          25.000                                                                  
C19  25185164.592   131145758.2770      -2061.518          28.000                                                                  
R01  21956018.310   117367500.1941       2243.411          24.000                                                                  
R08  22243499.606   119112930.3501      -1837.517          25.000    22243508.558    92643427.5811      -1419.078          14.000  
R24  22836402.497   122116514.6010       1419.602          34.000    22836393.654    94979485.1550       1104.218          37.000  
G25  24365141.995   128039635.9310      -2344.881          39.000    24365142.895    99771180.0830      -1827.040          32.000  
S31  39614039.272   208173160.4120       -500.439          37.000  
S33  40316967.001   211867104.1750       -499.125          42.000  
G05  22103849.796   116156408.6090       -362.388          38.000    22103846.992    90511530.7710       -282.657          32.000  
C31  24121775.439   125608341.4260       1067.824          36.000                                                                  
C22  23887512.414   124388545.2641       1196.031          25.000                                                                  
C21  27523475.548   143321959.6541       2936.407          25.000                                                                  
R02  25541624.956   136295114.4900       3993.811          31.000    25541636.297   106007272.2301       3105.780          24.000  
R14  24453974.561   130353410.7060      -2555.130          38.000    24454002.116   101386127.0081      -1994.697          13.000  
R15  25443570.670   135962728.1600        377.652          27.000                                                                  
E11  24109868.459   126698220.1350       -569.937          33.000    24109863.689    97080447.9400       -436.880          34.000  
E25  26520188.960   139364542.2200      -1712.053          47.000    26520191.104   106785825.2200      -1312.319          37.000  
E02  28508082.833   149810986.1091        889.168          24.000    28508096.948   114790292.4661        679.906          26.000  
E16  28004731.428   147165890.1000      -3378.828          27.000    28004727.968   112763420.5360      -2590.007          29.000  
E04  27647175.061   145286884.6921       1382.639          23.000                                                                  
E36  27990107.031   147088981.6460        852.736          33.000    27990110.666   112704577.8890        653.155          33.000  
E10  26577383.572   139665156.2200      -1459.424          30.000    26577391.002   107016139.8151      -1115.594          23.000  
G18  26927704.986   141506041.8730       1892.472          27.000    26927711.880   110264478.7041       1474.868          22.000  
G20                                                                  24242288.111    99268116.9861       1784.280          18.000  
> 2026  7 21 14  7 20.0060000  0 33                           
G29  23787470.190   125004006.6070       2163.687          40.000    23787468.152    97405666.3400       1685.573          30.000  
S35  40058455.021   210508622.4760       -492.665          40.000  
G11  24221247.818   127283516.2761      -2216.357          23.000                                                                  
C12  26752571.079   139307657.9681      -3183.918          12.000                                                                  
C24  28102637.298   146337830.5360      -2190.397          34.000                                                                  
C29  27694646.718   144213292.5481      -2895.706          25.000                                                                  
C19  25189125.479   131166385.4811      -2060.295          25.000                                                                  
C35  24220027.505   126120038.5671      -1259.048          24.000                                                                  
R22  25556492.190   136422290.1121      -2905.565          12.000                                                                  
R01  21951829.879   117345111.2701       2237.498          23.000                                                                  
R08  22246928.477   119131291.0120      -1843.404          26.000                                                                  
R23  22923263.378   122624001.7331      -1677.813          21.000                                                                  
R24  22833742.892   122102298.9440       1422.540          37.000    22833734.293    94968428.4860       1106.521          38.000  
G21  22894197.510   120309818.9581      -2576.209          24.000                                                                  
G25  24369605.999   128063092.5330      -2346.271          39.000    24369606.527    99789457.9490      -1828.340          32.000  
S31  39614987.630   208178143.9270       -497.204          37.000  
S33  40317913.047   211872074.1070       -495.436          42.000  
G05  22104540.649   116160038.4280       -364.272          37.000    22104536.795    90514359.1780       -283.850          33.000  
C31  24119722.574   125597648.9940       1070.096          37.000                                                                  
C22  23885214.783   124376580.4281       1195.273          19.000                                                                  
C21  27517831.477   143292580.2660       2938.380          28.000                                                                  
R02  25534138.352   136255164.5310       3996.454          31.000                                                                  
R14  24458768.519   130378966.5820      -2556.827          38.000    24458782.875   101405948.0681      -1986.965          26.000  
R15  25442864.869   135958964.9800        373.888          26.000                                                                  
E11  24110949.607   126703907.3510       -567.469          32.000    24110945.890    97084805.6910       -434.558          34.000  
E25  26523447.004   139381664.3330      -1712.841          47.000    26523449.421   106798944.7270      -1312.508          37.000  
E02  28506406.620   149802141.0610        888.868          28.000    28506407.316   114783481.6760        680.918          27.000  
E16  28011159.291   147199669.3620      -3377.378          28.000    28011156.141   112789303.2150      -2587.555          28.000  
E04  27644551.522   145273097.8091       1391.772          19.000                                                                  
E36  27988479.535   147080433.5980        856.247          33.000    27988483.488   112698028.0610        655.730          33.000  
E10  26580155.119   139679657.2741      -1456.196          26.000    26580163.233   107027302.8581      -1115.629          25.000  
G18  26924099.833   141487095.8240       1895.958          26.000    26924099.287   110249685.2381       1470.745          20.000  
G20                                                                  24237939.674    99250310.7111       1785.406          23.000  
> 2026  7 21 14  7 30.0060000  0 34                           
G29  23783353.124   124982371.1080       2163.242          41.000    23783351.001    97388846.5530       1685.329          29.000  
S35  40059390.397   210513538.1620       -490.707          39.000  
G11  24225456.449   127305620.1370      -2211.936          26.000                                                                  
G12  25037326.228   131572036.3761      -3656.786          24.000                                                                  
C12  26758698.182   139339562.6001      -3191.447          21.000                                                                  
C24  28106843.630   146359731.9270      -2189.633          36.000                                                                  
C29  27700220.165   144242314.5641      -2897.324          23.000                                                                  
C19  25193092.708   131187044.0171      -2068.309          22.000                                                                  
C35  24222432.663   126132562.7791      -1257.868          25.000                                                                  
R22  25561956.238   136451457.7271      -2917.398          18.000                                                                  
R01  21947647.154   117322751.9061       2233.393          20.000                                                                  
R08  22250376.420   119149744.9440      -1848.149          26.000                                                                  
R23  22926405.317   122640808.2761      -1687.830          21.000                                                                  
R24  22831080.949   122088065.4690       1424.274          37.000    22831072.976    94957358.0500       1107.419          38.000  
G25  24374073.364   128086566.7280      -2348.612          41.000    24374073.361    99807749.5380      -1830.470          31.000  
S31  39615930.980   208183099.8030       -494.093          38.000  
S33  40318853.341   211877016.2950       -492.976          43.000  
G05  22105236.124   116163694.1780       -367.078          38.000    22105233.122    90517207.7920       -285.847          33.000  
E28  27924507.672   146744277.5171        370.618          26.000                                                                  
C31  24117667.482   125586945.7290       1070.583          35.000                                                                  
C22  23882932.093   124364694.2931       1193.880          12.000                                                                  
C21  27512185.364   143263190.4380       2939.444          26.000                                                                  
R02  25526647.232   136215189.8290       3998.700          32.000                                                                  
R14  24463568.080   130404551.1090      -2559.973          39.000    24463570.322   101425820.3050      -1990.901          29.000  
R15  25442172.037   135955252.6810        369.320          26.000                                                                  
E11  24112028.636   126709573.8240       -565.704          33.000    24112024.510    97089147.5220       -433.521          34.000  
E25  26526707.563   139398800.2020      -1714.467          46.000    26526710.590   106812074.8060      -1313.690          38.000  
E02  28504714.277   149793264.9400        886.967          31.000    28504719.707   114776680.4490        679.808          27.000  
E16  28017578.435   147233367.9931      -3375.163          24.000    28017580.593   112815172.4240      -2586.078          27.000  
E04  27641887.383   145259098.1281       1386.791          21.000                                                                  
E36  27986847.344   147071863.8790        858.136          32.000    27986851.881   112691461.6380        657.225          32.000  
G18  26920488.733   141468120.9380       1898.350          23.000    26920494.301   110234923.4721       1479.581          24.000  
E10                                                                  26582936.471   107038469.1931      -1114.278          23.000  
G20                                                                  24233587.938    99232491.4861       1782.718          22.000  
> 2026  7 21 14  7 40.0060000  0 35                           
G29  23779233.842   124960725.1270       2165.832          40.000    23779231.526    97371979.5370       1688.610          31.000  
S35  40060318.355   210518414.6030       -484.227          39.000  
G11  24229674.658   127327718.1150      -2207.234          28.000                                                                  
G12  25044294.640   131608607.9690      -3653.806          26.000                                                                  
C12  26764817.455   139371428.0321      -3182.001          21.000                                                                  
C24  28111046.456   146381616.8070      -2186.963          36.000                                                                  
C29  27705774.459   144271237.6591      -2893.679          22.000                                                                  
C19  25197048.756   131207644.3231      -2060.633          21.000                                                                  
C35  24224838.534   126145090.5361      -1255.947          24.000                                                                  
R22  25567404.510   136480541.5451      -2902.772          20.000                                                                  
R01  21943463.665   117300388.5571       2235.791          23.000                                                                  
R08  22253844.904   119168244.3360      -1850.836          28.000                                                                  
R23  22929552.692   122657645.3181      -1672.651          19.000                                                                  
R24  22828412.433   122073802.0300       1429.126          37.000    22828406.052    94946264.2370       1111.210          38.000  
G21  22904015.347   120361412.3821      -2576.308          24.000                                                                  
G25  24378541.346   128110046.5250      -2347.650          40.000    24378540.407    99826047.4100      -1828.562          33.000  
S31  39616866.435   208188016.1490       -488.924          38.000  
S33  40319786.232   211881918.5250       -487.267          42.000  
G05  22105934.443   116167363.9270       -367.166          38.000    22105932.341    90520067.3650       -286.108          34.000  
E28  27923799.012   146740554.2171        371.891          25.000                                                                  
C31  24115608.215   125576219.7630       1074.810          36.000                                                                  
C22  23880659.033   124352857.8951       1193.647          22.000                                                                  
C21  27506532.657   143233770.8570       2945.415          29.000                                                                  
R02  25519148.814   136175178.1680       4004.212          33.000                                                                  
R14  24468371.213   130430151.4750      -2559.993          38.000    24468375.826   101445731.6790      -1991.251          30.000  
R15  25441485.954   135951586.2691        367.612          25.000                                                                  
E11  24113102.061   126715207.4640       -560.877          32.000    24113096.399    97093464.1670       -429.364          34.000  
E25  26529968.346   139415937.7610      -1712.800          45.000    26529972.033   106825206.1720      -1312.441          39.000  
E02  28503023.770   149784389.5830        888.403          31.000    28503030.128   114769890.9221        679.703          26.000  
E16  28023993.733   147267080.5281      -3365.880          23.000    28023997.907   112841018.9860      -2582.987          26.000  
E04  27639234.803   145245158.8881       1399.776          12.000                                                                  
E36  27985209.484   147063260.4760        862.634          32.000    27985213.063   112684869.3320        661.136          31.000  
G18  26916860.422   141449055.5911       1907.828          22.000    26916877.961   110220115.0761       1484.576          25.000  
E10                                                                  26585696.364   107049582.1331      -1110.343          25.000  
G20                                                                  24229227.267    99214634.9101       1794.136          21.000  
> 2026  7 21 14  7 50.0060000  0 35                           
G29  23775109.064   124939048.8430       2170.136          39.000    23775106.698    97355088.8850       1691.471          30.000  
S35  40061234.812   210523231.1540       -477.535          40.000  
G11  24233874.904   127349768.9050      -2202.173          29.000                                                                  
G12  25051241.527   131645203.6520      -3648.983          28.000                                                                  
C12  26770927.594   139403245.0191      -3173.727          19.000                                                                  
C24  28115242.807   146403465.3560      -2182.126          38.000                                                                  
C29  27711339.094   144300214.0901      -2892.733          16.000                                                                  
C19  25201009.899   131228271.6791      -2057.910          22.000                                                                  
C35  24227244.642   126157619.6511      -1252.025          23.000                                                                  
R01  21939302.876   117278101.9070       2233.950          28.000                                                                  
R08  22257312.572   119186768.2910      -1852.615          27.000                                                                  
R23  22932686.453   122674408.0171      -1660.758          13.000                                                                  
R24  22825734.804   122059488.4120       1434.845          37.000    22825729.426    94935131.4310       1115.817          38.000  
G21  22908905.395   120387110.2331      -2571.738          23.000                                                                  
G25  24383006.516   128133511.8180      -2344.621          39.000    24383005.847    99844332.0750      -1827.620          31.000  
S31  39617790.884   208192872.9240       -481.938          38.000  
S33  40320707.890   211886761.5750       -480.428          42.000  
G05  22106631.678   116171027.4470       -364.992          38.000    22106629.272    90522922.1300       -284.963          33.000  
E28  27923104.381   146736903.6591        375.099          24.000                                                                  
C31  24113540.843   125565451.5740       1079.875          37.000                                                                  
C22  23878362.303   124340898.3481       1200.642          22.000                                                                  
C21  27500868.964   143204302.2680       2950.972          30.000                                                                  
R02  25511640.150   136135109.6410       4010.181          31.000                                                                  
R14  24473173.108   130455747.5750      -2558.322          38.000    24473177.807   101465639.7440      -1989.842          33.000  
R15  25440802.543   135947934.6061        364.616          25.000                                                                  
E11  24114161.834   126720788.4050       -553.835          32.000    24114158.228    97097740.5350       -425.387          34.000  
E25  26533226.559   139433057.1640      -1710.039          45.000    26533229.656   106838323.6000      -1310.231          38.000  
E02  28501325.707   149775495.1760        890.699          29.000    28501334.811   114763064.5940        683.263          26.000  
E16  28030402.007   147300756.6731      -3373.038          20.000    28030406.285   112866830.5491      -2577.729          24.000  
E04  27636568.869   145231148.8271       1394.101          20.000                                                                  
E36  27983562.087   147054603.4350        869.145          33.000    27983565.317   112678235.9860        666.156          32.000  
G15  25566099.392   134350758.3081       3301.944          22.000                                                                  
E10                                                                  26588446.999   107060657.8891      -1104.468          26.000  
G20                                                                  24224862.635    99196762.6591       1795.141          18.000  
G18                                                                  26913241.853   110205225.4221       1490.049          24.000  
> 2026  7 21 14  8  0.0060000  0 33                           
G29  23770970.138   124917298.5810       2181.548          39.000    23770967.800    97338140.7390       1699.079          31.000  
S35  40062131.709   210527944.1090       -463.621          40.000  
G11  24238040.455   127371728.6440      -2188.862          26.000                                                                  
G12  25058183.724   131681636.8360      -3636.702          30.000    25058192.680   102609110.0651      -2834.221          23.000  
C12  26777033.232   139435037.9101      -3167.743          19.000                                                                  
C24  28119423.789   146425234.1950      -2169.692          38.000                                                                  
C29  27716871.515   144329023.3151      -2882.490          15.000                                                                  
C19  25204961.416   131248848.1621      -2054.200          24.000                                                                  
C35  24229646.443   126170126.8531      -1240.187          25.000                                                                  
R01  21935121.578   117255735.7380       2241.189          29.000                                                                  
R08  22260774.144   119205272.4830      -1846.640          27.000    22260740.818    92715198.5861      -1438.791          19.000  
R24  22823040.241   122045080.3720       1448.245          38.000    22823035.755    94923925.1680       1126.470          39.000  
G21  22913781.333   120412732.7441      -2558.456          23.000                                                                  
G25  24387460.738   128156918.9110      -2335.103          38.000    24387459.306    99862571.3660      -1820.866          30.000  
S31  39618695.668   208197626.2450       -467.225          37.000  
S33  40321609.714   211891500.8200       -466.326          42.000  
G05  22107318.947   116174641.2620       -355.952          39.000    22107315.948    90525738.0770       -277.546          33.000  
E28  27922394.451   146733173.0441        386.238          25.000                                                                  
C31  24111456.789   125554597.7800       1092.672          37.000                                                                  
C22  23876043.409   124328838.6510       1202.776          26.000                                                                  
C21  27495191.705   143174741.2570       2963.129          31.000                                                                  
R02  25504113.139   136094940.0850       4025.372          31.000                                                                  
R14  24477965.946   130481295.0420      -2549.345          37.000    24477971.667   101485509.9590      -1982.608          33.000  
R15  25440112.488   135944247.1601        374.095          23.000                                                                  
E11  24115202.877   126726272.9280       -540.339          32.000    24115201.752    97101942.9530       -414.679          33.000  
E25  26536472.410   139450114.6010      -1699.970          45.000    26536475.451   106851393.5690      -1302.461          39.000  
E02  28499625.462   149766537.9720        901.270          29.000    28499626.600   114756201.2960        690.909          26.000  
E16  28036792.118   147334336.9711      -3356.199          18.000    28036800.574   112892577.2021      -2564.549          22.000  
E04  27633895.592   145217101.3911       1398.529          19.000                                                                  
E36  27981897.847   147045849.1070        882.681          34.000    27981899.531   112671528.1360        675.678          32.000  
G15  25559798.269   134317645.7251       3322.809          22.000                                                                  
G18  26909593.036   141410864.8521       1923.893          22.000    26909592.715   110190283.2621       1500.215          26.000  
E10                                                                  26591177.327   107071654.0450      -1094.361          27.000  
> 2026  7 21 14  8 10.0060000  0 34                           
G29  23766816.047   124895469.2090       2185.164          39.000    23766814.095    97321130.8230       1702.637          30.000  
S35  40063008.406   210532549.7010       -456.790          40.000  
G11  24242185.372   127393592.0520      -2183.086          26.000                                                                  
G12  25065102.253   131717980.1490      -3631.723          31.000    25065107.053   102637422.5591      -2829.608          25.000  
C12  26783121.886   139466743.2821      -3167.702          17.000                                                                  
C24  28123588.066   146446918.0450      -2165.560          39.000                                                                  
C19  25208904.936   131269383.0601      -2051.009          24.000                                                                  
C35  24232039.357   126182527.9590      -1236.594          29.000                                                                  
R22  25583622.773   136567115.6631      -2877.409          13.000                                                                  
R01  21930927.771   117233330.4880       2241.210          29.000                                                                  
R08  22264223.329   119223904.8781      -1848.179          25.000    22264201.675    92729613.0781      -1437.031          21.000  
R24  22820327.645   122030572.3350       1454.518          38.000    22820323.136    94912641.1390       1131.097          39.000  
G21  22918652.041   120438338.4560      -2556.897          24.000                                                                  
G25  24391902.484   128180262.3240      -2332.634          38.000    24391901.252    99880761.0080      -1817.697          31.000  
S31  39619579.804   208202270.8140       -460.542          37.000  
S33  40322490.640   211896131.8370       -459.299          42.000  
G05  22107996.465   116178200.0360       -354.773          40.000    22107992.462    90528511.1470       -276.243          33.000  
E28  27921673.838   146729385.9261        387.498          23.000                                                                  
C31  24109355.143   125543653.2390       1097.729          37.000                                                                  
C22  23873724.790   124316807.9760       1203.682          28.000                                                                  
C21  27489495.107   143145082.6410       2969.513          30.000                                                                  
R02  25496565.713   136054664.2380       4031.702          30.000                                                                  
R14  24482748.376   130506788.2070      -2548.919          33.000    24482754.771   101505338.0100      -1983.363          33.000  
R15  25439412.581   135940507.4861        372.668          24.000                                                                  
E11  24116231.160   126731655.8280       -535.180          33.000    24116225.951    97106067.4720       -409.933          33.000  
E25  26539705.238   139467104.7590      -1697.272          45.000    26539708.355   106864411.9580      -1300.218          39.000  
E02  28497913.983   149757551.7390        903.838          31.000    28497905.539   114749255.8041        693.338          25.000  
E16  28043168.718   147367846.0271      -3358.865          20.000    28043179.171   112918261.9271      -2564.195          21.000  
E04  27631226.010   145203072.5321       1414.474          21.000                                                                  
E36  27980213.664   147036992.0850        889.610          35.000    27980213.520   112664741.5490        681.517          32.000  
G15  25553472.796   134284405.4201       3333.806          22.000                                                                  
E12                                                                  27769666.426   111816938.5601      -1519.492          12.000  
E10                                                                  26593889.520   107082574.5590      -1089.170          29.000  
G18                                                                  26905924.069   110175260.2851       1505.805          27.000  
> 2026  7 21 14  8 20.0060000  0 34                           
G29  23762651.904   124873585.0470       2191.433          39.000    23762649.505    97304078.2500       1707.928          30.000  
S35  40063868.476   210537069.4710       -447.818          40.000  
G11  24246321.318   127415383.4560      -2175.268          25.000                                                                  
G12  25072006.219   131754257.7810      -3624.036          30.000    25072008.932   102665684.8341      -2823.374          25.000  
E06  28231592.797   148358021.0230       2137.358          26.000                                                                  
C12  26789191.634   139498350.1941      -3156.494          19.000                                                                  
C24  28127741.092   146468540.7590      -2158.691          39.000                                                                  
C19  25212839.693   131289871.8060      -2047.131          26.000                                                                  
C35  24234402.192   126194862.4020      -1230.286          29.000                                                                  
R01  21926733.850   117210911.2190       2242.361          29.000                                                                  
R08  22267672.871   119242376.1791      -1847.061          23.000    22267656.356    92744001.7131      -1448.378          18.000  
R24  22817599.330   122015989.0190       1462.587          36.000    22817596.120    94901298.6130       1137.257          39.000  
G21  22923516.030   120463889.5331      -2552.882          23.000                                                                  
G25  24396336.306   128203566.2320      -2328.202          37.000    24396335.357    99898919.9000      -1814.095          31.000  
S31  39620447.745   208206831.3090       -451.405          38.000  
S33  40323355.597   211900678.2160       -450.468          42.000  
G05  22108667.725   116181727.9090       -351.213          40.000    22108664.294    90531260.1400       -273.399          33.000  
C31  24107240.793   125532642.0150       1104.323          36.000                                                                  
C22  23871401.830   124304743.8040       1207.868          25.000                                                                  
C21  27483783.940   143115350.6060       2976.934          28.000                                                                  
R02  25489003.111   136014306.7920       4039.948          32.000                                                                  
R14  24487525.318   130532251.4340      -2544.668          29.000    24487531.929   101525142.7090      -1979.707          31.000  
R15  25438712.228   135936764.3871        375.780          23.000                                                                  
E11  24117243.941   126736961.1830       -526.128          33.000    24117235.439    97110132.6150       -403.659          33.000  
G20  24211650.549   127233082.3641       2317.624          20.000                                                                  
E25  26542930.028   139484051.8130      -1692.373          44.000    26542933.119   106877397.3760      -1296.653          39.000  
E02  28496186.425   149748482.6800        909.040          32.000    28496182.869   114742319.8641        697.426          25.000  
E16  28049537.635   147401314.2311      -3337.737          26.000    28049538.370   112943867.0941      -2563.404          23.000  
E04  27628529.536   145188902.0131       1418.251          26.000                                                                  
E36  27978511.751   147028056.7080        897.474          34.000    27978513.193   112657894.9810        687.095          32.000  
E10  26596576.113   139765949.8901      -1412.059          26.000    26596584.831   107093433.0830      -1082.998          28.000  
G15  25547132.887   134251088.7901       3329.081          24.000                                                                  
G18  26902248.054   141372266.7591       1944.614          20.000    26902230.227   110160154.0670       1512.188          25.000  
E12                                                                  27773439.236   111832131.0071      -1519.370          11.000  
> 2026  7 21 14  8 30.0060000  0 33                           
G29  23758478.656   124851654.4590       2193.990          36.000    23758475.531    97286989.4600       1710.351          30.000  
S35  40064714.399   210541514.1790       -441.959          39.000  
G11  24250478.959   127437091.8430      -2170.596          27.000                                                                  
G12  25078898.388   131790477.7330      -3620.471          33.000    25078902.901   102693914.7531      -2823.223          22.000  
C12  26795240.908   139529850.4451      -3159.855          20.000                                                                  
C24  28131883.348   146490110.4090      -2155.404          38.000                                                                  
C19  25216776.363   131310334.5170      -2046.516          28.000                                                                  
C35  24236762.262   126207180.9971      -1227.587          19.000                                                                  
R01  21922538.476   117188485.9950       2240.926          27.000                                                                  
R08  22271123.551   119260854.6761      -1851.524          23.000                                                                  
R23  22945059.496   122740596.3711      -1644.008          23.000                                                                  
R24  22814860.651   122001338.8980       1467.222          36.000    22814856.647    94889904.0870       1140.903          39.000  
G21  22928372.294   120489397.3020      -2549.856          25.000                                                                  
G25  24400764.426   128226838.6920      -2326.652          37.000    24400763.150    99917054.3210      -1813.326          29.000  
S31  39621300.705   208211315.3550       -445.690          38.000  
S33  40324206.351   211905148.5460       -444.542          42.000  
G05  22109334.891   116185233.0080       -350.797          39.000    22109331.558    90533991.4280       -274.302          32.000  
E28  27920160.118   146721478.8310        394.787          27.000                                                                  
C31  24105114.803   125521572.1940       1108.563          36.000                                                                  
C22  23869107.982   124292708.1951       1204.386          23.000                                                                  
C21  27478061.674   143085553.2540       2981.586          29.000                                                                  
R02  25481426.510   135973876.1980       4044.406          32.000                                                                  
R14  24492297.650   130557693.2620      -2544.132          30.000    24492304.910   101544930.7790      -1980.409          30.000  
R15  25438013.232   135933029.5931        367.563          20.000                                                                  
E11  24118237.242   126742197.2610       -521.571          32.000    24118231.949    97114144.6730       -399.667          33.000  
E25  26546148.921   139500963.9160      -1690.787          43.000    26546151.359   106890355.9690      -1295.445          40.000  
E02  28494447.266   149739378.0860        911.327          32.000    28494454.632   114735360.5591        698.806          22.000  
E16  28055887.625   147434658.7080      -3332.770          29.000    28055881.705   112969409.4300      -2553.386          25.000  
E04  27625817.145   145174710.7960       1420.872          27.000                                                                  
E36  27976797.688   147019051.0530        902.748          34.000    27976799.465   112650994.4930        692.161          32.000  
E10  26599255.907   139780035.2570      -1407.775          27.000    26599272.832   107104248.8790      -1078.566          27.000  
G15  25540786.201   134217736.8111       3343.306          23.000                                                                  
G18                                                                  26898521.807   110144949.5691       1517.625          25.000  
> 2026  7 21 14  8 40.0060000  0 35                           
G29  23754301.819   124829705.2430       2194.386          38.000    23754297.272    97269886.2090       1709.994          30.000  
S35  40065550.473   210545909.5780       -438.387          40.000  
G11  24254612.494   127458783.5630      -2169.068          30.000                                                                  
G12  25085785.280   131826667.7560      -3618.758          28.000    25085788.656   102722110.0571      -2821.422          22.000  
E06  28223464.817   148315308.1091       2144.797          23.000    28223446.874   113644125.1471       1642.668          24.000  
C24  28136020.004   146511654.5340      -2154.702          38.000                                                                  
C19  25220708.798   131330798.1740      -2047.563          28.000                                                                  
C35  24239113.190   126219422.6421      -1234.275          21.000                                                                  
R22  25599718.359   136653034.9991      -2871.863           9.000                                                                  
R01  21918347.068   117166083.4180       2238.206          26.000                                                                  
R08  22274576.993   119279348.0581      -1867.102          19.000                                                                  
R23  22948151.390   122757135.7761      -1644.961          25.000                                                                  
R24  22812114.341   121986650.4600       1468.893          36.000    22812109.916    94878479.7620       1142.201          39.000  
G21  22933239.594   120514987.0101      -2549.158          25.000                                                                  
G25  24405192.210   128250107.6060      -2328.365          37.000    24405191.193    99935185.8660      -1814.351          29.000  
S31  39622144.582   208215751.4650       -442.650          38.000  
S33  40325047.949   211909570.6060       -441.298          42.000  
G05  22110002.429   116188743.1900       -352.697          41.000    22109998.495    90536726.5800       -274.586          32.000  
E28  27919403.522   146717455.2151        393.601          23.000                                                                  
C31  24102983.831   125510471.5430       1109.899          37.000                                                                  
C22  23866771.132   124280594.8530       1206.517          30.000                                                                  
C21  27472331.314   143055718.3330       2983.762          28.000                                                                  
R02  25473841.850   135933400.8680       4048.668          32.000                                                                  
R14  24497072.027   130583141.4250      -2546.688          28.000    24497079.282   101564723.7510      -1982.521          30.000  
R15  25437320.964   135929330.5141        367.968          21.000                                                                  
E11  24119225.441   126747391.9260       -519.121          32.000    24119220.075    97118124.9460       -397.661          33.000  
G20  24202812.659   127186637.9731       2318.704          19.000                                                                  
E25  26549365.553   139517868.9220      -1691.770          43.000    26549368.503   106903309.1310      -1296.231          41.000  
E02  28492711.481   149730266.0160        909.763          31.000    28492719.940   114728375.6331        696.097          25.000  
E16  28062223.706   147467969.3050      -3330.792          30.000    28062223.106   112994943.3661      -2551.699          25.000  
E04  27623103.963   145160495.2140       1420.912          28.000                                                                  
E36  27975077.885   147010003.0360        905.242          35.000    27975077.388   112644061.5940        694.265          31.000  
E10  26601933.248   139794088.9930      -1404.902          29.000    26601944.643   107115015.3310      -1076.201          29.000  
G15  25534431.065   134184340.6151       3347.143          21.000                                                                  
G18                                                                  26894821.715   110129798.5941       1520.056          25.000  
> 2026  7 21 14  8 50.0060000  0 34                           
G29  23750127.444   124807769.0660       2194.711          37.000    23750122.313    97252793.0900       1709.954          31.000  
S35  40066383.662   210550289.0290       -435.754          40.000  
G11  24258740.755   127480470.6420      -2167.120          28.000                                                                  
G12  25092671.038   131862859.2950      -3617.516          31.000    25092673.046   102750301.2931      -2818.374          26.000  
E06  28219389.767   148293893.9491       2145.674          26.000    28219369.936   113627708.7571       1644.344          25.000  
C24  28140158.119   146533204.2700      -2153.687          38.000                                                                  
C19  25224639.394   131351358.1890      -2050.189          30.000                                                                  
C35  24241466.568   126231677.7221      -1224.184          20.000                                                                  
R22  25605112.115   136681826.3911      -2863.513          21.000                                                                  
R01  21914165.927   117143775.8870       2233.696          25.000                                                                  
R08  22278050.233   119297946.7351      -1855.493          21.000    22278029.550    92787205.4551      -1452.395          19.000  
R23  22951226.016   122773582.7451      -1643.688          22.000                                                                  
R24  22809366.414   121971955.6960       1471.052          37.000    22809361.850    94867050.5060       1144.379          39.000  
G21  22938097.036   120540513.3581      -2548.593          21.000                                                                  
G25  24409625.857   128273404.1860      -2329.753          38.000    24409624.562    99953339.0810      -1815.302          28.000  
S31  39622985.454   208220170.4780       -439.505          37.000  
S33  40325886.202   211913975.3420       -438.138          43.000  
G05  22110677.391   116192290.0190       -355.165          40.000    22110674.635    90539490.3170       -275.953          32.000  
E28  27918652.631   146713509.1291        393.366          20.000                                                                  
C31  24100852.535   125499371.2620       1111.258          38.000                                                                  
C22  23864453.899   124268541.9520       1204.760          32.000                                                                  
C21  27466599.499   143025877.1610       2985.223          28.000                                                                  
R02  25466255.257   135892913.0320       4050.897          32.000                                                                  
R14  24501853.937   130608627.9690      -2548.901          28.000    24501861.066   101584546.6110      -1982.740          29.000  
E11  24120214.044   126752576.5680       -516.230          31.000    24120206.745    97122097.5950       -395.639          33.000  
G20  24198411.492   127163510.2831       2322.061          21.000                                                                  
E25  26552587.202   139534798.2350      -1692.721          43.000    26552590.067   106916280.9250      -1297.075          41.000  
E02  28490985.072   149721177.7630        909.207          32.000    28490989.213   114721406.9371        696.037          25.000  
E16  28068561.186   147501272.6470      -3328.743          31.000    28068560.283   113020460.2730      -2550.513          26.000  
E04  27620405.351   145146292.7780       1420.862          28.000                                                                  
E36  27973353.833   147000944.1320        907.772          34.000    27973353.267   112637120.3340        695.265          31.000  
E10  26604600.249   139808129.2870      -1401.637          29.000    26604617.361   107125773.5860      -1074.851          28.000  
G15  25528083.043   134150981.7511       3343.699          25.000                                                                  
G18                                                                  26891107.317   110114588.6511       1523.743          23.000  
> 2026  7 21 14  9  0.0060000  0 34                           
G29  23745951.659   124785824.5370       2194.479          37.000    23745946.638    97235671.4670       1710.205          30.000  
S35  40067209.530   210554629.5540       -432.792          40.000  
G11  24262865.551   127502210.1790      -2164.656          26.000                                                                  
G12  25099550.633   131899030.7410      -3616.895          31.000    25099553.213   102778480.8350      -2818.077          27.000  
E06  28215297.690   148272389.9911       2148.274          23.000    28215284.595   113611258.6711       1645.606          24.000  
C24  28144293.133   146554738.1850      -2152.967          38.000                                                                  
C19  25228574.868   131371863.3290      -2051.055          30.000                                                                  
C35  24243834.921   126244009.6481      -1228.092          22.000                                                                  
R22  25610491.759   136710544.2351      -2865.028          19.000                                                                  
R01  21909991.215   117121461.5580       2229.285          25.000                                                                  
R08  22281526.331   119316561.2141      -1866.168          13.000    22281527.422    92801774.6211      -1449.869          19.000  
R23  22954290.891   122789977.2051      -1644.568          25.000                                                                  
R24  22806613.659   121957232.8640       1473.460          38.000    22806608.352    94855599.4240       1145.773          38.000  
G21  22942927.858   120565898.7391      -2549.385          21.000                                                                  
G25  24414060.456   128296707.0060      -2331.214          38.000    24414058.421    99971497.0850      -1816.660          27.000  
S31  39623819.026   208224551.1740       -436.497          38.000  
S33  40326717.304   211918342.5130       -435.265          43.000  
G05  22111354.909   116195851.8540       -356.980          39.000    22111353.259    90542265.8690       -278.652          31.000  
E28  27917907.667   146709594.9491        389.319          19.000                                                                  
C31  24098717.121   125488250.1850       1112.635          38.000                                                                  
C22  23862142.163   124256501.5180       1203.573          33.000                                                                  
C21  27460863.517   142996008.3450       2987.635          25.000                                                                  
R02  25458662.073   135852390.8520       4053.262          30.000                                                                  
R14  24506637.702   130634130.9380      -2551.517          28.000    24506645.250   101604382.1780      -1984.121          29.000  
E11  24121194.501   126757729.7700       -513.675          31.000    24121187.268    97126046.1780       -394.153          33.000  
G20  24194000.221   127140328.5031       2330.424          19.000                                                                  
E25  26555808.909   139551730.4080      -1693.764          42.000    26555812.249   106929254.9080      -1297.818          42.000  
E02  28489260.074   149712092.1110        907.498          32.000    28489254.501   114714422.1071        694.162          23.000  
E16  28074894.059   147534547.2360      -3326.659          30.000    28074892.445   113045956.3960      -2548.888          26.000  
E04  27617695.398   145132082.1140       1421.950          27.000                                                                  
E36  27971622.700   146991852.8450        909.773          34.000    27971622.937   112630154.2600        697.492          31.000  
E10  26607271.979   139822134.8300      -1399.157          29.000    26607281.996   107136505.0490      -1072.422          29.000  
G15  25521725.591   134117572.9011       3345.614          26.000                                                                  
G18  26887370.949   141294087.7311       1957.946          21.000    26887379.894   110099325.9371       1525.272          23.000  
> 2026  7 21 14  9 10.0060000  0 34                           
G29  23741776.264   124763882.5420       2194.452          36.000    23741770.364    97218573.8080       1710.058          31.000  
S35  40068030.345   210558942.7470       -429.417          40.000  
G11  24266980.405   127523841.9431      -2169.403          21.000                                                                  
G12  25106429.198   131935192.5410      -3615.383          32.000    25106431.296   102806658.9620      -2818.006          30.000  
E06  28211198.088   148250845.8541       2150.041          22.000    28211197.065   113594799.8831       1646.591          25.000  
C24  28148427.191   146576266.8860      -2152.213          36.000                                                                  
C19  25232516.582   131392389.1370      -2052.921          28.000                                                                  
C35  24246190.422   126256274.2810      -1226.514          26.000                                                                  
R22  25615870.481   136739255.5191      -2851.000          23.000                                                                  
R01  21905827.501   117099202.1331       2225.278          25.000                                                                  
R23  22957362.748   122806410.0491      -1642.514          25.000                                                                  
R24  22803857.014   121942493.0330       1475.070          36.000    22803852.003    94844135.1360       1147.291          39.000  
G21  22947791.503   120591457.7961      -2552.935          23.000                                                                  
G25  24418498.209   128320026.6220      -2332.574          38.000    24418495.859    99989668.1760      -1817.639          27.000  
S31  39624647.345   208228904.2780       -433.776          38.000  
S33  40327543.117   211922682.2720       -432.264          43.000  
G05  22112037.154   116199439.4060       -359.788          40.000    22112035.458    90545061.3620       -280.818          30.000  
E28  27917173.563   146705736.8761        402.862          17.000                                                                  
C31  24096579.644   125477118.9230       1113.956          38.000                                                                  
C22  23859834.101   124244484.3360       1201.254          29.000                                                                  
C21  27455122.785   142966122.9670       2989.397          27.000                                                                  
R02  25451064.341   135811845.4820       4055.609          30.000                                                                  
R14  24511426.828   130659660.8880      -2554.781          31.000    24511435.006   101624238.8280      -1986.873          28.000  
R15  25435278.082   135918413.6751        363.143          19.000                                                                  
E11  24122169.906   126762862.3260       -511.531          30.000    24122164.208    97129978.8890       -391.876          33.000  
E25  26559033.673   139568676.0830      -1694.889          42.000    26559037.131   106942239.2500      -1298.733          42.000  
E02  28487533.266   149703019.6840        906.670          31.000    28487527.279   114707467.5741        694.980          25.000  
E16  28081223.774   147567803.7110      -3323.844          31.000    28081216.493   113071438.5520      -2547.188          27.000  
E04  27614997.175   145117874.2530       1420.965          27.000                                                                  
E36  27969888.287   146982739.8550        912.418          33.000    27969888.613   112623171.6380        698.742          31.000  
E10  26609931.601   139836116.2620      -1396.365          29.000    26609942.368   107147218.1220      -1070.135          29.000  
G15  25515364.377   134084143.8791       3344.509          22.000                                                                  
G18  26883654.797   141274559.0731       1956.001          20.000    26883661.228   110084097.9521       1527.022          25.000  
R08                                                                  22285030.315    92816363.4911      -1447.827          17.000  
> 2026  7 21 14  9 20.0060000  0 33                           
G29  23737600.098   124741937.3290       2195.313          37.000    23737594.257    97201473.6930       1710.464          30.000  
S35  40068844.982   210563222.5110       -425.239          40.000  
G11  24271087.533   127545425.2861      -2159.453          23.000                                                                  
G12  25113307.353   131971339.0220      -3613.018          32.000    25113312.134   102834825.0440      -2815.545          29.000  
C24  28152558.736   146597784.5680      -2150.111          36.000                                                                  
C19  25236460.651   131412929.8190      -2054.293          27.000                                                                  
C35  24248548.851   126268557.1081      -1222.779          23.000                                                                  
R22  25621244.411   136767942.5591      -2847.883          20.000                                                                  
R01  21901667.879   117076966.6641       2235.275          14.000                                                                  
R23  22960424.904   122822790.9381      -1642.665          21.000                                                                  
R24  22801096.105   121927730.1420       1477.971          38.000    22801091.112    94832652.8720       1149.813          39.000  
G21  22952661.096   120617046.1900      -2551.535          27.000                                                                  
G25  24422938.425   128343357.1690      -2332.453          40.000    24422935.185   100007847.8060      -1817.856          27.000  
S31  39625469.591   208233224.1620       -429.632          37.000  
S33  40328362.522   211926988.1050       -427.993          42.000  
G05  22112723.754   116203046.8250       -361.185          40.000    22112720.425    90547872.2670       -281.349          28.000  
C31  24094438.310   125465971.8230       1116.485          37.000                                                                  
C22  23857530.015   124232484.6510       1200.061          31.000                                                                  
C21  27449379.577   142936118.9620       2992.348          28.000                                                                  
R02  25443460.618   135771271.3710       4059.498          26.000                                                                  
R14  24516220.378   130685212.0710      -2555.076          33.000    24516228.211   101644111.8830      -1987.893          30.000  
R15  25434622.382   135914909.5001        346.856          19.000                                                                  
E11  24123142.558   126767968.3830       -508.572          29.000    24123136.100    97133891.2820       -389.400          33.000  
E25  26562259.601   139585629.4470      -1694.839          43.000    26562262.998   106955229.4720      -1298.766          42.000  
E02  28485804.164   149693954.8440        906.615          28.000    28485800.147   114700512.5801        694.760          20.000  
E16  28087546.885   147601036.1750      -3321.191          28.000    28087537.750   113096902.2840      -2544.868          26.000  
E04  27612287.392   145103662.9950       1422.878          25.000                                                                  
E36  27968147.010   146973599.4110        916.550          32.000    27968150.591   112616167.8680        702.250          33.000  
E10  26612585.363   139850067.8060      -1393.178          28.000    26612596.234   107157908.2340      -1066.854          30.000  
G15  25508998.385   134050691.2081       3349.799          22.000                                                                  
G18  26879917.048   141254916.9421       1970.096          22.000    26879930.659   110068822.0871       1530.213          22.000  
E06                                                                  28207101.230   113578307.7440       1649.488          27.000  
R08                                                                  22288528.585    92830934.3351      -1468.638          15.000  
> 2026  7 21 14  9 30.0060000  0 32                           
G29  23733423.895   124719989.5230       2194.842          36.000    23733418.652    97184371.5280       1709.943          31.000  
S35  40069653.591   210567469.2650       -423.375          40.000  
G11  24275202.676   127567050.8951      -2161.809          21.000                                                                  
G12  25120183.782   132007470.5710      -3613.031          34.000    25120189.069   102862979.3880      -2814.698          29.000  
C24  28156688.846   146619291.6060      -2150.233          35.000                                                                  
C19  25240406.794   131433485.7480      -2056.677          27.000                                                                  
C35  24250906.869   126280835.5990      -1225.767          27.000                                                                  
R22  25626603.537   136796549.3171      -2852.856          23.000                                                                  
R23  22963496.725   122839223.1291      -1646.606          20.000                                                                  
R24  22798330.449   121912945.0380       1479.568          37.000    22798326.131    94821153.3590       1150.707          38.000  
G21  22957519.563   120642579.4011      -2553.008          25.000                                                                  
G25  24427380.995   128366699.0120      -2334.847          40.000    24427376.520   100026023.1770      -1819.087          27.000  
S31  39626285.654   208237511.4590       -427.590          38.000  
S33  40329175.560   211931261.4470       -425.870          42.000  
G05  22113414.052   116206674.4820       -363.728          40.000    22113409.562    90550699.0180       -283.844          26.000  
C31  24092294.650   125454809.3870       1116.569          36.000                                                                  
C22  23855229.725   124220503.0010       1197.255          32.000                                                                  
C21  27443631.628   142906189.2010       2993.988          29.000                                                                  
R02  25435852.327   135730668.8460       4060.947          27.000                                                                  
R14  24521017.728   130710784.7110      -2558.978          32.000    24521024.907   101664001.6620      -1990.869          30.000  
R15  25433976.210   135911456.9021        340.974          20.000                                                                  
E11  24124108.608   126773048.3170       -506.824          28.000    24124102.672    97137783.7460       -388.381          33.000  
G20  24180714.747   127070512.8551       2321.431          21.000                                                                  
E25  26565487.590   139602590.9280      -1696.610          42.000    26565490.831   106968225.9100      -1300.137          43.000  
E02  28484077.934   149684897.9740        905.081          26.000    28484082.396   114693595.6511        692.500          20.000  
E16  28093862.181   147634245.1610      -3319.814          25.000    28093854.707   113122311.1721      -2545.708          25.000  
E04  27609593.018   145089389.5861       1420.594          25.000                                                                  
E36  27966403.620   146964431.9460        917.914          32.000    27966406.418   112609143.4750        703.054          33.000  
E10  26615235.870   139863989.8610      -1390.741          27.000    26615245.617   107168575.8120      -1065.990          29.000  
G15  25502620.954   134017177.2841       3356.934          22.000                                                                  
G18  26876181.176   141235284.3611       1967.555          25.000    26876182.721   110053474.5091       1530.329          21.000  
E06                                                                  28203005.326   113561811.5280       1650.148          27.000  
> 2026  7 21 14  9 40.0060000  0 33                           
G29  23729245.365   124698031.3720       2197.079          35.000    23729240.567    97167261.2770       1712.397          32.000  
S35  40070453.787   210571675.6380       -417.523          39.000  
G11  24279313.884   127588654.9651      -2160.079          16.000                                                                  
G12  25127055.102   132043579.0250      -3608.807          35.000    25127060.496   102891115.8870      -2812.197          29.000  
C24  28160814.884   146640780.1270      -2147.110          35.000                                                                  
C19  25244355.737   131454049.1940      -2055.884          29.000                                                                  
C35  24253247.136   126293085.2230      -1223.540          30.000                                                                  
R22  25631954.279   136825112.3581      -2849.709          13.000                                                                  
R01  21893359.889   117032554.8401       2210.394          21.000                                                                  
R23  22966559.514   122855606.6601      -1632.781          15.000                                                                  
R24  22795559.393   121898129.3920       1483.770          38.000    22795555.495    94809630.1010       1154.372          38.000  
G25  24431823.514   128390044.2040      -2333.798          40.000    24431819.448   100044214.2480      -1818.408          27.000  
S31  39627093.438   208241757.3150       -421.549          37.000  
S33  40329980.583   211935493.7120       -420.363          43.000  
G05  22114107.459   116210314.7060       -363.802          41.000    22114102.515    90553535.4330       -282.831          26.000  
C31  24090146.144   125443623.8620       1120.364          35.000                                                                  
C22  23852931.379   124208531.7230       1197.899          32.000                                                                  
C21  27437876.583   142876229.8300       2998.127          29.000                                                                  
R02  25428236.753   135690030.2370       4066.432          27.000                                                                  
R14  24525819.027   130736370.8140      -2558.654          33.000    24525823.883   101683901.8790      -1989.123          31.000  
R15  25433339.765   135908056.0931        343.282          23.000                                                                  
E11  24125063.895   126778051.3670       -502.174          27.000    24125062.838    97141650.1880       -384.570          33.000  
G20  24176299.612   127047311.1731       2319.771          19.000                                                                  
E25  26568714.769   139619552.6290      -1695.083          42.000    26568718.585   106981222.5140      -1298.690          43.000  
E02  28482357.082   149675841.2970        906.795          27.000    28482366.585   114686687.1061        697.329          19.000  
E16  28100177.006   147667422.7260      -3315.148          27.000    28100164.892   113147719.7301      -2541.355          26.000  
E04  27606888.760   145075185.5410       1423.707          27.000    27606886.403   111161491.2511       1090.561          25.000  
E36  27964647.953   146955229.6010        923.067          28.000    27964655.058   112602092.3260        706.954          32.000  
E10  26617876.759   139877885.7741      -1385.104          26.000    26617888.723   107179214.8600      -1061.969          28.000  
G15  25496218.097   133983529.7371       3347.906          16.000                                                                  
G18  26872428.497   141215567.7420       1972.445          27.000    26872435.342   110038130.4291       1539.819          21.000  
E06                                                                  28198903.244   113545293.0540       1653.454          27.000  
R08                                                                  22295525.323    92860075.3011      -1467.245          17.000  
> 2026  7 21 14  9 50.0060000  0 30                           
G29  23725065.096   124676061.4700       2197.439          35.000    23725061.017    97150141.8990       1711.578          32.000  
S35  40071245.925   210575840.0850       -414.894          40.000  
G12  25133922.253   132079662.8940      -3608.050          36.000    25133927.298   102919233.0950      -2811.151          29.000  
C24  28164937.785   146662248.5640      -2146.548          35.000                                                                  
C19  25248306.664   131474618.5050      -2058.083          30.000                                                                  
C35  24255597.068   126305321.3630      -1223.556          29.000                                                                  
R22  25637312.679   136853715.9491      -2881.470          12.000                                                                  
R01  21889225.537   117010454.3951       2210.403          23.000                                                                  
R08  22299060.194   119410454.4761      -1890.858          16.000    22299052.453    92874765.7321      -1468.070          15.000  
R24  22792782.869   121883281.9160       1485.851          37.000    22792778.879    94798082.0640       1155.336          38.000  
G21  22967210.923   120693507.6471      -2544.189          18.000                                                                  
G25  24436266.145   128413391.1490      -2335.186          38.000    24436262.260   100062406.6780      -1820.049          28.000  
S31  39627893.387   208245961.7750       -418.700          38.000  
S33  40330778.332   211939684.0540       -417.664          42.000  
G05  22114802.714   116213965.8360       -366.133          41.000    22114793.327    90556381.5551       -284.617          23.000  
C31  24087993.435   125432413.8790       1121.432          36.000                                                                  
C22  23850634.790   124196569.2950       1195.112          32.000                                                                  
C21  27432123.001   142846237.0010       2999.656          29.000                                                                  
R02  25420614.202   135649354.1010       4068.818          28.000                                                                  
R14  24530621.737   130761968.6080      -2560.155          33.000    24530625.982   101703811.2490      -1991.760          32.000  
R15  25432708.089   135904680.5891        336.196          23.000                                                                  
E11  24126015.984   126783061.9460       -499.632          26.000    24126016.441    97145489.4810       -382.935          33.000  
E25  26571942.480   139636513.0380      -1696.477          41.000    26571946.280   106994218.1330      -1299.979          43.000  
E02  28480637.958   149666783.4440        905.499          26.000    28480643.117   114679747.0281        693.725          19.000  
E16  28106482.760   147700567.1550      -3313.616          28.000    28106471.177   113173112.1021      -2539.300          23.000  
E04  27604186.395   145060949.8910       1423.646          27.000    27604178.088   111150586.3521       1088.904          26.000  
E36  27962887.619   146945990.8470        925.247          27.000    27962896.680   112595013.2400        709.710          31.000  
E10  26620509.298   139891719.7921      -1382.433          24.000    26620523.410   107189824.1700      -1060.206          28.000  
G18  26868678.245   141195824.4920       1976.575          30.000    26868685.528   110022775.0841       1537.170          19.000  
E06                                                                  28194797.148   113528751.2860       1655.024          27.000  
> 2026  7 21 14 10  0.0060000  0 31                           
G29  23720885.340   124654096.7830       2195.884          34.000    23720881.394    97133026.5470       1711.379          32.000  
S35  40072033.356   210579978.7130       -412.662          40.000  
G12  25140787.911   132115738.9050      -3607.319          36.000    25140791.864   102947344.2550      -2810.818          26.000  
C24  28169060.187   146683713.6190      -2145.971          35.000                                                                  
C19  25252260.522   131495210.3710      -2059.961          29.000                                                                  
C35  24257947.413   126317560.8980      -1224.015          30.000                                                                  
R01  21885103.910   116988422.0001       2206.176          25.000                                                                  
R08  22302609.203   119429458.7001      -1905.799          19.000    22302583.343    92889471.3821      -1475.155          15.000  
R23  22972691.907   122888411.1491      -1639.988          24.000                                                                  
R24  22790003.159   121868419.9110       1487.026          38.000    22789999.421    94786522.7310       1156.528          39.000  
G21  22972078.563   120719087.3951      -2552.501          18.000                                                                  
G25  24440711.700   128436756.6530      -2337.449          38.000    24440708.585   100080613.5350      -1821.383          28.000  
S31  39628688.550   208250140.3190       -416.432          37.000  
S33  40331570.691   211943848.9940       -414.960          42.000  
G05  22115503.029   116217644.7460       -369.106          40.000    22115496.285    90559259.8071       -284.770          23.000  
C31  24085838.950   125421196.1910       1122.279          36.000                                                                  
C22  23848342.991   124184632.5400       1192.145          32.000                                                                  
C21  27426355.670   142816231.8980       3001.489          29.000                                                                  
R02  25412986.512   135608564.6831       4070.820          25.000                                                                  
R14  24535429.682   130787595.2020      -2563.520          34.000    24535433.717   101723743.0430      -1995.049          34.000  
R15  25432082.893   135901339.3331        344.533          18.000                                                                  
E11  24126972.654   126788054.0730       -497.812          25.000    24126966.176    97149314.6230       -381.885          33.000  
E25  26575173.565   139653488.9750      -1698.410          42.000    26575176.601   107007225.6390      -1301.213          43.000  
E02  28478919.113   149657741.2440        904.675          24.000    28478910.067   114672769.4881        689.287          17.000  
E16  28112785.336   147733695.2880      -3311.188          27.000    28112773.624   113198488.9831      -2533.759          22.000  
E04  27601480.585   145046719.3630       1422.725          26.000    27601470.401   111139681.3630       1090.650          26.000  
E36  27961117.554   146936663.7781        927.228          22.000    27961134.150   112587919.2620        710.154          32.000  
E10  26623140.482   139905547.2411      -1379.933          22.000    26623153.952   107200416.7190      -1058.215          28.000  
G15  25483393.072   133916133.7411       3366.608          20.000                                                                  
G18  26864916.884   141176055.4060       1979.414          30.000    26864918.535   110007350.0161       1548.223          13.000  
E06                                                                  28190686.437   113512199.1510       1655.627          27.000  
> 2026  7 21 14 10 10.0060000  0 32                           
G29  23716706.548   124632133.7750       2196.999          35.000    23716702.612    97115912.5330       1712.248          32.000  
S35  40072815.222   210584088.2350       -408.542          40.000  
G11  24291610.567   127653274.6431      -2147.608          19.000                                                                  
G12  25147650.767   132151803.2920      -3604.881          36.000    25147652.540   102975432.3911      -2811.411          23.000  
C24  28173181.240   146705171.5970      -2144.582          35.000                                                                  
C19  25256218.593   131515821.2040      -2061.083          28.000                                                                  
C35  24260296.232   126329733.2470      -1223.887          30.000                                                                  
R01  21880982.418   116966390.8601       2201.909          21.000                                                                  
R08  22306158.528   119448465.4351      -1903.629          21.000    22306135.471    92904266.1561      -1473.483          19.000  
R23  22975763.511   122904841.9831      -1639.304          25.000                                                                  
R24  22787220.927   121853539.8630       1489.747          39.000    22787217.005    94774949.3370       1158.773          40.000  
G21  22976935.856   120744612.4941      -2549.398          22.000    22976930.613    94086689.2761      -1989.882          24.000  
G25  24445160.772   128460137.0250      -2338.016          38.000    24445157.647   100098832.0140      -1821.914          30.000  
S31  39629478.315   208254290.5860       -412.379          37.000  
S33  40332357.853   211947985.1420       -411.384          42.000  
G05  22116207.960   116221347.7970       -370.504          40.000    22116208.958    90562178.2161       -288.698          25.000  
C31  24083682.270   125409967.2810       1124.161          35.000                                                                  
C22  23846054.562   124172717.9050       1190.983          33.000                                                                  
C21  27420590.388   142786209.6630       3004.044          29.000                                                                  
R02  25405356.537   135567849.6291       4074.370          25.000    25405359.139   105441671.6361       3168.291          25.000  
R14  24540242.024   130813246.6190      -2565.344          35.000    24540245.397   101743694.0880      -1995.312          34.000  
R15  25431462.313   135898023.2721        327.437          22.000                                                                  
E11  24127917.080   126793059.0921       -494.762          23.000    24127911.534    97153122.7480       -379.152          32.000  
E25  26578407.092   139670476.8100      -1698.586          42.000    26578409.375   107020242.2750      -1301.465          43.000  
E02  28477196.684   149648678.2621        908.180          19.000                                                                  
E16  28119082.728   147766803.6420      -3309.371          25.000    28119072.962   113223854.6321      -2528.937          20.000  
E04  27598775.766   145032490.6000       1423.398          27.000    27598762.831   111128778.8400       1090.981          27.000  
E36  27959355.750   146927405.3521        926.088          22.000    27959368.370   112580807.5200        713.050          32.000  
E10  26625764.434   139919336.0661      -1378.535          21.000    26625779.484   107210989.8410      -1056.529          27.000  
G15  25476980.745   133882437.3181       3354.336          22.000                                                                  
G18  26861149.684   141156256.2000       1982.863          28.000                                                                  
E06                                                                  28186571.236   113495634.0340       1658.519          26.000  
> 2026  7 21 14 10 20.0060000  0 32                           
G29  23712527.268   124610168.4950       2195.952          34.000    23712522.950    97098796.7330       1711.165          32.000  
S35  40073591.461   210588165.3530       -406.828          40.000  
G12  25154509.842   132187851.9770      -3604.645          37.000    25154510.126   103003512.9541      -2815.657          20.000  
C24  28177300.569   146726618.3210      -2144.740          35.000                                                                  
C19  25260180.057   131536446.7780      -2062.367          30.000                                                                  
C35  24262647.636   126341968.2760      -1224.290          30.000                                                                  
R01  21876874.296   116944429.8371       2161.316           8.000                                                                  
R08  22309719.886   119467536.7161      -1909.865          21.000    22309703.523    92919126.7471      -1480.959          21.000  
R23  22978832.019   122921249.7670      -1638.192          28.000                                                                  
R24  22784434.378   121838637.3710       1490.582          39.000    22784430.632    94763358.5220       1159.553          40.000  
G21  22981797.904   120770162.3541      -2544.489          21.000    22981783.571    94106561.3171      -1988.028          23.000  
G25  24449611.717   128483528.0070      -2340.126          38.000    24449609.718   100117058.7880      -1823.480          31.000  
S31  39630261.628   208258408.0420       -410.944          38.000  
S33  40333138.639   211952088.4500       -409.264          42.000  
G05  22116916.557   116225070.8490       -373.912          40.000    22116920.176    90565083.6000       -291.230          26.000  
C31  24081522.575   125398723.0970       1124.833          34.000                                                                  
C22  23843769.009   124160821.4650       1187.298          31.000                                                                  
C21  27414821.493   142756165.8190       3005.472          29.000                                                                  
R02  25397721.531   135527099.7960       4076.102          27.000    25397726.141   105409998.7340       3169.456          25.000  
R14  24545057.026   130838918.7830      -2568.706          35.000    24545060.532   101763661.2970      -1997.253          35.000  
R15  25430859.773   135894804.0461        307.655           8.000                                                                  
E11  24128851.669   126797970.7421       -494.634          23.000    24128852.336    97156910.7630       -378.257          32.000  
E25  26581641.939   139687472.3750      -1700.425          43.000    26581643.526   107033264.8410      -1303.063          44.000  
E02  28475481.934   149639667.1081        897.367          20.000                                                                  
E16  28125377.187   147799887.8770      -3308.057          28.000    28125369.014   113249205.7971      -2531.546          21.000  
E04  27596073.162   145018259.4500       1422.682          27.000    27596056.274   111117874.4000       1090.590          27.000  
E36  27957598.174   146918169.4041        923.092          22.000    27957596.802   112573674.8930        713.734          32.000  
E10  26628375.971   139933059.7431      -1378.682          21.000    26628399.304   107221540.1080      -1054.088          26.000  
G15  25470587.748   133848835.5120       3368.305          28.000                                                                  
G18  26857374.724   141136422.8730       1984.454          25.000                                                                  
E06                                                                  28182451.339   113479052.9570       1658.437          26.000  
G20                                                                  24158604.308    98925445.6361       1810.836          24.000  
> 2026  7 21 14 10 30.0060000  0 31                           
G29  23708349.350   124588208.9750       2197.122          33.000    23708344.318    97081685.4130       1712.177          32.000  
S35  40074362.349   210592217.3590       -402.909          40.000  
G12  25161368.180   132223892.7030      -3602.807          37.000    25161364.305   103031580.2601      -2816.619          19.000  
C24  28181418.998   146748061.6390      -2142.817          36.000                                                                  
C19  25264145.551   131557095.1300      -2065.492          31.000                                                                  
C35  24264997.212   126354206.9940      -1222.956          30.000                                                                  
R08  22313282.775   119486615.6641      -1904.016          15.000    22313284.539    92934041.8911      -1490.336          21.000  
R23  22981889.676   122937636.3290      -1637.592          27.000                                                                  
R24  22781645.073   121823720.8860       1493.188          40.000    22781641.379    94751756.8150       1161.469          40.000  
G21  22986669.082   120795760.3941      -2543.836          19.000    22986637.221    94126436.1361      -1989.075          23.000  
G25  24454066.487   128506937.5150      -2341.102          39.000    24454066.386   100135299.9710      -1824.603          32.000  
S31  39631039.987   208262499.5780       -406.950          37.000  
S33  40333914.670   211956166.5540       -405.938          42.000  
G05  22117630.322   116228821.8380       -375.514          38.000    22117632.682    90568006.4740       -292.712          26.000  
C31  24079361.784   125387471.6590       1126.549          35.000                                                                  
C22  23841488.945   124148951.0060       1187.250          30.000                                                                  
C21  27409050.186   142726108.3910       3007.041          28.000                                                                  
R02  25390077.803   135486332.6270       4078.155          24.000    25390088.765   105378293.7181       3173.391          25.000  
R14  24549878.172   130864619.4860      -2570.951          34.000    24549880.643   101783650.7220      -1999.335          35.000  
R15  25430218.459   135891376.3591        321.578          17.000                                                                  
G20  24154177.864   126931060.4121       2316.527          18.000    24154196.024    98907394.5481       1810.257          26.000  
E25  26584878.677   139704483.6230      -1701.250          43.000    26584880.758   107046299.4190      -1303.437          44.000  
E02  28473776.497   149630705.2111        900.053          22.000                                                                  
E16  28131668.920   147832955.9690      -3305.257          28.000    28131663.508   113274550.7611      -2538.581          19.000  
E04  27593359.203   145004034.0830       1422.861          26.000    27593349.680   111106974.5000       1090.604          27.000  
E36  27955834.224   146908899.5121        936.607          20.000    27955823.088   112566527.4850        716.290          34.000  
E10  26630979.782   139946742.9321      -1373.051          20.000    26631011.988   107232049.1181      -1051.035          25.000  
G15  25464182.788   133815142.0400       3371.180          29.000                                                                  
G18  26853590.548   141116569.9151       1984.910          20.000                                                                  
E11                                                                  24129789.086    97160684.7770       -376.615          32.000  
E06                                                                  28178332.709   113462461.8630       1660.351          25.000  
> 2026  7 21 14 10 40.0060000  0 33                           
G29  23704170.679   124566240.8950       2197.019          32.000    23704163.837    97064567.3970       1712.222          32.000  
S35  40075125.829   210596229.6250       -399.596          40.000  
G11  24303901.061   127717861.1331      -2144.062          25.000                                                                  
G12  25168222.389   132259910.8670      -3601.024          37.000    25168218.448   103059646.8041      -2807.689          19.000  
C24  28185533.715   146769487.0980      -2142.096          36.000                                                                  
C19  25268113.302   131577751.5960      -2066.770          30.000                                                                  
C35  24267344.209   126366435.0170      -1222.509          27.000                                                                  
R22  25663909.423   136995691.3441      -2841.682          16.000                                                                  
R01  21868648.663   116900459.7121       2183.545          11.000                                                                  
R23  22984943.394   122953947.7171      -1636.064          25.000                                                                  
R24  22778850.601   121808775.4350       1495.654          40.000    22778846.868    94740132.5740       1163.025          40.000  
G25  24458521.702   128530350.9280      -2341.921          39.000    24458523.170   100153544.1520      -1824.533          33.000  
S31  39631811.206   208266552.4810       -404.593          37.000  
S33  40334683.003   211960205.2190       -402.285          42.000  
G05  22118346.846   116232586.2380       -377.441          38.000    22118343.718    90570939.7700       -294.084          27.000  
C31  24077196.868   125376198.6080       1127.947          36.000                                                                  
C22  23839210.827   124137092.2880       1185.888          31.000                                                                  
C21  27403273.142   142696022.8610       3009.699          28.000                                                                  
R02  25382426.058   135445504.1790       4082.374          24.000    25382438.708   105346543.8221       3174.617          25.000  
R14  24554701.851   130890333.8960      -2572.559          35.000    24554704.396   101803650.7540      -2000.627          36.000  
R15  25429623.923   135888199.9751        320.992          19.000                                                                  
E11  24130722.300   126807801.2431       -482.218          21.000    24130719.986    97164433.5760       -373.686          32.000  
G20  24149764.932   126907871.0121       2322.356          19.000    24149776.307    98889296.0071       1810.546          25.000  
E25  26588115.384   139721495.9520      -1701.791          42.000    26588118.079   107059334.8190      -1303.865          44.000  
E02  28472061.423   149621692.0551        897.792          21.000                                                                  
E16  28137956.387   147865993.2170      -3302.534          29.000    28137949.444   113299862.3611      -2527.068          16.000  
E04  27590642.269   144989799.8670       1423.680          25.000    27590642.209   111096067.7810       1090.752          27.000  
E36  27954059.374   146899572.6021        939.258          19.000    27954042.382   112559354.1290        718.320          34.000  
E10  26633590.896   139960464.0451      -1370.961          18.000    26633620.790   107242554.2121      -1050.360          23.000  
G15  25457766.621   133781414.5980       3373.698          31.000                                                                  
E06                                                                  28174206.292   113445849.8840       1661.620          25.000  
G21                                                                  22991496.962    94146335.8511      -1992.928          22.000  
R08                                                                  22316876.520    92949002.0791      -1499.654          21.000  
> 2026  7 21 14 10 50.0060000  0 32                           
G29  23699992.466   124544278.0210       2197.777          31.000    23699984.036    97047453.4790       1712.437          32.000  
S35  40075884.370   210600215.7900       -395.234          40.000  
G11  24307974.976   127739263.8020      -2141.986          26.000                                                                  
G12  25175074.610   132295920.1120      -3598.721          37.000    25175063.441   103087676.1251      -2808.870          20.000  
C24  28189647.648   146790908.2280      -2140.112          35.000                                                                  
C19  25272085.241   131598429.8720      -2066.864          30.000                                                                  
C35  24269692.755   126378666.0730      -1221.602          27.000                                                                  
R22  25669250.503   137024202.2481      -2862.882          10.000                                                                  
R23  22987986.240   122970225.3851      -1636.040          22.000                                                                  
R24  22776053.212   121793815.2050       1498.535          40.000    22776049.248    94728496.8190       1165.790          39.000  
G25  24462980.721   128553781.9160      -2341.754          39.000    24462982.929   100171802.0120      -1824.716          32.000  
S31  39632577.316   208270578.7240       -399.210          37.000  
S33  40335446.624   211964217.5580       -398.304          42.000  
G05  22119068.134   116236377.7570       -378.505          38.000    22119066.015    90573894.2370       -295.240          28.000  
C31  24075030.256   125364917.6280       1129.904          35.000                                                                  
C22  23836938.919   124125259.0980       1183.284          31.000                                                                  
C21  27397493.224   142665923.1430       3012.243          27.000                                                                  
R02  25374776.487   135404669.4451       4084.643          25.000    25374791.231   105314803.4411       3178.977          25.000  
R14  24559530.803   130916075.6020      -2573.550          35.000    24559533.361   101823672.0470      -2001.968          37.000  
R15  25429042.621   135885093.2941        309.302          19.000                                                                  
E11  24131656.762   126812711.5461       -476.047          22.000    24131647.386    97168167.8080       -371.814          32.000  
G20  24145365.582   126884752.3161       2333.570          21.000    24145354.624    98871189.9411       1812.026          23.000  
E25  26591355.563   139738523.1480      -1701.741          42.000    26591358.159   107072381.6100      -1303.813          44.000  
E02  28470353.211   149612715.3721        913.050          19.000                                                                  
E16  28144241.278   147899013.4640      -3299.365          30.000    28144241.793   113325199.0821      -2531.762          12.000  
E04  27587914.103   144975466.9431       1423.805          24.000    27587932.713   111085164.8990       1092.252          25.000  
E36  27952278.037   146890212.4371        941.745           9.000    27952257.503   112552165.4100        721.071          35.000  
E10  26636231.659   139974341.7201      -1365.867          23.000    26636227.200   107253049.0411      -1036.433          21.000  
G15  25451346.280   133747666.9370       3377.039          31.000                                                                  
E06                                                                  28170075.581   113429220.6591       1665.360          24.000  
G21                                                                  22996360.857    94166253.4661      -1990.011          21.000  
R08                                                                  22320473.212    92963981.7471      -1493.553          15.000  
> 2026  7 21 14 11  0.0060000  0 33                           
G29  23695812.551   124522305.8440       2196.320          28.000    23695800.214    97030352.2750       1711.857          32.000  
S35  40076635.599   210604161.9010       -392.951          40.000  
G11  24312025.948   127760570.6520      -2140.940          24.000                                                                  
G12  25181922.256   132331905.7820      -3598.415          36.000    25181910.933   103115715.5061      -2798.864          20.000  
C12  26886005.110   140002483.3151      -3148.438          25.000                                                                  
C24  28193757.461   146812310.4690      -2139.745          35.000                                                                  
C19  25276058.725   131619115.3520      -2068.838          30.000                                                                  
C35  24272037.705   126390869.4521      -1234.821          22.000                                                                  
R22  25674546.763   137052473.3171      -2832.115          15.000                                                                  
R01  21860464.920   116856713.2151       2180.813          19.000                                                                  
R08  22324027.399   119544152.0841      -1938.591          16.000                                                                  
R23  22991039.071   122986556.1081      -1639.039          21.000                                                                  
R24  22773250.270   121778825.4570       1499.628          40.000    22773246.086    94716838.1390       1166.174          39.000  
G21  23001222.601   120872240.5291      -2537.889          19.000    23001225.880    94186174.8471      -1989.792          22.000  
G25  24467440.657   128577215.7620      -2344.211          40.000    24467442.026   100190062.1350      -1826.033          32.000  
S31  39633336.000   208274565.0840       -397.577          37.000  
S33  40336202.893   211968189.8770       -395.904          42.000  
G05  22119792.030   116240181.7070       -381.636          38.000    22119792.383    90576858.3690       -297.548          30.000  
C31  24072859.614   125353614.2450       1130.658          34.000                                                                  
C22  23834669.139   124113436.8320       1180.327          33.000                                                                  
C21  27391708.432   142635794.7750       3013.741          28.000                                                                  
R02  25367124.476   135363836.2741       4086.516          25.000                                                                  
R14  24564362.118   130941830.0650      -2577.115          34.000    24564364.959   101843703.2470      -2004.047          37.000  
R15  25428466.302   135882014.0171        309.206          21.000                                                                  
E11  24132555.837   126817436.5241       -480.607          25.000    24132568.482    97171876.2200       -370.028          32.000  
G20  24140961.804   126861609.6621       2323.059          25.000    24140927.861    98853063.8761       1800.246          23.000  
E25  26594596.030   139755550.5060      -1703.428          42.000    26594598.196   107085428.5470      -1305.099          43.000  
E02  28468638.665   149603704.9991        890.623          14.000                                                                  
E16  28150519.240   147932001.9420      -3298.037          30.000                                                                  
E04  27585197.653   144961191.2981       1424.449          24.000    27585222.920   111074261.8091       1091.881          25.000  
E10  26638829.099   139987991.0421      -1364.342          25.000    26638823.052   107263501.4701      -1049.621          19.000  
G15  25444919.386   133713884.5910       3379.208          32.000                                                                  
E36                                                                  27950465.703   112544950.1000        722.412          35.000  
> 2026  7 21 14 11 10.0060000  0 34                           
G29  23691631.631   124500328.8830       2198.862          26.000    23691618.447    97013227.4730       1712.640          32.000  
S35  40077379.746   210608072.4260       -389.063          41.000  
G11  24316075.112   127781836.6581      -2137.416          22.000                                                                  
G12  25188766.206   132367872.3720      -3595.083          35.000    25188750.154   103143720.9111      -2794.985          18.000  
C12  26892047.585   140033948.5651      -3145.141          25.000                                                                  
C24  28197864.739   146833698.3710      -2137.738          32.000                                                                  
C19  25280033.287   131639812.6260      -2070.118          30.000                                                                  
C35  24274377.496   126403053.4171      -1217.438          23.000                                                                  
R22  25679893.682   137081016.1581      -2831.375          18.000                                                                  
R01  21856396.993   116834967.0541       2186.835          21.000                                                                  
R08  22327639.414   119563494.4031      -1919.998          16.000                                                                  
R23  22994092.428   123002888.9291      -1629.911          19.000                                                                  
R24  22770442.480   121763810.8120       1503.088          40.000    22770438.076    94705160.0770       1168.768          38.000  
G21  23006098.495   120897863.5111      -2549.009          23.000    23006090.597    94206094.8511      -1988.763          22.000  
G25  24471901.749   128600656.9560      -2344.573          40.000    24471902.633   100208328.0380      -1827.327          32.000  
S31  39634087.776   208278515.5570       -392.795          37.000  
S33  40336951.890   211972126.9410       -391.397          42.000  
G05  22120518.870   116244002.7060       -382.486          38.000    22120520.193    90579831.7551       -299.219          30.000  
C31  24070685.981   125342293.1140       1132.817          33.000                                                                  
C22  23832401.302   124101630.1740       1180.354          32.000                                                                  
C21  27385918.997   142605642.4380       3016.560          26.000                                                                  
R02  25359463.681   135322957.3721       4090.782          25.000    25359474.080   105251232.1971       3182.725          25.000  
R14  24569196.907   130967601.6690      -2578.077          33.000    24569200.048   101863747.7580      -2004.879          38.000  
R15  25427896.814   135878970.6891        302.518          21.000                                                                  
E11  24133489.047   126822310.4010       -479.201          27.000    24133484.257    97175562.3760       -367.828          32.000  
G20  24136538.760   126838366.5191       2333.666          20.000    24136495.453    98834913.0471       1806.331          22.000  
E25  26597836.580   139772582.6010      -1703.095          42.000    26597839.190   107098479.1140      -1305.011          43.000  
E02  28466920.872   149594678.7891        898.237          14.000                                                                  
E16  28156791.483   147964963.2970      -3294.847          31.000                                                                  
E04  27582484.454   144946933.9741       1424.536          23.000    27582511.977   111063346.0281       1090.333          24.000  
E10  26641414.617   140001577.8341      -1358.878          24.000    26641413.140   107273930.0341      -1036.995          19.000  
G15  25438484.784   133680072.3170       3383.206          31.000                                                                  
G18  26838421.541   141036856.9321       2001.874          20.000                                                                  
E36                                                                  27948667.803   112537711.6860        725.459          35.000  
> 2026  7 21 14 11 20.0060000  0 35                           
G29  23687439.198   124478355.7040       2197.055          26.000    23687435.629    96996099.2720       1711.668          32.000  
S35  40078116.892   210611947.1770       -387.257          40.000  
G11  24320147.375   127803236.3081      -2136.987          25.000                                                                  
G12  25195606.291   132403819.9030      -3594.797          35.000    25195593.044   103171740.8571      -2791.754          18.000  
C12  26898088.859   140065406.1310      -3145.911          25.000                                                                  
C24  28201968.755   146855071.9680      -2138.513          31.000                                                                  
C19  25284002.577   131660436.2731      -2072.964          25.000                                                                  
C35  24276726.023   126415282.6051      -1222.941          26.000                                                                  
R22  25685227.047   137109485.8771      -2836.943          15.000                                                                  
R01  21852327.690   116813214.9031       2179.045          22.000                                                                  
R08  22331255.457   119582858.3621      -1999.262          12.000                                                                  
R23  22997151.352   123019252.2511      -1636.505          17.000                                                                  
R24  22767630.086   121748771.6340       1503.912          39.000    22767625.398    94693462.9190       1169.684          37.000  
G21  23010955.776   120923388.1571      -2556.051          23.000    23010952.148    94226001.5731      -1990.887          20.000  
G25  24476363.759   128624105.5890      -2346.520          39.000    24476365.170   100226599.6720      -1828.789          31.000  
S31  39634832.889   208282430.4900       -391.517          38.000  
S33  40337694.055   211976027.9440       -389.494          42.000  
G05  22121249.041   116247840.9100       -386.017          37.000    22121250.318    90582824.6300       -301.050          29.000  
E28  27907632.556   146655598.1331        378.864          25.000                                                                  
C31  24068508.856   125330954.4950       1133.700          34.000                                                                  
C22  23830136.935   124089839.4020       1176.796          32.000                                                                  
C21  27380128.919   142575515.9551       3017.263          25.000                                                                  
R02  25351796.351   135282042.9461       4092.756          25.000                                                                  
R14  24574034.421   130993390.3060      -2580.806          32.000    24574037.821   101883805.5730      -2007.733          37.000  
R15  25427335.620   135875971.9791        296.860          18.000                                                                  
E11  24134398.807   126827092.2660       -477.552          28.000    24134394.603    97179226.4190       -366.884          32.000  
E25  26601078.123   139789619.6150      -1705.113          42.000    26601081.342   107111533.4590      -1306.864          43.000  
E02  28465196.990   149585619.4381        907.737          21.000                                                                  
E16  28163059.923   147997897.5240      -3293.354          32.000                                                                  
E04  27579764.762   144932641.2251       1423.328          23.000    27579798.156   111052417.9151       1088.993          24.000  
E10  26644002.985   140015180.2941      -1357.521          26.000    26643992.795   107284317.3621      -1038.290          18.000  
G15  25432045.148   133646230.4530       3383.765          30.000                                                                  
G18  26834606.342   141016807.2221       2004.264          26.000                                                                  
E36                                                                  27946864.146   112530450.3530        726.440          34.000  
G20                                                                  24132068.184    98816784.4731       1805.152          23.000  
> 2026  7 21 14 11 30.0060000  0 35                           
S35  40078853.126   210615815.3350       -386.182          40.000  
G11  24324225.649   127824668.2641      -2137.927          25.000                                                                  
G12  25202448.829   132439777.6270      -3596.060          35.000    25202439.022   103199774.4231      -2799.656          21.000  
C12  26904135.008   140096881.3070      -3147.707          26.000                                                                  
C24  28206073.776   146876427.8711      -2138.868          25.000                                                                  
C19  25287993.579   131681197.8420      -2076.360          28.000                                                                  
C35  24279074.887   126427514.0731      -1222.970          26.000                                                                  
R22  25690547.793   137137888.3961      -2835.433          21.000                                                                  
R01  21848278.960   116791572.1921       2161.052          23.000                                                                  
R08  22334911.023   119602433.6131      -1946.652          15.000    22334851.058    93023865.0531      -1518.958          18.000  
R23  23000219.372   123035664.0721      -1644.453          22.000                                                                  
R24  22764818.692   121733737.8240       1503.577          39.000    22764813.655    94681769.9400       1169.629          38.000  
G21  23015821.957   120948959.8641      -2559.559          23.000    23015810.237    94245895.2341      -1983.996          19.000  
G25  24480832.541   128647590.9990      -2349.365          37.000    24480834.066   100244899.9380      -1830.551          30.000  
S31  39635576.835   208286338.9820       -389.717          37.000  
S33  40338435.578   211979922.8100       -388.668          42.000  
G05  22121988.241   116251725.5940       -390.278          38.000    22121988.294    90585851.6440       -302.906          30.000  
E28  27906917.404   146651839.8111        375.624          24.000                                                                  
C31  24066334.229   125319627.5480       1132.725          34.000                                                                  
C22  23827881.642   124078093.5550       1173.112          32.000                                                                  
C21  27374335.338   142545347.3741       3017.130          26.000                                                                  
R02  25344122.963   135241095.9701       4094.498          24.000    25344134.935   105187568.3771       3182.028          23.000  
R14  24578881.268   131019225.7990      -2585.356          33.000    24578884.276   101903899.7520      -2010.400          37.000  
R15  25426782.220   135873014.3521        286.501          20.000    25426826.724   105679196.5141        222.514          13.000  
E11  24135302.482   126831874.5520       -476.964          27.000    24135305.004    97182890.7620       -365.937          32.000  
E25  26604326.055   139806690.8920      -1708.076          42.000    26604330.001   107124614.0290      -1308.999          43.000  
E02  28463492.023   149576659.4141        891.739          19.000                                                                  
E16  28169326.985   148030833.9370      -3293.573          32.000    28169325.509   113426200.0171      -2521.493          17.000  
E04  27577056.647   144918410.0761       1424.884          20.000    27577089.994   111041513.8611       1089.943          24.000  
E36  27945052.879   146852243.5111        947.615          20.000    27945060.505   112523188.5880        726.851          34.000  
E10  26646590.714   140028779.1331      -1358.541          25.000    26646584.343   107294752.7591      -1043.734          21.000  
G15  25425605.030   133612388.3830       3384.396          32.000                                                                  
G18  26830788.890   140996761.2320       2005.845          27.000                                                                  
G29                                                                  23683258.144    96978990.6920       1710.920          32.000  
G20                                                                  24127655.133    98798714.1451       1809.162          25.000  
> 2026  7 21 14 11 40.0060000  0 35                           
S35  40079583.437   210619652.8450       -382.813          40.000  
G11  24328288.353   127846017.3971      -2142.677          21.000                                                                  
G12  25209287.590   132475720.4680      -3594.584          32.000    25209286.530   103227813.2711      -2799.978          24.000  
C12  26910181.139   140128374.7551      -3148.055          25.000                                                                  
C24  28210178.399   146897800.9561      -2136.640          20.000                                                                  
C19  25291985.774   131701964.0180      -2077.911          28.000                                                                  
C35  24281426.209   126439753.8900      -1223.418          28.000                                                                  
R22  25695875.569   137166328.7571      -2846.460          21.000                                                                  
R01  21844227.621   116769915.2191       2159.025          21.000                                                                  
R08  22338548.170   119621910.5781      -1952.824          21.000    22338490.864    93039024.7451      -1517.299          20.000  
R23  23003300.724   123052126.5850      -1636.283          27.000                                                                  
R24  22762003.025   121718683.9190       1505.578          39.000    22761998.312    94670061.3570       1171.069          38.000  
G21  23020695.752   120974572.4381      -2557.270          26.000    23020677.155    94265823.7441      -1989.634          21.000  
G25  24485303.843   128671088.0380      -2351.134          38.000    24485305.083   100263209.3240      -1832.035          30.000  
S31  39636314.979   208290216.6660       -387.134          37.000  
S33  40339170.668   211983786.4020       -385.177          42.000  
G05  22122731.313   116255631.9370       -392.293          38.000    22122730.352    90588895.5670       -305.791          29.000  
E28  27906204.015   146648091.5531        376.929          23.000                                                                  
C31  24064156.731   125308287.5690       1134.120          34.000                                                                  
C22  23825630.449   124066368.1040       1171.448          31.000                                                                  
C21  27368535.354   142515145.5991       3019.913          25.000                                                                  
R02  25336452.064   135200162.1851       4093.994          26.000                                                                  
R14  24583732.109   131045082.5670      -2587.034          34.000    24583734.451   101924010.5340      -2012.459          37.000  
R15  25426238.131   135870107.4661        286.472          25.000    25426283.362   105676937.4131        222.514          13.000  
E11  24136210.869   126836632.4970       -475.574          28.000    24136210.850    97186536.3580       -363.561          32.000  
E25  26607576.324   139823771.4170      -1709.186          42.000    26607580.147   107137701.6850      -1309.699          43.000  
E02  28461804.733   149567792.4421        890.037          22.000                                                                  
E16  28175588.758   148063747.6190      -3290.834          32.000                                                                  
E04  27574348.236   144904177.2631       1421.821          16.000    27574380.873   111030604.9691       1090.115          23.000  
E36  27943249.011   146842763.7061        952.052          23.000    27943251.922   112515907.2240        729.341          34.000  
E10  26649167.119   140042318.0521      -1355.806          25.000    26649166.638   107305150.9081      -1028.587          21.000  
G15  25419158.629   133578521.3620       3386.997          31.000                                                                  
G18  26826951.685   140976678.6180       2009.019          28.000                                                                  
G29                                                                  23679080.466    96961882.5180       1709.240          32.000  
G20                                                                  24123244.926    98780654.7901       1806.476          26.000  
> 2026  7 21 14 11 50.0060000  0 34                           
S35  40080313.212   210623488.2510       -385.029          40.000  
G11  24332353.078   127867377.7551      -2139.378          22.000                                                                  
G12  25216129.507   132511677.5500      -3598.026          32.000    25216132.729   103255847.3801      -2803.619          25.000  
C12  26916231.633   140159880.8471      -3153.966          26.000                                                                  
C24  28214299.101   146919259.2831      -2157.077          11.000                                                                  
C19  25295981.427   131722775.2530      -2084.762          26.000                                                                  
C35  24283777.348   126452006.8680      -1228.156          27.000                                                                  
R22  25701199.811   137194749.9441      -2839.558          24.000                                                                  
R01  21840185.470   116748307.2801       2158.568          23.000                                                                  
R08  22342192.075   119641423.0781      -1960.433          23.000    22342137.048    93054211.1431      -1541.632          17.000  
R23  23006378.848   123068507.1250      -1640.960          29.000                                                                  
R24  22759189.125   121703639.8550       1502.362          38.000    22759184.874    94658360.4580       1168.097          38.000  
G21  23025559.735   121000132.9730      -2563.179          27.000    23025548.947    94285773.7921      -2004.774          20.000  
G25  24489782.547   128694625.8640      -2357.308          38.000    24489785.072   100281550.5090      -1837.076          30.000  
S31  39637052.487   208294092.3590       -389.125          37.000  
S33  40339905.731   211987648.4170       -387.789          42.000  
G05  22123484.494   116259588.9620       -400.053          37.000    22123482.715    90591978.9310       -311.578          30.000  
C31  24061983.218   125296963.5770       1129.578          35.000                                                                  
C22  23823388.802   124054691.9930       1163.738          31.000                                                                  
C21  27362738.769   142484960.6241       3015.048          26.000                                                                  
R02  25328782.148   135159242.0890       4091.595          26.000                                                                  
R14  24588593.653   131070990.1870      -2595.196          32.000    24588594.323   101944160.8210      -2018.582          37.000  
R15  25425712.640   135867299.0511        275.200          23.000    25425756.376   105674747.1291        220.297          15.000  
E11  24137118.505   126841395.0280       -477.944          27.000    24137117.446    97190185.6400       -366.359          32.000  
G20  24118838.026   126745348.5421       2312.314          22.000    24118835.673    98762592.3040       1803.397          27.000  
E25  26610833.669   139840890.3430      -1715.392          42.000    26610837.358   107150818.7870      -1314.490          42.000  
E02  28460105.280   149558861.9641        881.733          22.000                                                                  
E16  28181854.030   148096667.7000      -3293.858          33.000                                                                  
E04  27571658.232   144890041.4711       1430.063          15.000    27571679.868   111019729.5511       1080.715          22.000  
E36  27941432.925   146833220.5801        948.254          26.000    27941444.387   112508628.7160        726.737          34.000  
E10  26651745.998   140055870.4671      -1357.345          26.000    26651745.515   107315534.3941      -1044.971          20.000  
G15  25412713.372   133544658.6670       3384.064          30.000                                                                  
G18  26823129.814   140956592.7490       2007.444          27.000                                                                  
G29                                                                  23674908.526    96944797.2830       1706.515          32.000  
> 2026  7 21 14 12  0.0060000  0 33                           
S35  40081051.981   210627369.4410       -391.649          41.000  
G11  24336446.412   127888888.1241      -2139.957          22.000                                                                  
G12  25222983.205   132547696.2010      -3606.437          33.000    25222987.003   103283914.8171      -2811.384          25.000  
C12  26922290.964   140191433.6701      -3162.705          23.000                                                                  
C19  25299996.558   131743705.4390      -2095.389          27.000                                                                  
C35  24286146.480   126464333.6430      -1237.370          25.000                                                                  
R22  25706538.335   137223247.0161      -2846.521          24.000                                                                  
R01  21836169.891   116726842.0291       2138.850          22.000                                                                  
R08  22345862.140   119661076.7071      -1973.575          15.000    22345807.457    93069498.2601      -1513.793          17.000  
R23  23009457.961   123084961.6220      -1651.294          26.000                                                                  
R24  22756386.571   121688653.7890       1494.360          38.000    22756382.883    94646704.6210       1161.993          38.000  
G21  23030426.630   121025810.6330      -2574.176          25.000    23030439.432    94305798.8611      -2009.391          20.000  
G25  24494278.133   128718251.8610      -2368.642          39.000    24494280.815   100299960.3860      -1845.422          29.000  
S31  39637798.741   208298013.5170       -395.486          37.000  
S33  40340649.343   211991555.7810       -394.115          42.000  
G05  22124256.116   116263643.9950       -411.724          37.000    22124254.513    90595138.6950       -320.163          30.000  
C31  24059822.383   125285702.6140       1121.712          35.000                                                                  
C22  23821165.685   124043112.2290       1152.220          33.000                                                                  
C21  27356954.943   142454847.0370       3008.250          27.000                                                                  
R02  25321122.036   135118360.8770       4084.167          26.000                                                                  
R14  24593473.373   131096996.5810      -2606.489          30.000    24593472.276   101964387.9280      -2027.579          37.000  
R15  25425202.132   135864571.1431        272.250          22.000                                                                  
E11  24138037.077   126846209.7610       -484.868          28.000    24138033.715    97193874.8230       -371.611          32.000  
G20  24114447.699   126722277.5521       2308.016          21.000    24114441.527    98744594.0370       1795.825          28.000  
E25  26614107.490   139858095.1110      -1725.918          42.000    26614111.047   107164001.6410      -1322.708          42.000  
E02  28458427.830   149550046.7061        871.821          24.000                                                                  
E16  28188127.682   148129641.5470      -3301.741          33.000                                                                  
E04  27568999.362   144876068.7961       1408.647          20.000    27568994.029   111008914.3691       1074.868          23.000  
E36  27939639.703   146823794.5630        941.101          27.000    27939647.171   112501389.3500        720.849          33.000  
E10  26654348.202   140069493.5310      -1364.821          28.000    26654337.887   107325972.8251      -1042.134          17.000  
G15  25406277.074   133510847.9410       3377.104          27.000                                                                  
G18  26819314.734   140936551.2210       2000.638          26.000                                                                  
G29                                                                  23670751.229    96927772.2460       1698.372          32.000  
> 2026  7 21 14 12 10.0060000  0 32                           
S35  40081803.582   210631319.8680       -398.362          40.000  
G11  24340537.200   127910386.2101      -2150.686          21.000                                                                  
G12  25229853.625   132583800.6250      -3614.500          33.000    25229859.558   103312057.1651      -2816.703          26.000  
C12  26928369.778   140223087.1591      -3173.394          22.000                                                                  
C19  25304035.795   131764724.6880      -2107.261          25.000                                                                  
C35  24288539.568   126476758.3870      -1247.082          26.000                                                                  
R22  25711890.737   137251818.2841      -2853.391          21.000                                                                  
R23  23012546.286   123101604.3261      -1663.077          20.000                                                                  
R24  22753599.861   121673750.9340       1486.481          38.000    22753596.077    94635113.5010       1156.274          39.000  
G21  23035348.498   121051573.0421      -2583.264          24.000    23035344.341    94325883.5711      -2013.669          20.000  
G25  24498795.122   128741990.1940      -2379.262          39.000    24498797.818   100318457.7820      -1854.069          29.000  
S31  39638558.425   208302004.4510       -402.745          37.000  
S33  40341405.989   211995532.8760       -401.317          42.000  
G05  22125051.011   116267821.5550       -423.613          38.000    22125049.027    90598393.9440       -330.350          30.000  
C31  24057677.885   125274528.8580       1112.958          36.000                                                                  
C22  23818965.926   124031653.0970       1140.153          35.000                                                                  
C21  27351180.012   142424805.2010       3000.093          26.000                                                                  
R02  25313472.300   135077538.5751       4070.448          25.000                                                                  
R14  24598376.299   131123126.3700      -2620.067          30.000    24598373.900   101984710.9960      -2037.091          37.000  
R15  25424730.170   135862049.1821        249.363          22.000                                                                  
E11  24138968.196   126851101.1160       -492.616          28.000    24138964.396    97197622.6990       -377.564          31.000  
G20  24110068.522   126699264.6741       2293.758          24.000    24110064.778    98726676.5340       1787.386          27.000  
E25  26617402.859   139875410.0140      -1737.051          42.000    26617406.140   107177268.8790      -1330.964          42.000  
E02  28456780.489   149541390.6141        864.716          26.000    28456792.355   114583710.0591        661.772          25.000  
E16  28194418.219   148162693.3160      -3308.810          34.000                                                                  
E04  27566346.394   144862127.9071       1392.083          22.000    27566328.514   110998181.3511       1073.192          24.000  
E36  27937860.366   146814421.9800        933.626          29.000    27937862.969   112494207.7600        715.253          32.000  
E10  26656945.325   140083174.2350      -1371.768          30.000    26656955.915   107336514.7061      -1046.130          16.000  
G15  25399856.120   133477146.4550       3369.664          25.000                                                                  
G18  26815519.953   140916578.2620       1993.729          27.000                                                                  
G29                                                                  23666612.844    96910826.3470       1690.339          31.000  
R08                                                                  22349509.522    93084917.2321      -1544.742          17.000  
> 2026  7 21 14 12 20.0060000  0 33                           
G29  23662477.057   124347156.1711       2159.338          27.000    23662493.330    96893955.6450       1683.599          31.000  
S35  40082568.066   210635335.7240       -404.749          41.000  
G11  24344626.132   127931873.3661      -2159.745          19.000                                                                  
G12  25236739.818   132619985.6460      -3622.662          32.000    25236748.396   103340261.4880      -2822.486          27.000  
C12  26934461.468   140254808.0801      -3173.485          21.000                                                                  
C19  25308102.673   131785931.1771      -2117.359          25.000                                                                  
C35  24290940.691   126489302.4661      -1257.031          24.000                                                                  
R22  25717256.356   137280460.0991      -2866.084          22.000                                                                  
R01  21828210.807   116684295.6611       2113.440          19.000                                                                  
R23  23015650.237   123118208.7431      -1667.886          23.000                                                                  
R24  22750827.987   121658925.7390       1478.326          39.000    22750823.821    94623582.8140       1149.988          39.000  
G21  23040278.318   121077479.5281      -2592.077          24.000    23040266.267    94346038.7311      -2026.707          18.000  
G25  24503332.533   128765835.7190      -2389.967          39.000    24503334.761   100337038.6630      -1862.098          29.000  
S31  39639330.406   208306060.2860       -408.766          38.000  
S33  40342175.243   211999575.1840       -407.631          42.000  
G05  22125868.669   116272116.3130       -435.378          37.000    22125865.455    90601740.4900       -339.063          30.000  
C31  24055548.921   125263437.2500       1104.557          35.000                                                                  
C22  23816787.244   124020309.3810       1128.548          33.000                                                                  
C21  27345425.077   142394839.4740       2993.381          27.000                                                                  
R02  25305840.908   135036815.0661       4070.210          25.000                                                                  
R14  24603300.596   131149373.9920      -2630.583          29.000    24603297.772   102005125.8450      -2046.043          37.000  
R15  25424279.661   135859641.2821        228.446          21.000                                                                  
E11  24139907.300   126856063.6870       -499.967          27.000    24139908.123    97201425.1870       -383.050          31.000  
G20  24105697.662   126676295.2111       2283.702          19.000    24105705.526    98708835.5950       1780.314          27.000  
E25  26620717.777   139892829.7810      -1747.087          42.000    26620721.050   107190616.4970      -1338.786          42.000  
E02  28455150.783   149532797.3350        853.771          28.000    28455160.660   114577140.1771        653.869          26.000  
E16  28200722.469   148195817.8990      -3316.170          34.000                                                                  
E04  27563698.970   144848215.0971       1386.595          23.000    27563678.810   110987511.7941       1068.320          25.000  
E36  27936090.120   146805119.6530        926.665          32.000    27936092.376   112487080.0710        709.962          32.000  
E10  26659558.710   140096922.9930      -1378.261          31.000    26659566.930   107347028.0221      -1058.100          14.000  
G15  25393448.889   133443483.3280       3362.540          26.000                                                                  
G18  26811741.795   140896668.7380       1987.814          28.000                                                                  
R08                                                                  22353245.157    93100476.1571      -1559.590          20.000  
> 2026  7 21 14 12 30.0060000  0 31                           
G29  23658382.193   124325602.6010       2150.492          29.000    23658392.299    96877160.9060       1675.277          31.000  
S35  40083344.586   210639416.7780       -411.300          40.000  
G11  24348749.418   127953541.3651      -2167.888          23.000                                                                  
G12  25243641.247   132656251.8210      -3630.427          32.000    25243648.765   103368520.8620      -2828.968          27.000  
C12  26940585.704   140286699.0641      -3192.121          19.000                                                                  
C19  25312197.495   131807254.3381      -2131.577          22.000                                                                  
C35  24293345.567   126501824.9571      -1261.963          17.000                                                                  
R22  25722648.550   137309243.9071      -2876.838          22.000                                                                  
R23  23018781.453   123134959.0761      -1676.711          23.000                                                                  
R24  22748070.251   121644179.2330       1470.728          39.000    22748066.381    94612113.3090       1143.921          39.000  
G21  23045213.043   121103411.3381      -2603.057          25.000    23045202.578    94366252.0371      -2023.655          16.000  
G25  24507890.900   128789789.0020      -2400.332          40.000    24507892.431   100355703.5370      -1870.517          29.000  
S31  39640114.544   208310181.6860       -415.526          37.000  
S33  40342956.787   212003682.0610       -414.044          41.000  
G05  22126708.752   116276529.0370       -447.344          37.000    22126705.653    90605178.9840       -348.826          30.000  
C31  24053435.482   125252428.5680       1096.936          37.000                                                                  
C22  23814630.387   124009081.9830       1116.119          32.000                                                                  
C21  27339684.129   142364919.7740       2985.115          27.000                                                                  
R02  25298221.813   134996157.9510       4062.153          26.000                                                                  
R14  24608247.173   131175740.2490      -2642.123          28.000    24608243.712   102025633.0130      -2055.428          36.000  
E11  24140852.350   126861098.2950       -506.792          25.000    24140865.759    97205282.8580       -388.355          31.000  
G20  24101356.272   126653481.1411       2275.534          21.000    24101364.710    98691072.1370       1772.159          26.000  
E25  26624052.712   139910355.1950      -1757.554          42.000    26624056.083   107204045.0450      -1346.830          41.000  
E02  28453530.756   149524317.0710        842.788          29.000    28453546.455   114570640.2711        646.959          24.000  
E16  28207041.163   148229015.9660      -3323.448          35.000                                                                  
E04  27561070.026   144834400.2551       1377.752          21.000    27561047.053   110976915.4861       1054.913          24.000  
E36  27934333.141   146795888.3280        920.042          33.000    27934335.814   112480006.6890        704.599          31.000  
E10  26662186.696   140110740.5860      -1385.053          30.000    26662201.833   107357637.7241      -1061.112          15.000  
G15  25387056.058   133409892.2940       3355.792          24.000                                                                  
G18  26807958.246   140876823.3860       1981.262          28.000                                                                  
R08                                                                  22357013.028    93116168.9241      -1579.024          22.000  
> 2026  7 21 14 12 40.0060000  0 34                           
G29  23654305.753   124304141.4540       2142.168          30.000    23654308.389    96860437.9490       1669.352          31.000  
S35  40084132.793   210643557.8100       -416.481          40.000  
G11  24352908.326   127975363.7330      -2176.400          28.000                                                                  
G12  25250556.324   132692593.7840      -3637.065          32.000    25250566.265   103396839.2840      -2834.670          27.000  
C12  26946736.798   140318728.8561      -3187.817          19.000                                                                  
C19  25316328.278   131828764.1341      -2134.676          22.000                                                                  
C35  24295780.577   126514504.4991      -1268.976          21.000                                                                  
R22  25728052.584   137338091.0591      -2883.800          24.000                                                                  
R01  21820360.930   116642333.8961       2081.263          19.000                                                                  
R23  23021922.970   123151763.4981      -1683.641          21.000                                                                  
R24  22745326.403   121629505.9810       1464.319          39.000    22745322.676    94600700.7900       1139.099          39.000  
G21  23050187.353   121129507.3550      -2611.506          27.000    23050158.255    94386544.6871      -2036.660          18.000  
G25  24512468.978   128813844.7430      -2410.222          41.000    24512470.487   100374448.2140      -1877.711          29.000  
S31  39640910.155   208314362.9100       -420.730          37.000  
S33  40343749.918   212007850.1120       -419.394          42.000  
G05  22127570.242   116281054.4190       -457.802          36.000    22127567.304    90608705.2340       -356.712          29.000  
C31  24051336.682   125241497.7150       1090.035          37.000                                                                  
C22  23812494.741   123997965.6490       1106.976          31.000                                                                  
C21  27333956.748   142335102.7810       2978.694          27.000                                                                  
R02  25290615.622   134955570.4820       4056.130          28.000    25290621.635   104965468.4321       3153.731          24.000  
R14  24613213.336   131202219.7050      -2653.480          26.000    24613211.417   102046228.1000      -2063.296          36.000  
R15  25423441.345   135855162.1651        206.836          14.000                                                                  
E11  24141835.861   126866199.7490       -512.706          28.000    24141836.215    97209191.7520       -392.297          30.000  
G20  24097048.996   126630846.7671       2273.653          22.000    24097041.304    98673382.0440       1765.257          25.000  
E25  26627407.217   139927980.9620      -1766.955          43.000    26627409.907   107217550.4870      -1353.961          41.000  
E02  28451940.666   149515938.6210        833.336          30.000                                                                  
E16  28213370.815   148262282.1590      -3329.983          35.000                                                                  
E04  27558441.350   144820585.7581       1368.828          14.000    27558435.219   110966398.0601       1041.277          23.000  
E36  27932587.642   146786722.7580        913.858          34.000    27932591.904   112472983.6970        700.280          31.000  
E10  26664827.922   140124621.8570      -1391.012          31.000    26664833.533   107368234.9741      -1072.683          17.000  
G15  25380675.125   133376347.6921       3349.126          24.000                                                                  
G18  26804197.646   140857037.0550       1976.022          27.000                                                                  
E28                                                                  27902324.896   112351099.6481        245.231          15.000  
R08                                                                  22360806.570    93131969.2331      -1587.828          25.000  
> 2026  7 21 14 12 50.0060000  0 34                           
G29  23650238.943   124282766.4660       2132.183          31.000    23650240.870    96843782.0830       1661.948          31.000  
S35  40084930.951   210647753.3370       -422.926          40.000  
G11  24357061.244   127997163.8810      -2183.986          27.000                                                                  
G12  25257485.281   132729005.2550      -3645.537          32.000    25257492.062   103425211.8290      -2840.369          27.000  
C12  26952911.297   140350881.8451      -3202.682          18.000                                                                  
C19  25320430.669   131850126.5241      -2150.951          23.000                                                                  
C35  24298246.048   126527343.1921      -1283.349          23.000                                                                  
R22  25733462.323   137366969.1041      -2890.872          20.000                                                                  
R01  21816479.948   116621588.0871       2069.870          25.000                                                                  
R23  23025081.038   123168657.2551      -1693.075          24.000                                                                  
R24  22742594.787   121614899.8540       1456.555          38.000    22742590.938    94589340.4550       1132.825          38.000  
G21  23055149.191   121155647.4600      -2620.927          23.000    23055146.568    94406970.8311      -2043.259          19.000  
G25  24517065.128   128837996.5610      -2420.767          40.000    24517066.515   100393267.8310      -1885.960          28.000  
S31  39641716.230   208318598.4680       -426.910          37.000  
S33  40344553.341   212012071.9040       -425.602          42.000  
G05  22128451.715   116285686.3390       -469.126          36.000    22128447.848    90612314.5570       -365.500          29.000  
C31  24049250.858   125230638.5730       1081.478          38.000                                                                  
C22  23810378.359   123986954.4130       1094.967          29.000                                                                  
C21  27328249.198   142305351.5740       2970.760          27.000                                                                  
R02  25283025.203   134915046.4870       4049.012          28.000    25283025.322   104933941.2771       3148.621          24.000  
R14  24618199.711   131228805.9520      -2664.782          27.000    24618198.613   102066906.2400      -2072.400          36.000  
R15  25423066.073   135853156.6201        224.239           8.000                                                                  
E11  24142823.121   126871361.9060       -520.467          29.000    24142818.218    97213147.1010       -397.721          30.000  
G20  24092763.803   126608327.8821       2255.889          22.000    24092736.672    98655760.5230       1758.666          26.000  
E25  26630779.652   139945700.7720      -1777.259          43.000    26630781.938   107231128.0010      -1361.881          41.000  
E02  28450364.842   149507655.8000        822.545          31.000                                                                  
E16  28219713.465   148295610.1960      -3336.721          36.000                                                                  
E04  27555839.993   144806916.4691       1363.307          16.000    27555838.405   110955941.8681       1041.727          24.000  
E36  27930851.596   146777616.6550        907.024          34.000    27930858.907   112466006.3130        695.011          31.000  
E10  26667481.401   140138560.4980      -1397.383          31.000    26667482.822   107378902.7461      -1083.732          19.000  
G15  25374304.535   133342869.9841       3341.483          24.000                                                                  
G18  26800431.295   140837216.8251       1969.728          20.000                                                                  
E06                                                                  28120661.986   113230252.2071       1632.446          25.000  
R08                                                                  22364632.624    93147904.4121      -1594.818          26.000  
> 2026  7 21 14 13  0.0060000  0 32                           
G29  23646187.751   124261473.9710       2126.250          32.000    23646188.697    96827190.5940       1655.575          31.000  
S35  40085738.964   210651998.7720       -426.552          40.000  
G11  24361196.879   128019027.3350      -2189.059          28.000                                                                  
G12  25264426.731   132765482.3500      -3649.850          32.000    25264433.609   103453635.5070      -2843.958          26.000  
C12  26959109.911   140383159.3401      -3208.795          19.000                                                                  
C19  25324532.483   131871557.2480      -2158.252          26.000                                                                  
C35  24300719.712   126540224.4021      -1288.665          25.000                                                                  
R22  25738883.241   137395906.3521      -2888.903          19.000                                                                  
R01  21812617.774   116600942.0031       2059.857          18.000                                                                  
R23  23028274.203   123185738.2541      -1701.750          20.000                                                                  
R24  22739875.006   121600357.0040       1451.678          38.000    22739870.920    94578029.3570       1129.083          38.000  
G21  23060134.293   121181822.8951      -2627.743          23.000    23060145.006    94427437.9851      -2046.228          15.000  
G25  24521678.619   128862240.6850      -2428.181          40.000    24521680.667   100412159.3300      -1892.219          29.000  
S31  39642531.586   208322884.0910       -430.542          37.000  
S33  40345366.505   212016344.1720       -429.260          41.000  
G05  22129352.648   116290420.9710       -478.441          36.000    22129348.457    90616003.8600       -372.547          28.000  
C31  24047178.229   125219847.4930       1076.118          38.000                                                                  
C22  23808281.582   123976044.4880       1086.990          27.000                                                                  
C21  27322545.920   142275662.4790       2966.666          26.000                                                                  
R02  25275444.316   134874581.5820       4044.433          27.000    25275445.463   104902482.1291       3144.599          25.000  
R14  24623206.182   131255494.9080      -2673.456          30.000    24623205.619   102087664.2520      -2079.238          36.000  
E11  24143807.075   126876580.7740       -523.526          27.000    24143811.447    97217146.0140       -401.325          30.000  
G20  24088471.109   126585769.4771       2241.548          23.000    24088449.858    98638170.9800       1752.497          25.000  
E25  26634169.149   139963510.9230      -1784.868          43.000    26634170.675   107244774.7310      -1367.533          41.000  
E02  28448808.111   149499464.8770        815.776          32.000                                                                  
E16  28226067.223   148328996.3530      -3341.008          36.000                                                                  
E04  27553252.078   144793316.2851       1346.833          19.000    27553258.733   110945554.4901       1038.204          25.000  
E36  27929130.529   146768566.3710        902.833          34.000    27929136.349   112459071.6670        691.877          29.000  
E10  26670145.310   140152552.8230      -1400.831          29.000    26670144.367   107389618.9961      -1077.253          21.000  
G15  25367954.204   133309498.5421       3334.304          21.000                                                                  
G18  26796692.051   140817566.8111       1968.745          24.000                                                                  
E06                                                                  28116616.498   113213962.8871       1628.578          24.000  
> 2026  7 21 14 13 10.0060000  0 33                           
G29  23642149.257   124240246.9560       2120.359          33.000    23642149.118    96810650.0260       1653.125          31.000  
S35  40086553.231   210656277.5040       -428.503          41.000  
G11  24365370.352   128040936.2390      -2192.080          26.000                                                                  
G12  25271376.001   132802007.7940      -3654.261          29.000    25271386.532   103482096.8640      -2847.182          26.000  
C12  26965277.179   140415274.0361      -3208.932          21.000                                                                  
C19  25328682.429   131893095.5721      -2159.780          20.000                                                                  
C35  24303198.430   126553131.3911      -1301.859          19.000                                                                  
R22  25744306.547   137424855.8581      -2900.974          19.000                                                                  
R01  21808777.445   116580413.4421       2048.339          25.000                                                                  
R08  22372338.300   119802855.7051      -2071.617          26.000    22372341.437    93180011.8611      -1612.937          26.000  
R23  23031460.692   123202783.9191      -1699.313          22.000                                                                  
R24  22737164.090   121585860.0770       1448.389          37.000    22737159.591    94566753.9660       1126.855          38.000  
G21  23065147.864   121208169.8961      -2633.616          23.000    23065147.331    94447921.7291      -2050.173          16.000  
G25  24526306.141   128886559.8480      -2434.556          39.000    24526309.087   100431109.3180      -1897.221          29.000  
S31  39643353.720   208327203.2110       -432.095          37.000  
S33  40346185.547   212020648.5290       -431.048          42.000  
G05  22130269.471   116295240.9030       -485.043          34.000    22130265.207    90619759.6310       -377.666          27.000  
C31  24045114.700   125209107.5010       1072.605          39.000                                                                  
C22  23806191.764   123965087.5951       1081.463          19.000                                                                  
C21  27316858.904   142246018.7150       2962.806          27.000                                                                  
R02  25267868.294   134834158.5440       4040.793          27.000    25267872.941   104871047.2440       3142.519          27.000  
R14  24628229.325   131282269.1290      -2680.995          30.000    24628228.786   102108488.6050      -2084.425          34.000  
E11  24144808.951   126881839.4940       -526.716          28.000    24144812.295    97221175.3530       -403.013          30.000  
G20  24084205.645   126563354.6320       2244.817          27.000    24084181.721    98620697.0691       1748.302          25.000  
E25  26637571.568   139981394.1790      -1790.952          43.000    26637573.930   107258477.4770      -1372.357          41.000  
E02  28447265.736   149491348.8750        808.788          32.000                                                                  
E16  28232428.309   148362423.3250      -3343.836          36.000                                                                  
E04  27550690.063   144779853.0281       1345.869          20.000    27550691.504   110935218.0251       1032.375          24.000  
E36  27927418.693   146759554.6720        900.638          35.000    27927421.382   112452166.5880        689.907          29.000  
E10  26672810.821   140166581.6550      -1403.919          29.000    26672812.395   107400362.0251      -1077.953          23.000  
G15  25361604.019   133276128.6181       3336.143          20.000                                                                  
G18  26792958.040   140797944.4191       1961.658          23.000                                                                  
E06                                                                  28112578.728   113197704.2251       1625.322          25.000  
> 2026  7 21 14 13 20.0060000  0 31                           
G29  23638121.766   124219072.4060       2113.818          34.000    23638119.597    96794150.4060       1647.511          30.000  
S35  40087371.232   210660576.3480       -431.368          40.000  
G11  24369528.394   128062735.5291      -2200.639          24.000                                                                  
G12  25278332.605   132838568.3440      -3658.500          31.000    25278342.267   103510585.6600      -2850.582          25.000  
C12  26971446.608   140447399.4051      -3226.729          19.000                                                                  
C19  25332842.359   131914757.2371      -2168.251          23.000                                                                  
C35  24305687.194   126566091.4291      -1300.394          24.000                                                                  
R01  21804953.489   116559972.7281       2038.884          25.000                                                                  
R08  22376224.887   119823634.9050      -2083.572          25.000    22376220.312    93196167.0171      -1619.449          25.000  
R23  23034647.577   123219831.9531      -1704.292          21.000                                                                  
R24  22734458.736   121571395.8750       1444.391          37.000    22734454.293    94555504.0430       1123.407          37.000  
G21  23070154.122   121234477.9991      -2641.028          23.000    23070172.136    94468497.9711      -2051.840          15.000  
G25  24530945.629   128910940.8500      -2441.659          39.000    24530948.525   100450107.5080      -1903.452          29.000  
S31  39644179.286   208331541.9140       -435.121          37.000  
S33  40347008.870   212024974.1160       -433.607          42.000  
G05  22131199.450   116300133.2000       -492.996          36.000    22131195.259    90623571.8420       -383.893          28.000  
C31  24043058.234   125198405.7380       1067.586          39.000                                                                  
C22  23804144.855   123954406.9690       1071.576          28.000                                                                  
C21  27311179.899   142216407.1210       2959.172          28.000                                                                  
R02  25260294.930   134793764.0190       4037.700          28.000    25260305.651   104839629.3110       3140.632          26.000  
R14  24633266.127   131309115.1590      -2688.669          27.000    24633265.238   102129368.7920      -2091.511          34.000  
R15  25422074.187   135847856.2361        153.755          15.000                                                                  
E11  24145825.671   126887124.7600       -530.271          28.000    24145818.330    97225225.1630       -406.781          31.000  
G20  24079947.286   126540976.9410       2237.312          24.000    24079924.717    98603265.4011       1745.756          22.000  
E25  26640986.192   139999337.3730      -1797.686          43.000    26640988.262   107272226.1350      -1377.355          41.000  
E02  28445731.294   149483294.6180        801.990          32.000    28445735.428   114539188.6711        614.386          24.000  
E16  28238793.989   148395877.9960      -3347.098          36.000                                                                  
E04  27548130.840   144766403.9931       1336.435          20.000    27548130.711   110924906.3271       1030.327          25.000  
E36  27925709.687   146750568.4250        897.149          34.000    27925711.244   112445281.0630        687.674          30.000  
E10  26675479.595   140180633.8220      -1406.941          25.000    26675487.186   107411132.6371      -1079.380          22.000  
E06                                                                  28108545.582   113181465.0941       1621.717          25.000  
> 2026  7 21 14 13 30.0060000  0 32                           
G29  23634105.666   124197959.6760       2108.457          34.000    23634102.139    96777698.9950       1642.572          32.000  
S35  40088194.611   210664904.0550       -434.053          40.000  
G11  24373726.185   128084795.5520      -2199.903          30.000                                                                  
G12  25285298.682   132875173.3400      -3662.693          32.000    25285309.355   103539114.9241      -2853.429          23.000  
E06  28104524.333   147690277.8830       2112.573          26.000    28104523.722   113165270.8341       1618.528          24.000  
C35  24308182.017   126579082.5991      -1311.292          20.000                                                                  
R22  25755096.939   137482456.2661      -2907.355          19.000                                                                  
R01  21801148.536   116539633.1861       2036.192          18.000                                                                  
R23  23037846.044   123236941.6711      -1719.699          19.000                                                                  
R24  22731761.430   121556973.8090       1440.155          38.000    22731757.126    94544286.8830       1119.812          38.000  
G21  23075194.309   121260964.5240      -2645.996          27.000                                                                  
G25  24535598.596   128935392.8930      -2448.826          39.000    24535602.475   100469161.0000      -1907.633          30.000  
S31  39645010.773   208335910.5110       -438.687          38.000  
S33  40347837.310   212029328.9860       -436.760          42.000  
G05  22132146.115   116305107.0280       -501.600          38.000    22132142.641    90627447.6340       -390.792          28.000  
C31  24041010.964   125187751.4230       1062.932          39.000                                                                  
C22  23802099.685   123943778.7441       1062.966          27.000                                                                  
C21  27305502.704   142186837.3830       2954.223          29.000                                                                  
R02  25252734.817   134753431.4471       4034.183          25.000    25252739.502   104808241.2860       3137.186          25.000  
R14  24638310.391   131336058.5561      -2687.259          21.000    24638316.087   102150312.4120      -2097.920          33.000  
R15  25421787.977   135846326.4801        150.381          20.000                                                                  
E11  24146831.592   126892445.9670       -533.241          26.000    24146832.205    97229302.4210       -409.379          32.000  
G20  24075688.367   126518632.5610       2230.518          27.000    24075672.027    98585852.2151       1738.624          23.000  
E25  26644413.280   140017349.8320      -1804.791          43.000    26644416.151   107286027.9060      -1383.001          41.000  
E02  28444212.058   149475311.5180        794.759          32.000                                                                  
E16  28245168.059   148429369.6650      -3351.424          34.000    28245183.997   113731651.3151      -2568.977          24.000  
E04  27545584.232   144753021.1471       1339.712          18.000    27545584.530   110914654.0041       1016.891          23.000  
E36  27924005.907   146741617.0170        893.209          32.000    27924006.708   112438405.1270        684.744          27.000  
E10  26678159.253   140194672.2441      -1406.165          22.000    26678166.970   107421922.5341      -1080.292          26.000  
G15  25348906.200   133209400.4471       3329.121          21.000                                                                  
G18  26785468.496   140758586.0641       1956.479          21.000                                                                  
R08                                                                  22380118.570    93212402.5351      -1627.805          25.000  
> 2026  7 21 14 13 40.0060000  0 31                           
G29  23630099.266   124176902.0330       2102.866          33.000    23630094.777    96761290.4890       1637.740          32.000  
S35  40089022.410   210669254.8130       -436.945          40.000  
G11  24377909.637   128106779.1451      -2205.696          22.000                                                                  
G12  25292271.001   132911815.6350      -3666.786          31.000    25292281.051   103567662.3601      -2857.441          22.000  
C35  24310702.999   126592209.2601      -1308.604          24.000                                                                  
R22  25760555.233   137511593.0301      -2946.903          12.000                                                                  
R01  21797376.176   116519466.9591       1989.002           9.000                                                                  
R08  22384051.792   119865588.3950      -2105.312          26.000    22384032.525    93228704.9021      -1636.729          26.000  
R23  23041064.203   123254155.9751      -1723.496          24.000                                                                  
R24  22729070.220   121542587.1500       1436.420          37.000    22729066.724    94533097.2670       1117.297          38.000  
G21  23080254.606   121287449.0720      -2652.360          27.000                                                                  
G25  24540263.593   128959909.0200      -2455.635          37.000    24540268.456   100488264.4430      -1912.062          30.000  
S31  39645846.038   208340301.2500       -441.158          37.000  
S33  40348669.989   212033706.1100       -439.566          42.000  
G05  22133107.186   116310155.5290       -509.017          37.000    22133105.206    90631381.5130       -396.240          29.000  
C31  24038971.519   125177137.7960       1058.719          38.000                                                                  
C22  23800061.923   123933164.5080       1055.569          26.000                                                                  
C21  27299828.575   142157302.4010       2950.818          31.000                                                                  
R02  25245178.716   134713108.7310       4030.003          27.000    25245181.674   104776875.7331       3133.960          26.000  
R14  24643372.748   131363043.6521      -2709.341          22.000    24643381.379   102171313.3760      -2103.715          34.000  
R15  25421524.033   135844916.5251        135.900          14.000                                                                  
E11  24147846.484   126897796.1780       -536.964          27.000    24147850.105    97233401.8950       -411.534          31.000  
G20  24071437.199   126496255.2941       2225.704          24.000    24071431.490    98568487.5291       1737.973          20.000  
E25  26647852.719   140035424.6190      -1811.341          43.000    26647855.549   107299877.4000      -1387.799          41.000  
E02  28442707.430   149467392.7250        787.812          33.000                                                                  
E16  28251546.766   148462891.1880      -3354.069          36.000                                                                  
E04  27543048.128   144739694.1201       1335.803          17.000    27543047.295   110904437.7681       1017.315          25.000  
E36  27922307.432   146732693.4710        890.181          33.000    27922309.761   112431573.5600        683.101          27.000  
E10  26680835.278   140208760.7550      -1412.706          28.000    26680847.970   107432718.4121      -1081.400          24.000  
G18  26781764.092   140739120.0181       1959.645          25.000                                                                  
E06                                                                  28100505.136   113149089.1791       1615.932          26.000  
> 2026  7 21 14 13 50.0060000  0 32                           
G29  23626102.156   124155900.5230       2097.577          33.000    23626097.419    96744925.6240       1634.898          31.000  
S35  40089855.050   210673629.0000       -438.488          41.000  
G12  25299250.589   132948496.1090      -3669.885          31.000    25299259.437   103596238.0391      -2858.414          19.000  
C19  25345419.568   131980250.6701      -2193.199          24.000                                                                  
C35  24313226.495   126605349.8301      -1314.772          16.000                                                                  
R22  25766040.273   137540872.6411      -2921.698          22.000                                                                  
R01  21793611.843   116499344.6941       2010.769          19.000                                                                  
R23  23044290.424   123271414.3990      -1727.680          26.000                                                                  
R24  22726385.916   121528236.6540       1433.588          38.000    22726383.031    94521935.7910       1114.795          38.000  
G21  23085289.735   121313990.6000      -2656.455          26.000                                                                  
G25  24544940.667   128984489.9400      -2461.385          36.000    24544945.975   100507418.4420      -1918.086          30.000  
S31  39646686.092   208344715.7870       -442.690          36.000  
S33  40349507.534   212038106.3380       -441.120          41.000  
G05  22134082.447   116315279.5340       -516.115          38.000    22134079.793    90635374.2830       -402.467          27.000  
C31  24036939.541   125166565.7710       1055.203          38.000                                                                  
C22  23798044.368   123922640.0120       1048.781          27.000                                                                  
C21  27294161.725   142127803.3560       2948.118          32.000                                                                  
R02  25237628.901   134672823.2651       4027.474          26.000    25237629.316   104745531.7210       3132.729          26.000  
R14  24648457.610   131390149.5830      -2711.147          27.000    24648461.690   102192372.4520      -2108.945          35.000  
R15  25421286.326   135843630.1410        131.798          26.000                                                                  
E11  24148879.349   126903217.3221       -540.208          24.000    24148874.868    97237524.2780       -413.191          33.000  
G20  24067199.570   126473987.0931       2220.989          24.000    24067196.587    98551146.2391       1738.230          20.000  
E25  26651304.209   140053562.5200      -1816.828          43.000    26651307.000   107313775.2850      -1392.346          41.000  
E02  28441213.676   149459539.1470        782.146          34.000                                                                  
E16  28257930.728   148496443.5510      -3357.026          36.000                                                                  
E04  27540522.750   144726423.7501       1330.457          17.000    27540521.801   110894268.2911       1014.918          26.000  
E36  27920615.464   146723798.6760        888.301          32.000    27920619.114   112424758.0430        680.956          28.000  
E10  26683527.784   140222898.4830      -1415.229          28.000    26683540.060   107443558.1621      -1084.659          25.000  
G15  25336258.581   133142936.7791       3327.723          24.000                                                                  
G18  26778039.313   140719546.3211       1956.295          20.000                                                                  
E06                                                                  28096495.479   113132943.9441       1612.720          26.000  
R08                                                                  22387975.870    93245109.3080      -1645.552          28.000  
> 2026  7 21 14 14  0.0060000  0 31                           
G29  23622113.808   124134949.5020       2093.423          30.000    23622110.699    96728600.2760       1629.444          32.000  
S35  40090690.739   210678020.9270       -440.784          41.000  
G11  24386309.456   128150920.1770      -2209.896          25.000                                                                  
G12  25306235.488   132985209.1070      -3673.261          29.000    25306245.441   103624843.7951      -2863.100          19.000  
E06  28092506.269   147627116.2331       2101.458          24.000    28092490.684   113116818.9181       1612.136          25.000  
C35  24315758.442   126618534.2921      -1318.599          21.000                                                                  
R22  25771502.284   137570028.8841      -2923.302          17.000                                                                  
R01  21789857.365   116479275.2881       1998.786          25.000    21789144.375    90592026.7001       1907.172          10.000  
R23  23047519.738   123288688.7211      -1732.180          25.000                                                                  
R24  22723707.910   121513916.7900       1429.956          39.000    22723704.997    94510798.1050       1112.518          37.000  
G21  23090326.828   121340485.9841      -2662.951          25.000                                                                  
G25  24549629.429   129009130.0950      -2467.038          36.000    24549634.750   100526618.5250      -1922.499          28.000  
S31  39647529.575   208349147.8800       -444.402          37.000  
S33  40350348.639   212042524.8880       -443.315          41.000  
G05  22135070.920   116320473.4610       -523.538          39.000    22135066.996    90639421.4710       -407.880          26.000  
C31  24034915.120   125156029.9520       1051.213          39.000                                                                  
C22  23796048.364   123912264.6980       1041.995          26.000                                                                  
C21  27288501.055   142098334.7110       2945.249          32.000                                                                  
R02  25230080.263   134632542.0211       4022.414          21.000    25230080.297   104714201.8840       3130.364          26.000  
R14  24653551.088   131417293.9450      -2718.645          29.000    24653554.304   102213485.0670      -2113.460          36.000  
R15  25421051.366   135842390.2351        122.407          24.000                                                                  
E11  24149910.923   126908637.8181       -541.168          23.000    24149903.531    97241665.3610       -415.114          34.000  
G20  24062988.486   126451857.2911       2214.523          22.000    24062986.228    98533905.4761       1737.468          20.000  
E25  26654766.490   140071758.0190      -1822.966          43.000    26654769.475   107327717.2870      -1396.964          41.000  
E02  28439729.878   149451745.2380        775.420          32.000                                                                  
E16  28264320.484   148530021.1470      -3359.646          35.000                                                                  
E04  27537992.703   144713127.9441       1310.981          21.000    27538003.040   110884126.2181       1011.887          25.000  
E36  27918929.343   146714927.0870        886.235          31.000    27918931.531   112417960.3460        678.625          27.000  
E10  26686222.745   140237057.3040      -1417.355          27.000    26686234.673   107454408.1861      -1084.875          27.000  
G15  25329942.969   133109734.8980       3320.302          28.000                                                                  
R08                                                                  22391939.312    93261597.7780      -1653.286          28.000  
> 2026  7 21 14 14 10.0060000  0 32                           
G29  23618130.588   124114113.5080       2087.736          26.000    23618134.875    96712316.0590       1626.550          33.000  
S35  40091530.711   210682432.6400       -442.014          41.000  
G11  24390521.509   128173054.8141      -2218.049          23.000                                                                  
G12  25313229.012   133021956.5360      -3675.448          30.000    25313238.977   103653481.1331      -2865.322          18.000  
E12  27902767.507   146630032.0351      -1967.642          24.000                                                                  
C35  24318310.732   126631824.6851      -1321.848          17.000                                                                  
R22  25777005.093   137599403.1411      -2923.348          26.000                                                                  
R01  21786116.893   116459280.1351       1998.212          24.000                                                                  
R23  23050755.673   123305999.5561      -1736.584          25.000                                                                  
R24  22721036.017   121499629.8010       1427.228          37.000    22721033.529    94499686.0010       1110.376          37.000  
G21  23095402.153   121367156.7411      -2665.974          25.000                                                                  
G25  24554330.160   129033831.4950      -2473.140          35.000    24554334.915   100545866.3680      -1926.812          27.000  
S31  39648376.670   208353599.8050       -446.033          38.000  
S33  40351193.091   212046963.2310       -444.562          42.000  
G05  22136073.464   116325739.4480       -530.044          39.000    22136070.416    90643524.8100       -412.438          29.000  
C31  24032898.485   125145532.5180       1048.466          38.000                                                                  
C22  23794036.631   123901881.0520       1035.439          32.000                                                                  
C21  27282846.550   142068898.7850       2942.166          29.000                                                                  
R14  24658654.336   131444509.8970      -2724.599          29.000    24658660.523   102234653.0740      -2119.358          36.000  
R15  25420828.343   135841198.2101        105.867          20.000                                                                  
G20  24058768.784   126429683.1911       2209.036          25.000    24058778.700    98516676.5781       1709.434          20.000  
E25  26658241.230   140090013.1850      -1828.099          44.000    26658243.161   107341704.9960      -1400.752          41.000  
E02  28438257.856   149444013.1750        770.746          30.000    28438267.497   114509118.1061        590.028          25.000  
E16  28270716.195   148563626.0150      -3361.643          33.000    28270724.642   113834487.9120      -2574.637          27.000  
E04  27535494.018   144699997.5301       1307.861          21.000    27535496.888   110874044.5980       1007.823          25.000  
E36  27917246.906   146706080.9340        883.159          30.000    27917250.383   112411198.1551        677.262          26.000  
E10  26688921.505   140251239.4860      -1418.730          26.000    26688930.613   107465264.0361      -1087.594          26.000  
G15  25323629.526   133076547.4120       3316.656          31.000                                                                  
G18  26770583.147   140680363.9131       1951.856          24.000                                                                  
E11                                                                  24150937.282    97245826.7340       -416.498          33.000  
R08                                                                  22395915.798    93278166.0990      -1660.616          26.000  
R02                                                                  25222545.431   104682907.3300       3128.957          27.000  
> 2026  7 21 14 14 20.0060000  0 31                           
G29  23614163.648   124093267.2261       2082.232          24.000    23614167.430    96696069.8650       1622.117          33.000  
S35  40092373.255   210686860.3640       -444.093          41.000  
G11  24394738.256   128195214.6841      -2215.396          24.000                                                                  
G12  25320228.514   133058734.3130      -3679.298          31.000    25320232.918   103682120.3421      -2858.263          19.000  
C35  24320851.364   126645054.4391      -1326.580          21.000                                                                  
R22  25782492.171   137628693.4371      -2928.040          18.000                                                                  
R01  21782403.443   116439428.4440       1980.821          26.000                                                                  
R23  23054009.857   123323406.7981      -1745.325          19.000                                                                  
R24  22718369.756   121485371.3140       1423.724          40.000    22718367.069    94488596.0560       1107.251          38.000  
G21  23100490.973   121393899.0651      -2663.539          21.000                                                                  
G25  24559040.786   129058589.8320      -2478.594          35.000    24559045.586   100565158.6020      -1931.711          27.000  
S31  39649226.959   208358068.1230       -448.162          38.000  
S33  40352040.394   212051417.3690       -446.871          42.000  
G05  22137089.265   116331073.3720       -537.325          41.000    22137086.946    90647681.1180       -418.730          27.000  
C31  24030888.782   125135069.3420       1044.036          40.000                                                                  
C22  23792054.995   123891565.3960       1026.839          31.000                                                                  
C21  27277198.109   142039491.4300       2938.762          28.000                                                                  
R02  25214991.111   134552023.3901       4012.743          10.000    25215007.704   104651632.4600       3125.815          26.000  
R14  24663772.708   131471792.5640      -2732.460          30.000    24663779.651   102255872.8960      -2125.493          36.000  
R15  25420619.309   135840081.2721        104.890          23.000                                                                  
G20  24054565.064   126407592.2191       2205.087          25.000    24054576.402    98499468.2851       1719.625          19.000  
E25  26661725.406   140108323.8130      -1834.378          43.000    26661727.411   107355735.2320      -1405.670          41.000  
E02  28436797.463   149436338.9480        764.172          32.000    28436810.660   114503236.6600        585.929          23.000  
E16  28277116.258   148597253.8480      -3363.937          31.000    28277122.026   113860254.7420      -2577.616          28.000  
E04  27532986.491   144686819.9271       1310.229          25.000    27533001.749   110863982.2580       1003.916          26.000  
E36  27915563.472   146697255.8020        881.085          28.000    27915569.201   112404428.9041        675.044          25.000  
E10  26691628.172   140265418.9320      -1421.776          26.000    26691635.206   107476153.6411      -1089.255          25.000  
G15  25317318.128   133043383.4740       3314.278          29.000                                                                  
G18  26766868.056   140660840.9751       1949.612          26.000                                                                  
E11                                                                  24151974.734    97250005.2850       -419.678          34.000  
R08                                                                  22399916.054    93294810.7250      -1668.718          24.000  
> 2026  7 21 14 14 30.0060000  0 32                           
S35  40093218.214   210691302.6080       -445.067          41.000  
G12  25327233.473   133095541.0850      -3682.069          32.000    25327237.838   103710804.6971      -2871.350          18.000  
C35  24323440.228   126658535.5971      -1340.159          22.000                                                                  
R07  26274942.175   140651822.0141      -4528.945          11.000                                                                  
R22  25787995.868   137658001.8780      -2930.867          27.000                                                                  
R01  21778707.080   116419670.2920       1971.527          26.000                                                                  
R23  23057278.063   123340889.7131      -1744.350          24.000                                                                  
R24  22715709.003   121471140.9340       1421.680          40.000    22715705.778    94477527.9570       1106.165          38.000  
G21  23105595.409   121420709.0220      -2676.814          27.000                                                                  
G25  24563762.636   129083404.1390      -2484.066          35.000    24563766.126   100584494.3800      -1935.540          26.000  
S31  39650080.056   208362550.3040       -448.712          38.000  
S33  40352890.806   212055886.0930       -447.478          42.000  
G05  22138116.993   116336474.0960       -543.301          40.000    22138113.428    90651889.3530       -422.670          25.000  
C31  24028886.100   125124639.5350       1041.592          41.000                                                                  
C22  23790084.899   123881316.2820       1021.571          25.000                                                                  
C21  27271554.563   142010111.7640       2936.698          31.000                                                                  
R02  25207461.525   134511844.6611       4015.229          19.000    25207477.371   104620376.4240       3124.577          25.000  
R14  24668902.887   131499140.7560      -2737.954          30.000    24668911.457   102277143.6200      -2129.579          35.000  
R15  25420433.756   135839086.5550         93.737          27.000                                                                  
E25  26665220.628   140126688.8490      -1839.195          44.000    26665222.356   107369807.1220      -1409.152          42.000  
E02  28435346.847   149428721.5340        758.830          31.000                                                                  
E16  28283519.912   148630903.6720      -3366.103          33.000    28283524.543   113886038.2620      -2578.825          26.000  
E04  27530499.218   144673749.2041       1310.545          19.000    27530511.019   110853959.0061       1000.968          25.000  
E36  27913883.473   146688450.7640        879.767          26.000    27913891.358   112397680.2410        674.089          27.000  
E10  26694330.441   140279652.7021      -1420.896          22.000    26694340.600   107487047.1580      -1089.612          27.000  
G15  25311011.934   133010242.5110       3312.869          30.000                                                                  
G18  26763164.689   140641356.5240       1949.306          28.000                                                                  
E11                                                                  24153016.728    97254200.0890       -420.189          35.000  
E06                                                                  28080516.226   113068602.4411       1604.661          25.000  
G29                                                                  23610209.379    96679860.9980       1619.547          32.000  
R08                                                                  22403922.932    93311547.6431      -1665.747          23.000  
G20                                                                  24050379.730    98482284.5531       1718.222          21.000  
> 2026  7 21 14 14 40.0060000  0 32                           
G29  23606253.065   124051696.8741       2084.040          20.000    23606258.636    96663681.5150       1615.754          33.000  
S35  40094064.247   210695749.2630       -444.975          40.000  
G12  25334242.492   133132366.4610      -3683.664          33.000    25334243.817   103739492.6941      -2872.755          18.000  
C35  24325996.297   126671845.3431      -1336.265          26.000                                                                  
R07  26283401.577   140697106.1371      -4532.852          13.000                                                                  
R22  25793488.940   137687316.1800      -2933.272          28.000                                                                  
R01  21775028.777   116399988.6590       1963.923          26.000                                                                  
R23  23060553.768   123358412.2101      -1748.997          22.000                                                                  
R24  22713051.211   121456927.6130       1420.441          40.000    22713047.810    94466473.1670       1104.797          38.000  
G21  23110695.929   121447526.5991      -2678.864          24.000                                                                  
G25  24568492.484   129108263.8140      -2488.540          34.000    24568493.802   100603874.5031      -1939.798          25.000  
S31  39650934.293   208367038.3830       -449.067          37.000  
S33  40353742.045   212060359.4780       -447.643          42.000  
G05  22139155.826   116341931.2160       -548.884          40.000    22139148.683    90656112.6281       -427.884          26.000  
C31  24026887.883   125114232.9090       1039.364          41.000                                                                  
C22  23788147.259   123871125.0141       1017.709          22.000                                                                  
C21  27265915.212   141980749.5940       2935.747          31.000                                                                  
R02  25199937.976   134471695.1410       4015.419          27.000    25199948.512   104589131.3450       3123.187          25.000  
R14  24674044.454   131526543.8060      -2743.417          30.000    24674052.585   102298457.0150      -2134.070          33.000  
R15  25420274.448   135838186.1030         85.556          28.000                                                                  
G20  24046176.348   126363508.8831       2196.734          20.000    24046197.792    98465159.6091       1707.951          24.000  
E25  26668723.181   140145097.9120      -1843.532          43.000    26668725.426   107383912.7630      -1412.420          42.000  
E02  28433905.894   149421150.6040        754.477          31.000                                                                  
E16  28289923.224   148664565.0550      -3367.185          32.000    28289929.818   113911823.6711      -2581.080          24.000  
E04  27528014.609   144660692.5291       1289.817          19.000    27528030.928   110843972.6711        997.541          25.000  
E36  27912208.793   146679655.6130        878.528          27.000    27912217.972   112390941.1290        672.821          28.000  
E10  26697038.181   140293882.1231      -1421.609          24.000    26697047.518   107497948.7190      -1090.326          26.000  
G15  25304708.172   132977114.0650       3311.651          31.000                                                                  
G18  26759459.522   140621860.1630       1948.921          29.000                                                                  
E11                                                                  24154060.551    97258403.3140       -421.218          35.000  
E06                                                                  28076531.685   113052558.2781       1602.896          26.000  
R08                                                                  22407951.907    93328327.4671      -1684.418          22.000  
> 2026  7 21 14 14 50.0060000  0 33                           
S35  40094912.839   210700208.6460       -445.855          40.000  
G12  25341257.003   133169217.8270      -3685.567          34.000    25341255.138   103768202.8191      -2874.826          18.000  
C19  25370926.002   132113068.6981      -2228.348          26.000                                                                  
C35  24328551.572   126685158.3480      -1340.721          27.000                                                                  
R07  26291870.965   140742443.3761      -4535.195          16.000                                                                  
R22  25798995.837   137716659.9450      -2935.241          27.000                                                                  
R01  21771356.083   116380377.6710       1955.556          25.000                                                                  
R23  23063832.433   123375951.5261      -1752.338          22.000                                                                  
R24  22710397.853   121442739.1750       1418.561          39.000    22710394.393    94455437.7270       1102.557          37.000  
G21  23115789.529   121474293.5511      -2682.659          19.000                                                                  
G25  24573232.978   129133176.2720      -2493.387          34.000    24573231.678   100623275.7781      -1942.112          25.000  
S31  39651790.336   208371536.9800       -450.146          37.000  
S33  40354595.678   212064845.5110       -448.533          42.000  
G05  22140206.476   116347452.0610       -554.595          41.000    22140201.746    90660424.6591       -432.482          25.000  
C31  24024895.380   125103856.8020       1036.793          42.000                                                                  
C22  23786218.097   123861079.1460       1010.107          27.000                                                                  
C21  27260280.541   141951412.3900       2933.699          31.000                                                                  
R02  25192416.153   134431544.4470       4014.612          27.000    25192425.639   104557918.2381       3121.071          22.000  
R14  24679196.876   131554009.0040      -2749.015          29.000    24679205.829   102319818.7120      -2137.853          31.000  
R15  25420123.660   135837433.1611         75.735          25.000                                                                  
E11  24155110.546   126935962.5501       -550.826          21.000    24155108.077    97262620.5980       -422.045          35.000  
G20  24042006.218   126341594.5481       2183.178          22.000    24042028.679    98448087.4901       1708.064          25.000  
E25  26672235.999   140163558.3400      -1847.893          43.000    26672238.686   107398057.7670      -1415.951          42.000  
E02  28432473.696   149413633.5960        749.335          30.000                                                                  
E16  28296330.931   148698245.2780      -3368.370          30.000    28296338.106   113937627.5901      -2579.838          25.000  
E04  27525556.327   144647774.0371       1305.125          20.000    27525557.818   110834014.7681        994.733          25.000  
E36  27910539.381   146670877.6120        877.319          28.000    27910549.816   112384215.0710        672.170          31.000  
E10  26699752.073   140308143.7741      -1424.075          25.000    26699759.094   107508863.9930      -1091.675          27.000  
G15  25298407.536   132944005.6860       3310.555          31.000                                                                  
G18  26755750.512   140602374.2500       1948.851          30.000                                                                  
E06                                                                  28072553.478   113036539.1301       1602.715          25.000  
G29                                                                  23602316.057    96647537.1950       1612.752          33.000  
R08                                                                  22412005.649    93345211.7701      -1686.697          20.000  
> 2026  7 21 14 15  0.0060000  0 32                           
G29  23598370.236   124010271.8881       2061.020          22.000    23598380.660    96631421.9420       1609.837          33.000  
S35  40095761.960   210704671.2540       -447.803          40.000  
G12  25348275.040   133206087.1280      -3688.901          35.000    25348266.997   103796915.3311      -2872.830          18.000  
C19  25375204.713   132135349.2231      -2234.718          25.000                                                                  
C35  24331123.778   126698581.1270      -1345.221          27.000                                                                  
R22  25804505.301   137746191.0160      -2938.887          27.000                                                                  
R01  21767707.309   116360865.3180       1946.179          25.000                                                                  
R23  23067110.195   123393485.1901      -1761.839          16.000                                                                  
R24  22707747.851   121428567.7960       1415.338          39.000    22707744.396    94444415.4830       1100.751          37.000  
G21  23120888.988   121501091.5601      -2685.981          22.000                                                                  
G25  24577982.886   129158133.4700      -2499.108          35.000    24577979.056   100642714.8371      -1946.974          25.000  
S31  39652647.420   208376040.7930       -451.421          37.000  
S33  40355450.000   212069334.9170       -450.241          42.000  
G05  22141268.151   116353028.7630       -561.310          40.000    22141262.701    90664769.0881       -436.586          23.000  
C31  24022906.982   125093503.5110       1032.998          41.000                                                                  
C22  23784278.650   123851005.7720       1004.011          28.000                                                                  
C21  27254649.551   141922092.5140       2930.141          30.000                                                                  
R02  25184891.932   134391407.5800       4012.410          28.000    25184901.703   104526691.5591       3117.929          19.000  
R14  24684360.074   131581528.2800      -2755.588          29.000    24684368.715   102341222.5360      -2143.403          30.000  
R15  25419989.673   135836716.9151         68.979          26.000                                                                  
E11  24156149.763   126941423.1831       -553.293          24.000    24156157.433    97266845.9220       -423.751          35.000  
G20  24037858.316   126319797.6251       2185.344          26.000    24037859.928    98431017.5031       1703.681          24.000  
E25  26675757.206   140182062.2600      -1853.444          43.000    26675759.809   107412236.0800      -1419.979          42.000  
E02  28431053.303   149406162.7430        743.667          30.000    28431058.184   114480089.7301        570.258          27.000  
E16  28302742.305   148731936.4640      -3370.595          30.000    28302747.466   113963434.8780      -2582.720          25.000  
E04  27523102.480   144634879.2111       1293.237          17.000    27523095.122   110824098.7741        990.073          25.000  
E36  27908871.774   146662108.9450        875.256          29.000    27908881.160   112377496.2630        670.694          32.000  
E10  26702472.374   140322438.8251      -1427.576          26.000    26702470.606   107519782.9200      -1093.439          27.000  
G15  25292108.825   132910909.6270       3308.103          32.000                                                                  
G18  26752043.666   140582891.1020       1947.249          30.000                                                                  
E06                                                                  28068578.693   113020534.7691       1598.461          25.000  
R08                                                                  22416078.485    93362174.4331      -1697.409          20.000  
> 2026  7 21 14 15 10.0060000  0 32                           
G29  23594458.001   123989683.7990       2058.672          28.000    23594457.286    96615354.6810       1604.093          33.000  
S35  40096616.710   210709162.4230       -450.834          40.000  
G12  25355300.120   133242998.3330      -3693.684          35.000    25355283.503   103825647.3071      -2891.102          18.000  
C19  25379502.560   132157728.9481      -2239.890          18.000                                                                  
C35  24333711.983   126712025.2050      -1350.917          28.000                                                                  
R22  25810013.573   137775604.5051      -2944.603          21.000                                                                  
R01  21764080.431   116341457.8500       1935.214          29.000                                                                  
R23  23070403.817   123411103.2161      -1766.184          14.000                                                                  
R24  22705105.570   121414437.7120       1410.760          38.000    22705101.814    94433425.3970       1097.430          38.000  
G21  23126029.448   121528104.4081      -2696.101          22.000                                                                  
G25  24582745.939   129183159.3810      -2506.383          36.000    24582744.974   100662230.5691      -1953.023          24.000  
S31  39653509.609   208380571.8270       -454.778          38.000  
S33  40356309.500   212073852.4410       -453.249          42.000  
G05  22142344.730   116358685.2370       -569.825          39.000    22142334.272    90669157.2901       -445.152          21.000  
C31  24020927.818   125083196.8530       1027.975          42.000                                                                  
C22  23782354.215   123841012.7760        994.633          26.000                                                                  
C21  27249025.999   141892813.6700       2925.391          29.000                                                                  
R02  25177382.442   134351309.0470       4008.450          30.000    25177385.695   104495497.2491       3125.820          20.000  
R14  24689538.533   131609126.0860      -2762.975          30.000    24689546.872   102362687.4510      -2150.138          30.000  
R15  25419877.836   135836119.9571         56.174          25.000                                                                  
E11  24157215.797   126947019.2950       -557.305          27.000    24157213.374    97271097.6930       -426.752          35.000  
G20  24033707.287   126298015.1660       2179.648          26.000    24033704.468    98414001.2311       1697.171          24.000  
E25  26679291.652   140200633.6310      -1860.776          43.000    26679293.909   107426466.0780      -1425.700          42.000  
E02  28429644.388   149398761.9810        736.312          29.000    28429651.504   114474420.2050        564.146          28.000  
E16  28309160.497   148765662.6300      -3375.021          29.000    28309168.444   113989289.8531      -2586.321          24.000  
E04  27520657.681   144622031.8051       1269.460          18.000    27520641.417   110814218.3081        988.055          26.000  
E36  27907207.266   146653373.5400        871.258          28.000    27907219.282   112370802.9140        667.639          33.000  
E10  26705192.515   140336742.2470      -1430.141          28.000    26705189.272   107530725.8950      -1095.532          27.000  
G15  25285817.119   132877850.0540       3303.765          33.000                                                                  
G18  26748342.465   140563434.6680       1943.970          29.000                                                                  
E06                                                                  28064613.497   113004568.9531       1594.422          25.000  
R08                                                                  22420170.123    93379216.0751      -1700.428          21.000  
> 2026  7 21 14 15 20.0060000  0 30                           
G29  23590550.406   123969128.4360       2052.110          31.000    23590545.513    96599337.9120       1598.537          33.000  
S35  40097477.303   210713684.5530       -454.332          40.000  
G12  25362333.500   133279954.5290      -3698.445          35.000    25362314.300   103854437.0091      -2884.770          19.000  
C19  25383832.247   132180275.6081      -2243.272          13.000                                                                  
C35  24336331.965   126725565.5230      -1358.133          28.000                                                                  
R22  25815542.096   137805102.3240      -2949.604          27.000                                                                  
R01  21760473.350   116322159.1390       1923.279          27.000                                                                  
R24  22702471.647   121400352.5640       1405.682          37.000    22702467.616    94422470.3020       1093.573          38.000  
G21  23131165.159   121555093.2861      -2714.882          19.000                                                                  
G25  24587522.603   129208257.0790      -2513.799          37.000    24587519.035   100681779.2281      -1958.057          24.000  
S31  39654377.697   208385134.8110       -458.545          38.000  
S33  40357175.342   212078401.3650       -457.126          42.000  
G05  22143436.989   116364424.7950       -578.859          37.000    22143422.117    90673611.5761       -457.030          21.000  
C31  24018958.069   125072940.0890       1022.807          42.000                                                                  
C21  27243404.172   141863554.0991       2920.699          23.000                                                                  
R02  25169874.861   134311252.4270       4002.677          31.000    25169875.827   104464328.7811       3117.447          19.000  
R14  24694731.137   131636805.3310      -2772.910          29.000    24694739.482   102384215.6350      -2156.359          30.000  
R15  25419783.699   135835616.8281         45.470          24.000                                                                  
E11  24158288.801   126952605.9610       -561.254          28.000    24158276.647    97275378.3720       -429.653          36.000  
G20  24029571.999   126276252.8461       2171.576          26.000    24029563.613    98397045.1731       1690.822          26.000  
E25  26682839.614   140219275.6330      -1868.328          43.000    26682841.396   107440750.2070      -1431.679          42.000  
E02  28428247.675   149391434.7400        728.139          28.000    28428255.886   114468805.7960        557.605          30.000  
E16  28315586.230   148799426.7290      -3378.926          28.000    28315595.471   114015169.1131      -2588.510          25.000  
E04  27518217.424   144609208.3251       1279.424          10.000    27518199.090   110804384.1861        981.659          26.000  
E36  27905552.819   146644674.5900        867.995          31.000    27905562.856   112364137.5370        664.943          33.000  
E10  26707910.647   140351058.4490      -1434.228          30.000    26707912.444   107541695.4790      -1098.932          26.000  
G15  25279534.482   132844830.3110       3299.692          34.000                                                                  
G18  26744646.609   140544008.0700       1940.883          29.000                                                                  
E06                                                                  28060656.509   112988635.0321       1591.722          24.000  
R08                                                                  22424282.843    93396345.3051      -1726.538          21.000  
> 2026  7 21 14 15 30.0060000  0 30                           
G29  23586653.314   123948648.3390       2044.686          33.000    23586648.697    96583379.2960       1594.323          31.000  
S35  40098345.372   210718247.8730       -457.766          40.000  
G11  24424380.870   128350987.6911      -2244.875          19.000                                                                  
G12  25369376.353   133316965.4730      -3703.485          34.000    25369358.059   103883280.1801      -2887.415          18.000  
C35  24338948.403   126739175.4970      -1364.187          27.000                                                                  
R22  25821076.993   137834653.9180      -2954.396          27.000                                                                  
R01  21756885.991   116302978.8110       1912.367          28.000                                                                  
R23  23076993.762   123446354.8441      -1781.802          20.000    23075796.137    96008848.9151      -1101.266          12.000  
R24  22699847.772   121386322.1190       1400.635          36.000    22699844.286    94411557.7580       1089.453          39.000  
G25  24592315.206   129233436.2950      -2521.157          36.000    24592309.844   100701397.4141      -1964.779          25.000  
S31  39655253.832   208389738.3410       -461.949          38.000  
S33  40358048.646   212082990.8120       -460.630          43.000  
G05  22144546.727   116370257.1000       -587.521          35.000    22144531.844    90678155.1651       -460.139          22.000  
C31  24017000.153   125062743.0030       1017.107          40.000                                                                  
C22  23778540.588   123821085.5020        977.442          28.000                                                                  
C21  27237794.994   141834345.6890       2915.624          26.000                                                                  
R02  25162379.743   134271278.7501       3993.954          24.000    25162375.443   104433199.1341       3108.545          24.000  
R14  24699939.479   131664575.6690      -2781.512          32.000    24699950.303   102405814.8240      -2163.666          30.000  
R15  25419712.688   135835236.9301         29.282          16.000                                                                  
E11  24159358.230   126958240.1750       -565.229          27.000    24159348.771    97279695.4850       -432.770          35.000  
G20  24025445.336   126254567.3661       2158.487          21.000    24025437.959    98380151.4051       1688.739          24.000  
E25  26686402.323   140237997.9960      -1875.760          43.000    26686404.058   107455095.9130      -1437.125          42.000  
E02  28426865.584   149384186.2561        726.071          20.000    28426877.003   114463255.1790        552.107          29.000  
E16  28322020.534   148833222.2631      -3385.176          23.000    28322025.161   114041058.3671      -2594.937          19.000  
E04  27515765.880   144596325.6351       1275.146          19.000    27515772.035   110794606.4450        974.760          28.000  
E36  27903909.700   146636022.1690        862.943          33.000    27903916.606   112357507.6330        661.229          33.000  
E10  26710642.099   140365419.1320      -1438.179          31.000    26710645.941   107552699.0090      -1101.208          27.000  
G15  25273261.468   132811860.1830       3295.647          32.000                                                                  
G18  26740957.788   140524621.2410       1936.891          28.000                                                                  
R08                                                                  22428411.649    93413541.7721      -1713.172          19.000  
> 2026  7 21 14 15 40.0060000  0 27                           
G29  23582770.512   123928240.0130       2036.627          32.000    23582765.276    96567476.7810       1587.351          31.000  
S35  40099221.047   210722849.3720       -461.962          40.000  
G12  25376429.070   133354027.8340      -3709.224          33.000    25376415.285   103912178.1621      -2880.228          19.000  
C35  24341590.967   126752852.4940      -1370.580          25.000                                                                  
R22  25826619.052   137864230.7210      -2960.546          29.000                                                                  
R01  21753316.246   116283914.3450       1900.654          28.000                                                                  
R23  23080327.322   123464187.4021      -1782.955          20.000                                                                  
R24  22697233.560   121372343.6770       1395.178          36.000    22697230.770    94400685.6500       1084.924          39.000  
G25  24597122.119   129258694.0130      -2529.576          36.000    24597121.468   100721090.7680      -1971.122          27.000  
S31  39656136.805   208394379.9690       -466.189          38.000  
S33  40358929.105   212087619.1470       -464.908          42.000  
G05  22145671.562   116376179.1340       -596.462          32.000    22145658.363    90682768.9201       -466.957          21.000  
C31  24015052.917   125052602.7450       1010.927          41.000    24014912.234    96698099.9251        903.773          10.000  
C22  23776667.305   123811346.0881        968.401          24.000                                                                  
R02  25154893.297   134231320.9680       3993.085          29.000    25154888.096   104402123.8781       3107.753          22.000  
R14  24705164.674   131692434.2580      -2790.438          35.000    24705177.401   102427482.6220      -2170.497          26.000  
E11  24160424.986   126963953.0420       -570.762          26.000    24160429.522    97284046.7830       -436.759          36.000  
G20  24021329.407   126232937.1381       2155.774          20.000    24021329.501    98363328.0791       1686.031          24.000  
E25  26689979.896   140256797.8200      -1884.112          43.000    26689981.780   107469500.9670      -1443.705          43.000  
E02  28425506.281   149377042.8061        717.218          19.000    28425513.868   114457766.1850        545.874          31.000  
E16  28328468.865   148867108.3531      -3388.893          24.000    28328487.936   114067082.0501      -2590.576          19.000  
E04  27513359.654   144583680.5941       1262.397          20.000    27513356.882   110784882.8550        969.467          27.000  
E36  27902272.167   146627412.9590        858.740          33.000    27902278.126   112350911.0250        657.632          33.000  
E10  26713383.337   140379821.3190      -1442.675          32.000    26713389.326   107563748.5561      -1103.120          25.000  
G15  25266996.517   132778937.0440       3289.344          29.000                                                                  
G18  26737275.704   140505271.1760       1933.282          27.000                                                                  
R08                                                                  22432568.637    93430856.0411      -1739.924          16.000  
> 2026  7 21 14 15 50.0060000  0 29                           
G29  23578900.342   123907903.3710       2030.823          32.000    23578895.287    96551630.0620       1582.429          32.000  
S35  40100104.129   210727488.6930       -465.653          41.000  
G12  25383490.965   133391141.4250      -3713.219          34.000    25383483.815   103941122.4171      -2894.112          21.000  
C35  24344228.406   126766772.9030      -1377.430          26.000                                                                  
R22  25832169.712   137893863.7680      -2966.415          27.000                                                                  
R01  21749772.799   116265000.3871       1887.969          25.000                                                                  
R23  23083660.885   123482019.9061      -1783.735          13.000                                                                  
R24  22694629.267   121358416.8550       1390.015          38.000    22694626.798    94389853.7180       1081.012          39.000  
G25  24601943.507   129284029.7740      -2537.049          36.000    24601943.141   100740832.8530      -1976.818          28.000  
S31  39657027.335   208399060.0090       -469.911          37.000  
S33  40359817.060   212092285.2320       -468.374          42.000  
G05  22146814.423   116382190.7020       -605.677          32.000    22146798.809    90687438.3381       -468.212          21.000  
C31  24013116.723   125042519.0270       1005.654          42.000                                                                  
C22  23774815.678   123801703.8881        957.110          22.000                                                                  
C21  27226651.088   141776316.5701       2904.657          25.000                                                                  
R02  25147415.064   134191414.0390       3987.399          33.000    25147402.200   104371054.2691       3104.220          19.000  
R14  24710407.684   131720380.4070      -2798.677          38.000    24710420.832   102449237.0621      -2179.472          21.000  
R15  25419585.384   135834556.3041          6.990          22.000                                                                  
E11  24161504.663   126969563.3251       -574.081          24.000    24161518.807    97288432.0000       -440.058          36.000  
G20  24017232.679   126211409.5621       2152.777          24.000    24017224.081    98346517.2131       1671.119          20.000  
E25  26693571.372   140275674.6370      -1891.306          43.000    26693573.837   107483965.0270      -1448.973          42.000  
E02  28424154.630   149369940.5081        705.925          21.000    28424165.459   114452338.4970        540.446          31.000  
E16  28334914.894   148900991.8080      -3392.609          28.000    28334939.745   114093060.5861      -2595.827          22.000  
E04  27510949.790   144571016.1641       1263.034          21.000    27510956.564   110775213.3990        964.069          29.000  
E36  27900640.660   146618846.8040        854.946          33.000    27900647.863   112344347.3550        655.361          33.000  
E10  26716133.792   140394264.7660      -1446.785          33.000                                                                  
G15  25260740.152   132746060.3750       3285.631          34.000                                                                  
G18  26733601.153   140485957.6260       1930.160          29.000                                                                  
R08                                                                  22436740.899    93448233.0971      -1750.624          13.000  
> 2026  7 21 14 16  0.0060000  0 31                           
G29  23575044.960   123887638.1930       2023.155          32.000    23575038.509    96535839.0320       1576.038          32.000  
S35  40100993.971   210732165.6390       -469.704          41.000  
G12  25390562.290   133428305.8790      -3719.486          31.000    25390560.094   103970098.4641      -2896.759          22.000  
C24  28320705.648   147473345.8191      -2276.601          25.000                                                                  
C19  25401221.756   132270826.8790      -2284.125          31.000                                                                  
C35  24346897.961   126780685.7821      -1385.536          19.000                                                                  
R22  25837730.651   137923552.5970      -2971.895          25.000                                                                  
R01  21746256.472   116246203.5891       1876.053          20.000                                                                  
R23  23087006.907   123499918.7301      -1764.371          13.000                                                                  
R24  22692034.855   121344541.4990       1385.437          39.000    22692032.232    94379061.7400       1077.417          40.000  
G25  24606779.205   129309443.1920      -2544.852          34.000    24606779.245   100760635.4550      -1982.761          27.000  
S31  39657924.649   208403776.6860       -473.434          37.000  
S33  40360712.253   212096988.7820       -472.155          42.000  
G05  22147973.912   116388291.3530       -615.013          31.000    22147961.062    90692197.3511       -476.061          24.000  
C31  24011191.550   125032491.6330        999.900          43.000                                                                  
C22  23772991.478   123792208.4050        950.316          28.000                                                                  
C21  27221077.225   141747291.7331       2899.778          26.000                                                                  
R02  25139946.116   134151555.8890       3982.930          33.000    25139934.669   104340061.8331       3105.981          22.000  
R14  24715667.534   131748413.8020      -2807.476          39.000    24715669.035   102470996.2721      -2182.525          18.000  
R15  25419589.493   135834578.7641          4.455          20.000                                                                  
E11  24162607.585   126975358.9650       -578.802          26.000    24162616.078    97292850.8760       -443.360          36.000  
G20  24013147.436   126189953.2760       2142.924          30.000    24013139.392    98329791.2211       1666.955          20.000  
E25  26697178.073   140294628.1770      -1899.080          43.000    26697180.743   107498487.8880      -1455.261          43.000  
E02  28422819.108   149362921.7791        690.131          20.000    28422833.316   114446972.0340        533.824          33.000  
E16  28341373.897   148934936.9160      -3396.597          28.000    28341403.277   114119086.8361      -2605.575          22.000  
E04  27508571.286   144558519.3490       1251.362          26.000    27508567.703   110765598.1040        958.271          28.000  
E36  27899018.930   146610323.3700        850.340          32.000    27899025.846   112337816.4360        651.626          32.000  
E10  26718890.971   140408749.0860      -1449.924          33.000    26718897.210   107585926.6711      -1108.518          22.000  
G15  25254493.060   132713230.2730       3280.830          29.000                                                                  
G18  26729931.944   140466680.2130       1925.931          30.000                                                                  
R08                                                                  22440945.444    93465744.8381      -1735.863          12.000  
> 2026  7 21 14 16 10.0060000  0 32                           
G29  23571204.009   123867443.6520       2016.559          28.000    23571195.670    96520103.0140       1570.770          32.000  
S35  40101890.863   210736879.1780       -473.023          40.000  
G11  24441524.549   128441078.0811      -2264.324          20.000                                                                  
G12  25397642.884   133465520.1210      -3725.041          31.000    25397647.491   103999120.7681      -2896.078          21.000  
C24  28325084.210   147496145.9181      -2281.278          25.000                                                                  
C19  25405613.107   132293693.9950      -2292.246          26.000                                                                  
C35  24349570.097   126794601.2181      -1392.458          10.000                                                                  
R22  25843303.524   137953305.2380      -2977.286          27.000                                                                  
R01  21742754.165   116227481.1401       1868.692          23.000                                                                  
R23  23090354.780   123517827.2641      -1802.724          19.000                                                                  
R24  22689450.196   121330716.7000       1380.255          38.000    22689447.035    94368309.1470       1073.322          40.000  
G21  23157041.839   121691076.1491      -2739.481          23.000                                                                  
G25  24611628.064   129334933.2340      -2552.707          30.000    24611629.122   100780497.8390      -1989.370          28.000  
S31  39658829.736   208408531.4530       -476.966          37.000  
S33  40361614.421   212101729.2510       -475.988          42.000  
G05  22149151.033   116394480.3100       -623.723          31.000    22149150.350    90697067.1021       -485.133          26.000  
C31  24009277.024   125022519.7380        994.107          43.000                                                                  
C22  23771172.121   123782748.5140        941.557          28.000                                                                  
C21  27215503.823   141718260.3230       2895.407          30.000                                                                  
R02  25132485.615   134111745.7150       3979.160          33.000    25132472.097   104309088.7781       3090.607          19.000  
R14  24720943.159   131776533.3700      -2816.038          38.000    24720943.177   102492862.4531      -2189.387          26.000  
R15  25419605.373   135834663.0971         -8.678          13.000                                                                  
E11  24163718.900   126981199.8101       -582.621          25.000    24163722.183    97297302.7400       -446.799          36.000  
G20  24009078.504   126168558.1070       2135.085          27.000    24009071.396    98313133.3651       1666.998          21.000  
E25  26700799.551   140313657.4860      -1906.576          44.000    26700802.070   107513068.7770      -1460.987          43.000  
E02  28421507.067   149356027.6521        687.646          19.000    28421515.466   114441666.0770        527.553          31.000  
E16  28347838.590   148968925.2800      -3400.281          25.000    28347869.258   114145121.9531      -2607.100          21.000  
E04  27506198.006   144546045.4591       1250.713          25.000    27506194.187   110756036.0230        953.680          27.000  
E36  27897407.873   146601841.7850        846.434          34.000    27897410.881   112331317.5790        648.529          32.000  
E10  26721655.089   140423273.5130      -1454.611          32.000    26721661.507   107597057.9121      -1116.765          20.000  
G15  25248254.829   132680445.9930       3275.950          30.000                                                                  
G18  26726267.630   140447438.1480       1921.710          31.000                                                                  
> 2026  7 21 14 16 20.0060000  0 29                           
G29  23567374.907   123847315.8240       2010.066          31.000    23567364.938    96504419.0540       1565.772          32.000  
S35  40102793.967   210741625.1400       -476.217          41.000  
G12  25404730.496   133502779.9990      -3728.073          26.000    25404742.186   104028171.7211      -2920.077          20.000  
C24  28329468.554   147518976.3491      -2283.769          25.000                                                                  
C19  25410027.060   132316678.3181      -2294.490          24.000                                                                  
R22  25848890.485   137983132.6731      -2981.869          23.000                                                                  
R01  21739269.880   116208856.1531       1841.903          15.000                                                                  
R23  23093743.201   123535953.2261      -1814.965          18.000                                                                  
R24  22686873.637   121316938.3470       1375.903          39.000    22686870.837    94357592.6750       1070.123          40.000  
G21  23162263.744   121718516.9631      -2739.051          22.000                                                                  
G25  24616492.345   129360495.7790      -2560.028          30.000    24616492.754   100800416.6590      -1994.460          27.000  
S31  39659740.815   208413317.3060       -480.023          38.000  
S33  40362522.521   212106501.9130       -478.979          41.000  
G05  22150343.909   116400753.3380       -631.015          31.000    22150342.038    90701947.3051       -492.091          25.000  
C31  24007372.052   125012599.3540        989.861          44.000                                                                  
C21  27209943.066   141689313.7920       2890.838          30.000                                                                  
R02  25125032.863   134071979.5840       3974.815          29.000    25125026.278   104278186.1561       3091.351          25.000  
R14  24726233.726   131804734.9530      -2823.799          39.000    24726229.817   102514782.8620      -2195.791          27.000  
E11  24164836.508   126987072.9321       -584.910          26.000    24164835.620    97301784.5420       -449.600          37.000  
G20  24005017.892   126147243.4180       2128.512          30.000    24005013.272    98296515.9851       1662.970          22.000  
E25  26704434.279   140332758.5000      -1913.364          43.000    26704437.155   107527704.6250      -1466.272          43.000  
E02  28420205.124   149349185.5671        687.852          16.000    28420212.535   114436417.5560        522.724          33.000  
E16  28354319.936   149002956.7951      -3404.840          26.000    28354326.876   114171124.6491      -2601.165          22.000  
E04  27503826.338   144533580.5780       1238.696          27.000    27503830.727   110746524.3650        948.466          27.000  
E36  27895799.545   146593398.0240        843.145          32.000    27895802.599   112324847.7010        645.791          31.000  
E10  26724424.479   140437833.9040      -1457.449          31.000    26724425.956   107608188.3851      -1118.977          21.000  
G15  25242024.005   132647703.3860       3272.551          31.000                                                                  
G18  26722611.039   140428227.2120       1920.969          32.000                                                                  
R08                                                                  22449350.232    93500750.8121      -1767.907          24.000  
