     3.05           O: OBSERVATION      M: MIXED            RINEX VERSION / TYPE
PYRINEXCONV 0.1.2 ALDELTUNES            20260721 103323 UTC PGM / RUN BY / DATE
UNKN                                                        MARKER NAME
NONE                                                        MARKER TYPE
                                                            OBSERVER / AGENCY
                                                            REC # / TYPE / VERS
                                                            ANT # / TYPE
   112625.7743 -5325488.1665  3496556.5227                  APPROX POSITION XYZ
        0.0000        0.0000        0.0000                  ANTENNA: DELTA H/E/N
G    8 C1C L1C D1C S1C C2L L2L D2L S2L                      SYS / # / OBS TYPES
S    4 C1C L1C D1C S1C                                      SYS / # / OBS TYPES
C    8 C2I L2I D2I S2I C7I L7I D7I S7I                      SYS / # / OBS TYPES
R    8 C1C L1C D1C S1C C2C L2C D2C S2C                      SYS / # / OBS TYPES
E    8 C1C L1C D1C S1C C7Q L7Q D7Q S7Q                      SYS / # / OBS TYPES
DBHZ                                                        SIGNAL STRENGTH UNIT
    10.000                                                  INTERVAL
  2026     7    21    10    23   50.0020000     GPS         TIME OF FIRST OBS
  2026     7    21    10    33   40.0030000     GPS         TIME OF LAST OBS
  9 R05  1 R06 -4 R07  5 R11  0 R12 -1 R13 -2 R21  4 R22 -3 GLONASS SLOT / FRQ
    R23  3                                                  GLONASS SLOT / FRQ
 C1C    0.000 C1P    0.000 C2C    0.000 C2P    0.000        GLONASS COD/PHS/BIS
    18        2428     2GPS                                 LEAPSECONDS
    41                                                      # OF SATELLITES
                                                            END OF HEADER
> 2026  7 21 10 23 50.0020000  0 30                           
G24  24055498.222   126412473.5360      -2014.603          26.000    24055497.119    98503234.3940      -1570.754          31.000  
S35  38910364.422   204475391.5540       -488.251          41.000  
G11  22218384.436   116758489.2410       1470.666          46.000    22218379.420    90980550.4470       1145.800          35.000  
G14  23244243.515   122149323.8681      -3665.071          19.000                                                                  
C20  26549131.542   138248294.8681       1809.969          23.000                                                                  
C30  25450460.859   132527187.9590      -2766.766          27.000                                                                  
C29  22573100.534   117544008.6610      -1218.656          26.000                                                                  
C39  23174977.706   120678154.5650      -1358.958          50.000                                                                  
C35  24344568.698   126768559.7070       1059.497          47.000                                                                  
R12  20332881.608   108614632.2890        696.890          47.000    20332879.780    84477953.6230        541.423          35.000  
R22  20457384.358   109202954.4610       -700.461          43.000    20457382.598    84935566.4810       -544.724          36.000  
R11  21095812.355   112729606.8350      -3589.639          28.000    21095810.492    87678588.7131      -2792.219          23.000  
R23  22160563.506   118544112.6690       1507.407          36.000                                                                  
R21  23041479.374   123299520.7930      -3589.760          26.000    23041475.387    95899680.1331      -2787.613          17.000  
G17  23178917.494   121805960.7450      -2025.354          32.000                                                                  
G06  21140800.250   111095654.6411       -942.950          19.000    21140809.276    86568079.5071       -730.335          22.000  
S31  38459661.992   202106888.2550       -489.143          33.000  
S33  39165982.110   205818666.7770       -488.627          44.000  
G19  21255870.287   111700299.1300       -564.191          27.000                                                                  
G03  25017559.619   131468162.4731      -2988.998          21.000                                                                  
C36  24725690.175   128753090.5760      -3545.241          34.000                                                                  
C11  23873720.382   124316726.7111      -2158.186          24.000                                                                  
C26  25468327.618   132620255.6160       1643.818          37.000                                                                  
E11  25621938.997   134644192.9320       2111.163          26.000    25621931.096   103168874.9300       1616.981          33.000  
G21  25155114.007   132190966.4180       3111.584          27.000                                                                  
E31  24514503.800   128824548.2980      -1482.077          30.000    24514499.157    98709718.2150      -1135.230          28.000  
E16  24927952.964   130997267.4670       1138.269          39.000    24927954.438   100374498.0860        872.844          29.000  
E12  24101168.067   126652462.2240        126.271          32.000    24101162.857    97045393.2000         97.702          31.000  
G13  24131953.960   126814297.4910       2783.888          31.000                                                                  
E10  25358072.611   133257697.4010       1275.439          35.000    25358072.172   102106498.1260        977.073          40.000  
> 2026  7 21 10 24  0.0020000  0 31                           
G24  24059320.703   126432559.6450      -2003.403          24.000    24059319.699    98518885.7710      -1561.123          31.000  
S35  38911277.424   204480188.0660       -471.362          41.000  
G11  22215573.529   116743717.3740       1482.937          46.000    22215569.663    90969039.9100       1155.198          37.000  
G12  24486977.361   128679933.8211       2926.445          18.000                                                                  
G14  23251194.537   122185851.5631      -3637.665          20.000                                                                  
C20  26545627.226   138230046.7661       1821.085          20.000                                                                  
C30  25455759.320   132554764.9430      -2749.902          26.000                                                                  
C29  22575425.332   117556163.4481      -1204.838          23.000                                                                  
C39  23177575.727   120691683.5490      -1347.716          50.000                                                                  
C35  24342518.918   126757885.9620       1074.127          47.000                                                                  
R12  20331567.802   108607615.8370        705.482          47.000    20331565.849    84472496.3550        549.152          35.000  
R22  20458683.554   109209891.0410       -687.972          43.000    20458681.813    84940961.6400       -535.474          36.000  
R11  21102516.268   112765442.4880      -3579.049          26.000    21102509.766    87706433.0551      -2785.322          24.000  
R23  22157731.571   118528964.8120       1520.808          35.000                                                                  
R21  23048187.460   123335505.7270      -3573.481          26.000    23048155.359    95927482.2671      -2796.061          15.000  
G17  23182756.462   121826131.5230      -2010.262          31.000                                                                  
G06  21142573.421   111104972.9711       -928.982          18.000    21142587.711    86575362.2621       -723.962          23.000  
S31  38460576.844   202111696.8530       -473.190          33.000  
S33  39166895.060   205823464.9520       -472.140          44.000  
G19  21256930.562   111705923.9121       -547.718          25.000                                                                  
G03  25023282.735   131498237.8591      -2985.836          21.000                                                                  
C36  24732485.160   128788469.7840      -3531.411          33.000                                                                  
C11  23877841.243   124338185.1291      -2141.965          22.000                                                                  
C26  25465157.459   132603750.2400       1656.513          36.000                                                                  
E11  25617908.738   134623010.5720       2124.811          26.000    25617900.813   103152644.2890       1628.345          34.000  
G21  25149179.569   132159758.1130       3128.673          27.000                                                                  
E31  24517310.742   128839294.3730      -1468.760          29.000    24517306.942    98721017.1790      -1125.146          29.000  
E16  24925772.694   130985808.4430       1152.840          38.000    24925775.322   100365717.8040        883.340          30.000  
E12  24100914.914   126651126.2570        139.363          33.000    24100908.819    97044369.5740        106.372          31.000  
G13  24126642.262   126786380.8280       2798.168          31.000                                                                  
E10  25355631.764   133244872.4780       1288.392          34.000    25355631.988   102096671.2230        987.407          40.000  
> 2026  7 21 10 24 10.0020000  0 30                           
G24  24063131.800   126452610.3091      -1996.582          26.000    24063124.571    98534468.6280      -1556.119          31.000  
S35  38912164.562   204484850.5300       -460.831          41.000  
G11  22212745.236   116728854.2940       1489.498          46.000    22212742.304    90957458.3110       1160.609          36.000  
G12  24481382.830   128650534.6101       2944.875          19.000                                                                  
G14  23258116.261   122222225.7791      -3642.714          18.000                                                                  
C20  26542114.875   138211756.9471       1829.070          19.000                                                                  
C30  25461026.815   132582208.2720      -2738.897          25.000                                                                  
C29  22577725.524   117568141.2521      -1192.261          18.000                                                                  
C39  23180158.058   120705132.6050      -1342.111          50.000                                                                  
C35  24340447.624   126747098.3450       1083.203          48.000                                                                  
R12  20330244.104   108600546.0400        708.349          47.000    20330242.531    84466997.6640        550.535          36.000  
R22  20459966.645   109216735.8350       -681.043          44.000    20459964.017    84946285.3830       -529.671          36.000  
R11  21109206.143   112801204.6630      -3573.693          28.000    21109204.858    87734259.2561      -2780.489          26.000  
R23  22154882.170   118513721.9230       1527.841          34.000                                                                  
R21  23054861.976   123371183.2290      -3562.282          26.000    23054826.239    95955246.5351      -2777.558          15.000  
G17  23186571.275   121846177.9080      -1998.982          31.000                                                                  
G06  21144332.007   111114214.1631       -909.941          17.000    21144350.495    86582579.8971       -720.085          19.000  
S31  38461466.424   202116371.8220       -462.811          33.000  
S33  39167782.970   205828129.7490       -460.678          44.000  
G03  25028984.620   131528201.7111      -2985.531          19.000                                                                  
C36  24739257.333   128823735.7960      -3522.019          33.000                                                                  
C11  23881946.742   124359562.8811      -2130.500          21.000                                                                  
C26  25461969.425   132587151.2070       1663.038          36.000                                                                  
E11  25613855.842   134601720.4151       2134.717          25.000    25613847.839   103136326.6160       1635.024          34.000  
G21  25143220.231   132128410.1250       3141.020          26.000                                                                  
E31  24520095.255   128853939.7770      -1460.944          28.000    24520093.795    98732238.9880      -1119.192          29.000  
E16  24923571.316   130974237.2250       1161.688          38.000    24923574.281   100356851.4830        890.590          31.000  
E12  24100642.002   126649696.0170        146.426          34.000    24100636.099    97043273.6840        111.762          31.000  
G13  24121308.541   126758349.1920       2807.911          31.000                                                                  
E10  25353173.687   133231947.1860       1297.021          36.000    25353172.471   102086767.4490        993.402          40.000  
> 2026  7 21 10 24 20.0020000  0 30                           
G24  24066925.938   126472548.6161      -1995.126          26.000    24066922.406    98550022.1020      -1553.909          31.000  
S35  38913035.722   204489429.5400       -455.551          41.000  
G11  22209908.878   116713950.3930       1491.013          46.000    22209906.460    90945844.8970       1162.291          35.000  
G12  24475783.912   128621112.5011       2943.608          15.000                                                                  
G14  23265029.836   122258556.5851      -3623.063          16.000                                                                  
G22  22350555.376   117452960.5481      -2503.085          26.000                                                                  
C20  26538592.047   138193412.1711       1839.797          20.000                                                                  
C30  25466266.913   132609534.0031      -2736.461          22.000                                                                  
C39  23182734.649   120718551.6490      -1341.912          50.000                                                                  
C35  24338363.504   126736246.7730       1086.926          48.000                                                                  
R12  20328920.147   108593474.1690        705.828          47.000    20328919.243    84461497.3140        549.107          37.000  
R22  20461241.671   109223539.9340       -680.193          44.000    20461239.261    84951577.4460       -528.967          36.000  
R11  21115894.771   112836944.0010      -3573.943          30.000    21115899.835    87762068.1810      -2779.792          28.000  
R23  22152024.516   118498435.3750       1529.563          33.000                                                                  
R21  23061509.598   123406795.8251      -3555.987          21.000    23061494.878    95983001.8821      -2756.812          12.000  
G17  23190371.438   121866150.5350      -1995.087          30.000                                                                  
G06  21146085.588   111123429.5151       -919.699          22.000                                                                  
S31  38462340.096   202120962.4680       -456.781          33.000  
S33  39168654.526   205832710.3500       -455.116          44.000  
G03  25034677.468   131558117.4121      -2990.762          16.000                                                                  
C36  24746017.515   128858938.5610      -3518.166          33.000                                                                  
C11  23886036.562   124380860.4411      -2116.523          19.000                                                                  
C26  25458772.974   132570508.5140       1664.825          37.000                                                                  
E11  25609793.553   134580373.4441       2136.826          20.000    25609783.230   103119960.5110       1638.144          34.000  
G21  25137235.530   132097064.1811       3147.888          24.000                                                                  
E31  24522871.042   128868534.9020      -1458.539          26.000    24522870.818    98743422.2380      -1117.352          29.000  
E16  24921357.616   130962604.2970       1164.941          38.000    24921361.046   100347937.9830        892.236          31.000  
E12  24100360.419   126648221.8730        147.998          34.000    24100355.837    97042144.1040        113.127          31.000  
G13  24115962.849   126730253.2530       2811.433          30.000                                                                  
E10  25350704.240   133218971.9970       1298.740          35.000    25350703.355   102076825.4430        995.008          41.000  
> 2026  7 21 10 24 30.0020000  0 28                           
G24  24070718.376   126492478.7921      -1994.578          26.000    24070718.791    98565569.6090      -1555.328          32.000  
S35  38913896.970   204493955.2430       -451.022          41.000  
G11  22207070.425   116699035.7440       1491.126          45.000    22207067.902    90934223.0590       1161.738          33.000  
G14  23271951.319   122294928.9481      -3633.008          20.000                                                                  
G22  22355332.340   117478064.3341      -2503.339          26.000                                                                  
C20  26535070.480   138175075.0371       1848.865          24.000                                                                  
C30  25471497.629   132636771.9661      -2727.090          19.000                                                                  
C39  23185311.688   120731970.4130      -1342.849          50.000                                                                  
C35  24336272.735   126725360.9640       1089.227          48.000                                                                  
R12  20327601.621   108586430.9260        701.923          47.000    20327600.658    84456019.2120        546.370          37.000  
R22  20462514.582   109230333.8540       -679.710          45.000    20462511.953    84956861.6330       -528.811          36.000  
R11  21122586.798   112872691.6810      -3576.022          27.000    21122593.877    87789871.9740      -2781.568          28.000  
R23  22149164.575   118483135.8950       1530.166          33.000                                                                  
R21  23068139.914   123442275.5931      -3551.794          22.000                                                                  
G17  23194164.648   121886153.1700      -1991.545          30.000                                                                  
G06  21147837.214   111132634.1291       -917.110          21.000                                                                  
S31  38463203.458   202125500.0700       -451.771          33.000  
S33  39169516.165   205837237.6420       -450.911          44.000  
C36  24752770.984   128894107.7650      -3516.465          31.000                                                                  
C11  23890106.857   124402055.1521      -2121.162          13.000                                                                  
C26  25455574.440   132553851.9520       1665.490          37.000                                                                  
E11  25605721.668   134558974.9111       2132.728          17.000    25605712.041   103103569.0720       1639.688          34.000  
G21  25131239.535   132065554.2081       3151.562          23.000                                                                  
E31  24525641.087   128883113.0441      -1457.081          23.000    24525644.305    98754590.0100      -1116.615          29.000  
E16  24919137.896   130950939.7320       1167.280          38.000    24919141.842   100339000.1590        894.150          32.000  
E12  24100077.160   126646733.8390        148.719          35.000    24100073.084    97041003.9390        113.477          31.000  
G13  24110610.102   126702122.9450       2813.971          29.000                                                                  
E10  25348233.357   133205976.9790       1299.668          35.000    25348230.728   102066868.1890        995.916          41.000  
> 2026  7 21 10 24 40.0020000  0 29                           
G24  24074516.345   126512436.6481      -1993.755          26.000    24074515.530    98581116.4980      -1554.432          33.000  
S35  38914749.266   204498434.2510       -444.996          41.000  
G11  22204231.035   116684117.4080       1492.258          45.000    22204228.412    90922598.3960       1163.015          34.000  
G14  23278892.353   122331404.8011      -3629.874          24.000                                                                  
G22  22360089.020   117503060.7471      -2501.191          26.000                                                                  
C20  26531532.596   138156652.5831       1839.204          24.000                                                                  
C30  25476748.742   132664115.9771      -2737.833          20.000                                                                  
C39  23187889.686   120745395.8500      -1342.517          49.000                                                                  
C35  24334176.942   126714447.8960       1093.048          48.000                                                                  
R12  20326290.188   108579423.4530        699.284          47.000    20326289.249    84450568.9430        544.301          37.000  
R22  20463786.991   109237124.7540       -678.578          45.000    20463783.369    84962143.4040       -527.200          35.000  
R11  21129280.927   112908470.3061      -3578.264          22.000    21129287.906    87817687.3900      -2781.525          28.000  
R23  22146304.191   118467830.3400       1532.044          33.000                                                                  
R21  23074772.767   123477769.3441      -3545.609          22.000                                                                  
G17  23197945.944   121906045.0730      -1986.682          29.000                                                                  
G06  21149585.500   111141821.6871       -918.790          25.000                                                                  
S31  38464058.332   202129990.8860       -446.507          33.000  
S33  39170368.882   205841718.4310       -445.312          44.000  
C36  24759518.939   128929250.2700      -3511.995          30.000                                                                  
C11  23894183.872   124423285.2711      -2118.730          17.000                                                                  
C26  25452374.559   132537188.6740       1666.864          37.000                                                                  
E11  25601658.530   134537622.7781       2145.750          17.000    25601635.753   103087157.6940       1642.483          34.000  
G21  25125242.716   132034041.2751       3164.815          21.000                                                                  
E31  24528410.689   128897668.0991      -1455.403          18.000    24528415.885    98765747.6470      -1114.814          29.000  
E16  24916913.947   130939250.6570       1170.276          38.000    24916916.916   100330043.5820        896.402          32.000  
E12  24099791.861   126645239.0090        149.824          35.000    24099789.133    97039858.5170        114.788          32.000  
E33  25552853.908   134281152.7741      -2472.175          16.000                                                                  
G13  24105252.523   126673965.6210       2817.192          28.000                                                                  
E10  25345758.343   133192969.0990       1301.784          35.000    25345755.464   102056901.1520        997.430          41.000  
> 2026  7 21 10 24 50.0020000  0 30                           
G24  24078313.633   126532376.4660      -1994.388          27.000    24078311.535    98596660.3170      -1553.070          33.000  
S35  38915592.277   204502863.3860       -439.985          41.000  
G11  22201390.749   116669192.3830       1493.274          45.000    22201388.043    90910968.4790       1163.993          34.000  
G14  23285807.591   122367743.8501      -3628.917          26.000                                                                  
G22  22364850.009   117528086.7910      -2501.197          25.000                                                                  
C20  26527990.893   138138209.8591       1849.376          26.000                                                                  
C30  25481994.187   132691430.1991      -2723.174          22.000    25482138.668   102606012.3641      -2134.188          11.000  
C29  22586866.698   117615736.7420      -1181.050          27.000                                                                  
C39  23190468.499   120758824.9310      -1342.622          49.000                                                                  
C35  24332075.772   126703504.5780       1096.338          48.000                                                                  
R12  20324984.845   108572448.7660        696.395          47.000    20324983.470    84445144.1930        541.722          38.000  
R22  20465058.218   109243909.2800       -677.589          44.000    20465054.200    84967420.2700       -527.024          36.000  
R11  21135973.400   112944233.5261      -3575.519          20.000    21135978.193    87845512.0430      -2782.568          26.000  
R23  22143441.229   118452515.8180       1531.925          31.000                                                                  
R21  23081395.412   123513208.8091      -3533.061          19.000                                                                  
G17  23201723.142   121925897.1150      -1983.074          28.000                                                                  
G06  21151354.069   111151088.1860       -920.737          28.000                                                                  
S31  38464903.580   202134432.8590       -441.105          34.000  
S33  39171211.900   205846149.8000       -440.319          44.000  
C36  24766261.519   128964362.9870      -3509.418          30.000                                                                  
C11  23898262.014   124444520.7831      -2120.652          18.000                                                                  
C26  25449172.431   132520515.6600       1668.243          37.000                                                                  
E11  25597587.683   134516230.4061       2167.197          17.000    25597553.916   103070724.0650       1645.366          34.000  
G21  25119234.951   132002470.4381       3155.398          20.000                                                                  
E16  24914684.318   130927534.0750       1173.482          39.000    24914688.253   100321065.9210        898.956          33.000  
E12  24099506.104   126643734.2330        151.474          35.000    24099503.037    97038705.5100        116.159          32.000  
E33  25557542.762   134305793.3201      -2471.796          17.000                                                                  
G13  24099889.507   126645778.1530       2821.193          25.000                                                                  
E10  25343281.287   133179945.4830       1303.368          33.000    25343277.208   102046921.9720        998.950          41.000  
E31                                                                  24531182.726    98776892.8530      -1113.321          29.000  
> 2026  7 21 10 25  0.0020000  0 32                           
G24  24082104.442   126552327.7340      -1994.093          25.000    24082107.923    98612206.7700      -1553.883          33.000  
S35  38916427.084   204507250.9880       -435.265          41.000  
G11  22198550.838   116654267.9550       1493.452          44.000    22198547.502    90899339.0830       1163.668          33.000  
G12  24453319.638   128503061.7051       2954.295          19.000                                                                  
G14  23292712.790   122404031.8011      -3628.393          25.000                                                                  
G22  22369618.869   117553140.5551      -2499.513          24.000                                                                  
C20  26524455.480   138119794.7070       1851.712          27.000                                                                  
C30  25487218.982   132718636.8471      -2713.737          22.000                                                                  
C29  22589131.040   117627543.7300      -1178.393          29.000                                                                  
C39  23193049.591   120772264.8440      -1343.446          50.000                                                                  
C35  24329969.505   126692538.1920       1098.920          48.000                                                                  
R12  20323687.028   108565514.4430        692.551          47.000    20323685.138    84439750.8260        538.653          38.000  
R22  20466329.225   109250694.7890       -677.450          44.000    20466325.710    84972697.9060       -527.097          37.000  
R11  21142673.560   112980037.0471      -3578.779          19.000    21142681.425    87873394.2911      -2786.680          21.000  
R23  22140578.536   118437199.6630       1532.793          33.000                                                                  
R21  23087997.490   123548537.9011      -3537.009          18.000                                                                  
G17  23205493.865   121945716.3760      -1979.609          27.000                                                                  
G06  21153104.935   111160305.9440       -920.904          28.000                                                                  
S31  38465740.804   202138831.8150       -437.206          34.000  
S33  39172047.348   205850538.7960       -435.869          44.000  
G03  25057303.916   131677020.1361      -2983.823          18.000                                                                  
C36  24772999.774   128999453.1050      -3506.579          28.000                                                                  
C11  23902324.538   124465676.1271      -2107.169          12.000                                                                  
C26  25445970.450   132503840.2000       1668.943          38.000                                                                  
E11  25593499.194   134494745.8601       2145.371          21.000    25593468.102   103054273.8470       1646.808          34.000  
G21  25113212.150   131970819.6631       3160.762          19.000                                                                  
E31  24533967.905   128926870.9951      -1446.089          18.000    24533948.918    98788031.2390      -1112.653          27.000  
E16  24912450.715   130915797.3120       1176.036          39.000    24912455.364   100312072.7730        901.189          34.000  
E12  24099219.610   126642226.8670        151.924          35.000    24099216.321    97037550.5290        116.088          32.000  
E33  25562235.051   134330451.2291      -2466.276          16.000                                                                  
G13  24094518.625   126617549.9161       2826.257          20.000                                                                  
E10  25340799.365   133166913.2170       1305.206          33.000    25340796.836   102036936.2810        999.596          41.000  
> 2026  7 21 10 25 10.0020000  0 30                           
G24  24085900.334   126572259.8351      -1993.801          24.000    24085901.533    98627740.1830      -1553.162          33.000  
S35  38917249.958   204511575.6560       -430.473          41.000  
G11  22195707.510   116639324.2200       1494.339          44.000    22195703.218    90887694.6070       1164.854          33.000  
G12  24447690.163   128473478.8091       2955.522          20.000                                                                  
G14  23299611.050   122440281.5531      -3624.143          24.000                                                                  
C20  26520904.228   138101254.1310       1855.019          28.000                                                                  
C30  25492417.376   132745706.8221      -2707.283          21.000                                                                  
C29  22591385.296   117639306.7930      -1175.229          30.000                                                                  
C39  23195629.088   120785695.8170      -1343.660          50.000                                                                  
C35  24327855.315   126681528.9960       1101.935          48.000                                                                  
R12  20322392.941   108558600.3030        689.346          47.000    20322390.286    84434373.1650        536.056          38.000  
R22  20467597.196   109257461.1660       -676.728          44.000    20467594.170    84977960.6550       -526.033          36.000  
R11  21149376.161   113015853.7851      -3577.073          21.000                                                                  
R23  22137713.625   118421861.6980       1534.304          34.000                                                                  
R21  23094610.332   123583924.1771      -3532.627          22.000                                                                  
G17  23209254.925   121965483.2590      -1975.541          28.000                                                                  
G06  21154848.714   111169511.5010       -920.767          29.000                                                                  
S31  38466566.190   202143169.3620       -431.709          34.000  
S33  39172870.888   205854866.2140       -430.707          44.000  
G03  25062980.064   131706849.0221      -2981.291          19.000                                                                  
C36  24779729.444   129034500.7410      -3503.531          27.000                                                                  
C26  25442764.081   132487142.6510       1669.940          39.000                                                                  
E11  25589393.729   134473171.4111       2149.176          25.000    25589374.392   103037791.7550       1648.487          34.000  
G21  25107171.612   131939076.8071       3173.261          15.000                                                                  
E31  24536737.705   128941426.7091      -1446.472          19.000    24536708.264    98799156.4591      -1111.429          27.000  
E16  24910209.468   130904020.5360       1178.687          39.000    24910214.775   100303048.9830        903.385          34.000  
E12  24098928.400   126640696.9660        153.284          35.000    24098925.189    97036378.2580        117.544          33.000  
G13  24089143.270   126589302.1481       2814.570          18.000                                                                  
E10  25338312.829   133153852.6190       1306.923          30.000    25338311.668   102026928.7820       1001.095          41.000  
R06                                                                  24485702.649   101624755.9071       1117.680          12.000  
> 2026  7 21 10 25 20.0020000  0 30                           
G24  24089686.044   126592153.9491      -1996.225          22.000    24089697.416    98643283.9070      -1555.215          34.000  
S35  38918067.130   204515868.4370       -427.882          41.000  
G11  22192865.886   116624391.2320       1492.549          44.000    22192861.547    90876058.5660       1162.769          33.000  
G12  24442053.231   128443856.3911       2962.100          23.000                                                                  
G14  23306506.014   122476515.4291      -3626.774          22.000                                                                  
C20  26517339.958   138082698.9640       1855.434          28.000                                                                  
C30  25497599.204   132772689.3051      -2701.151          20.000                                                                  
C29  22593642.459   117651055.1770      -1173.519          31.000                                                                  
C39  23198212.699   120799147.6020      -1346.542          50.000                                                                  
C35  24325738.998   126670506.7270       1102.582          48.000                                                                  
R12  20321107.882   108551736.9170        683.532          46.000    20321105.722    84429034.9450        531.752          38.000  
R22  20468867.020   109264238.7860       -678.462          44.000    20468863.849    84983232.1610       -527.748          36.000  
R11  21156085.703   113051706.6611      -3585.856          25.000                                                                  
R23  22134849.434   118406532.3790       1532.112          31.000                                                                  
R21  23101214.277   123619263.3621      -3536.439          21.000                                                                  
G17  23213012.792   121985227.6170      -1973.689          27.000                                                                  
G06  21156614.296   111178734.9660       -922.639          31.000    21156615.605    86632803.7301       -720.038          26.000  
S31  38467385.501   202147474.0320       -428.844          34.000  
S33  39173688.074   205859160.9260       -428.136          44.000  
G19  21265039.944   111748538.8851       -521.220          25.000                                                                  
G03  25068658.791   131736690.2211      -2990.375          20.000                                                                  
C36  24786456.387   129069535.6490      -3503.205          28.000                                                                  
C26  25439559.317   132470452.8020       1668.496          40.000                                                                  
E11  25585296.340   134451639.5311       2153.342          27.000    25585278.666   103021300.8220       1649.259          33.000  
E31  24539503.051   128955958.3201      -1449.635          15.000    24539466.918    98810263.6451      -1110.673          25.000  
E16  24907965.663   130892233.8040       1179.047          39.000    24907972.063   100294017.5950        903.198          35.000  
E12  24098638.041   126639174.5300        151.625          35.000    24098635.658    97035211.7140        115.979          33.000  
G13  24083758.071   126561002.6571       2822.715          18.000                                                                  
E10  25335834.203   133140793.6480       1305.568          30.000    25335826.349   102016922.5460       1000.289          40.000  
R06                                                                  24483013.445   101613595.0311       1119.502          16.000  
> 2026  7 21 10 25 30.0030000  0 30                           
G24  24093490.701   126612147.7851      -1997.994          19.000    24093495.961    98658837.7840      -1555.015          34.000  
S35  38918877.576   204520128.0790       -423.298          41.000  
G11  22190025.724   116609465.4610       1492.849          45.000    22190021.176    90864428.1260       1162.618          34.000  
G12  24436406.090   128414180.7031       2966.627          25.000                                                                  
G14  23313409.141   122512791.2081      -3612.565          19.000                                                                  
C20  26513768.647   138064124.7460       1859.391          26.000                                                                  
C30  25502789.646   132799717.3681      -2705.901          20.000                                                                  
C29  22595896.643   117662788.0130      -1170.944          32.000    22595819.345    90984000.9261       -950.099          10.000  
C39  23200800.293   120812619.4270      -1346.910          50.000                                                                  
C35  24323619.179   126659468.2150       1105.507          48.000                                                                  
R12  20319831.603   108544921.4810        680.025          46.000    20319829.555    84423734.0580        528.656          37.000  
R22  20470138.688   109271025.9270       -678.014          44.000    20470135.208    84988511.0630       -527.822          35.000  
R11  21162795.584   113087565.7330      -3585.202          26.000                                                                  
R23  22131985.477   118391207.9970       1533.219          29.000                                                                  
R21  23107798.253   123654495.7301      -3526.958          19.000                                                                  
G17  23216777.421   122004987.9761      -1969.719          24.000                                                                  
G06  21158371.701   111187975.1710       -923.511          29.000    21158375.537    86640006.4040       -719.774          27.000  
S31  38468198.644   202151745.8620       -424.321          35.000  
S33  39174498.918   205863421.4880       -423.525          44.000  
G19  21266017.300   111753675.0331       -524.615          24.000                                                                  
G03  25074337.146   131766530.7801      -2976.737          18.000                                                                  
C36  24793181.612   129104559.0950      -3500.092          28.000                                                                  
C26  25436355.091   132453767.0240       1669.294          40.000                                                                  
E11  25581199.760   134430114.4690       2155.183          27.000    25581180.058   103004797.8270       1651.879          33.000  
E31  24542262.776   128970460.8551      -1452.086          18.000    24542226.362    98821375.2971      -1110.982          24.000  
E16  24905720.495   130880433.9080       1181.658          39.000    24905726.956   100284976.0820        905.284          35.000  
E12  24098350.424   126637657.2950        151.853          35.000    24098346.808    97034049.1530        117.111          33.000  
G13  24078383.446   126532758.9821       2828.801          26.000                                                                  
E10  25333348.657   133127732.9830       1306.720          28.000    25333340.371   102006914.9620       1001.361          40.000  
R06                                                                  24480321.616   101602423.0781       1116.117          14.000  
> 2026  7 21 10 25 40.0030000  0 30                           
G24  24097279.756   126632059.1561      -1988.915          21.000    24097290.888    98674378.3120      -1554.126          34.000  
S35  38919676.574   204524326.3210       -417.479          41.000  
G11  22187182.771   116594523.8110       1494.406          44.000    22187178.089    90852785.2570       1164.613          33.000  
G12  24430751.264   128384464.3811       2971.895          25.000                                                                  
G14  23320299.819   122549002.3791      -3621.226          19.000                                                                  
C20  26510167.244   138045397.5091       1862.965          24.000                                                                  
C30  25507971.997   132826703.9171      -2701.906          18.000                                                                  
C29  22598140.930   117674477.0890      -1167.614          31.000                                                                  
C39  23203385.703   120826082.7650      -1346.703          50.000                                                                  
C35  24321491.502   126648389.8190       1109.242          48.000                                                                  
R12  20318560.353   108538129.0720        677.354          45.000    20318557.830    84418451.0650        526.828          37.000  
R22  20471406.790   109277794.8700       -676.872          44.000    20471402.894    84993775.8180       -526.726          34.000  
R11  21169499.950   113123388.5351      -3582.533          23.000    21169491.125    87984820.8390      -2788.335          27.000  
R23  22129117.086   118375865.2390       1534.113          26.000                                                                  
R21  23114371.002   123689667.7121      -3522.708          18.000                                                                  
G17  23220518.952   122024649.7841      -1965.879          22.000                                                                  
G06  21160125.983   111197203.9580       -922.846          29.000    21160132.519    86647197.6440       -719.146          26.000  
S31  38468999.646   202155956.2000       -418.999          35.000  
S33  39175298.134   205867622.1970       -417.815          44.000  
G03  25080013.926   131796362.7071      -2982.471          18.000                                                                  
C36  24799899.717   129139585.2461      -3496.433          26.000                                                                  
C26  25433147.432   132437062.8750       1670.933          40.000                                                                  
E11  25577092.102   134408539.1400       2159.115          26.000    25577074.457   102988266.2170       1654.162          33.000  
G21  25088979.224   131843475.0821       3191.885          14.000                                                                  
E31  24545005.786   128984875.8111      -1447.319          15.000    24544979.859    98832462.0551      -1108.974          22.000  
E16  24903468.066   130868597.2160       1184.892          40.000    24903474.431   100275906.4060        907.815          35.000  
E12  24098057.792   126636119.4770        154.136          35.000    24098054.465    97032870.8520        117.791          33.000  
G13  24072998.540   126504457.4490       2833.055          27.000                                                                  
E10  25330858.029   133114647.0710       1308.985          30.000    25330850.615   101996888.0700       1003.286          40.000  
R06                                                                  24477633.885   101591267.9371       1116.117          16.000  
> 2026  7 21 10 25 50.0030000  0 30                           
G24  24101080.166   126652030.6611      -1991.790          20.000    24101085.799    98689917.8200      -1553.448          34.000  
S35  38920466.563   204528478.5820       -411.913          41.000  
G11  22184338.919   116579578.6880       1495.659          43.000    22184334.284    90841139.7370       1165.924          33.000  
G12  24425086.759   128354696.3491       2975.279          25.000                                                                  
G14  23327184.645   122585181.7481      -3615.522          21.000                                                                  
G22  22393370.203   117677953.7011      -2499.550          23.000                                                                  
C20  26506578.979   138026712.4191       1867.254          26.000                                                                  
C30  25513145.872   132853645.5151      -2703.445          19.000                                                                  
C29  22600380.049   117686137.1670      -1163.090          30.000                                                                  
C39  23205972.546   120839552.6630      -1346.345          50.000                                                                  
C35  24319358.584   126637284.1560       1112.795          47.000                                                                  
R12  20317295.355   108531373.2430        674.853          45.000    20317292.974    84413196.5100        525.062          37.000  
R22  20472674.128   109284560.2130       -675.483          44.000    20472670.300    84999037.7690       -525.556          34.000  
R11  21176195.452   113159166.9891      -3591.095          20.000    21176198.569    88012714.9960      -2788.917          28.000  
R23  22126246.915   118360516.5150       1536.148          29.000                                                                  
R21  23120945.543   123724849.0871      -3505.856          18.000                                                                  
G17  23224234.264   122044174.1181      -1956.232          19.000                                                                  
G06  21161882.822   111206436.2030       -922.558          30.000    21161886.435    86654391.6290       -718.437          26.000  
S31  38469791.918   202160120.7010       -413.137          34.000  
S33  39176088.573   205871776.0870       -411.915          44.000  
G03  25085691.162   131826196.7821      -2975.597          16.000                                                                  
C36  24806608.195   129174518.2741      -3493.111          24.000                                                                  
C26  25429938.193   132420352.5120       1672.333          40.000                                                                  
E11  25572980.041   134386938.1360       2162.842          26.000    25572963.657   102971714.8480       1656.900          34.000  
E31  24547746.575   128999278.3831      -1459.961          16.000    24547732.330    98843545.5151      -1102.984          21.000  
E16  24901210.972   130856736.4450       1188.290          40.000    24901217.213   100266818.2580        910.640          34.000  
E12  24097763.294   126634574.7810        155.844          35.000    24097760.044    97031687.2710        119.733          33.000  
G13  24067600.698   126476110.8370       2837.536          28.000                                                                  
E10  25328360.009   133101548.5400       1312.021          31.000    25328357.506   101986851.5050       1005.139          40.000  
G21                                                                  25082919.590   102710361.8451       2489.308          25.000  
> 2026  7 21 10 26  0.0030000  0 31                           
G24  24104883.835   126672018.8991      -1994.075          23.000    24104878.302    98705449.6290      -1554.239          34.000  
S35  38921246.444   204532575.3790       -407.911          41.000  
G11  22181492.426   116564621.6620       1495.549          43.000    22181488.225    90829484.9440       1164.955          34.000  
G12  24419419.268   128324914.1711       2976.006          24.000                                                                  
G14  23334073.838   122621384.6681      -3624.104          22.000                                                                  
C20  26502988.027   138008012.9551       1868.951          26.000                                                                  
C30  25518315.175   132880563.2371      -2683.161          14.000                                                                  
C29  22602611.435   117697759.9610      -1161.648          30.000                                                                  
C39  23208558.996   120853020.7300      -1347.527          50.000                                                                  
C35  24317218.932   126626142.8550       1115.211          47.000                                                                  
R12  20316035.789   108524645.3790        670.537          44.000    20316033.934    84407963.7240        521.965          37.000  
R22  20473938.593   109291313.4060       -675.428          44.000    20473935.307    85004290.2470       -525.438          34.000  
R11  21182894.778   113194966.2711      -3591.099          25.000    21182919.921    88040613.4310      -2791.031          29.000  
R23  22123374.677   118345153.4070       1536.546          34.000                                                                  
R21  23127506.513   123759958.7871      -3508.182          21.000                                                                  
G17  23227949.995   122063700.5421      -1966.001          17.000                                                                  
G06  21163638.212   111215663.3090       -923.166          28.000    21163640.469    86661569.6181       -718.772          25.000  
S31  38470573.909   202164230.3200       -409.305          34.000  
S33  39176868.709   205875875.4970       -408.118          44.000  
G19  21268957.323   111769124.3561       -510.354          24.000                                                                  
G03  25091372.040   131856049.3851      -2991.882          16.000                                                                  
C36  24813313.457   129209434.0771      -3491.360          25.000                                                                  
C26  25426726.550   132403627.6210       1672.299          41.000                                                                  
E11  25568869.332   134365303.0670       2163.802          25.000    25568846.485   102955137.3590       1658.622          34.000  
G21  25076831.867   131779640.5641       3196.009          16.000    25076837.607   102685457.6791       2492.885          25.000  
E31  24550479.603   129013640.2321      -1441.312          21.000    24550483.724    98854623.8101      -1105.174          18.000  
E16  24898947.208   130844843.2520       1190.208          40.000    24898954.162   100257705.2920        911.434          34.000  
E12  24097466.435   126633014.8120        156.062          35.000    24097463.324    97030491.9660        119.279          33.000  
G13  24062205.179   126447730.1110       2839.041          29.000                                                                  
E10  25325860.828   133088428.9430       1312.250          34.000    25325861.514   101976798.8310       1005.492          40.000  
R06                                                                  24472236.836   101568867.8301       1117.703          15.000  
> 2026  7 21 10 26 10.0030000  0 31                           
G24  24108690.421   126692022.8771      -1990.376          23.000    24108673.571    98720991.5320      -1554.519          34.000  
S35  38922020.017   204536640.6500       -405.093          41.000  
G11  22178648.324   116549675.7690       1494.185          43.000    22178644.128    90817838.7740       1164.440          35.000  
G12  24413750.853   128295126.5631       2978.591          24.000                                                                  
G14  23340973.463   122657642.7911      -3613.659          25.000                                                                  
G22  22402898.067   117728023.1701      -2501.349          23.000                                                                  
C20  26499386.895   137989261.2051       1870.056          25.000                                                                  
C29  22604840.186   117709368.1800      -1160.130          29.000                                                                  
C39  23211149.222   120866509.7290      -1349.916          50.000                                                                  
C35  24315077.462   126614988.6950       1116.164          47.000                                                                  
R12  20314786.080   108517968.8770        665.019          44.000    20314784.020    84402770.8960        517.509          36.000  
R22  20475205.556   109298077.7900       -676.945          44.000    20475202.831    85009551.4550       -526.394          33.000  
R11  21189617.623   113230883.4050      -3591.803          27.000    21189639.031    88068534.2380      -2793.319          28.000  
R23  22120504.192   118329799.0710       1534.389          35.000                                                                  
R21  23134057.967   123795016.6911      -3508.312          23.000                                                                  
G17  23231692.334   122083366.5231      -1956.423          25.000                                                                  
G06  21165395.857   111224908.2640       -925.235          28.000    21165399.339    86668771.4891       -718.710          24.000  
S31  38471349.775   202168307.9740       -406.656          34.000  
S33  39177642.769   205879943.0550       -404.847          44.000  
G19  21269937.244   111774296.7540       -510.061          28.000                                                                  
G03  25097061.190   131885945.7551      -2995.687          14.000                                                                  
C36  24820019.269   129244352.6391      -3488.707          26.000                                                                  
C26  25423516.568   132386911.0600       1671.294          41.000                                                                  
E11  25564757.414   134343656.8390       2165.125          24.000    25564727.692   102938551.4260       1659.070          35.000  
G21  25070752.882   131747695.5311       3192.402          17.000    25070747.630   102660520.1661       2495.280          25.000  
E31  24553231.926   129028103.8121      -1443.371          22.000    24553234.884    98865702.4041      -1102.692          15.000  
E16  24896682.215   130832940.6590       1190.578          40.000    24896689.272   100248585.1010        912.101          33.000  
E12  24097170.896   126631462.4970        154.895          35.000    24097167.710    97029302.5360        118.620          33.000  
E33  25594971.924   134502484.4071      -2458.363          16.000                                                                  
G13  24056800.151   126419337.7060       2839.554          29.000                                                                  
E10  25323366.610   133075311.3040       1312.077          34.000    25323365.030   101966747.6810       1004.972          40.000  
> 2026  7 21 10 26 20.0030000  0 30                           
G24  24112483.398   126711954.9081      -1986.269          23.000    24112468.447    98736532.1010      -1554.671          34.000  
S35  38922784.412   204540659.6490       -400.461          41.000  
G11  22175803.508   116534726.3500       1494.397          42.000    22175799.353    90806189.9080       1163.961          35.000  
G12  24408075.670   128265296.5410       2981.792          26.000                                                                  
G14  23347859.537   122693829.7621      -3616.442          26.000                                                                  
C20  26495789.806   137970530.0531       1873.130          25.000                                                                  
C29  22607062.739   117720947.3070      -1157.255          26.000                                                                  
C39  23213740.718   120880005.0750      -1350.536          50.000                                                                  
C35  24312930.211   126603807.1250       1118.680          48.000                                                                  
R12  20313542.832   108511328.9710        661.287          43.000    20313540.895    84397606.5430        514.587          35.000  
R22  20476472.181   109304838.2350       -676.466          45.000    20476469.221    85014809.5700       -526.309          33.000  
R11  21196350.659   113266795.7650      -3593.116          30.000    21196359.783    88096466.0580      -2794.361          28.000  
R23  22117632.487   118314438.6910       1535.761          35.000                                                                  
R21  23140603.274   123830041.6871      -3505.546          23.000                                                                  
G17  23235419.952   122102955.7931      -1951.248          26.000                                                                  
G06  21167154.618   111234156.3570       -925.588          28.000    21167163.224    86675994.7951       -721.627          24.000  
S31  38472116.908   202172339.2170       -401.311          34.000  
S33  39178408.125   205883964.0580       -400.469          44.000  
G19  21270900.957   111779338.2321       -509.263          25.000                                                                  
G03  25102752.944   131915856.2861      -2975.219          14.000                                                                  
C36  24826718.796   129279230.5730      -3486.682          27.000                                                                  
C26  25420305.219   132370188.3290       1671.909          41.000                                                                  
E11  25560648.584   134322113.9151       2167.802          24.000    25560603.970   102921945.7450       1661.610          35.000  
G21  25064657.620   131715664.0591       3202.068          19.000    25064645.763   102635534.0631       2499.114          24.000  
E31  24555978.773   129042538.6451      -1448.545          25.000    24555991.408    98876801.0051      -1110.120          15.000  
E16  24894412.851   130821014.0190       1193.059          41.000    24894419.459   100239446.4480        914.682          32.000  
E12  24096874.512   126629903.1030        155.744          35.000    24096871.025    97028107.6790        119.324          33.000  
E33  25599627.411   134526949.9301      -2450.474          19.000                                                                  
G13  24051389.568   126390919.0540       2842.923          31.000                                                                  
E10  25320870.661   133062180.9740       1312.894          36.000    25320866.582   101956686.7780       1005.907          40.000  
> 2026  7 21 10 26 30.0030000  0 29                           
G24  24116274.345   126731876.0731      -1999.739          20.000    24116267.962    98752090.6480      -1556.902          34.000  
S35  38923545.045   204544656.6990       -398.646          41.000  
G11  22172962.504   116519798.3240       1492.154          41.000    22172958.729    90794557.6940       1162.963          33.000  
G12  24402407.116   128235477.9130       2982.261          29.000                                                                  
G14  23354748.963   122730036.4270      -3617.706          25.000                                                                  
C20  26492214.634   137951891.4410       1873.080          27.000                                                                  
C29  22609281.392   117732460.5241      -1158.711          25.000                                                                  
C39  23216338.213   120893531.4790      -1354.005          50.000                                                                  
C35  24310782.338   126592622.8590       1118.865          48.000                                                                  
R12  20312311.084   108504751.1280        655.016          42.000    20312309.183    84392490.4640        509.425          34.000  
R22  20477742.921   109311620.0230       -678.981          46.000    20477739.048    85020084.3120       -528.698          31.000  
R11  21203077.079   113302747.2250      -3596.397          33.000    21203088.472    88124428.1740      -2796.794          27.000  
R23  22114764.870   118299097.7690       1533.476          37.000                                                                  
R21  23147144.384   123865045.0481      -3494.013          22.000    23147124.045    96339394.2411      -2716.743          15.000  
G17  23239136.221   122122471.2060      -1950.274          27.000                                                                  
G06  21168918.978   111243432.4500       -929.229          28.000    21168932.686    86683240.0291       -730.245          20.000  
S31  38472879.794   202176349.0910       -399.474          34.000  
S33  39179169.353   205887963.0560       -398.646          44.000  
G19  21271845.809   111784303.2401       -508.447          22.000                                                                  
C36  24833413.566   129314103.2380      -3487.335          29.000                                                                  
C26  25417097.208   132353484.2800       1669.739          41.000                                                                  
E11  25556516.521   134300400.2581       2167.362          26.000    25556479.922   102905339.5860       1660.479          35.000  
G21  25058549.908   131683567.6661       3211.897          19.000    25058542.211   102610540.7401       2501.212          24.000  
E31  24558732.839   129057019.5950      -1444.916          27.000    24558739.946    98887868.7371      -1108.834          17.000  
E16  24892143.417   130809088.3860       1192.786          41.000    24892149.467   100230308.6080        913.696          32.000  
E12  24096580.874   126628361.6960        153.128          34.000    24096577.375    97026926.6000        117.521          32.000  
E33  25604287.678   134551439.2511      -2444.802          18.000    25604297.521   103097895.7581      -1874.448          25.000  
G13  24045981.836   126362499.2520       2842.442          30.000                                                                  
E10  25318374.581   133049062.9310       1310.996          35.000    25318370.643   101946635.2750       1004.870          41.000  
> 2026  7 21 10 26 40.0030000  0 30                           
G24  24120068.551   126751814.9831      -1996.417          19.000    24120068.231    98767652.9710      -1555.567          34.000  
S35  38924298.178   204548614.2020       -393.033          41.000  
G11  22170121.762   116504873.6290       1493.106          42.000    22170118.396    90782928.0410       1163.401          32.000  
G12  24396732.041   128205636.2640       2986.137          31.000                                                                  
G14  23361623.788   122766161.0501      -3615.479          24.000                                                                  
C20  26488629.882   137933140.4820       1877.121          29.000                                                                  
C29  22611502.477   117744026.2831      -1153.922          23.000                                                                  
C39  23218938.397   120907070.9040      -1353.786          50.000                                                                  
C35  24308630.477   126581417.9110       1122.338          47.000                                                                  
R12  20311087.632   108498216.9260        652.095          42.000    20311086.114    84387408.3490        506.724          33.000  
R22  20479013.891   109318404.7830       -677.781          46.000    20479009.478    85025361.2850       -527.070          32.000  
R11  21209810.307   113338719.5280      -3597.579          33.000    21209819.785    88152435.6541      -2797.680          25.000  
R23  22111896.931   118283757.5750       1535.303          37.000                                                                  
R21  23153681.693   123900027.1851      -3486.899          19.000    23153667.876    96366630.6511      -2719.408          15.000  
G17  23242847.730   122141957.9240      -1945.345          29.000                                                                  
G06  21170686.196   111252718.2580       -928.174          28.000    21170694.677    86690455.0651       -731.054          16.000  
S31  38473635.440   202180319.0710       -393.980          34.000  
S33  39179922.673   205891922.7000       -393.314          44.000  
G19  21272836.833   111789459.2740       -504.962          27.000                                                                  
C36  24840107.266   129348955.3780      -3483.801          29.000                                                                  
C11  23942577.814   124675285.3301      -2076.920          25.000                                                                  
C26  25413889.565   132336780.9450       1671.372          41.000                                                                  
E11  25552379.695   134278691.8800       2171.076          28.000    25552352.681   102888718.9040       1663.788          35.000  
G21  25052434.864   131651432.9981       3202.447          19.000    25052430.985   102585516.1611       2507.065          23.000  
E31  24561479.998   129071460.1000      -1442.961          27.000    24561483.748    98898916.9841      -1106.737          17.000  
E16  24889870.961   130797145.6320       1196.110          41.000    24889875.790   100221157.5910        917.028          31.000  
E12  24096287.200   126626819.9960        155.125          34.000    24096283.769    97025745.3210        118.711          32.000  
E33  25608937.868   134575876.3771      -2443.467          20.000    25608952.356   103116638.3401      -1872.115          26.000  
G13  24040569.189   126334060.2360       2845.661          31.000                                                                  
E10  25315876.616   133035938.9760       1313.571          35.000    25315873.169   101936579.2980       1006.353          41.000  
> 2026  7 21 10 26 50.0030000  0 31                           
G24  24123876.360   126771825.6001      -2003.235          17.000    24123868.432    98783218.9180      -1557.646          34.000  
S35  38925043.615   204552531.8510       -390.396          41.000  
G11  22167282.634   116489952.0550       1491.632          41.000    22167278.657    90771300.8560       1162.045          33.000  
G12  24391049.927   128175771.0120       2987.646          32.000                                                                  
G14  23368495.182   122802270.5621      -3615.056          25.000                                                                  
G22  22421938.971   117828083.6751      -2497.822          25.000                                                                  
C20  26485013.025   137914368.1220       1877.777          29.000                                                                  
C29  22613706.710   117755504.9351      -1154.294          18.000                                                                  
C39  23221541.078   120920623.1620      -1356.336          50.000                                                                  
C35  24306474.812   126570192.0400       1123.169          47.000                                                                  
R12  20309872.240   108491726.3520        646.377          42.000    20309871.219    84382360.1530        502.559          34.000  
R22  20480285.766   109325192.2040       -679.468          46.000    20480282.002    85030640.3920       -528.276          31.000  
R11  21216547.341   113374711.7350      -3601.032          33.000    21216553.785    88180423.7791      -2801.002          18.000  
R23  22109029.055   118268418.0690       1533.049          37.000                                                                  
R21  23160203.666   123934927.7361      -3501.983          13.000                                                                  
G17  23246539.874   122161414.5940      -1945.377          31.000                                                                  
G06  21172453.483   111262013.6720       -930.917          26.000                                                                  
S31  38474383.220   202184249.3760       -392.084          34.000  
S33  39180668.566   205895842.6630       -390.476          44.000  
G19  21273799.396   111794506.1520       -503.790          25.000                                                                  
C36  24846796.870   129383786.3300      -3482.538          30.000                                                                  
C11  23946569.092   124696069.2421      -2077.959          25.000                                                                  
C26  25410682.101   132320078.2490       1669.794          40.000                                                                  
E11  25548243.106   134256981.4820       2171.159          30.000    25548221.678   102872083.7220       1663.973          35.000  
G21  25046297.052   131619179.0051       3227.117          20.000    25046307.691   102560443.0101       2509.350          23.000  
E31  24564233.255   129085913.1360      -1443.379          27.000    24564227.766    98909966.0461      -1098.569          18.000  
E16  24887595.298   130785185.6760       1196.494          42.000    24887598.083   100211993.4540        916.448          32.000  
E12  24095993.632   126625277.8430        154.051          34.000    24095990.048    97024563.7030        117.417          32.000  
E33  25613587.379   134600309.6861      -2447.643          20.000    25613602.611   103135363.5101      -1872.264          26.000  
G13  24035153.454   126305601.9630       2845.870          32.000                                                                  
E10  25313376.099   133022809.0210       1312.562          34.000    25313375.029   101926518.6980       1005.854          41.000  
> 2026  7 21 10 27  0.0030000  0 29                           
S35  38925782.343   204556413.1590       -386.970          41.000  
G11  22164444.717   116475037.2350       1490.879          40.000    22164439.905    90759678.8980       1162.181          33.000  
G12  24385364.290   128145885.8360       2989.403          33.000                                                                  
G14  23375370.725   122838401.3391      -3615.083          26.000                                                                  
G22  22426679.911   117853016.5840      -2501.026          28.000                                                                  
C20  26481403.380   137895577.4880       1879.571          29.000                                                                  
C29  22615916.862   117767013.3301      -1165.187          19.000                                                                  
C39  23224146.998   120934191.7680      -1357.845          50.000                                                                  
C35  24304315.487   126558948.8540       1124.803          46.000                                                                  
R12  20308666.033   108485283.0360        641.615          42.000    20308665.634    84377348.7050        498.771          35.000  
R22  20481558.302   109331985.6890       -679.926          47.000    20481553.351    85035924.1660       -528.428          31.000  
R11  21223289.587   113410727.9070      -3602.542          33.000    21223304.753    88208481.5371      -2805.289          22.000  
R23  22106162.133   118253082.7410       1533.057          38.000                                                                  
G17  23250237.478   122180844.6530      -1941.131          31.000                                                                  
G06  21174224.429   111271322.1130       -932.114          29.000                                                                  
S31  38475124.394   202188142.8490       -387.980          34.000  
S33  39181407.374   205899725.9960       -386.829          44.000  
C36  24853482.321   129418599.6360      -3481.220          30.000                                                                  
C11  23950548.249   124716789.6081      -2075.490          24.000                                                                  
C26  25407475.621   132303379.7830       1669.518          40.000                                                                  
E11  25544106.951   134235255.7270       2173.311          31.000    25544087.355   102855436.7540       1664.895          36.000  
G21  25040160.610   131586931.7111       3227.042          19.000    25040176.318   102535335.7351       2513.914          22.000  
E31  24566984.838   129100344.2150      -1442.713          25.000    24566969.586    98921005.5341      -1108.459          18.000  
E16  24885316.703   130773212.1350       1197.594          41.000    24885319.254   100202818.8670        917.472          33.000  
E12  24095700.161   126623738.8350        153.202          33.000    24095697.883    97023384.4430        117.340          32.000  
E33  25618252.242   134624823.5591      -2443.891          22.000    25618249.796   103154075.7511      -1871.520          27.000  
G13  24029734.526   126277128.0130       2847.302          31.000                                                                  
E10  25310875.239   133009676.7300       1312.062          33.000    25310875.698   101916456.2350       1006.016          41.000  
G24                                                                  24127670.459    98798791.0940      -1557.798          34.000  
> 2026  7 21 10 27 10.0030000  0 30                           
G24  24131473.004   126811745.5721      -2008.665          25.000    24131477.470    98814382.7340      -1561.168          33.000  
S35  38926517.407   204560275.6790       -385.956          41.000  
G11  22161610.865   116460146.1290       1487.013          41.000    22161606.572    90748075.4890       1158.934          33.000  
G12  24379677.934   128115997.8140       2988.190          34.000                                                                  
G14  23382259.351   122874602.0281      -3616.480          26.000                                                                  
G22  22431432.488   117878039.1800      -2503.927          29.000                                                                  
C20  26477794.679   137876785.4030       1879.074          28.000                                                                  
C29  22618128.656   117778531.0331      -1149.535          16.000                                                                  
C39  23226759.032   120947793.5310      -1362.548          49.000                                                                  
C35  24302156.225   126547705.1010       1123.626          46.000                                                                  
R12  20307472.377   108478904.3760        633.989          41.000    20307471.848    84372387.5290        492.859          35.000  
R22  20482835.421   109338802.6260       -683.716          47.000    20482830.049    85041226.2240       -532.023          33.000  
R11  21230038.045   113446785.1960      -3608.655          32.000    21230054.741    88236536.0801      -2805.747          24.000  
R23  22103299.756   118237769.0930       1529.294          38.000                                                                  
G17  23253933.561   122200265.2090      -1942.294          30.000                                                                  
G06  21176003.301   111280660.6580       -936.689          30.000                                                                  
S31  38475861.767   202192017.6460       -387.299          34.000  
S33  39182142.829   205903590.5680       -386.353          44.000  
G19  21275708.041   111804600.0540       -504.270          26.000                                                                  
C36  24860167.042   129453411.8890      -3481.232          30.000                                                                  
C11  23954529.501   124737521.0321      -2075.495          24.000                                                                  
C26  25404272.819   132286702.4590       1666.035          39.000                                                                  
E11  25539969.597   134213531.6430       2171.369          31.000    25539953.557   102838791.0600       1663.767          36.000  
G21  25034030.184   131554715.9601       3220.838          21.000    25034042.674   102510219.2611       2518.168          22.000  
E31  24569730.166   129114803.2711      -1444.667          22.000    24569717.919    98932072.6341      -1105.694          18.000  
E16  24883038.511   130761242.0050       1196.121          41.000    24883041.407   100193646.9550        916.172          33.000  
E12  24095410.331   126622219.9000        150.237          33.000    24095408.576    97022220.6120        114.761          32.000  
E33  25622909.987   134649300.5221      -2439.521          22.000    25622896.916   103172791.6350      -1872.073          26.000  
G13  24024315.367   126248655.4860       2846.080          30.000                                                                  
E10  25308369.590   132996558.8750       1310.490          30.000    25308379.802   101906404.9370       1004.009          41.000  
> 2026  7 21 10 27 20.0030000  0 31                           
G24  24135295.501   126831809.7050      -2004.938          30.000    24135291.577    98830000.3570      -1562.629          33.000  
S35  38927250.184   204564126.3750       -384.085          41.000  
G11  22158783.075   116445287.2540       1484.768          40.000    22158779.429    90736497.1400       1156.790          34.000  
G12  24373992.089   128086115.4650       2988.597          35.000                                                                  
G14  23389149.449   122910797.1560      -3618.609          27.000                                                                  
G22  22436187.030   117903091.8950      -2506.926          26.000                                                                  
C20  26474190.967   137858059.0911       1877.557          24.000                                                                  
C29  22620373.456   117790220.4521      -1155.647          23.000                                                                  
C39  23229378.827   120961436.8030      -1366.020          50.000                                                                  
C35  24299999.060   126536469.2020       1123.590          46.000                                                                  
R12  20306291.851   108472599.0040        627.159          42.000    20306291.326    84367483.3490        487.800          35.000  
R22  20484118.361   109345651.4450       -686.202          47.000    20484113.059    85046553.0060       -533.090          33.000  
R11  21236793.547   113482891.5880      -3612.928          31.000    21236804.869    88264590.9681      -2809.019          26.000  
R23  22100442.452   118222485.6130       1527.476          37.000                                                                  
G17  23257629.427   122219684.6510      -1941.532          27.000                                                                  
G06  21177789.384   111290037.5890       -939.568          29.000                                                                  
S31  38476596.685   202195880.8240       -385.217          34.000  
S33  39182875.950   205907443.5380       -384.415          44.000  
G19  21276676.944   111809680.7290       -504.471          26.000                                                                  
C36  24866854.221   129488231.5890      -3481.616          31.000                                                                  
C11  23958516.466   124758281.8911      -2074.779          25.000                                                                  
C26  25401075.966   132270054.7460       1663.700          38.000                                                                  
E11  25535835.629   134191817.6460       2171.959          32.000    25535821.548   102822153.0830       1664.215          36.000  
G21  25027901.529   131522509.6421       3224.033          22.000    25027905.461   102485088.2241       2513.564          21.000  
E31  24572487.671   129129293.5531      -1450.347          21.000    24572470.490    98943156.2001      -1117.910          19.000  
E16  24880762.705   130749283.8900       1195.455          41.000    24880766.090   100184484.1810        915.949          35.000  
E12  24095126.502   126620729.5580        148.041          32.000    24095125.078    97021078.6440        113.348          32.000  
E33  25627554.479   134673707.7381      -2443.601          25.000    25627545.853   103191516.7140      -1872.798          26.000  
G13  24018898.511   126220193.0030       2846.137          29.000                                                                  
E10  25305877.657   132983464.2480       1308.536          29.000    25305887.877   101896371.3200       1002.766          41.000  
R21                                                                  23179710.345    96475019.9561      -2709.114          17.000  
> 2026  7 21 10 27 30.0030000  0 33                           
G24  24139120.884   126851892.1880      -2009.881          33.000    24139113.324    98845649.0120      -1566.810          33.000  
S35  38927982.346   204567973.4670       -384.660          41.000  
G11  22155962.906   116430467.2380       1479.811          38.000    22155959.457    90724949.0750       1153.883          34.000  
G12  24368308.443   128056245.5180       2985.965          35.000                                                                  
G14  23396044.020   122947002.7940      -3621.715          27.000                                                                  
G22  22440958.435   117928181.0570      -2510.541          26.000                                                                  
C20  26470581.680   137839264.3321       1883.361          16.000                                                                  
C29  22622586.480   117801743.9601      -1144.058          21.000                                                                  
C39  23232008.443   120975128.1060      -1371.702          50.000                                                                  
C35  24297844.598   126525247.7240       1121.073          47.000                                                                  
R12  20305126.729   108466373.7620        618.316          42.000    20305125.910    84362641.4800        481.031          35.000  
R22  20485408.711   109352538.8740       -690.859          47.000    20485403.603    85051909.8790       -536.589          35.000  
R06  24448234.458   130460463.3711       1410.252          24.000                                                                  
R11  21243559.157   113519054.1700      -3620.181          31.000    21243567.922    88292713.4670      -2814.754          28.000  
R23  22097591.998   118207239.0200       1522.832          36.000                                                                  
R21  23186237.611   124074240.8001      -3476.523          19.000    23186229.784    96502154.7861      -2711.982          14.000  
G17  23261325.260   122239109.6820      -1942.941          26.000                                                                  
G06  21179582.974   111299459.4230       -944.732          31.000                                                                  
S31  38477331.222   202199740.8870       -385.200          34.000  
S33  39183608.319   205911292.5160       -384.904          44.000  
G19  21277628.224   111814690.7981       -506.622          25.000                                                                  
C36  24873543.529   129523065.0930      -3484.564          31.000                                                                  
C11  23962500.743   124779029.1401      -2076.024          26.000                                                                  
C26  25397885.767   132253443.2280       1659.664          36.000                                                                  
C12  26277255.404   136832564.4521       2163.969          26.000                                                                  
E11  25531704.619   134170120.5030       2168.789          30.000    25531692.658   102805528.0130       1662.433          36.000  
G21  25021760.937   131490240.9961       3226.639          21.000    25021766.632   102459950.7971       2507.904          21.000  
E31  24575248.442   129143801.3901      -1449.822          22.000    24575231.678    98954274.4511      -1103.885          21.000  
E16  24878490.700   130737344.4050       1192.931          41.000    24878494.135   100175335.7520        913.635          36.000  
E12  24094849.227   126619274.3130        143.717          32.000    24094848.665    97019963.6010        110.084          32.000  
E33  25632204.518   134698142.9941      -2446.528          25.000    25632199.318   103210254.3270      -1874.414          27.000  
G13  24013484.459   126191747.2410       2843.485          29.000                                                                  
E10  25303388.577   132970399.1610       1304.937          28.000    25303401.815   101886360.4440        999.982          41.000  
> 2026  7 21 10 27 40.0030000  0 30                           
G24  24142947.112   126872004.0710      -2011.103          35.000    24142941.224    98861320.5700      -1567.346          33.000  
S35  38928711.687   204571805.5310       -381.300          41.000  
G11  22153147.928   116415675.7430       1478.604          38.000    22153145.112    90713423.2840       1152.184          35.000  
G12  24362625.077   128026377.6770       2987.856          35.000                                                                  
G14  23402936.607   122983223.7580      -3621.461          28.000                                                                  
G22  22445744.534   117953296.3720      -2511.593          27.000                                                                  
C20  26466963.581   137820424.6781       1888.592          10.000                                                                  
C29  22624781.390   117813173.4621      -1131.358           9.000                                                                  
C39  23234645.264   120988857.1590      -1373.741          50.000                                                                  
C35  24295690.615   126514030.3550       1122.509          47.000                                                                  
R12  20303974.760   108460218.2530        613.184          42.000    20303973.506    84357853.8450        477.521          36.000  
R22  20486704.321   109359454.2210       -691.741          46.000    20486700.423    85057288.5160       -537.781          35.000  
R11  21250335.118   113555261.8950      -3621.935          31.000    21250339.772    88320875.1480      -2817.488          29.000  
R23  22094745.903   118192018.7760       1521.522          36.000                                                                  
G17  23265025.947   122258536.0051      -1941.514          23.000                                                                  
G06  21181384.683   111308915.8880       -947.105          31.000                                                                  
S31  38478062.762   202203585.5710       -381.709          34.000  
S33  39184337.908   205915126.8190       -381.547          44.000  
G19  21278590.674   111819747.7241       -505.694          25.000                                                                  
C36  24880234.506   129557902.0890      -3483.124          31.000                                                                  
C11  23966478.448   124799766.7540      -2073.287          27.000                                                                  
C26  25394700.174   132236857.7670       1658.467          35.000                                                                  
E11  25527575.569   134148429.8100       2170.212          30.000    25527565.035   102788907.9660       1662.938          36.000  
G21  25015621.722   131457978.8271       3230.461          22.000    25015626.464   102434808.0551       2508.689          20.000  
E31  24578016.518   129158348.0871      -1451.052          21.000    24577995.892    98965404.1491      -1100.020          22.000  
E16  24876220.106   130725413.2700       1193.730          41.000    24876224.060   100166193.6820        914.633          37.000  
E12  24094577.231   126617843.8670        142.323          32.000    24094576.711    97018867.5250        109.566          32.000  
E33  25636867.222   134722646.2791      -2446.207          24.000    25636855.123   103228996.5890      -1873.292          26.000  
G13  24008071.797   126163307.9250       2845.108          28.000    24008067.242    98309021.9661       2216.072          25.000  
E10  25300914.516   132957353.4930       1304.135          31.000    25300919.553   101876364.3930        999.624          42.000  
> 2026  7 21 10 27 50.0030000  0 29                           
G24  24146778.731   126892146.6000      -2016.921          35.000    24146774.177    98877015.9920      -1571.799          33.000  
S35  38929438.284   204575624.6310       -382.411          41.000  
G11  22150338.942   116400914.1110       1473.626          38.000    22150336.292    90701920.7100       1148.006          35.000  
G12  24356941.498   127996513.3510       2984.799          35.000                                                                  
G14  23409823.026   123019461.3200      -3625.617          28.000                                                                  
G22  22450529.687   117978439.1620      -2516.686          28.000                                                                  
C39  23237289.439   121002625.2260      -1380.074          50.000                                                                  
C35  24293537.632   126502818.3900       1119.628          47.000                                                                  
R12  20302835.907   108454133.8150        603.447          42.000    20302834.846    84353121.5020        469.070          36.000  
R22  20488005.464   109366398.9440       -697.266          46.000    20488001.783    85062689.9480       -542.011          35.000  
R11  21257120.694   113591516.1760      -3628.991          31.000    21257125.300    88349072.8800      -2822.660          29.000  
R23  22091904.589   118176826.1490       1516.598          35.000                                                                  
G17  23268727.284   122277986.8931      -1945.052          20.000                                                                  
G06  21183192.089   111318408.1580       -952.612          29.000                                                                  
S31  38478792.156   202207417.4090       -383.653          34.000  
S33  39185065.247   205918948.5320       -382.732          44.000  
G19  21279557.646   111824829.7951       -509.982          26.000                                                                  
C36  24886926.790   129592743.7780      -3486.327          32.000                                                                  
C11  23970463.106   124820510.5330      -2075.426          28.000                                                                  
C26  25391519.863   132220299.7150       1653.210          33.000                                                                  
E11  25523449.562   134126746.9580       2166.158          29.000    25523438.694   102772293.8790       1660.008          36.000  
G21  25009471.224   131425657.7911       3235.966          21.000    25009481.451   102409645.5011       2516.369          21.000  
E31  24580765.992   129172796.2771      -1458.949          23.000    24580762.785    98976545.0851      -1114.213          22.000  
E16  24873951.098   130713491.8400       1190.214          41.000    24873955.463   100157059.0570        912.115          38.000  
E12  24094310.226   126616439.4670        138.004          33.000    24094309.692    97017791.4650        105.697          32.000  
E33  25641530.458   134747151.8711      -2447.971          24.000    25641509.308   103247744.5790      -1876.747          25.000  
G13  24002660.771   126134876.5790       2841.327          27.000    24002661.585    98286885.8301       2213.542          25.000  
E10  25298440.157   132944328.4250       1299.761          32.000    25298441.090   101866384.1710        996.145          42.000  
R21                                                                  23199219.812    96556219.4511      -2707.677          16.000  
> 2026  7 21 10 28  0.0030000  0 29                           
G24  24150624.586   126912362.2830      -2027.300          36.000    24150621.195    98892768.4340      -1579.638          34.000  
S35  38930170.531   204579473.0880       -388.331          41.000  
G11  22147543.573   116386225.0410       1463.264          36.000    22147541.452    90690474.6250       1140.515          35.000  
G12  24351267.135   127966695.3680       2977.014          36.000                                                                  
G14  23416720.659   123055758.0750      -3635.075          26.000                                                                  
G22  22455321.627   118003511.0211      -2528.382          25.000                                                                  
C39  23239949.013   121016474.5690      -1391.182          50.000                                                                  
C35  24291393.281   126491654.1110       1111.918          46.000                                                                  
R12  20301718.785   108448163.9120        589.261          42.000    20301717.624    84348478.2350        458.446          37.000  
R22  20489319.928   109373416.2080       -707.545          46.000    20489316.743    85068147.8270       -549.863          36.000  
R11  21263922.669   113627860.6640      -3642.094          30.000    21263927.491    88377340.8060      -2832.088          29.000  
R23  22089076.791   118161704.6240       1506.194          36.000                                                                  
R21  23205758.954   124178703.1791      -3487.248          25.000    23205741.068    96583360.9101      -2714.100          19.000  
G06  21185013.417   111327978.6740       -962.823          28.000                                                                  
S31  38479526.739   202211278.3490       -389.022          34.000  
S33  39185798.080   205922799.1640       -388.605          44.000  
G19  21280537.731   111829961.6350       -517.120          28.000                                                                  
C36  24893627.963   129627632.4060      -3493.212          31.000                                                                  
C11  23974461.695   124841292.5560      -2082.010          29.000                                                                  
C26  25388353.020   132203811.4540       1642.734          32.000                                                                  
R05  25218755.468   134808700.5111       -966.961          13.000                                                                  
E11  25519331.051   134105114.5980       2158.933          29.000    25519321.871   102755718.5300       1654.181          35.000  
G21  25003335.003   131393411.6121       3223.314          20.000    25003339.956   102384496.6241       2516.005          20.000  
E31  24583542.069   129187395.8720      -1465.407          27.000    24583539.300    98987725.5761      -1116.312          23.000  
E16  24871692.551   130701622.8640       1182.105          42.000    24871696.875   100147964.6570        905.725          39.000  
E12  24094056.290   126615103.7970        127.936          32.000    24094056.267    97016768.0410         97.879          32.000  
E33  25646196.283   134771670.2651      -2455.615          25.000    25646174.678   103266517.6451      -1882.207          25.000  
G13  23997258.910   126106495.8340       2833.858          26.000    23997263.034    98264779.8791       2207.790          26.000  
E10  25295976.053   132931366.7040       1290.990          31.000    25295974.641   101856452.4830        989.317          42.000  
> 2026  7 21 10 28 10.0030000  0 30                           
G24  24154491.351   126932685.6290      -2037.851          37.000    24154489.670    98908604.7810      -1588.074          34.000  
S35  38930915.013   204583385.1480       -394.539          41.000  
G11  22144768.234   116371643.1300       1451.951          34.000    22144766.379    90679112.0900       1131.859          35.000  
G12  24345608.583   127936958.3390       2969.315          36.000                                                                  
G14  23423636.714   123092041.5021      -3648.188          22.000                                                                  
G22  22460137.145   118028816.7111      -2538.261          23.000                                                                  
C20  26456284.487   137764815.3431       1860.371          26.000                                                                  
C39  23242631.181   121030439.4140      -1402.393          50.000                                                                  
C35  24289264.484   126480571.7450       1104.009          46.000                                                                  
R12  20300628.805   108442343.7880        574.438          42.000    20300628.195    84343951.4460        446.756          37.000  
R22  20490654.508   109380540.7940       -718.206          45.000    20490652.197    85073689.1900       -558.060          35.000  
R11  21270748.144   113664330.0410      -3653.328          30.000    21270753.268    88405685.9210      -2842.357          29.000  
R23  22086269.717   118146689.3870       1496.161          36.000                                                                  
R21  23212291.273   124213632.9310      -3492.746          26.000    23212273.505    96610549.2481      -2719.156          21.000  
G17  23276148.205   122316983.4581      -1963.299          18.000                                                                  
G06  21186858.296   111337662.3780       -974.030          31.000                                                                  
S31  38480273.728   202215203.6720       -396.467          34.000  
S33  39186542.973   205926713.6920       -394.852          44.000  
G19  21281527.901   111835175.1870       -525.892          29.000                                                                  
C36  24900344.854   129662602.1320      -3501.151          32.000                                                                  
C11  23978460.425   124862146.9970      -2089.190          29.000                                                                  
C26  25385206.129   132187427.1760       1633.462          32.000                                                                  
E11  25515230.556   134083567.4650       2150.310          29.000    25515221.604   102739208.4560       1647.633          35.000  
G21  24997208.634   131361217.4141       3220.966          21.000    24997210.337   102359397.5161       2498.548          19.000  
E31  24586347.143   129202092.1650      -1474.526          28.000    24586335.828    98998985.2911      -1125.360          23.000  
E16  24869451.058   130689840.9770       1173.584          42.000    24869454.860   100138936.9470        899.678          40.000  
E12  24093821.604   126613871.3930        117.845          32.000    24093821.952    97015823.7270         90.497          33.000  
E33  25650872.659   134796245.3111      -2466.964          23.000    25650855.060   103285363.4711      -1888.925          24.000  
G13  23991873.523   126078200.4990       2825.381          25.000    23991882.534    98242747.7101       2201.955          27.000  
E10  25293526.389   132918502.9370       1281.292          32.000    25293526.522   101846595.8730        981.913          42.000  
> 2026  7 21 10 28 20.0030000  0 31                           
G24  24158379.871   126953120.4030      -2048.875          37.000    24158378.709    98924527.9660      -1596.560          34.000  
S35  38931672.489   204587365.7690       -401.430          41.000  
G11  22142014.333   116357172.1240       1441.933          36.000    22142012.424    90667836.0090       1123.443          35.000  
G12  24339966.463   127907306.1870       2961.328          36.000                                                                  
G14  23430580.030   123128528.7371      -3647.547          18.000                                                                  
G22  22464966.412   118054194.9211      -2551.609          21.000                                                                  
C20  26452717.204   137746239.7691       1850.133          26.000                                                                  
C39  23245335.928   121044523.5340      -1414.104          50.000                                                                  
C35  24287152.549   126469575.1190       1095.671          45.000                                                                  
R12  20299567.316   108436677.4110        559.141          41.000    20299567.135    84339544.2490        435.181          37.000  
R22  20492010.077   109387776.8230       -728.890          45.000    20492007.149    85079317.2210       -567.017          34.000  
R11  21277598.355   113700927.8130      -3665.574          32.000    21277601.975    88434150.8000      -2851.292          29.000  
R23  22083482.636   118131784.3600       1485.055          35.000                                                                  
R21  23218819.752   124248593.8651      -3498.288          26.000    23218814.050    96637771.4131      -2721.486          22.000  
G17  23279886.909   122336630.7041      -1964.563          22.000                                                                  
G06  21188725.801   111347516.8020       -985.808          28.000                                                                  
S31  38481033.728   202219196.2680       -402.574          34.000  
S33  39187300.992   205930696.5570       -401.272          44.000  
G19  21282537.062   111840478.0100       -534.067          28.000                                                                  
C36  24907077.357   129697656.6710      -3508.389          32.000                                                                  
C11  23982477.255   124883077.5300      -2096.260          30.000                                                                  
C26  25382080.621   132171150.9070       1622.985          33.000                                                                  
C12  26256495.338   136724460.9451       2148.865          25.000                                                                  
E11  25511148.441   134062109.3320       2141.937          29.000    25511137.874   102722766.5670       1640.867          35.000  
G21  24991093.910   131329084.7601       3208.319          22.000    24991093.140   102334348.4641       2516.263          19.000  
E31  24589160.562   129216889.7450      -1484.438          28.000    24589149.552    99010315.2431      -1139.277          23.000  
E16  24867226.262   130678150.0710       1164.659          42.000    24867229.989   100129978.9880        892.372          40.000  
E12  24093607.914   126612746.1580        107.513          33.000    24093607.933    97014961.5080         82.924          32.000  
E33  25655560.955   134820882.3131      -2471.274          23.000    25655555.266   103304289.8201      -1894.793          22.000  
G13  23986506.417   126049994.3780       2816.419          25.000    23986514.525    98220766.9291       2194.836          27.000  
E10  25291095.675   132905741.0260       1271.564          32.000    25291098.218   101836817.2710        974.073          42.000  
> 2026  7 21 10 28 30.0030000  0 33                           
G24  24162288.819   126973660.7310      -2059.655          37.000    24162286.665    98940533.3940      -1605.613          34.000  
S35  38932441.622   204591407.3090       -407.354          41.000  
G11  22139280.981   116342806.4000       1431.704          37.000    22139278.656    90656641.9350       1115.224          35.000  
G12  24334339.271   127877733.3310       2953.234          36.000                                                                  
G14  23437521.573   123165006.7591      -3663.098          17.000                                                                  
G22  22469828.137   118079743.4641      -2561.902          23.000                                                                  
C20  26449164.552   137727740.2091       1842.416          26.000                                                                  
C29  22636012.881   117871658.2351      -1186.647          26.000                                                                  
C39  23248062.344   121058721.1890      -1425.402          49.000                                                                  
C35  24285055.964   126458658.5050       1087.536          45.000                                                                  
R12  20298534.144   108431159.0070        544.740          40.000    20298533.544    84335252.1780        423.138          37.000  
R22  20493385.134   109395118.2460       -739.399          45.000    20493381.888    85085027.2040       -575.214          35.000  
R11  21284472.158   113737648.4210      -3678.252          33.000    21284474.479    88462711.2550      -2861.079          29.000  
R23  22080716.140   118116983.6460       1474.503          37.000                                                                  
R21  23225357.968   124283581.3431      -3505.559          26.000    23225361.187    96665021.4901      -2730.281          21.000  
G17  23283631.234   122356306.9881      -1970.856          21.000                                                                  
G06  21190607.464   111357427.9910       -996.794          26.000    21190606.233    86771989.9781       -771.114          21.000  
S31  38481805.670   202223251.6820       -408.425          34.000  
S33  39188070.432   205934740.9570       -407.585          44.000  
G19  21283560.296   111845864.5240       -543.366          30.000                                                                  
C36  24913824.083   129732790.2520      -3516.756          31.000                                                                  
C11  23986512.764   124904078.5450      -2104.075          31.000                                                                  
C26  25378975.277   132154976.8810       1612.590          34.000                                                                  
C12  26252370.062   136702979.6761       2146.010          22.000                                                                  
E11  25507081.243   134040734.5100       2133.606          30.000    25507070.354   102706388.5160       1634.458          34.000  
G21  24984993.141   131297024.7441       3206.223          24.000    24984988.058   102309349.0011       2486.766          20.000  
E31  24591990.659   129231782.8670      -1494.564          28.000    24591983.041    99021724.5091      -1145.416          23.000  
E16  24865018.024   130666544.4330       1156.213          42.000    24865021.376   100121086.3490        885.916          41.000  
E12  24093413.469   126611722.2070         97.843          32.000    24093412.995    97014176.9810         74.632          32.000  
E33  25660267.254   134845613.9251      -2483.619          21.000    25660267.023   103323261.6951      -1902.356          22.000  
G13  23981159.046   126021841.2811       2808.924          24.000    23981161.458    98198852.2220       2189.189          27.000  
E10  25288688.437   132893075.1310       1261.853          34.000    25288687.940   101827112.2560        966.659          42.000  
R05                                                                  25225534.719   104879397.2001      -1014.156          12.000  
> 2026  7 21 10 28 40.0030000  0 34                           
G24  24166216.831   126994302.6610      -2069.613          37.000    24166213.806    98956617.9660      -1612.540          33.000  
S35  38933222.100   204595508.1900       -413.053          42.000  
G11  22136567.451   116328542.1390       1421.543          37.000    22136564.266    90645526.9170       1107.285          36.000  
G12  24328726.393   127848236.0130       2945.624          36.000                                                                  
G14  23444503.789   123201698.5111      -3672.074          21.000                                                                  
G22  22474703.050   118105361.2591      -2573.260          24.000                                                                  
C20  26445623.994   137709313.8830       1834.938          27.000                                                                  
C30  25600353.160   133307752.4130      -2688.548          26.000                                                                  
C29  22638290.218   117883517.3621      -1192.237          23.000                                                                  
C39  23250809.548   121073028.5790      -1436.584          49.000                                                                  
C35  24282973.351   126447818.0860       1079.947          44.000                                                                  
R12  20297527.729   108425784.7680        529.789          41.000    20297527.869    84331072.1770        412.296          38.000  
R22  20494779.470   109402561.2140       -749.725          45.000    20494776.612    85090816.1910       -583.312          35.000  
R11  21291367.632   113774487.5510      -3690.200          33.000    21291368.814    88491363.8810      -2870.957          27.000  
R23  22077968.777   118102283.3530       1465.105          37.000                                                                  
R21  23231909.145   124318649.5430      -3511.629          28.000    23231906.511    96692263.2911      -2731.185          19.000  
G17  23287394.970   122376086.5211      -1985.270          22.000                                                                  
G06  21192527.875   111367446.3470      -1007.695          27.000    21192509.024    86779781.2941       -780.921          20.000  
S31  38482588.084   202227364.7770       -414.573          35.000  
S33  39188851.284   205938843.8190       -413.380          45.000  
G19  21284599.517   111851330.8720       -551.086          29.000                                                                  
G03  25182927.416   132337175.8281      -3061.249          17.000                                                                  
C36  24920585.028   129768028.0870      -3524.669          31.000                                                                  
C11  23990559.336   124925146.2140      -2109.873          32.000                                                                  
C26  25375889.458   132138901.4780       1602.321          35.000                                                                  
E11  25503029.908   134019439.3180       2124.917          29.000    25503017.723   102690071.4240       1628.226          34.000  
G21  24978901.457   131265013.1021       3199.667          24.000    24978893.436   102284391.9801       2491.198          19.000  
E31  24594836.992   129246767.6800      -1503.485          28.000    24594834.620    99033206.5591      -1156.063          24.000  
E16  24862825.298   130655020.3100       1148.063          42.000    24862828.218   100112256.1650        879.689          41.000  
E12  24093236.007   126610795.8030         87.152          33.000    24093236.386    97013467.1500         66.581          32.000  
E33  25664989.561   134870430.3861      -2487.514          20.000    25664998.274   103342312.4891      -1911.906          22.000  
G13  23975825.766   125993808.1840       2799.928          27.000    23975825.537    98177000.9060       2181.792          27.000  
E10  25286295.113   132880501.5470       1252.407          34.000    25286294.917   101817477.9500        959.774          42.000  
R05                                                                  25227974.062   104889538.6861      -1013.635          12.000  
> 2026  7 21 10 28 50.0030000  0 35                           
G24  24170163.737   127015044.6670      -2079.031          35.000    24170161.062    98972780.5630      -1619.836          34.000  
S35  38934013.211   204599665.7720       -418.555          40.000  
G11  22133872.487   116314377.8400       1411.601          36.000    22133869.110    90634489.8160       1099.567          38.000  
G12  24323128.033   127818812.8180       2938.350          35.000                                                                  
G14  23451509.783   123238514.8361      -3676.853          22.000                                                                  
G22  22479594.889   118131068.3351      -2576.667          23.000                                                                  
C20  26442115.566   137690997.6000       1828.262          25.000                                                                  
C30  25605535.606   133334664.4280      -2693.964          27.000                                                                  
C29  22640579.512   117895438.2731      -1204.036          21.000                                                                  
C39  23253577.501   121087444.1680      -1446.689          48.000                                                                  
C35  24280906.004   126437052.3900       1072.844          43.000                                                                  
R12  20296547.776   108420553.2540        516.284          40.000    20296548.749    84327003.2220        401.767          38.000  
R22  20496192.349   109410104.1500       -759.272          43.000    20496189.598    85096682.8530       -589.352          34.000  
R11  21298285.685   113811443.8790      -3701.295          34.000    21298282.486    88520104.7211      -2878.788          25.000  
R23  22075239.306   118087681.8760       1455.415          32.000                                                                  
R21  23238479.200   124353786.6080      -3516.176          27.000    23238465.434    96719561.3191      -2733.471          21.000  
G17  23291163.997   122395892.8111      -1978.301          19.000                                                                  
G06  21194442.617   111377547.4231      -1017.746          24.000    21194432.958    86787659.5991       -790.843          16.000  
S31  38483381.594   202231535.1880       -420.157          33.000  
S33  39189642.970   205943003.4170       -418.866          43.000  
G19  21285653.295   111856875.5050       -559.026          26.000                                                                  
C36  24927359.492   129803310.5430      -3531.376          29.000                                                                  
C11  23994617.233   124946279.0340      -2117.091          30.000                                                                  
C26  25372821.561   132122923.2270       1593.408          34.000                                                                  
R07  25252360.644   135177863.4941       2876.656          11.000                                                                  
E11  25498992.939   133998222.1300       2117.632          27.000    25498980.291   102673814.1440       1622.747          33.000  
G21  24972817.719   131233042.1011       3187.239          20.000    24972816.292   102259507.8071       2493.109          20.000  
E31  24597712.260   129261842.7040      -1511.543          28.000    24597701.474    99044750.7911      -1153.153          23.000  
E16  24860647.590   130643576.2680       1140.520          41.000    24860650.484   100103487.3460        873.750          41.000  
E12  24093079.970   126609965.3990         78.022          32.000    24093078.518    97012830.8610         59.464          31.000  
E33  25669729.877   134895340.7671      -2502.238          18.000    25669740.180   103361406.0861      -1915.319          21.000  
G13  23970510.656   125965883.1041       2792.365          25.000    23970504.101    98155210.6340       2175.646          27.000  
E10  25283920.791   132868018.7260       1243.931          33.000    25283919.513   101807913.2000        953.036          42.000  
R13                                                                  23360053.828    97021076.0281       2420.514          11.000  
R05                                                                  25230409.924   104899666.7821      -1014.157          11.000  
> 2026  7 21 10 29  0.0030000  0 33                           
G24  24174128.401   127035880.5630      -2088.952          36.000    24174126.558    98989016.3330      -1628.374          34.000  
S35  38934813.752   204603873.5300       -424.387          41.000  
G11  22131195.611   116300307.4690       1401.187          39.000    22131191.983    90623525.8870       1092.115          38.000  
G12  24317542.943   127789457.8200       2930.872          35.000                                                                  
G14  23458535.842   123275437.6991      -3685.540          24.000                                                                  
G22  22484504.893   118156870.3901      -2587.340          24.000                                                                  
C20  26438627.431   137672750.5350       1820.920          25.000                                                                  
C30  25610722.247   133361625.3410      -2699.059          28.000                                                                  
C29  22642883.215   117907434.4131      -1201.645          14.000                                                                  
C39  23256365.168   121101961.9350      -1457.809          48.000                                                                  
C35  24278852.135   126426355.3680       1065.407          44.000                                                                  
R12  20295593.946   108415458.4260        501.760          42.000    20295594.564    84323040.5640        390.557          37.000  
R22  20497622.991   109417740.8280       -769.490          44.000    20497620.634    85102622.5360       -598.518          34.000  
R11  21305224.117   113848511.1120      -3713.364          36.000                                                                  
R23  22072526.983   118073173.0790       1445.369          33.000                                                                  
R21  23245056.933   124388973.6010      -3522.057          28.000    23245050.567    96746969.4551      -2741.337          23.000  
G17  23294931.457   122415690.7451      -1983.642          15.000                                                                  
G06  21196375.308   111387703.3471      -1036.129          19.000    21196366.649    86795577.1801       -792.337          15.000  
S31  38484185.032   202235755.8540       -425.812          34.000  
S33  39190444.067   205947213.8480       -424.574          44.000  
G19  21286722.041   111862492.3840       -565.742          29.000                                                                  
C36  24934148.335   129838660.5370      -3539.400          31.000                                                                  
C11  23998685.482   124967454.9300      -2122.662          29.000                                                                  
C26  25369771.618   132107036.2140       1583.733          34.000                                                                  
C12  26240104.673   136639110.2811       2122.741          23.000                                                                  
E11  25494973.387   133976988.9481       2110.472          25.000    25494956.180   102657612.0500       1617.114          33.000  
G21  24966741.257   131201110.0891       3187.892          18.000    24966738.688   102234620.6911       2484.898          21.000  
E31  24600597.028   129277001.9740      -1521.411          29.000    24600586.677    99056367.9281      -1160.038          24.000  
E16  24858484.106   130632206.2780       1132.480          42.000    24858486.847   100094775.2690        867.556          41.000  
E12  24092939.270   126609224.8900         68.676          34.000    24092937.514    97012263.4810         52.106          31.000  
E33  25674501.374   134920414.6571      -2498.445          18.000    25674497.539   103380562.0191      -1919.062          19.000  
G13  23965203.896   125937993.2570       2785.146          26.000    23965196.469    98133476.8420       2169.745          27.000  
E10  25281560.067   132855620.5560       1234.880          33.000    25281559.818   101798413.3550        946.145          42.000  
> 2026  7 21 10 29 10.0030000  0 32                           
G24  24178110.717   127056806.1800      -2095.329          37.000    24178108.661    99005321.9890      -1632.882          35.000  
S35  38935623.292   204608128.4430       -426.405          41.000  
G11  22128535.625   116286326.9460       1395.146          38.000    22128532.031    90612631.9940       1086.795          39.000  
G12  24311969.425   127760167.0380       2926.959          35.000                                                                  
G14  23465569.571   123312399.7021      -3692.776          23.000                                                                  
G22  22489445.923   118182835.5701      -2592.111          26.000                                                                  
C20  26435147.053   137654747.5111       1817.045          25.000                                                                  
C30  25615912.373   133388631.1590      -2701.199          28.000                                                                  
C39  23259172.254   121116577.7730      -1465.059          48.000                                                                  
C35  24276810.114   126415722.9940       1061.253          44.000                                                                  
R12  20294664.820   108410496.0540        491.229          43.000    20294665.306    84319180.9710        381.875          37.000  
R22  20499070.637   109425466.9510       -775.442          44.000    20499069.171    85108631.7620       -603.659          34.000  
R11  21312180.917   113885684.9670      -3721.192          35.000                                                                  
R23  22069831.265   118058752.7560       1439.055          35.000                                                                  
R21  23251633.512   124424206.0450      -3523.883          26.000    23251650.271    96774437.7041      -2739.400          25.000  
G06  21198343.850   111398048.7381      -1032.243          17.000    21198333.814    86803633.1411       -803.428          18.000  
S31  38484997.120   202240023.4890       -427.558          34.000  
S33  39191254.112   205951470.9050       -426.542          44.000  
G19  21287805.226   111868177.6090       -570.224          28.000                                                                  
G03  25200545.431   132429759.7611      -3090.310          16.000                                                                  
C36  24940949.728   129874073.9010      -3543.329          33.000                                                                  
C11  24002765.009   124988701.8320      -2125.948          29.000                                                                  
C26  25366737.317   132091236.5190       1576.622          33.000                                                                  
C12  26236038.329   136617936.2011       2125.662          22.000                                                                  
E11  25490970.684   133955954.8041       2106.037          22.000    25490945.546   102641462.0530       1613.437          32.000  
G21  24960665.337   131169181.4861       3190.175          16.000    24960675.847   102209794.6401       2486.293          21.000  
E31  24603496.317   129292241.2590      -1526.655          30.000    24603487.060    99068046.1661      -1168.832          25.000  
E16  24856333.130   130620906.3300       1127.978          42.000    24856336.416   100086116.8630        864.179          41.000  
E12  24092814.798   126608570.2250         62.457          34.000    24092812.393    97011761.8190         47.697          30.000  
E33  25679284.837   134945551.7501      -2509.843          17.000    25679266.935   103399766.8771      -1918.437          17.000  
G13  23959909.496   125910170.1450       2780.623          27.000    23959899.885    98111796.4740       2166.005          28.000  
E10  25279214.891   132843303.1230       1229.334          32.000    25279215.954   101788975.3310        941.829          42.000  
> 2026  7 21 10 29 20.0030000  0 31                           
G24  24182104.632   127077792.5340      -2101.327          37.000    24182102.603    99021674.9310      -1636.822          35.000  
S35  38936436.335   204612400.3330       -427.610          41.000  
G11  22125886.171   116272407.4150       1389.157          36.000    22125883.746    90601785.6410       1082.235          39.000  
G12  24306402.482   127730911.6160       2924.307          34.000                                                                  
G14  23472609.087   123349392.9441      -3704.644          18.000                                                                  
G22  22494387.180   118208808.8190      -2598.431          26.000                                                                  
C20  26431673.278   137636658.7501       1813.924          23.000                                                                  
C30  25621094.225   133415653.2370      -2703.156          26.000                                                                  
C39  23261992.493   121131263.0740      -1471.822          48.000                                                                  
C35  24274775.354   126405126.6240       1058.046          44.000                                                                  
R12  20293755.465   108405636.9710        481.178          44.000    20293755.521    84315401.6930        374.009          36.000  
R22  20500529.096   109433253.0720       -781.297          43.000    20500527.602    85114687.6340       -607.894          34.000  
R11  21319150.833   113922935.5660      -3729.003          34.000    21319147.515    88606823.8361      -2906.194          17.000  
R23  22067146.834   118044391.7310       1433.578          36.000                                                                  
R21  23258216.395   124459454.6500      -3525.074          27.000    23258241.481    96801870.3061      -2741.136          25.000  
G06  21200344.162   111408560.1281      -1041.283          21.000    21200314.921    86811744.6081       -802.879          19.000  
S31  38485812.538   202244308.2690       -429.452          34.000  
S33  39192067.535   205955745.6190       -428.146          44.000  
G19  21288897.101   111873909.3401       -575.015          24.000                                                                  
C36  24947757.415   129909522.0650      -3547.442          33.000                                                                  
C11  24006850.632   125009975.1140      -2128.983          29.000                                                                  
C26  25363713.697   132075495.4780       1571.176          34.000                                                                  
E31  24606403.848   129307531.8690      -1531.102          30.000    24606399.822    99079775.2041      -1173.253          25.000  
E16  24854190.568   130609647.6050       1124.220          42.000    24854193.815   100077490.0420        861.266          41.000  
E12  24092699.405   126607972.5080         56.936          34.000    24092698.437    97011303.8150         43.752          29.000  
E33  25684074.481   134970722.1981      -2523.881          15.000    25684047.301   103419015.2541      -1927.539          16.000  
G13  23954623.862   125882386.7400       2776.548          28.000    23954612.343    98090147.0320       2163.896          28.000  
E10  25276883.143   132831037.4850       1224.006          33.000    25276881.615   101779576.9940        937.954          42.000  
E11                                                                  25486942.041   102625342.0200       1611.180          32.000  
R06                                                                  24420195.301   101352876.4761       1017.012          11.000  
G21                                                                  24954614.063   102184972.4181       2475.363          22.000  
> 2026  7 21 10 29 30.0030000  0 28                           
G24  24186109.674   127098836.9190      -2107.126          37.000    24186107.521    99038073.1580      -1641.681          36.000  
S35  38937252.292   204616687.6520       -429.014          41.000  
G11  22123247.310   116258546.2380       1384.158          37.000    22123245.939    90590984.7340       1078.229          39.000  
G12  24300841.644   127701689.0180       2920.566          33.000                                                                  
G22  22499342.121   118234825.7610      -2604.523          28.000                                                                  
C20  26428199.284   137618568.4221       1809.963          24.000                                                                  
C30  25626283.041   133442688.7870      -2702.891          24.000                                                                  
C39  23264825.464   121146015.1700      -1478.320          48.000                                                                  
C35  24272747.886   126394563.6530       1055.003          45.000                                                                  
R12  20292864.979   108400878.5000        471.110          45.000    20292864.613    84311700.6430        366.145          37.000  
R22  20501998.128   109441096.6320       -786.720          43.000    20501997.004    85120788.1640       -611.979          33.000  
R11  21326134.853   113960260.2750      -3736.154          33.000                                                                  
R23  22064471.821   118030087.0820       1427.940          36.000                                                                  
R21  23264805.765   124494716.5220      -3526.883          28.000    23264830.616    96829294.2291      -2741.103          23.000  
G06  21202333.124   111419011.8021      -1048.124          19.000    21202305.275    86819895.3081       -818.457          19.000  
S31  38486630.832   202248609.1400       -430.781          34.000  
S33  39192884.149   205960035.5330       -429.401          44.000  
C36  24954571.324   129945002.1280      -3549.158          33.000                                                                  
C11  24010940.736   125031272.0890      -2130.511          29.000                                                                  
C26  25360701.300   132059810.5920       1565.916          34.000                                                                  
E11  25482976.095   133913942.5061       2103.303          22.000    25482945.967   102609250.0680       1607.416          32.000  
E31  24609322.757   129322871.1140      -1536.407          30.000    24609320.563    99091529.8410      -1176.813          27.000  
E16  24852055.538   130598427.5310       1120.126          42.000    24852058.599   100068892.8240        858.591          41.000  
E12  24092594.737   126607429.0210         51.525          34.000    24092594.876    97010887.3670         40.035          28.000  
G13  23949338.332   125854640.5460       2772.877          28.000    23949333.234    98068526.6200       2160.906          28.000  
E10  25274557.164   132818821.0180       1219.453          33.000    25274556.959   101770216.3290        934.337          42.000  
E33                                                                  25688835.592   103438295.1091      -1926.123          14.000  
G21                                                                  24948554.213   102160157.9571       2479.205          23.000  
> 2026  7 21 10 29 40.0030000  0 30                           
G24  24190125.884   127119942.1340      -2113.644          38.000    24190124.060    99054518.7630      -1646.690          36.000  
S35  38938071.843   204620993.3200       -431.198          41.000  
G11  22120620.435   116244746.4570       1377.314          38.000    22120619.993    90580231.6420       1072.976          39.000  
G12  24295287.618   127672502.2830       2916.693          30.000                                                                  
G22  22504313.824   118260901.1200      -2610.939          31.000                                                                  
C20  26424719.440   137600448.3731       1804.568          26.000                                                                  
C30  25631473.700   133469809.2791      -2706.906          22.000                                                                  
C39  23267672.003   121160836.9470      -1485.619          48.000                                                                  
C35  24270726.681   126384037.0130       1050.984          45.000                                                                  
R12  20291994.192   108396223.6890        460.367          45.000    20291992.915    84308080.2150        357.956          37.000  
R22  20503478.282   109449000.3310       -793.304          42.000    20503477.070    85126935.4860       -616.666          34.000  
R11  21333133.475   113997662.0790      -3744.185          31.000    21333110.215    88664855.8981      -2921.709          17.000  
R23  22061809.137   118015841.7680       1421.889          38.000                                                                  
R21  23271402.910   124529994.5940      -3528.524          28.000    23271420.254    96856721.3161      -2744.437          23.000  
S31  38487452.164   202252927.1980       -431.988          34.000  
S33  39193703.740   205964343.3550       -431.868          44.000  
G19  21291098.711   111885478.0311       -580.749          17.000                                                                  
C36  24961392.085   129980517.1080      -3552.517          33.000                                                                  
C11  24015035.994   125052595.7500      -2133.451          29.000                                                                  
C26  25357699.956   132044184.8750       1559.679          33.000                                                                  
R13  23328924.431   124575154.7801       3343.380          16.000                                                                  
E11  25478978.039   133892932.7581       2093.568          25.000    25478957.378   102593188.3160       1604.152          31.000  
E31  24612253.995   129338261.8580      -1541.661          29.000    24612251.667    99103322.7450      -1181.033          27.000  
E16  24849929.105   130587249.0790       1115.814          42.000    24849931.288   100060327.5140        854.863          40.000  
E12  24092503.594   126606942.7500         45.992          34.000    24092502.480    97010514.7670         34.926          27.000  
E33  25693667.003   135021131.2451      -2523.484          14.000    25693627.538   103457590.5001      -1914.500          14.000  
G13  23944066.462   125826934.5800       2769.152          29.000    23944061.906    98046937.5600       2157.562          29.000  
E10  25272240.947   132806656.7090       1213.894          34.000    25272241.895   101760895.5940        930.242          42.000  
G06                                                                  21204303.872    86828079.3271       -822.550          19.000  
G21                                                                  24942496.322   102135351.9881       2485.651          23.000  
> 2026  7 21 10 29 50.0030000  0 31                           
G24  24194153.068   127141104.0620      -2119.074          37.000    24194151.342    99071008.5630      -1651.349          36.000  
S35  38938893.810   204625312.3690       -432.470          41.000  
G11  22118005.721   116231003.9580       1371.503          38.000    22118004.815    90569523.1910       1068.334          39.000  
G12  24289740.212   127643347.5310       2913.640          28.000                                                                  
G14  23493707.776   123460267.1451      -3699.792          21.000                                                                  
G22  22509287.312   118287030.7440      -2616.783          32.000                                                                  
C20  26421246.712   137582364.5351       1802.238          26.000                                                                  
C30  25636663.351   133496832.9691      -2712.625          20.000                                                                  
C39  23270531.377   121175724.3730      -1492.008          48.000                                                                  
C35  24268710.782   126373542.6230       1047.780          45.000                                                                  
R12  20291141.825   108391668.6440        450.552          46.000    20291139.681    84304537.3790        350.537          36.000  
R22  20504968.905   109456960.0930       -798.804          42.000    20504968.176    85133126.4490       -621.229          34.000  
R11  21340146.491   114035137.1140      -3750.873          28.000    21340135.268    88694053.8291      -2913.219          22.000  
R23  22059157.685   118001651.7690       1416.406          40.000                                                                  
R21  23278002.191   124565284.7810      -3529.375          27.000    23278017.419    96884178.4781      -2739.993          21.000  
G17  23313953.901   122515653.8401      -2002.796          20.000                                                                  
G06  21206345.217   111440095.3741      -1063.661          20.000    21206321.957    86836342.8471       -824.428          21.000  
S31  38488276.612   202257259.7090       -434.034          34.000  
S33  39194525.846   205968665.1750       -433.035          44.000  
G19  21292219.149   111891366.5501       -581.774          18.000                                                                  
C36  24968217.499   130016062.9090      -3556.024          33.000                                                                  
C11  24019135.491   125073941.9830      -2135.708          29.000                                                                  
C26  25354709.425   132028614.3500       1554.304          33.000                                                                  
E11  25474990.285   133871972.5300       2090.837          27.000    25474976.031   102577153.7660       1601.716          31.000  
E31  24615192.354   129353700.1040      -1546.188          29.000    24615189.095    99115152.0850      -1184.915          28.000  
E16  24847809.091   130576108.2760       1112.213          42.000    24847811.012   100051791.0500        852.000          40.000  
E12  24092421.918   126606509.6610         40.277          34.000    24092419.323    97010182.8940         31.249          26.000  
G13  23938793.752   125799264.9590       2765.070          29.000    23938794.938    98025376.8440       2154.432          30.000  
E10  25269932.471   132794540.4800       1208.952          34.000    25269936.091   101751611.7200        926.530          42.000  
E33                                                                  25698430.419   103476929.3711      -1931.262          16.000  
G21                                                                  24936442.129   102110561.8681       2477.693          23.000  
> 2026  7 21 10 30  0.0030000  0 31                           
G24  24198190.261   127162319.5300      -2123.882          36.000    24198188.766    99087540.0640      -1654.939          37.000  
S35  38939717.868   204629643.0880       -433.434          41.000  
G11  22115401.733   116217315.6640       1366.068          38.000    22115399.976    90558856.9800       1064.770          39.000  
G12  24284197.853   127614221.7220       2910.814          26.000                                                                  
G14  23500784.302   123497454.5521      -3714.687          25.000                                                                  
G22  22514271.178   118313211.5290      -2620.105          31.000                                                                  
C20  26417783.112   137564329.0151       1802.146          25.000                                                                  
C30  25641850.413   133523843.8951      -2715.387          20.000                                                                  
C39  23273402.581   121190674.3820      -1498.212          49.000                                                                  
C35  24266700.809   126363077.4620       1044.984          44.000                                                                  
R12  20290307.351   108387210.2540        440.981          46.000    20290304.528    84301069.7560        342.903          35.000  
R22  20506470.377   109464972.7420       -803.664          43.000    20506469.096    85139358.5420       -625.329          34.000  
R11  21347171.546   114072681.5760      -3758.703          27.000    21347173.833    88723307.6561      -2907.435          21.000  
R23  22056515.613   117987513.9200       1411.001          40.000                                                                  
R21  23284593.415   124600583.9550      -3530.161          26.000    23284615.043    96911638.2601      -2754.097          18.000  
G17  23317788.361   122535804.2931      -2006.640          26.000                                                                  
S31  38489103.344   202261602.9080       -434.142          34.000  
S33  39195350.550   205972998.1060       -434.066          44.000  
C36  24975047.441   130051636.3740      -3559.177          32.000                                                                  
C11  24023239.959   125095307.7180      -2137.363          28.000                                                                  
C26  25351728.752   132013096.0380       1549.095          33.000                                                                  
C12  26215730.157   136512185.9991       2110.678          25.000                                                                  
E11  25471011.514   133851078.4910       2087.824          28.000    25471000.605   102561144.1260       1599.345          31.000  
G21  24930369.375   131009975.2991       3182.499          18.000    24930387.754   102085770.1961       2482.042          23.000  
E31  24618136.915   129369182.8650      -1550.428          27.000    24618135.523    99127015.4800      -1188.249          29.000  
E16  24845696.272   130565002.1380       1108.574          42.000    24845697.439   100043281.1290        849.558          40.000  
E12  24092349.126   126606126.5300         36.194          35.000    24092345.482    97009891.4291         27.188          25.000  
G13  23933534.009   125771628.6720       2761.685          28.000    23933539.045    98003842.0270       2151.941          30.000  
E10  25267638.905   132782469.2810       1204.764          35.000    25267639.089   101742362.3540        923.167          42.000  
E33                                                                  25703231.851   103496263.0881      -1933.724          18.000  
G06                                                                  21208348.796    86844642.9171       -833.088          21.000  
> 2026  7 21 10 30 10.0030000  0 32                           
G24  24202238.142   127183591.1610      -2129.831          36.000    24202236.446    99104115.3600      -1659.742          37.000  
S35  38940544.311   204633987.1230       -434.976          41.000  
G11  22112808.029   116203684.3760       1360.418          42.000    22112806.213    90548235.2020       1060.340          39.000  
G12  24278667.893   127585260.6691       2910.058          19.000                                                                  
G14  23507856.097   123534616.8391      -3719.266          25.000                                                                  
G22  22519263.100   118339446.3400      -2625.732          28.000                                                                  
C20  26414330.223   137546348.4021       1794.250          23.000                                                                  
C30  25647052.196   133550930.7351      -2720.069          17.000                                                                  
C39  23276286.003   121205689.5980      -1504.428          48.000                                                                  
C35  24264697.009   126352644.1750       1041.976          45.000                                                                  
R12  20289491.547   108382851.3000        431.046          47.000    20289488.524    84297679.4540        335.324          36.000  
R22  20507982.546   109473040.9890       -809.395          44.000    20507980.197    85145633.8250       -629.260          33.000  
R11  21354210.940   114110297.8990      -3765.232          29.000    21354205.668    88752532.9571      -2935.864          18.000  
R23  22053883.275   117973431.0010       1405.863          40.000                                                                  
R21  23291180.726   124635812.0361      -3537.081          22.000    23291205.037    96939065.9111      -2747.067          18.000  
G17  23321596.896   122555881.2270      -2009.071          30.000                                                                  
S31  38489932.335   202265960.0720       -436.212          34.000  
S33  39196177.659   205977344.9670       -434.960          44.000  
G19  21294447.312   111903075.3261       -595.623          22.000                                                                  
C36  24981882.337   130087240.0470      -3561.257          31.000                                                                  
C11  24027348.869   125116695.6780      -2140.566          26.000                                                                  
C26  25348758.544   131997632.7620       1543.201          33.000                                                                  
C12  26211673.419   136491061.6301       2109.854          24.000                                                                  
E11  25467042.762   133830219.6890       2084.271          28.000    25467031.582   102545161.4030       1597.409          30.000  
G21  24924319.982   130978185.2121       3184.274          21.000    24924336.150   102060989.2991       2474.033          23.000  
E31  24621086.723   129384712.8150      -1555.283          25.000    24621090.574    99138914.9870      -1191.552          29.000  
E16  24843590.110   130553933.3730       1105.305          42.000    24843590.840   100034799.8770        846.542          39.000  
E12  24092287.418   126605796.2550         29.934          35.000    24092280.029    97009628.2391         19.906          23.000  
E33  25708032.276   135096621.3711      -2527.195          15.000    25708040.597   103515626.4341      -1942.512          19.000  
G13  23928281.158   125744028.5050       2758.027          27.000    23928287.457    97982335.3610       2150.186          30.000  
E10  25265353.663   132770445.8360       1200.515          35.000    25265351.212   101733149.5930        919.682          42.000  
G06                                                                  21210383.315    86852973.3071       -842.879          21.000  
> 2026  7 21 10 30 20.0030000  0 32                           
G24  24206294.779   127204908.4800      -2133.206          35.000    24206292.941    99120726.3000      -1662.770          37.000  
S35  38941371.689   204638334.6550       -434.753          41.000  
G11  22110224.147   116190099.7720       1356.364          43.000    22110221.029    90537649.7930       1056.705          38.000  
G14  23514940.330   123571845.4391      -3720.156          25.000                                                                  
G22  22524261.395   118365724.8210      -2629.946          27.000                                                                  
C20  26410879.484   137528379.3181       1795.042          22.000                                                                  
C30  25652255.220   133578023.7321      -2724.291          16.000                                                                  
C39  23279180.096   121220759.7880      -1509.401          48.000                                                                  
C35  24262697.584   126342232.5440       1040.478          45.000                                                                  
R12  20288691.973   108378581.4780        422.959          47.000    20288689.085    84294358.4970        328.689          35.000  
R22  20509502.983   109481154.1800       -813.319          45.000    20509500.442    85151944.1100       -632.181          33.000  
R11  21361262.251   114147976.0800      -3770.851          30.000    21361249.117    88781807.2551      -2929.708          18.000  
R23  22051258.852   117959392.4060       1402.084          39.000                                                                  
R21  23297767.071   124671056.9361      -3527.569          23.000    23297798.689    96966509.0441      -2738.046          19.000  
G17  23325407.423   122575975.1030      -2008.999          31.000                                                                  
S31  38490761.927   202270320.6010       -435.724          34.000  
S33  39197005.492   205981694.8390       -434.790          44.000  
G19  21295584.923   111909053.8561       -594.180          27.000                                                                  
C36  24988722.037   130122863.7680      -3563.359          30.000                                                                  
C11  24031461.058   125138095.4490      -2140.230          26.000                                                                  
C26  25345797.114   131982214.1870       1539.763          33.000                                                                  
C12  26207627.599   136469993.6501       2119.738          21.000                                                                  
E11  25463076.971   133809385.8320       2082.651          28.000    25463066.906   102529197.8940       1595.282          29.000  
G21  24918270.857   130946396.4541       3177.338          23.000    24918282.597   102036201.2141       2471.857          22.000  
E31  24624047.679   129400243.7131      -1558.313          25.000    24624051.948    99150842.8110      -1194.206          29.000  
E16  24841488.806   130542891.7620       1103.152          42.000    24841489.382   100026339.4040        845.158          38.000  
E12  24092233.538   126605508.3170         26.787          36.000    24092224.533    97009404.4641         23.956          20.000  
E33  25712847.987   135121927.1961      -2523.211          19.000    25712855.153   103535012.5051      -1935.239          20.000  
G13  23923032.773   125716454.2370       2756.260          27.000    23923040.410    97960848.9610       2147.988          30.000  
E10  25263072.882   132758459.8590       1196.877          35.000    25263070.423   101723965.5450        916.947          42.000  
G06                                                                  21212430.842    86861358.1421       -832.301          22.000  
R06                                                                  24405905.008   101293565.6341        973.594          17.000  
> 2026  7 21 10 30 30.0030000  0 32                           
G24  24210362.335   127226285.0260      -2141.147          35.000    24210360.861    99137383.3120      -1668.200          37.000  
S35  38942202.034   204642698.7390       -437.195          41.000  
G11  22107651.356   116176575.3580       1349.216          41.000    22107647.137    90527111.2940       1051.703          38.000  
G12  24267615.633   127527180.3041       2906.133          20.000                                                                  
G14  23522033.418   123609101.1440      -3727.449          28.000                                                                  
G22  22529270.844   118392060.3100      -2636.510          26.000                                                                  
C20  26407432.550   137510430.2251       1794.603          19.000                                                                  
C29  22663992.794   118017357.4721      -1234.323          26.000                                                                  
C39  23282086.613   121235898.3410      -1517.453          47.000                                                                  
C35  24260704.879   126331855.9960       1035.654          45.000                                                                  
R12  20287912.109   108374414.5330        411.325          47.000    20287908.582    84291117.5480        319.942          35.000  
R22  20511034.212   109489325.9840       -820.244          46.000    20511030.409    85158299.9550       -637.753          32.000  
R11  21368329.455   114185729.5450      -3779.171          28.000    21368319.081    88811191.4641      -2943.175          22.000  
R23  22048644.655   117945411.8790       1395.094          38.000                                                                  
R21  23304383.024   124706439.0910      -3533.049          27.000    23304410.919    96994029.3491      -2753.482          17.000  
G17  23329235.035   122596095.9530      -2013.539          30.000                                                                  
G06  21214498.634   111482942.4601      -1085.973          25.000    21214487.598    86869780.3211       -847.316          23.000  
S31  38491594.728   202274697.7390       -438.469          34.000  
S33  39197836.280   205986061.8490       -437.789          44.000  
G19  21296723.501   111915019.8710       -598.997          27.000                                                                  
C36  24995568.777   130158520.8110      -3568.110          30.000                                                                  
C11  24035578.187   125159520.6420      -2143.727          27.000                                                                  
C26  25342847.139   131966854.0340       1531.978          33.000                                                                  
C12  26203600.513   136449023.2391       2116.424          20.000                                                                  
E11  25459118.540   133788590.4380       2078.113          27.000    25459108.226   102513263.8640       1591.872          28.000  
G21  24912224.514   130914622.6321       3179.900          24.000    24912232.637   102011427.7501       2488.003          22.000  
E31  24627022.429   129415875.8771      -1564.233          23.000    24627023.550    99162809.2280      -1198.637          29.000  
E16  24839395.149   130531890.8950       1097.971          42.000    24839395.762   100017910.1380        841.510          38.000  
E12  24092189.745   126605276.3010         20.081          36.000    24092184.309    97009242.2121         13.683          19.000  
E33  25717664.672   135147239.6531      -2533.739          20.000    25717673.673   103554414.5411      -1936.183          21.000  
G13  23917792.399   125688847.6020       2750.992          25.000    23917800.744    97939393.3190       2143.898          30.000  
E10  25260799.928   132746524.8480       1190.668          34.000    25260799.108   101714820.5500        912.326          42.000  
> 2026  7 21 10 30 40.0030000  0 32                           
G24  24214441.076   127247719.2400      -2145.906          35.000    24214439.535    99154085.3280      -1672.389          37.000  
S35  38943035.611   204647078.6590       -438.539          41.000  
G11  22105088.996   116163109.8190       1344.047          42.000    22105084.346    90516618.7060       1047.111          37.000  
G12  24262094.558   127498167.3361       2899.374          23.000                                                                  
G14  23529133.697   123646396.5170      -3732.042          27.000                                                                  
G22  22534291.948   118418451.4920      -2641.198          30.000                                                                  
C20  26403985.359   137492479.7891       1787.061          19.000                                                                  
C29  22666368.761   118029730.1320      -1238.207          28.000                                                                  
C39  23285006.125   121251103.8470      -1523.502          47.000                                                                  
C35  24258718.440   126321513.1310       1033.020          45.000                                                                  
R12  20287150.796   108370349.0610        401.810          47.000    20287147.479    84287955.5090        312.499          35.000  
R22  20512576.046   109497554.8910       -825.394          47.000    20512571.974    85164700.1770       -641.037          31.000  
R11  21375409.583   114223556.9210      -3786.562          26.000    21375399.127    88840617.8951      -2936.734          22.000  
R23  22046041.297   117931488.2370       1389.497          37.000                                                                  
R21  23311004.956   124741778.9430      -3534.173          28.000    23311007.857    97021486.3341      -2744.319          10.000  
G17  23333067.270   122616242.2800      -2015.800          29.000                                                                  
G06  21216559.839   111493773.5381      -1090.456          26.000    21216564.726    86878285.7491       -850.150          25.000  
S31  38492430.774   202279090.7600       -440.018          34.000  
S33  39198670.345   205990444.1490       -438.794          44.000  
G19  21297853.161   111921025.4220       -601.556          25.000                                                                  
C36  25002422.528   130194209.6040      -3569.481          30.000                                                                  
C11  24039703.825   125181045.6421      -2147.496          25.000                                                                  
C26  25339907.940   131951550.8310       1527.859          32.000                                                                  
C12  26199575.863   136428066.6841       2108.001          17.000                                                                  
E11  25455168.069   133767832.3310       2074.690          26.000    25455156.427   102497358.3310       1589.585          26.000  
G21  24906182.442   130882871.6911       3183.401          24.000    24906184.532   101986661.2761       2486.702          22.000  
E31  24629996.287   129431503.6191      -1565.463          22.000    24630004.703    99174813.1880      -1201.682          29.000  
E16  24837308.729   130520929.4550       1094.308          42.000    24837309.597   100009511.1010        838.676          37.000  
E12  24092155.763   126605098.8390         15.480          36.000    24092160.108    97009144.7961         15.225          17.000  
E33  25722491.114   135172602.8021      -2528.771          23.000    25722501.602   103573854.4921      -1948.614          21.000  
G13  23912557.061   125661334.6411       2748.407          24.000    23912568.313    97917967.5700       2140.822          30.000  
E10  25258537.955   132734639.5220       1187.318          34.000    25258537.329   101705713.6200        909.013          42.000  
> 2026  7 21 10 30 50.0030000  0 31                           
G24  24218529.056   127269202.5380      -2150.749          36.000    24218527.844    99170825.5510      -1675.808          38.000  
S35  38943870.178   204651465.4910       -438.572          41.000  
G11  22102536.334   116149694.6390       1339.412          42.000    22102531.370    90506165.3100       1043.520          36.000  
G12  24256578.989   127469182.8051       2897.829          26.000                                                                  
G14  23536237.385   123683761.6841      -3734.301          25.000                                                                  
G22  22539324.166   118444889.8480      -2646.048          31.000                                                                  
C29  22668747.941   118042120.5190      -1239.171          30.000                                                                  
C39  23287937.669   121266367.7740      -1528.850          47.000                                                                  
C35  24256736.765   126311195.4300       1031.082          45.000                                                                  
R12  20286407.295   108366376.5730        393.080          46.000    20286403.180    84284919.8070        305.965          34.000  
R22  20514126.858   109505832.4110       -829.586          47.000    20514121.975    85171138.2560       -645.086          30.000  
R11  21382498.114   114261586.7191      -3791.254          23.000    21382487.575    88870079.0231      -2948.386          19.000  
R23  22043446.641   117917612.3600       1385.837          36.000                                                                  
R21  23317609.139   124777123.3960      -3534.673          26.000    23317608.739    97048959.2921      -2751.086          15.000  
G17  23336902.337   122636405.4980      -2016.085          29.000                                                                  
G06  21218633.523   111504671.4631      -1095.434          26.000    21218643.326    86886796.9701       -854.116          25.000  
S31  38493267.812   202283490.8600       -440.031          34.000  
S33  39199505.486   205994833.4700       -438.643          44.000  
G19  21298989.914   111927059.7350       -603.993          25.000                                                                  
C36  25009280.606   130229921.8830      -3571.950          29.000                                                                  
C11  24043821.188   125202485.7201      -2147.013          24.000                                                                  
C26  25336977.931   131936296.2150       1523.693          35.000                                                                  
E11  25451213.660   133747030.1981       2071.868          24.000    25451208.995   102481471.8751       1587.454          26.000  
G21  24900132.225   130851077.6411       3174.979          23.000    24900142.318   101961919.9111       2468.670          21.000  
E31  24632980.795   129447187.4551      -1572.789          22.000    24632993.014    99186848.2550      -1205.060          29.000  
E16  24835228.615   130509998.9260       1091.911          42.000    24835229.331   100001135.7560        836.933          37.000  
E12  24092130.254   126604967.3470         11.560          35.000    24092130.738    97009026.3791         -3.775          17.000  
E33  25727318.813   135197971.9111      -2535.674          22.000    25727333.659   103593311.0631      -1954.152          21.000  
G13  23907329.174   125633862.5971       2739.775          21.000    23907340.690    97896565.0460       2138.338          30.000  
E10  25256283.070   132722795.3500       1182.915          34.000    25256283.198   101696638.1800        906.346          42.000  
R05                                                                  25251576.785   104987671.5721      -1019.505          13.000  
> 2026  7 21 10 31  0.0030000  0 32                           
G24  24222627.675   127290737.5640      -2156.292          38.000    24222625.929    99187606.0910      -1679.788          37.000  
S35  38944706.861   204655862.0320       -440.158          41.000  
G11  22099993.741   116136332.5960       1333.545          41.000    22099988.262    90495753.3140       1039.403          35.000  
G12  24251061.030   127440191.0480       2893.570          26.000                                                                  
G14  23543340.178   123721086.8621      -3738.197          24.000                                                                  
G22  22544365.058   118471377.9520      -2650.441          30.000                                                                  
C29  22671133.740   118054536.8240      -1242.787          32.000                                                                  
C39  23290880.654   121281692.8820      -1535.347          47.000                                                                  
C35  24254761.085   126300905.7380       1027.886          46.000                                                                  
R12  20285681.356   108362499.7540        383.040          45.000    20285676.085    84281904.5230        297.921          34.000  
R22  20515686.856   109514160.9840       -835.419          47.000    20515680.675    85177615.9880       -648.630          31.000  
R11  21389600.361   114299538.1531      -3798.794          25.000    21389587.734    88899588.4861      -2949.770          14.000  
R23  22040862.136   117903787.3940       1380.270          36.000                                                                  
R21  23324220.496   124812613.1340      -3535.491          26.000    23324215.716    97076458.5671      -2747.354          18.000  
G17  23340742.332   122656588.6450      -2018.866          29.000                                                                  
G06  21220741.301   111515695.0690      -1101.304          25.000    21220737.175    86895371.0881       -858.883          25.000  
S31  38494106.844   202287900.3060       -441.943          34.000  
S33  39200342.591   205999232.7380       -440.165          44.000  
G19  21300157.279   111933125.5990       -607.423          28.000                                                                  
C36  25016143.798   130265660.0790      -3574.855          30.000                                                                  
C11  24047936.703   125223916.8131      -2153.323          22.000                                                                  
C26  25334058.385   131921093.0220       1517.805          36.000                                                                  
E11  25447260.016   133726253.1521       2070.778          24.000    25447269.396   102465608.4031       1585.676          25.000  
G21  24894085.555   130819302.1221       3172.924          23.000    24894098.666   101937171.7631       2469.746          20.000  
E31  24635970.923   129462900.5371      -1571.888          20.000    24635990.040    99198916.4800      -1208.502          29.000  
E16  24833154.825   130499102.1760       1088.113          42.000    24833155.518    99992786.3080        833.764          36.000  
E12  24092114.350   126604884.6170          6.003          35.000    24092109.175    97008939.4461          4.682          20.000  
E33  25732156.392   135223393.6221      -2540.884          20.000    25732171.939   103612793.0101      -1951.380          22.000  
G13  23902102.669   125606396.6571       2740.584          21.000    23902119.311    97875187.9790       2136.078          30.000  
E10  25254036.481   132710995.1030       1178.794          33.000    25254037.593   101687596.4080        902.623          42.000  
R13                                                                  23280186.249    96689363.2481       2494.298          11.000  
R05                                                                  25254029.893   104997871.1181      -1085.384          13.000  
> 2026  7 21 10 31 10.0030000  0 31                           
G24  24226735.913   127312325.0560      -2161.699          39.000    24226733.871    99204427.5360      -1684.700          37.000  
S35  38945545.478   204660269.0270       -441.578          41.000  
G11  22097461.013   116123024.4580       1327.595          40.000    22097455.302    90485383.3180       1035.010          35.000  
G12  24245550.236   127411270.2030       2889.576          27.000                                                                  
G14  23550446.356   123758430.2181      -3750.065          18.000                                                                  
G22  22549414.198   118497916.8270      -2657.280          31.000                                                                  
C29  22673522.709   118066979.5970      -1246.281          34.000                                                                  
C39  23293835.863   121297079.9240      -1542.417          47.000                                                                  
C35  24252791.046   126290644.7570       1024.148          46.000                                                                  
R12  20284973.511   108358719.8270        372.626          45.000    20284967.721    84278964.5970        289.598          35.000  
R22  20517256.709   109522541.5890       -841.094          47.000    20517250.652    85184134.3000       -654.923          31.000  
R11  21396715.265   114337558.1401      -3807.010          23.000                                                                  
R23  22038287.217   117890014.1070       1374.279          37.000                                                                  
R21  23330830.898   124847988.0601      -3536.928          25.000    23330833.443    97104001.8401      -2750.840          18.000  
G17  23344586.417   122676792.3290      -2021.951          27.000                                                                  
G06  21222819.316   111526667.9731      -1108.763          22.000    21222840.356    86903982.7281       -861.906          26.000  
S31  38494948.062   202292320.6160       -442.856          33.000  
S33  39201181.909   206003642.1920       -441.914          44.000  
G19  21301319.734   111939223.8420       -612.084          30.000                                                                  
C36  25023013.473   130301424.9990      -3578.280          31.000                                                                  
C11  24052081.863   125245501.8071      -2150.970          26.000                                                                  
C26  25331149.532   131905942.0990       1512.157          37.000                                                                  
E11  25443325.337   133705577.0441       2064.133          26.000    25443338.932   102449781.6741       1582.429          26.000  
G21  24888040.061   130787532.6401       3175.789          22.000    24888052.677   101912414.3301       2464.634          20.000  
E31  24638982.687   129478727.4381      -1586.368          22.000    24638994.880    99211018.4440      -1212.082          29.000  
E16  24831087.950   130488240.0670       1083.885          42.000    24831088.522    99984463.3670        830.804          36.000  
E12  24092107.853   126604851.4310          0.526          35.000    24092104.187    97008919.8641         -2.144          19.000  
E33  25736995.196   135248821.9041      -2546.971          20.000    25737016.598   103632300.1701      -1944.604          22.000  
G13  23896885.810   125578982.2441       2748.316          20.000    23896904.588    97853837.0760       2133.000          30.000  
E10  25251798.503   132699239.6040       1172.588          32.000    25251800.356   101678588.9010        898.726          41.000  
R13                                                                  23274211.240    96664546.8011       2398.474          13.000  
> 2026  7 21 10 31 20.0030000  0 30                           
G24  24230857.156   127333981.8650      -2169.761          39.000    24230854.911    99221302.9360      -1690.293          37.000  
S35  38946388.856   204664703.2770       -445.516          41.000  
G11  22094941.564   116109787.2720       1319.912          40.000    22094936.395    90475068.6590       1028.192          36.000  
G12  24240055.689   127382396.0710       2884.419          28.000                                                                  
G22  22554477.283   118524523.1840      -2664.042          31.000                                                                  
C29  22675919.890   118079465.6810      -1250.853          34.000                                                                  
C39  23296805.950   121312545.6570      -1550.941          47.000                                                                  
C35  24250829.668   126280429.3050       1018.876          47.000                                                                  
R12  20284287.143   108355053.9610        360.408          45.000    20284281.147    84276113.3500        280.369          36.000  
R22  20518839.266   109530991.3050       -848.851          47.000    20518832.980    85190706.2320       -660.198          31.000  
R11  21403853.019   114375700.3731      -3817.355          25.000                                                                  
R23  22035724.905   117876309.4230       1367.047          37.000                                                                  
R21  23337435.893   124883332.5891      -3540.391          25.000    23337441.715    97131505.4151      -2742.846          17.000  
G17  23348437.615   122697033.5080      -2026.286          26.000                                                                  
G06  21224960.120   111537906.3310      -1116.725          28.000    21224957.376    86912652.0551       -869.950          23.000  
S31  38495794.496   202296767.9770       -446.672          34.000  
S33  39202026.285   206008079.3740       -445.334          44.000  
G19  21302490.586   111945371.3550       -616.841          31.000                                                                  
C36  25029891.244   130337233.4010      -3583.830          32.000                                                                  
C11  24056231.254   125267058.8530      -2155.752          27.000                                                                  
C26  25328254.330   131890860.3050       1504.492          36.000                                                                  
E11  25439412.922   133684994.0650       2059.007          29.000    25439419.937   102433999.6440       1577.938          27.000  
G21  24882007.895   130755833.8931       3169.365          22.000    24882017.685   101887702.2331       2476.123          18.000  
E31  24642004.607   129494607.4741      -1581.555          23.000    24642011.768    99223167.2500      -1217.665          29.000  
E16  24829030.954   130477429.5860       1078.173          42.000    24829031.680    99976180.0150        825.651          36.000  
E12  24092113.818   126604884.7240         -6.705          34.000    24092108.614    97008937.8081         -3.248          21.000  
E33  25741844.313   135274303.9131      -2550.750          20.000    25741868.456   103651836.8701      -1942.396          22.000  
G13  23891682.655   125551638.9031       2733.977          18.000    23891699.670    97832525.6850       2128.602          30.000  
E10  25249572.210   132687545.7200       1166.618          31.000    25249574.906   101669628.6530        893.531          41.000  
R13                                                                  23268381.004    96640332.4411       2427.898          12.000  
> 2026  7 21 10 31 30.0030000  0 29                           
G24  24234993.769   127355718.3170      -2177.388          40.000    24234990.715    99238240.4280      -1696.789          37.000  
S35  38947240.245   204669175.9510       -448.856          41.000  
G11  22092437.590   116096631.4590       1311.732          39.000    22092433.012    90464817.3380       1022.671          36.000  
G12  24234571.919   127353578.7550       2878.765          28.000                                                                  
G22  22559554.326   118551207.5530      -2672.569          30.000                                                                  
C29  22678327.762   118092005.3900      -1256.095          34.000                                                                  
C39  23299792.960   121328100.4030      -1559.870          46.000                                                                  
C35  24248878.473   126270269.7010       1013.342          47.000                                                                  
R12  20283623.908   108351512.6150        348.087          45.000    20283619.019    84273358.9660        270.639          38.000  
R22  20520436.882   109539520.6000       -856.846          46.000    20520430.476    85197340.1480       -666.411          33.000  
R11  21411008.730   114413918.1920      -3825.513          30.000                                                                  
R23  22033178.207   117862684.5120       1358.767          38.000                                                                  
R21  23344046.846   124918709.5091      -3543.553          26.000    23344058.577    97159045.1861      -2754.551          15.000  
G17  23352297.827   122717322.7410      -2031.483          28.000                                                                  
G06  21227084.975   111549116.3600      -1125.696          27.000    21227078.077    86921336.0611       -877.220          21.000  
S31  38496648.233   202301254.1700       -450.663          34.000  
S33  39202878.003   206012554.8360       -449.332          44.000  
G19  21303671.604   111951578.6750       -623.318          32.000                                                                  
C36  25036779.206   130373095.4620      -3588.770          32.000                                                                  
C11  24060367.706   125288642.1860      -2160.369          25.000                                                                  
C26  25325374.008   131875858.1210       1496.848          35.000                                                                  
E11  25435507.378   133664437.4480       2052.453          32.000    25435512.184   102418248.5420       1572.762          29.000  
G21  24875982.271   130724169.1391       3166.908          22.000    24875984.521   101862997.4121       2470.871          16.000  
E31  24645048.356   129510602.5231      -1604.879          23.000    24645042.195    99235370.8320      -1222.668          28.000  
E16  24826985.660   130466681.2360       1071.915          42.000    24826986.422    99967944.2420        820.960          35.000  
E12  24092134.143   126604994.9370        -15.293          34.000    24092130.108    97009024.0431         -8.231          22.000  
E33  25746713.364   135299891.8991      -2544.788          21.000    25746732.409   103671421.5131      -1960.934          22.000  
G13  23886493.530   125524369.8171       2736.384          19.000    23886506.685    97811261.9540       2124.182          30.000  
E10  25247353.181   132675923.9890       1159.065          31.000    25247363.334   101660723.7070        887.819          41.000  
> 2026  7 21 10 31 40.0030000  0 31                           
G24  24239145.706   127377535.8640      -2185.623          40.000    24239142.487    99255241.0960      -1702.789          37.000  
S35  38948098.905   204673687.2120       -452.717          41.000  
G11  22089949.685   116083558.5570       1303.414          38.000    22089945.342    90454630.6930       1015.919          35.000  
G12  24229093.556   127324819.9440       2873.124          28.000                                                                  
G22  22564646.627   118577971.3040      -2679.721          28.000                                                                  
C20  26383521.902   137385921.4131       1760.183          25.000                                                                  
C29  22680746.779   118104600.2100      -1261.682          34.000                                                                  
C39  23302797.534   121343745.6510      -1568.763          46.000                                                                  
C35  24246938.726   126260167.4780       1007.735          47.000                                                                  
R12  20282984.674   108348097.7140        335.506          44.000    20282980.438    84270702.9260        261.088          38.000  
R22  20522049.849   109548131.0600       -864.783          47.000    20522044.398    85204037.1890       -673.094          33.000  
R11  21418176.617   114452224.7320      -3835.620          31.000    21418152.105    89018308.1101      -2974.471          20.000  
R23  22030646.224   117849140.5000       1350.684          38.000                                                                  
R21  23350673.703   124954170.9271      -3547.555          26.000    23350684.294    97186621.6951      -2747.591          15.000  
G17  23356168.918   122737661.4660      -2036.627          29.000                                                                  
G06  21229224.032   111560413.4220      -1134.073          27.000    21229224.544    86930125.6451       -886.706          22.000  
S31  38497509.231   202305779.1640       -454.620          34.000  
S33  39203737.126   206017069.3250       -453.280          44.000  
G19  21304864.925   111957847.3290       -629.956          32.000                                                                  
C36  25043677.540   130409012.7370      -3593.872          31.000                                                                  
C11  24064498.117   125310156.0011      -2170.199          22.000                                                                  
C26  25322509.121   131860937.1000       1488.120          34.000                                                                  
E11  25431609.532   133643942.1540       2046.852          34.000    25431609.904   102402544.3820       1567.819          30.000  
G21  24869967.938   130692563.4251       3177.873          24.000    24869958.570   101838322.3401       2467.552          15.000  
E31  24648081.553   129526541.9651      -1601.288          23.000    24648086.613    99247630.4490      -1228.762          28.000  
E16  24824952.036   130455996.6380       1065.585          42.000    24824953.516    99959757.3080        817.097          35.000  
E12  24092169.728   126605183.4570        -22.545          33.000    24092167.976    97009177.0721        -23.716          23.000  
E33  25751591.023   135325523.9511      -2563.289          20.000    25751608.750   103691056.9921      -1967.360          21.000  
G13  23881322.916   125497198.6531       2720.121          20.000    23881325.589    97790047.1800       2120.423          29.000  
E10  25245153.819   132664375.9430       1151.887          32.000    25245165.680   101651875.2250        882.146          41.000  
C30                                                                  25693905.965   103458711.8021      -2019.281          11.000  
> 2026  7 21 10 31 50.0030000  0 31                           
G24  24243312.239   127399431.5150      -2193.600          39.000    24243308.980    99272302.6100      -1709.041          36.000  
S35  38948964.935   204678236.1850       -456.794          41.000  
G11  22087477.000   116070565.7340       1295.183          39.000    22087472.761    90444506.4290       1009.151          35.000  
G12  24223631.704   127296116.7650       2867.815          28.000                                                                  
G14  23579067.788   123908836.7031      -3775.249          22.000                                                                  
G22  22569753.473   118604811.7160      -2687.792          28.000                                                                  
C20  26380141.149   137368324.6690       1754.677          27.000                                                                  
C29  22683175.794   118117247.2900      -1267.327          35.000                                                                  
C39  23305818.895   121359478.5280      -1577.810          46.000                                                                  
C35  24245009.689   126250119.7610       1002.039          47.000                                                                  
R12  20282368.555   108344806.2560        322.700          44.000    20282365.551    84268142.8920        251.097          39.000  
R22  20523677.530   109556819.6700       -872.811          46.000    20523672.578    85210794.9740       -678.549          32.000  
R11  21425363.727   114490625.7650      -3844.710          29.000    21425354.363    89048241.8821      -2991.099          24.000  
R23  22028128.641   117835674.6360       1342.359          38.000                                                                  
R21  23357322.482   124989713.1570      -3550.807          27.000    23357327.325    97214270.3221      -2752.530          14.000  
G17  23360048.325   122758046.8900      -2040.993          28.000                                                                  
G06  21231394.874   111571794.7840      -1142.227          28.000    21231395.707    86939016.0751       -900.464          22.000  
S31  38498377.508   202310341.0550       -458.120          34.000  
S33  39204603.260   206021620.4480       -457.061          44.000  
G19  21306068.270   111964174.4720       -635.415          31.000                                                                  
C36  25050586.431   130444982.3050      -3600.527          31.000                                                                  
C11  24068641.288   125331731.0171      -2159.532          20.000                                                                  
C26  25319658.429   131846094.4270       1480.631          33.000                                                                  
E11  25427722.215   133623505.3310       2040.893          35.000    25427721.395   102386885.0210       1563.070          31.000  
G21  24863960.229   130660992.7861       3159.806          26.000    24863939.042   101813673.9161       2455.365          12.000  
E31  24651128.319   129542553.4901      -1616.659          21.000    24651144.678    99259943.7600      -1234.109          28.000  
E16  24822930.311   130445372.9490       1059.244          42.000    24822931.714    99951617.0780        811.771          35.000  
E12  24092219.732   126605447.5830        -30.684          32.000    24092219.235    97009382.5011        -21.351          25.000  
E33  25756481.488   135351223.2831      -2572.702          19.000    25756493.269   103710724.6351      -1975.437          21.000  
G13  23876161.560   125470075.0071       2712.425          23.000    23876156.314    97768879.3060       2114.330          30.000  
E10  25242975.695   132652898.7910       1144.171          34.000    25242981.756   101643081.0170        876.613          41.000  
> 2026  7 21 10 32  0.0030000  0 32                           
G24  24247493.955   127421406.2960      -2201.279          38.000    24247490.567    99289425.8240      -1715.399          36.000  
S35  38949837.566   204682822.1000       -460.256          41.000  
G11  22085020.370   116057654.1010       1287.146          40.000    22085015.703    90434445.4230       1002.466          35.000  
G12  24218179.285   127267470.5360       2862.437          27.000                                                                  
G14  23586246.866   123946562.9741      -3776.085          26.000                                                                  
G22  22574877.100   118631729.7200      -2695.244          29.000                                                                  
C20  26376766.880   137350808.4190       1749.228          27.000                                                                  
C29  22685615.342   118129947.6970      -1272.245          34.000                                                                  
C39  23308857.654   121375300.0830      -1586.337          46.000                                                                  
C35  24243090.551   126240127.6710        996.567          46.000                                                                  
R12  20281775.613   108341639.4410        310.540          44.000    20281773.805    84265679.7960        241.790          40.000  
R22  20525319.984   109565587.4550       -880.504          46.000    20525314.890    85217614.3830       -684.760          32.000  
R11  21432568.277   114529122.2070      -3854.285          27.000    21432571.633    89078238.3531      -3002.289          22.000  
R23  22025626.060   117822287.8530       1334.836          38.000                                                                  
R21  23363959.130   125025241.4110      -3554.063          28.000                                                                  
G17  23363936.533   122778480.1220      -2045.382          27.000                                                                  
G06  21233571.353   111583261.4070      -1150.888          28.000    21233580.548    86947962.4841       -897.216          22.000  
S31  38499252.773   202314940.3690       -461.826          34.000  
S33  39205476.474   206026209.3630       -460.709          44.000  
G19  21307282.909   111970561.1640       -641.202          29.000                                                                  
G03  25302214.203   132964033.0271      -3196.959          17.000                                                                  
C36  25057505.540   130481005.0340      -3605.339          30.000                                                                  
C11  24072822.373   125353502.9621      -2172.396          22.000                                                                  
C26  25316823.171   131831331.3250       1472.305          32.000                                                                  
E11  25423846.778   133603128.2000       2035.165          36.000    25423844.071   102371271.3840       1559.207          31.000  
G21  24857953.213   130629425.5010       3156.604          27.000                                                                  
E31  24654223.549   129558818.7391      -1620.296          22.000    24654215.711    99272311.7690      -1239.634          28.000  
E16  24820920.241   130434811.3480       1053.202          42.000    24820922.101    99943524.4090        806.976          34.000  
E12  24092284.261   126605788.2850        -38.143          32.000    24092281.248    97009632.2271        -28.287          26.000  
E33  25761375.304   135376940.3211      -2562.436          20.000    25761390.389   103730443.6641      -1977.979          21.000  
G13  23871004.339   125442974.3741       2711.010          25.000    23870998.957    97747759.1480       2109.573          29.000  
E10  25240806.988   132641493.5540       1137.089          35.000    25240811.345   101634341.9490        871.376          41.000  
> 2026  7 21 10 32 10.0030000  0 32                           
G24  24251689.684   127443455.7420      -2208.426          36.000    24251686.427    99306607.2010      -1721.212          35.000  
S35  38950716.410   204687441.8230       -463.547          41.000  
G11  22082578.295   116044819.3250       1279.469          40.000    22082573.711    90424444.2880        997.246          35.000  
G12  24212735.567   127238876.9660       2856.781          27.000                                                                  
G14  23593442.758   123984378.2270      -3781.964          27.000                                                                  
G22  22580014.977   118658721.0040      -2702.482          27.000                                                                  
C20  26373409.362   137333345.8780       1743.632          28.000                                                                  
C29  22688064.054   118142697.1720      -1277.398          33.000    22687692.877    91353937.6621       -829.602          12.000  
C39  23311911.885   121391205.9920      -1594.824          46.000                                                                  
C35  24241180.521   126230186.8450        991.485          45.000                                                                  
R12  20281205.064   108338592.9960        298.569          44.000    20281203.983    84263310.3330        232.139          40.000  
R22  20526976.776   109574429.9330       -888.148          46.000    20526972.190    85224491.9010       -690.830          33.000  
R11  21439793.300   114567754.1171      -3861.395          20.000    21439795.005    89108260.5761      -2997.760          17.000  
R23  22023137.695   117808975.9680       1327.498          38.000                                                                  
R21  23370602.843   125060800.7420      -3557.638          26.000                                                                  
G17  23367833.465   122798957.0400      -2049.879          27.000                                                                  
G06  21235781.197   111594808.8750      -1159.311          31.000    21235779.417    86956966.6601       -903.520          23.000  
S31  38500134.473   202319573.6770       -465.767          34.000  
S33  39206355.933   206030832.5290       -464.041          44.000  
G19  21308507.849   111977003.1250       -646.767          27.000                                                                  
C36  25064433.611   130517076.6690      -3609.742          27.000                                                                  
C11  24077012.817   125375323.3171      -2176.168          25.000                                                                  
C26  25314002.661   131816643.4930       1464.364          31.000                                                                  
E11  25419980.223   133582806.3890       2029.417          36.000    25419976.677   102355700.1090       1554.941          31.000  
G21  24851948.648   130597878.1850       3153.430          28.000                                                                  
E31  24657324.610   129575114.7421      -1623.578          20.000    24657300.427    99284731.1390      -1245.494          28.000  
E16  24818921.782   130424307.5510       1047.404          42.000    24818923.732    99935476.0440        802.474          34.000  
E12  24092362.853   126606201.2210        -44.987          31.000    24092359.771    97009948.6471        -34.134          27.000  
E33  25766262.074   135402620.7741      -2581.629          19.000    25766295.249   103750193.1391      -1975.744          22.000  
G13  23865855.609   125415917.4571       2699.867          26.000    23865852.111    97726683.3540       2105.662          29.000  
E10  25238652.875   132630155.9540       1130.398          36.000    25238654.050   101625654.7010        866.130          42.000  
E25                                                                  28560200.577   115000092.4441       1680.296          14.000  
> 2026  7 21 10 32 20.0030000  0 32                           
G24  24255899.031   127465578.2380      -2215.299          35.000    24255896.286    99323845.5400      -1726.834          35.000  
S35  38951601.526   204692092.8380       -466.370          42.000  
G11  22080150.491   116032059.8340       1272.563          39.000    22080145.970    90414501.8530        991.723          35.000  
G12  24207306.430   127210334.5240       2852.001          26.000                                                                  
G14  23600642.902   124022227.5490      -3787.650          26.000                                                                  
G22  22585162.346   118685828.4461      -2708.159          24.000                                                                  
C20  26370052.851   137315935.7820       1738.672          29.000                                                                  
C29  22690522.296   118155493.9770      -1281.300          31.000                                                                  
C39  23314982.090   121407194.6550      -1602.520          46.000                                                                  
C35  24239280.230   126220295.7070        987.205          44.000                                                                  
R12  20280656.607   108335665.2730        287.110          44.000    20280656.118    84261033.2020        223.469          40.000  
R22  20528647.108   109583345.3660       -894.698          46.000    20528643.113    85231426.1020       -695.796          31.000  
R11  21447010.740   114606322.5301      -3875.265          17.000    21447031.589    89138337.3751      -3003.475          16.000  
R23  22020662.490   117795737.2800       1320.523          38.000                                                                  
R21  23377241.485   125096389.3960      -3559.796          26.000                                                                  
G17  23371739.134   122819475.9950      -2053.728          28.000                                                                  
G06  21237994.623   111606435.6500      -1166.760          31.000    21237995.983    86966042.5931       -908.534          26.000  
S31  38501022.084   202324238.4890       -468.249          34.000  
S33  39207241.335   206035486.4000       -466.294          44.000  
G19  21309742.483   111983498.8480       -651.983          26.000                                                                  
C36  25071370.897   130553195.6260      -3613.734          27.000                                                                  
C11  24081198.110   125397117.7661      -2181.510          22.000                                                                  
C26  25311196.874   131802029.4260       1458.322          29.000                                                                  
E11  25416123.890   133562538.3700       2024.267          35.000    25416119.312   102340170.0840       1551.241          31.000  
G21  24845948.891   130566362.4570       3150.012          28.000                                                                  
E31  24660427.821   129591421.9721      -1620.677          13.000    24660397.318    99297200.5000      -1248.918          28.000  
E16  24816933.725   130413860.0300       1042.221          43.000    24816935.498    99927470.8320        798.401          34.000  
E12  24092451.123   126606684.8200        -51.191          31.000    24092451.949    97010316.8730        -38.833          27.000  
E33  25771166.198   135428391.5331      -2596.963          18.000    25771211.479   103769989.1511      -1981.612          21.000  
G13  23860723.677   125388956.5770       2696.853          28.000    23860715.993    97705650.9230       2101.881          28.000  
E10  25236508.110   132618884.4110       1124.087          37.000    25236509.388   101617018.0840        861.545          42.000  
E25                                                                  28556028.001   114983291.1031       1681.639          13.000  
> 2026  7 21 10 32 30.0030000  0 32                           
G24  24260121.774   127487769.4180      -2222.592          36.000    24260119.024    99341137.3280      -1731.754          35.000  
S35  38952491.767   204696771.7770       -468.787          42.000  
G11  22077735.847   116019371.4450       1265.269          39.000    22077731.230    90404614.8000        985.944          35.000  
G12  24201884.625   127181839.1770       2846.798          26.000                                                                  
G14  23607837.868   124060132.8750      -3793.428          26.000                                                                  
G22  22590326.012   118712963.8741      -2718.297          23.000                                                                  
C20  26366695.558   137298573.7840       1733.920          28.000                                                                  
C29  22692988.596   118168334.0300      -1285.805          29.000                                                                  
C39  23318067.322   121423261.8620      -1610.536          45.000                                                                  
C35  24237389.365   126210450.1070        982.399          44.000                                                                  
R12  20280130.376   108332852.1220        275.728          44.000    20280129.700    84258845.1940        214.470          40.000  
R22  20530330.261   109592329.4890       -901.870          46.000    20530324.860    85238422.7320       -701.158          31.000  
R11  21454263.751   114645074.3650      -3880.270          26.000    21454284.603    89168482.4131      -3019.013          18.000  
R23  22018200.658   117782567.2310       1313.786          38.000                                                                  
R21  23383891.862   125132002.9130      -3562.581          27.000                                                                  
G17  23375652.357   122840032.5610      -2057.875          27.000                                                                  
G06  21240222.802   111618137.3070      -1173.626          28.000    21240224.779    86975164.9490       -914.143          27.000  
S31  38501915.647   202328930.8470       -470.592          34.000  
S33  39208132.704   206040168.3430       -469.529          44.000  
G19  21310991.218   111990014.4881       -656.666          26.000                                                                  
C36  25078316.755   130589357.5990      -3618.073          28.000                                                                  
C11  24085386.841   125418928.7671      -2180.893          23.000                                                                  
C26  25308407.069   131787516.5011       1449.377          23.000                                                                  
E11  25412276.635   133542319.9050       2019.688          34.000    25412271.023   102324678.0450       1547.539          30.000  
G21  24839956.198   130534873.5430       3147.748          28.000                                                                  
E31  24663532.030   129607735.3861      -1637.827          21.000    24663505.496    99309716.8700      -1254.690          27.000  
E16  24814955.672   130403464.6170       1037.173          43.000    24814957.676    99919505.4960        794.650          34.000  
E12  24092558.072   126607234.9050        -58.538          32.000    24092555.852    97010738.3810        -44.323          28.000  
E33  25776096.774   135454302.1461      -2580.273          18.000    25776134.235   103789810.4391      -1988.611          20.000  
G13  23855589.774   125362016.3720       2691.865          29.000    23855588.194    97684645.5670       2097.607          27.000  
E10  25234375.393   132607674.7450       1118.048          37.000    25234376.474   101608428.8540        856.900          43.000  
E25                                                                  28551851.605   114966474.7791       1681.639          12.000  
> 2026  7 21 10 32 40.0030000  0 32                           
G24  24264357.246   127510027.7460      -2229.570          36.000    24264354.663    99358481.4960      -1736.958          34.000  
S35  38953387.262   204701477.5080       -471.936          42.000  
G11  22075334.595   116006752.7370       1257.698          38.000    22075329.961    90394782.0110        980.419          35.000  
G12  24196468.874   127153301.9780       2842.706          25.000                                                                  
G14  23615057.023   124097975.1340      -3799.328          26.000                                                                  
G22  22595512.776   118740220.1651      -2722.193          24.000                                                                  
C20  26363358.009   137281258.6440       1729.825          26.000                                                                  
C29  22695463.568   118181215.8510      -1290.629          26.000                                                                  
C39  23321167.589   121439406.1270      -1618.548          45.000                                                                  
C35  24235507.498   126200648.6130        977.657          44.000                                                                  
R12  20279625.217   108330152.1590        264.141          44.000    20279624.421    84256745.2190        205.357          39.000  
R22  20532025.646   109601380.7900       -908.920          46.000    20532020.016    85245462.6010       -706.864          31.000  
R11  21461542.104   114683917.8410      -3888.846          30.000    21461556.968    89198707.9841      -3026.503          23.000  
R23  22015751.458   117769464.6310       1306.795          37.000                                                                  
R21  23390554.908   125167639.9230      -3565.482          28.000                                                                  
G17  23379571.420   122860625.3560      -2061.596          24.000                                                                  
G06  21242464.152   111629912.3850      -1181.478          29.000    21242468.197    86984340.4030       -921.058          27.000  
S31  38502813.420   202333649.6320       -473.619          34.000  
S33  39209028.617   206044876.2610       -472.413          44.000  
G19  21312255.396   111996657.8261       -662.195          24.000                                                                  
C36  25085270.393   130625560.8930      -3622.632          30.000                                                                  
C11  24089601.001   125440873.2381      -2188.492          22.000                                                                  
E11  25408438.527   133522149.7280       2014.015          34.000    25408431.468   102309222.9900       1543.704          29.000  
G21  24833961.085   130503410.2670       3144.641          26.000                                                                  
E31  24666652.319   129624132.5431      -1646.191          25.000    24666625.720    99322278.9260      -1258.813          28.000  
E16  24812987.080   130393119.9550       1031.696          43.000    24812989.263    99911579.0770        790.222          34.000  
E12  24092676.312   126607849.9280        -64.921          31.000    24092672.208    97011209.6570        -49.714          29.000  
E33  25781051.851   135480341.2061      -2589.616          20.000    25781068.438   103809678.5971      -1991.782          19.000  
G13  23850472.414   125335126.3200       2685.430          31.000    23850469.288    97663686.2520       2093.017          26.000  
E10  25232253.745   132596525.5220       1111.648          38.000    25232255.376   101599885.9390        851.775          43.000  
E23                                                                  28421481.775   114441529.4181      -2349.703          13.000  
E25                                                                  28547692.516   114949727.1571       1674.192          11.000  
> 2026  7 21 10 32 50.0030000  0 32                           
G24  24268607.119   127532359.3430      -2236.638          36.000    24268604.545    99375882.7600      -1743.142          35.000  
S35  38954288.818   204706214.7410       -474.749          41.000  
G11  22072947.488   115994209.8930       1250.790          37.000    22072943.315    90385008.3650        975.323          36.000  
G12  24191056.844   127124903.9510       2837.697          24.000                                                                  
G14  23622291.878   124135994.4430      -3804.582          28.000                                                                  
G22  22600703.481   118767497.9041      -2734.860          23.000                                                                  
C20  26360038.220   137263996.8600       1723.391          26.000                                                                  
C29  22697948.253   118194145.5780      -1295.086          25.000                                                                  
C39  23324284.161   121455633.5780      -1626.270          45.000                                                                  
C35  24233635.200   126190897.3580        973.089          44.000                                                                  
R12  20279142.454   108327571.7520        252.461          43.000    20279141.381    84254738.2290        196.471          38.000  
R22  20533734.793   109610505.3690       -915.730          46.000    20533730.437    85252559.5180       -712.744          31.000  
R06  24372096.681   130054177.1111       1131.136          25.000                                                                  
R11  21468827.502   114722850.6760      -3897.375          30.000    21468842.220    89228987.1201      -3034.419          25.000  
R23  22013315.417   117756435.7050       1300.048          37.000                                                                  
R21  23397227.180   125203306.6930      -3567.666          27.000                                                                  
G17  23383498.597   122881113.7091      -2065.303          22.000                                                                  
G06  21244721.231   111641766.9800      -1188.693          26.000    21244717.604    86993577.7280       -926.100          27.000  
S31  38503717.538   202338400.7980       -476.680          34.000  
S33  39209930.889   206049616.4920       -475.398          44.000  
G19  21313513.682   112003269.8911       -665.407          19.000                                                                  
C36  25092233.144   130661811.8100      -3627.693          30.000                                                                  
C11  24093807.879   125462779.5301      -2188.045          20.000                                                                  
R13  23211998.440   123950776.1531       3222.401          25.000                                                                  
E11  25404610.923   133502033.9730       2008.565          33.000    25404602.775   102293809.6120       1539.793          29.000  
G21  24827971.645   130471978.8940       3142.438          27.000                                                                  
E31  24669776.194   129640548.5971      -1653.988          25.000    24669758.194    99334891.5720      -1263.286          27.000  
E16  24811029.563   130382832.2950       1026.405          43.000    24811031.261    99903696.3260        786.403          34.000  
E12  24092801.731   126608536.1350        -72.292          30.000    24092802.544    97011735.4530        -54.464          30.000  
E33  25786006.337   135506377.5631      -2602.979          20.000    25786011.284   103829581.5651      -2000.842          18.000  
G13  23845366.554   125308292.6150       2680.196          32.000    23845361.777    97642770.0811       2089.731          25.000  
E10  25230144.850   132585442.9470       1105.179          37.000    25230146.660   101591394.1110        846.780          43.000  
> 2026  7 21 10 33  0.0030000  0 33                           
G24  24272868.678   127554754.0820      -2242.866          36.000    24272866.237    99393333.1750      -1747.061          34.000  
S35  38955194.649   204710975.1780       -476.619          41.000  
G11  22070572.938   115981732.9290       1244.980          36.000    22070569.486    90375286.1070        970.294          36.000  
G12  24185656.686   127096483.1051       2833.513          23.000                                                                  
G14  23629541.665   124174063.7790      -3809.144          29.000                                                                  
G22  22605897.951   118794794.5431      -2733.711          21.000                                                                  
C20  26356729.242   137246405.2261       1726.596          23.000                                                                  
C29  22700452.055   118207210.5781      -1295.840          20.000                                                                  
C39  23327414.214   121471934.2670      -1633.456          44.000                                                                  
C35  24231770.304   126181186.3650        969.412          44.000                                                                  
R12  20278680.194   108325100.7280        241.861          43.000    20278678.760    84252816.3040        188.324          38.000  
R22  20535455.817   109619693.0550       -921.462          46.000    20535452.047    85259705.4820       -717.050          32.000  
R06  24369981.695   130042891.2021       1123.901          26.000                                                                  
R11  21476128.724   114761862.3930      -3904.917          32.000    21476144.174    89259335.1331      -3038.523          21.000  
R23  22010891.770   117743470.1920       1293.701          38.000                                                                  
R21  23403887.886   125238931.2921      -3569.657          25.000                                                                  
G17  23387413.611   122901687.8641      -2067.914          21.000                                                                  
G06  21246984.675   111653658.0601      -1196.925          25.000    21246987.800    87002869.3460       -931.864          28.000  
S31  38504625.558   202343174.2310       -478.212          34.000  
S33  39210837.139   206054379.5030       -477.006          44.000  
C36  25099203.141   130698100.2420      -3631.022          30.000                                                                  
C11  24098023.910   125484733.9551      -2196.625          22.000                                                                  
C26  25300114.339   131744333.6301       1431.011          25.000                                                                  
C32  27132156.928   141284260.8581       -422.484          20.000                                                                  
R13  23205976.303   123918615.8700       3216.273          26.000                                                                  
E11  25400791.835   133481962.6380       2005.541          33.000    25400782.367   102278430.3520       1536.320          29.000  
G21  24821992.113   130440569.5670       3139.679          27.000                                                                  
E31  24672907.331   129657002.8251      -1654.521          26.000    24672900.611    99347547.1190      -1267.405          27.000  
E16  24809080.795   130372591.6690       1021.941          43.000    24809082.239    99895849.6510        783.038          34.000  
E12  24092943.219   126609283.4060        -77.184          31.000    24092946.999    97012308.0670        -59.548          30.000  
E33  25790954.983   135532382.9991      -2604.919          19.000    25790961.898   103849516.2281      -1995.536          17.000  
G13  23840269.348   125281505.3790       2676.851          32.000    23840260.433    97621880.9071       2085.769          22.000  
E10  25228046.472   132574417.0310       1100.269          38.000    25228048.474   101582945.6610        842.909          43.000  
> 2026  7 21 10 33 10.0030000  0 32                           
G24  24277142.230   127577211.1710      -2248.628          37.000    24277139.521    99410832.2320      -1752.529          34.000  
S35  38956104.472   204715756.1560       -479.032          41.000  
G11  22068210.818   115969321.1670       1237.819          37.000    22068208.382    90365614.6250        964.553          37.000  
G12  24180277.602   127068215.9451       2837.824          24.000                                                                  
G14  23636799.211   124212182.3130      -3813.653          29.000                                                                  
G22  22611118.605   118822230.0191      -2740.346          25.000                                                                  
C20  26353423.210   137229189.5501       1712.428          22.000                                                                  
C29  22702939.341   118220162.4211      -1308.642          21.000                                                                  
C39  23330558.057   121488307.4130      -1640.669          44.000                                                                  
C35  24229913.075   126171514.9310        965.619          45.000                                                                  
R12  20278238.080   108322738.4580        230.995          43.000    20278236.493    84250978.9550        179.739          38.000  
R22  20537188.373   109628943.0510       -927.871          45.000    20537185.269    85266910.9130       -721.945          32.000  
R06  24367879.388   130031672.7081       1116.204          24.000                                                                  
R11  21483445.042   114800952.0930      -3912.510          33.000    21483454.724    89289719.2851      -3040.300          17.000  
R23  22008479.703   117730567.4210       1287.720          38.000                                                                  
R21  23410554.578   125274606.1921      -3571.418          23.000                                                                  
G17  23391340.835   122922325.3791      -2070.335          21.000                                                                  
G06  21249252.201   111665573.3851      -1201.983          22.000    21249271.485    87012214.4130       -937.081          29.000  
S31  38505538.179   202347969.4790       -480.554          34.000  
S33  39211747.645   206059164.0490       -479.198          44.000  
C36  25106179.071   130734425.3990      -3633.600          30.000                                                                  
C11  24102254.808   125506764.8751      -2195.286          25.000                                                                  
C26  25297364.761   131730041.5670       1424.547          29.000                                                                  
R13  23199956.319   123886484.7490       3210.723          27.000                                                                  
E11  25396979.559   133461935.1600       2000.559          32.000    25396970.318   102263084.6130       1532.926          28.000  
G21  24816013.761   130409181.4810       3138.098          27.000                                                                  
E31  24676053.882   129673545.8850      -1660.060          26.000    24676052.909    99360240.9530      -1271.034          26.000  
E16  24807140.790   130362397.4230       1017.299          44.000    24807142.026    99888038.5070        778.947          34.000  
E12  24093101.894   126610091.1050        -83.629          32.000    24093101.070    97012926.9590        -63.773          31.000  
E33  25795900.305   135558370.9881      -2613.928          19.000    25795916.568   103869466.1061      -2002.079          15.000  
G13  23835180.488   125254764.0620       2670.935          32.000    23835169.377    97601033.3521       2081.056          22.000  
E10  25225958.978   132563447.0270       1094.918          38.000    25225960.953   101574540.0810        838.555          43.000  
> 2026  7 21 10 33 20.0030000  0 34                           
G24  24281427.557   127599730.0090      -2255.127          38.000    24281424.788    99428379.4040      -1757.786          34.000  
S35  38957018.469   204720559.2180       -481.873          42.000  
G11  22065861.651   115956974.1640       1230.851          37.000    22065859.006    90355993.5660        959.646          36.000  
G12  24174901.141   127039962.5411       2824.587          25.000    24174906.176    98992198.6961       2198.064          24.000  
G14  23644063.723   124250349.6030      -3819.537          29.000                                                                  
G22  22616339.846   118849700.7440      -2748.366          26.000                                                                  
C20  26350137.888   137212082.3771       1711.203          23.000                                                                  
C29  22705430.718   118233135.4281      -1302.352          24.000                                                                  
C39  23333715.899   121504752.5610      -1648.468          44.000                                                                  
C35  24228063.457   126161882.6220        961.047          45.000                                                                  
R12  20277816.488   108320484.5440        219.591          42.000    20277814.364    84249225.8840        170.747          37.000  
R22  20538932.835   109638254.8990       -934.632          45.000    20538930.144    85274153.4980       -727.421          31.000  
R06  24365796.452   130020557.7401       1107.106          25.000                                                                  
R11  21490774.703   114840119.5260      -3920.373          30.000                                                                  
R23  22006079.260   117717726.9390       1280.560          39.000                                                                  
R21  23417235.331   125310355.7381      -3572.201          22.000                                                                  
G17  23395289.242   122943074.2961      -2074.698          25.000                                                                  
G06  21251563.876   111677721.4101      -1209.926          26.000    21251563.498    87021612.6140       -942.170          28.000  
S31  38506454.406   202352785.3010       -483.436          33.000  
S33  39212662.137   206063969.9280       -481.934          44.000  
G19  21317356.697   112023464.8441       -683.781          22.000                                                                  
C36  25113161.233   130770786.8500      -3638.539          29.000                                                                  
C11  24106471.681   125528723.7171      -2202.114          26.000                                                                  
C26  25294635.870   131715832.9440       1418.422          30.000                                                                  
R13  23193952.713   123854414.4870       3203.387          28.000                                                                  
R07  25108794.648   134409343.3421       2823.195          14.000                                                                  
E11  25393175.590   133441951.0160       1996.119          31.000    25393166.885   102247772.0910       1529.436          28.000  
G21  24810044.659   130377814.5150       3135.071          28.000                                                                  
E31  24679213.707   129690172.4600      -1665.549          26.000    24679216.386    99372980.8550      -1276.359          25.000  
E16  24805210.150   130352249.1720       1012.027          44.000    24805210.315    99880262.5410        776.266          34.000  
E12  24093270.311   126610958.7640        -90.081          31.000    24093266.314    97013591.7740        -69.230          31.000  
E33  25800862.178   135584445.6741      -2608.188          18.000    25800875.762   103889435.2841      -1986.536          13.000  
G13  23830099.329   125228068.1950       2667.023          33.000    23830088.971    97580230.0371       2079.244          21.000  
E10  25223881.846   132552532.5650       1088.471          38.000    25223883.949   101566177.0250        833.859          43.000  
> 2026  7 21 10 33 30.0030000  0 31                           
G24  24285724.153   127622308.7250      -2260.394          39.000    24285721.432    99445973.1710      -1761.554          34.000  
S35  38957935.988   204725381.5870       -482.760          42.000  
G11  22063524.448   115944690.0450       1225.447          36.000    22063521.084    90346421.5630        954.547          35.000  
G12  24169532.212   127011748.0821       2821.764          25.000    24169538.227    98970218.2061       2203.419          25.000  
G14  23651335.376   124288563.6910      -3823.007          29.000                                                                  
G22  22621569.649   118877150.6381      -2752.727          25.000                                                                  
C20  26346881.660   137195125.8481       1708.124          26.000                                                                  
C29  22707941.398   118246209.4661      -1309.347          26.000                                                                  
C39  23336887.768   121521267.8250      -1654.600          44.000                                                                  
C35  24226220.605   126152287.5890        958.081          44.000                                                                  
R12  20277414.242   108318337.2260        209.593          42.000    20277412.004    84247555.7410        162.758          37.000  
R22  20540688.880   109647626.5940       -939.672          46.000    20540687.103    85281442.5680       -730.696          31.000  
R11  21498117.001   114879362.3090      -3927.510          30.000                                                                  
R23  22003690.424   117704946.8210       1275.368          41.000                                                                  
R21  23423922.622   125346140.6931      -3569.821          22.000                                                                  
G17  23399269.686   122963931.2910      -2078.131          28.000                                                                  
G06  21253847.745   111689723.2381      -1215.707          25.000    21253869.889    87031062.5770       -947.131          28.000  
S31  38507374.925   202357621.7790       -484.671          33.000  
S33  39213580.172   206068795.3970       -483.113          44.000  
G19  21318669.168   112030362.0661       -678.035          23.000                                                                  
C36  25120149.724   130807182.6390      -3641.109          28.000                                                                  
C11  24110703.193   125550739.0320      -2203.996          26.000                                                                  
C26  25291918.759   131701685.2380       1411.929          31.000                                                                  
R13  23187958.149   123822403.1480       3198.659          28.000                                                                  
E11  25389379.045   133422008.4630       1992.332          29.000    25389372.550   102232491.4530       1526.758          29.000  
G21  24804079.075   130346466.7180       3134.369          28.000    24804079.319   101568557.7341       2438.783          24.000  
E31  24682391.517   129706852.1710      -1670.783          24.000    24682387.866    99385747.2661      -1279.112          25.000  
E16  24803287.457   130342145.0950       1008.690          44.000    24803287.016    99872520.5420        772.171          34.000  
E12  24093444.606   126611884.4350        -94.974          31.000    24093442.559    97014301.0820        -72.954          32.000  
G13  23825027.364   125201416.1200       2663.481          33.000    23825015.623    97559455.6841       2069.795          20.000  
E10  25221814.680   132541671.7350       1083.576          38.000    25221817.274   101557855.0880        830.480          44.000  
> 2026  7 21 10 33 40.0030000  0 32                           
G24  24290031.375   127644942.0170      -2266.900          39.000    24290028.467    99463609.4880      -1766.039          33.000  
S35  38958856.344   204730217.9030       -484.723          42.000  
G11  22061197.875   115932463.6340       1219.562          37.000    22061193.976    90336894.4950        949.821          36.000  
G12  24164170.793   126983573.7621       2817.853          25.000    24164169.036    98948232.7031       2195.616          25.000  
G14  23658615.776   124326819.3400      -3828.080          29.000                                                                  
G22  22626804.784   118904660.9721      -2767.394          21.000                                                                  
C20  26343600.072   137178037.7161       1704.523          26.000                                                                  
C29  22710467.553   118259336.0490      -1312.931          29.000                                                                  
C39  23340071.743   121537848.0870      -1661.835          44.000                                                                  
C35  24224384.054   126142724.6730        954.092          43.000                                                                  
R12  20277030.802   108316291.1290        199.303          41.000    20277029.103    84245964.3180        154.759          36.000  
R22  20542454.936   109657052.8020       -945.770          45.000    20542453.402    85288774.0770       -735.335          29.000  
R11  21505472.963   114918675.1060      -3935.387          30.000    21505462.492    89381188.6531      -3056.586          21.000  
R23  22001311.549   117692221.6680       1269.241          41.000                                                                  
R21  23430613.378   125381944.1981      -3575.351          20.000                                                                  
G17  23403229.421   122984715.9600      -2080.152          28.000                                                                  
G06  21256187.787   111701915.7150      -1222.587          32.000    21256188.053    87040560.0750       -952.398          28.000  
S31  38508297.145   202362471.1540       -485.845          33.000  
S33  39214501.099   206073634.5510       -484.900          44.000  
G19  21319969.592   112037195.4531       -684.877          20.000                                                                  
C36  25127144.630   130843607.4910      -3643.843          27.000                                                                  
C11  24114938.680   125572789.8130      -2206.791          27.000                                                                  
C26  25289212.499   131687594.8360       1405.643          31.000                                                                  
R13  23181971.672   123790445.7840       3192.292          28.000                                                                  
E11  25385587.715   133402102.3340       1988.437          29.000    25385584.140   102217238.6460       1524.056          30.000  
G21  24798116.023   130315133.2820       3132.581          30.000    24798114.097   101544131.3221       2439.567          23.000  
E31  24685579.918   129723597.6141      -1676.296          25.000    24685571.035    99398564.3421      -1283.531          26.000  
E16  24801372.297   130332080.1260       1004.104          44.000    24801371.466    99864808.4420        768.928          34.000  
E12  24093629.769   126612862.9690       -100.947          31.000    24093628.444    97015050.8590        -77.585          32.000  
G13  23819962.376   125174802.7670       2658.852          34.000    23819952.148    97538721.9101       2078.787          19.000  
E10  25219757.445   132530859.4150       1078.407          39.000    25219759.564   101549570.3320        826.415          44.000  
E33                                                                  25810840.987   103929560.7041      -2001.344          13.000  
