     3.05           O: OBSERVATION      M: MIXED            RINEX VERSION / TYPE
PYRINEXCONV 0.1.2 ALDELTUNES            20260721 070210 UTC PGM / RUN BY / DATE
UNKN                                                        MARKER NAME
NONE                                                        MARKER TYPE
                                                            OBSERVER / AGENCY
                                                            REC # / TYPE / VERS
                                                            ANT # / TYPE
   112633.3111 -5325483.9908  3496554.7997                  APPROX POSITION XYZ
        0.0000        0.0000        0.0000                  ANTENNA: DELTA H/E/N
E    8 C1C L1C D1C S1C C7Q L7Q D7Q S7Q                      SYS / # / OBS TYPES
S    4 C1C L1C D1C S1C                                      SYS / # / OBS TYPES
G    8 C1C L1C D1C S1C C2L L2L D2L S2L                      SYS / # / OBS TYPES
C    8 C2I L2I D2I S2I C7I L7I D7I S7I                      SYS / # / OBS TYPES
R    8 C1C L1C D1C S1C C2C L2C D2C S2C                      SYS / # / OBS TYPES
DBHZ                                                        SIGNAL STRENGTH UNIT
    10.000                                                  INTERVAL
  2026     7    21     6    52   30.9990000     GPS         TIME OF FIRST OBS
  2026     7    21     7     2   20.9990000     GPS         TIME OF LAST OBS
  8 R01  1 R08  6 R09 -2 R10 -7 R11  0 R19  3 R20  2 R21  4 GLONASS SLOT / FRQ
 C1C    0.000 C1P    0.000 C2C    0.000 C2P    0.000        GLONASS COD/PHS/BIS
    18        2428     2GPS                                 LEAPSECONDS
    40                                                      # OF SATELLITES
                                                            END OF HEADER
> 2026  7 21  6 52 30.9990000  0 33                           
E28  26154356.106   137442068.0731      -3279.345          21.000    26154348.366   105312726.7590      -2512.236          28.000  
S35  37817656.933   198733158.4080       -497.087          41.000  
G07  20912079.802   109893684.4810      -2631.708          32.000                                                                  
G02  22056292.020   115906646.1110      -2488.823          29.000                                                                  
G30  19862940.314   104380437.8760       -344.466          42.000    19862939.619    81335398.0130       -268.100          35.000  
G08  23884693.990   125514913.3121      -3842.187          15.000                                                                  
C27  22751011.351   118470485.8001      -2595.507          25.000                                                                  
C29  24191379.322   125970857.1090       2595.482          27.000                                                                  
C30  21232701.457   110564243.8780        509.874          33.000                                                                  
R01  23324719.930   124683995.0221      -1521.125          23.000                                                                  
R08  23313266.577   124841483.9271      -3503.632          16.000    23313280.139    97098987.5931      -2724.101          22.000  
R20  18960804.276   101391888.3790        -42.298          34.000    18960813.551    78860437.3581        -33.314          25.000  
R11  22351428.157   119439194.9200       2551.991          33.000    22351435.981    92897230.3611       1983.854          17.000  
R09  20385649.339   108858261.6090      -2067.115          27.000    20385651.369    84667520.4751      -1604.723          19.000  
G22  21724698.608   114163971.7520       1045.314          37.000                                                                  
S31  37368649.315   196373563.6650       -494.656          36.000  
S33  38075200.579   200086558.2100       -495.927          44.000  
E06  25118189.989   131996907.3610      -1846.354          41.000    25118191.711   101140551.2810      -1414.937          39.000  
C11  22906591.995   119280719.7620       2001.451          39.000                                                                  
C36  22055392.578   114848230.2410       1207.190          38.000                                                                  
R10  19739117.425   105220602.8971        637.842          19.000                                                                  
R19  21472678.196   114864348.8181      -3852.921          20.000    21472635.037    89338758.1001      -2990.140          18.000  
E04  25326142.594   133089705.8280      -2825.015          37.000    25326146.321   101977879.2050      -2164.992          34.000  
E31  24402443.818   128235712.8470        587.199          37.000    24402443.463    98258578.7990        449.634          42.000  
G14  20618427.337   108350481.1230        861.932          38.000    20618424.088    84429011.8240        671.790          34.000  
E33  25431940.379   133645665.3120       2252.173          25.000                                                                  
E26  24623511.823   129397427.5371        182.544          21.000                                                                  
E09  25614636.662   134605857.0140       -679.084          35.000    25614638.297   103139531.4230       -520.398          35.000  
G17  20794691.187   109276919.6650        868.026          43.000    20794691.056    85150756.8140        675.837          30.000  
G19  23376398.237   122843796.3930       2363.320          40.000                                                                  
E23  23707311.985   124582764.4401      -1021.218          19.000    23707310.741    95459516.0591       -779.886          16.000  
G20  23739538.609   124752117.0621       -405.560          26.000    23739535.889    97209430.1031       -321.984          20.000  
R21                                                                  20703003.641    86166840.8300       2433.730          28.000  
> 2026  7 21  6 52 40.9990000  0 35                           
E28  26160601.991   137474890.5751      -3281.246          17.000    26160582.700   105337841.5640      -2510.347          29.000  
S35  37818599.750   198738112.5210       -493.179          41.000  
G07  20917092.182   109920011.7940      -2632.923          34.000                                                                  
G02  22061031.182   115931545.9190      -2490.684          29.000                                                                  
G30  19863598.049   104383894.4190       -346.265          42.000    19863597.539    81338091.4160       -269.405          35.000  
G08  23892008.717   125553352.8991      -3837.059          17.000                                                                  
C27  22756001.143   118496468.7231      -2596.336          26.000                                                                  
C29  24186393.561   125944895.7910       2597.321          27.000                                                                  
C28  26528243.432   138139524.7961      -3636.000          10.000                                                                  
C30  21231724.471   110559159.3240        507.816          31.000                                                                  
R01  23327558.234   124699167.6511      -1521.540          25.000                                                                  
R20  18960889.789   101392339.0900        -46.335          32.000    18960904.757    78860816.4411        -36.244          24.000  
R11  22346649.154   119413654.8990       2556.715          32.000                                                                  
R09  20389516.856   108878939.9510      -2067.542          26.000    20389523.767    84683603.1651      -1608.879          21.000  
G22  21722707.445   114153508.7100       1048.154          38.000                                                                  
S31  37369587.674   196378494.0350       -490.887          36.000  
S33  38076141.312   200091501.2510       -492.363          44.000  
E06  25121702.444   132015372.3840      -1846.083          40.000    25121705.912   101154699.8120      -1414.953          40.000  
C22  26432965.946   137643389.5211      -2503.188          20.000                                                                  
C11  22902748.265   119260705.3430       2001.825          38.000                                                                  
C36  22053072.773   114836149.3450       1209.210          38.000                                                                  
R10  19737922.792   105214234.4281        628.645          19.000                                                                  
R21  20697158.151   110754661.0010       3128.248          29.000    20697162.353    86142507.5800       2432.925          27.000  
R19  21479873.392   114902838.2161      -3846.533          22.000    21479830.458    89368695.3781      -2994.103          20.000  
E04  25331519.013   133117954.6410      -2823.652          38.000    25331522.418   101999524.3470      -2163.803          34.000  
E31  24401324.174   128229831.7260        589.940          36.000    24401324.254    98254072.5010        452.072          42.000  
G14  20616785.248   108341850.3030        864.496          39.000    20616782.123    84422286.5280        673.383          35.000  
E33  25427636.667   133623142.5970       2253.742          24.000                                                                  
E26  24623157.422   129395565.2521        183.005          20.000                                                                  
E09  25615930.860   134612654.8610       -679.745          36.000    25615931.964   103144740.2000       -521.328          35.000  
G17  20793040.572   109268245.5050        867.079          45.000    20793038.915    85143997.6870        675.726          28.000  
G19  23371898.929   122820155.1510       2365.198          39.000                                                                  
G20  23740319.218   124756187.9760       -407.220          28.000    23740308.044    97212591.8431       -321.472          17.000  
E23                                                                  23709245.832    95467307.6601       -791.510          17.000  
R08                                                                  23319819.248    97126223.5231      -2714.973          23.000  
> 2026  7 21  6 52 50.9990000  0 34                           
S35  37819535.595   198743031.6450       -490.092          41.000  
G07  20922107.071   109946354.3490      -2635.018          33.000                                                                  
G02  22065774.861   115956464.3930      -2492.957          30.000                                                                  
G30  19864260.619   104387377.1220       -349.420          42.000    19864260.456    81340805.2230       -272.190          35.000  
G08  23899314.834   125591746.4251      -3838.005          17.000                                                                  
C27  22760977.129   118522380.5541      -2596.869          26.000                                                                  
C29  24181394.548   125918918.7050       2598.013          28.000                                                                  
C30  21230748.706   110554089.5650        506.527          30.000                                                                  
R01  23330407.465   124714386.4380      -1522.759          29.000                                                                  
R20  18960984.563   101392844.8410        -53.007          30.000    18961002.386    78861222.3931        -41.398          24.000  
R11  22341861.069   119388074.2370       2561.229          32.000                                                                  
R09  20393377.286   108899624.6260      -2068.629          27.000    20393407.950    84699735.5271      -1612.729          19.000  
G22  21720711.994   114143020.0190       1050.485          39.000                                                                  
G01  21159816.636   111195585.9641        -73.867          22.000                                                                  
S31  37370519.338   196383389.6940       -488.000          36.000  
S33  38077075.394   200096409.9260       -488.848          44.000  
E06  25125216.588   132033840.3740      -1846.910          39.000    25125220.254   101168850.5890      -1415.269          41.000  
C11  22898903.971   119240690.9100       2001.750          37.000                                                                  
C36  22050750.062   114824053.6850       1210.249          38.000                                                                  
R10  19736729.541   105207873.9941        629.787          22.000                                                                  
R21  20691312.176   110723390.9190       3126.475          29.000    20691319.765    86118186.3720       2431.942          25.000  
R19  21487065.129   114941308.7541      -3846.072          22.000    21487024.344    89398626.3221      -3001.583          22.000  
E04  25336892.662   133146190.3460      -2822.592          38.000    25336896.491   102021159.4600      -2162.671          34.000  
E31  24400197.854   128223919.9120        593.456          35.000    24400199.250    98249542.7010        454.204          41.000  
G14  20615139.219   108333199.8000        866.174          38.000    20615136.259    84415545.8460        674.329          36.000  
E33  25423350.516   133600608.6381       2255.036          25.000                                                                  
E26  24622802.899   129393702.3501        180.835          22.000                                                                  
E09  25617226.351   134619463.9530       -681.286          36.000    25617227.416   103149957.5100       -521.988          34.000  
G17  20791392.303   109259580.5750        866.329          43.000    20791388.379    85137245.7410        675.534          30.000  
G19  23367396.570   122796499.4020       2365.986          37.000                                                                  
G20  23741088.438   124760275.7310       -409.074          29.000    23741089.273    97215791.8251       -323.901          18.000  
E28                                                                  26166812.599   105362932.8110      -2508.106          29.000  
E23                                                                  23711170.015    95475055.6311       -778.819          18.000  
R08                                                                  23326354.590    97153442.9981      -2722.785          26.000  
> 2026  7 21  6 53  0.9990000  0 33                           
S35  37820466.135   198747921.0880       -488.078          41.000  
G07  20927124.238   109972717.3120      -2638.108          32.000                                                                  
G02  22070521.948   115981406.7480      -2495.575          30.000                                                                  
G30  19864929.553   104390891.3490       -353.309          42.000    19864928.796    81343543.5750       -275.411          35.000  
G08  23906605.725   125630060.0721      -3829.677          16.000                                                                  
C27  22765964.548   118548351.5361      -2596.982          26.000                                                                  
C29  24176399.181   125892931.1780       2598.990          29.000                                                                  
C30  21229778.049   110549040.0070        503.401          30.000                                                                  
R01  23333256.256   124729638.7180      -1527.670          29.000                                                                  
R08  23332886.147   124946545.7321      -3508.709          17.000    23332897.028    97180676.2700      -2722.466          28.000  
R20  18961091.066   101393411.1820        -59.964          28.000    18961105.146    78861649.9521        -46.908          23.000  
R11  22337066.894   119362458.1930       2562.507          32.000    22337039.385    92837394.8941       1975.534          13.000  
R09  20397249.054   108920320.9410      -2070.243          27.000                                                                  
G22  21718712.284   114132510.9960       1051.562          38.000                                                                  
S31  37371445.192   196388255.1410       -485.272          36.000  
S33  38078003.566   200101288.1010       -486.635          44.000  
E06  25128733.274   132052316.5910      -1848.648          39.000    25128736.324   101183007.6580      -1416.184          41.000  
C11  22895060.850   119220681.7820       2000.336          37.000                                                                  
C36  22048425.544   114811948.5630       1210.682          38.000                                                                  
R10  19735529.277   105201475.6691        645.775          22.000                                                                  
R21  20685474.117   110692141.8400       3123.792          33.000    20685475.935    86093901.5381       2429.741          25.000  
R19  21494250.741   114979747.0671      -3859.926          22.000    21494223.496    89428578.5041      -2992.048          23.000  
E04  25342264.612   133174418.3340      -2822.773          39.000    25342268.577   102042788.6520      -2163.296          34.000  
E31  24399068.130   128217982.7850        595.009          35.000    24399068.991    98244993.4880        455.621          41.000  
G14  20613490.358   108324534.8600        866.492          37.000    20613487.738    84408793.9530        675.745          36.000  
E33  25419060.583   133578064.4931       2255.324          24.000                                                                  
E26  24622442.166   129391806.9061        183.925          23.000                                                                  
E09  25618525.241   134626289.6350       -683.919          36.000    25618526.152   103155187.5820       -523.343          33.000  
G17  20789746.490   109250930.4240        863.970          46.000    20789743.425    85130505.4050        673.738          32.000  
G19  23362893.062   122772834.5220       2367.235          36.000                                                                  
G20  23741873.357   124764389.6030       -412.433          30.000                                                                  
E28                                                                  26173039.341   105388004.5960      -2506.761          30.000  
E23                                                                  23713097.020    95482814.6051       -773.304          18.000  
> 2026  7 21  6 53 10.9990000  0 33                           
S35  37821390.696   198752780.7220       -484.362          41.000  
G07  20932144.210   109999101.0580      -2639.316          32.000                                                                  
G02  22075274.514   116006373.5380      -2497.769          30.000                                                                  
G30  19865604.848   104394437.6080       -355.994          42.000    19865603.431    81346306.8940       -277.185          36.000  
G08  23913894.813   125668365.2751      -3834.131          18.000                                                                  
C27  22770953.746   118574331.0351      -2597.265          26.000                                                                  
C29  24171404.863   125866933.8810       2600.264          30.000                                                                  
C30  21228812.566   110544011.1470        502.012          32.000                                                                  
R01  23336118.333   124744929.4810      -1530.388          28.000                                                                  
R08  23339421.705   124981542.7591      -3510.149          16.000    23339438.778    97207899.9810      -2722.058          29.000  
R20  18961208.908   101394038.5920        -65.490          28.000    18961220.515    78862129.2161        -55.190          21.000  
R11  22332267.066   119336807.3290       2566.698          32.000    22332248.457    92817483.3621       1998.738          16.000  
R09  20401116.079   108941029.6390      -2071.586          26.000    20401092.693    84731652.9751      -1606.953          16.000  
G22  21716709.246   114121982.1300       1054.125          38.000                                                                  
S31  37372365.495   196393091.5850       -481.456          36.000  
S33  38078926.205   200106137.4080       -483.475          44.000  
E06  25132251.478   132070801.4750      -1848.634          40.000    25132253.900   101197171.4130      -1416.668          41.000  
C11  22891220.064   119200678.5680       1999.897          38.000                                                                  
C36  22046099.444   114799834.5750       1211.711          39.000                                                                  
R10  19734325.232   105195057.4831        638.132          23.000                                                                  
R21  20679639.781   110660914.6450       3121.399          33.000    20679642.184    86069621.6721       2426.696          25.000  
R19  21501436.488   115018185.8551      -3857.268          22.000    21501415.782    89458502.7241      -2997.160          23.000  
E04  25347634.812   133202638.9190      -2821.431          39.000    25347638.527   102064412.1830      -2162.344          32.000  
E31  24397933.963   128212020.8690        597.991          36.000    24397934.526    98240425.2700        457.981          41.000  
G14  20611838.598   108315856.0830        868.994          39.000    20611836.591    84402031.3030        676.874          36.000  
E33  25414756.470   133555445.9231       2259.095          24.000                                                                  
E26  24622093.038   129389971.2341        180.376          24.000                                                                  
E09  25619827.761   134633132.3510       -685.190          36.000    25619828.314   103160430.7100       -525.055          33.000  
G17  20788103.692   109242295.4970        862.682          45.000    20788100.416    85123776.8950        672.646          31.000  
G19  23358388.781   122749161.0880       2367.643          37.000                                                                  
G20  23742661.215   124768529.9020       -414.456          30.000                                                                  
E28                                                                  26179261.420   105413057.2300      -2504.486          30.000  
E23                                                                  23715022.502    95490568.4191       -777.093          19.000  
> 2026  7 21  6 53 20.9990000  0 33                           
E28  26185499.291   137605727.3141      -3266.190          19.000    26185479.836   105438094.5900      -2501.830          30.000  
S35  37822311.086   198757616.7700       -482.480          41.000  
G07  20937168.538   110025510.9250      -2642.044          31.000                                                                  
G02  22080030.580   116031369.8300      -2501.563          28.000                                                                  
G30  19866286.674   104398021.1150       -360.424          42.000    19866285.363    81349099.2360       -280.820          36.000  
G08  23921177.653   125706636.0521      -3836.131          18.000                                                                  
C27  22775939.916   118600295.0791      -2600.214          25.000                                                                  
C29  24166411.112   125840931.9070       2600.522          29.000                                                                  
C30  21227852.354   110539008.1580        498.247          33.000                                                                  
R01  23338989.773   124760263.7450      -1535.546          27.000                                                                  
R08  23345955.990   125016533.4881      -3506.164          21.000    23345977.131    97235122.0210      -2721.828          31.000  
R20  18961339.464   101394732.3710        -73.006          27.000    18961344.480    78862644.7961        -53.829          17.000  
R11  22327461.708   119311127.1880       2569.403          32.000    22327630.994    92798292.0471       1987.125          14.000  
R09  20404993.618   108961755.8550      -2073.846          25.000    20405000.864    84747884.3001      -1615.210          18.000  
G22  21714702.684   114111438.6410       1054.924          38.000                                                                  
S31  37373281.138   196397903.8830       -480.066          36.000  
S33  38079844.507   200110962.2870       -481.362          44.000  
E06  25135771.618   132089300.1740      -1850.693          40.000    25135773.932   101211345.7280      -1418.096          42.000  
C11  22887381.330   119180686.3880       1998.542          38.000                                                                  
C36  22043772.713   114787716.9000       1211.591          39.000                                                                  
R10  19733137.460   105188726.7121        636.379          26.000                                                                  
R21  20673810.204   110629714.5990       3118.860          36.000    20673811.807    86045355.0441       2426.691          25.000  
R19  21508637.967   115056709.7621      -3845.449          23.000    21508614.780    89488454.8931      -2993.121          24.000  
E04  25353005.026   133230857.3040      -2822.012          39.000    25353008.287   102086033.9250      -2161.998          29.000  
E31  24396795.470   128206039.2940        598.604          35.000    24396795.980    98235841.9730        459.005          40.000  
G14  20610185.772   108307168.7100        868.890          39.000    20610183.421    84395261.9090        676.984          36.000  
E33  25410471.120   133532926.1911       2257.102          23.000                                                                  
E26  24621752.239   129388181.0341        179.113          24.000                                                                  
E09  25621134.737   134639997.2440       -687.829          37.000    25621134.687   103165690.8750       -526.951          32.000  
G17  20786464.528   109233680.7930        860.446          45.000    20786459.633    85117064.1140        671.399          30.000  
G19  23353884.046   122725484.1890       2367.572          38.000                                                                  
E23  23716923.694   124633274.2701      -1015.803          19.000    23716941.481    95498294.9231       -776.845          20.000  
G20  23743454.386   124772701.9770       -418.873          30.000                                                                  
> 2026  7 21  6 53 30.9990000  0 33                           
E28  26191710.370   137638366.7241      -3256.454          19.000    26191694.917   105463119.4500      -2501.735          31.000  
S35  37823227.357   198762431.8890       -480.231          41.000  
G07  20942198.012   110051950.3500      -2643.146          30.000                                                                  
G02  22084781.020   116056307.4971      -2505.004          25.000                                                                  
G30  19866976.222   104401645.3170       -364.099          42.000    19866974.821    81351923.2950       -283.912          36.000  
G08  23928455.870   125744884.1481      -3828.864          18.000                                                                  
C37  25936444.103   135057870.4781      -3053.042          26.000                                                                  
C27  22780932.824   118626295.1171      -2601.492          25.000                                                                  
C29  24161416.333   125814928.7460       2600.455          30.000                                                                  
C30  21226897.419   110534034.3420        495.774          34.000                                                                  
R01  23341861.104   124775644.9340      -1540.635          27.000                                                                  
R08  23352495.269   125051551.7081      -3500.260          25.000    23352513.439    97262345.1010      -2722.345          32.000  
R20  18961483.211   101395495.9540        -79.739          25.000    18961481.892    78863216.3161        -52.498          18.000  
R11  22322650.918   119285421.1650       2571.575          31.000                                                                  
R09  20408885.554   108982503.1150      -2076.275          26.000    20408895.907    84764061.9701      -1628.910          16.000  
G22  21712694.206   114100883.9680       1056.381          36.000                                                                  
S31  37374193.265   196402695.6690       -477.771          36.000  
S33  38080759.050   200115767.0300       -479.382          44.000  
E06  25139294.955   132107816.0720      -1852.360          41.000    25139297.452   101225533.1900      -1418.870          42.000  
C11  22883544.727   119160708.7420       1997.217          37.000                                                                  
C36  22041445.467   114775598.9630       1212.006          40.000                                                                  
R10  19731943.118   105182359.7971        638.619          25.000                                                                  
R21  20667986.986   110598545.5510       3115.631          37.000    20667987.555    86021114.4701       2423.678          25.000  
R19  21515853.699   115095309.0581      -3853.909          23.000    21515813.801    89518407.4651      -3002.981          22.000  
E04  25358375.441   133259076.8060      -2821.822          38.000    25358377.304   102107656.5740      -2161.991          26.000  
E31  24395653.377   128200041.4500        600.899          35.000    24395654.410    98231246.2490        460.334          40.000  
G14  20608531.990   108298476.1300        869.623          39.000    20608529.575    84388488.5000        677.295          36.000  
E26  24621414.017   129386403.8861        177.129          24.000                                                                  
E09  25622445.447   134646887.7780       -689.789          36.000    25622446.009   103170970.7040       -528.784          32.000  
G17  20784829.874   109225089.8870        858.074          46.000    20784824.856    85110369.9380        668.171          31.000  
G19  23349379.470   122701807.3370       2367.819          39.000                                                                  
E23  23718876.102   124643534.5411      -1011.217          22.000    23718859.592    95506018.0611       -777.132          20.000  
G20  23744253.716   124776909.0810       -421.486          31.000                                                                  
> 2026  7 21  6 53 40.9990000  0 33                           
E28  26197914.827   137670970.6571      -3269.910          21.000    26197907.684   105488134.4550      -2501.899          32.000  
S35  37824140.507   198767230.2260       -479.374          41.000  
G07  20947233.966   110078423.0920      -2649.210          31.000                                                                  
G02  22089529.351   116081259.5621      -2509.122          23.000                                                                  
G30  19867674.207   104405314.0850       -369.342          41.000    19867672.820    81354782.0520       -287.586          35.000  
G08  23935730.390   125783111.5491      -3828.531          19.000                                                                  
C37  25942299.316   135088383.3520      -3054.643          28.000                                                                  
C27  22785945.629   118652365.9020      -2603.532          26.000                                                                  
C29  24156423.352   125788928.3240       2599.722          32.000                                                                  
C30  21225949.236   110529093.5480        492.208          34.000                                                                  
R01  23344752.150   124791076.9440      -1546.170          27.000                                                                  
R08  23359035.734   125086565.7120      -3501.070          27.000    23359049.947    97289571.9600      -2722.580          32.000  
R20  18961638.737   101396402.8371        -84.643          20.000    18961645.522    78863897.4011        -70.233          19.000  
R11  22317836.501   119259693.4350       2572.497          31.000                                                                  
R09  20412783.334   109003275.1200      -2078.073          27.000    20412789.592    84780233.3201      -1616.253          17.000  
G22  21710682.886   114090321.9620       1055.758          33.000                                                                  
S31  37375101.964   196407470.5850       -476.935          36.000  
S33  38081670.080   200120554.7260       -478.108          44.000  
E06  25142822.889   132126352.8980      -1854.782          41.000    25142825.123   101239736.7380      -1421.237          42.000  
C11  22879711.440   119140749.3970       1995.186          36.000                                                                  
C36  22039118.953   114763484.6460       1211.031          40.000                                                                  
R10  19730758.751   105176046.8281        634.256          24.000                                                                  
R21  20662169.822   110567411.2420       3111.396          37.000    20662173.598    85996915.9321       2421.020          24.000  
R19  21523068.340   115133901.7061      -3857.198          23.000    21523021.109    89548394.2961      -2999.346          22.000  
E04  25363747.146   133287301.1680      -2823.089          37.000    25363748.036   102129302.8871      -2162.192          25.000  
E31  24394509.927   128194031.2370        601.053          37.000    24394510.625    98226641.0090        460.938          40.000  
G14  20606878.013   108289782.2380        869.202          40.000    20606875.825    84381714.0450        677.307          36.000  
E26  24621094.784   129384725.6341        172.810          25.000                                                                  
E09  25623759.677   134653807.7390       -693.392          34.000    25623762.976   103176273.0480       -531.454          33.000  
G17  20783200.320   109216526.3470        854.785          44.000    20783195.825    85103697.0610        666.693          32.000  
G19  23344875.340   122678134.4970       2367.200          39.000                                                                  
E23  23720802.186   124653656.7281      -1007.798          20.000    23720776.660    95513738.0911       -775.682          20.000  
G20  23745060.672   124781155.1070       -426.603          32.000                                                                  
> 2026  7 21  6 53 50.9990000  0 33                           
E28  26204123.073   137703595.9361      -3269.713          21.000    26204118.684   105513141.1760      -2500.652          32.000  
S35  37825050.678   198772013.7090       -477.977          41.000  
G07  20952278.287   110104931.0100      -2652.446          32.000                                                                  
G02  22094321.876   116106444.3041      -2512.754          25.000                                                                  
G30  19868381.148   104409029.5230       -374.158          41.000    19868379.893    81357677.2180       -291.665          36.000  
G08  23943000.943   125821318.8641      -3824.075          20.000                                                                  
C37  25948165.809   135118932.3220      -3055.257          28.000                                                                  
C27  22790954.149   118678409.6780      -2605.529          25.000                                                                  
C29  24151431.957   125762932.6810       2598.320          33.000                                                                  
C30  21225008.030   110524187.8690        488.256          35.000                                                                  
R01  23347647.812   124806561.6020      -1551.123          25.000                                                                  
R08  23365575.474   125121578.7890      -3502.101          28.000    23365588.152    97316804.3850      -2724.175          32.000  
R20  18961812.198   101397330.9531        -94.142          19.000    18961808.479    78864575.2051        -60.425          21.000  
R11  22313018.326   119233946.0200       2574.741          29.000                                                                  
R09  20416691.813   109024074.2560      -2081.752          26.000    20416684.711    84796411.0761      -1626.526          18.000  
G22  21708669.669   114079754.5650       1056.990          32.000                                                                  
S31  37376007.142   196412230.7520       -475.229          36.000  
S33  38082578.402   200125327.1390       -476.963          44.000  
E06  25146355.170   132144912.7100      -1857.388          41.000    25146356.920   101253957.8940      -1423.404          42.000  
C11  22875882.869   119120810.5590       1992.790          37.000                                                                  
C36  22036793.482   114751376.0270       1210.278          40.000                                                                  
R10  19729572.939   105169725.2021        632.288          25.000                                                                  
R21  20656359.383   110536313.9880       3107.385          38.000                                                                  
R19  21530283.252   115172497.3811      -3865.648          23.000    21530246.627    89578456.0401      -3001.551          22.000  
E04  25369119.381   133315532.3870      -2823.717          37.000    25369120.629   102150935.4521      -2163.595          25.000  
E31  24393364.839   128188010.6770        602.027          37.000    24393365.203    98222027.8610        461.774          40.000  
G14  20605224.145   108281089.1680        868.817          41.000    20605221.673    84374940.2160        676.971          36.000  
E26  24620770.484   129383021.4231        169.640          24.000                                                                  
E09  25625081.565   134660759.2550       -696.522          33.000    25625086.188   103181599.5370       -534.094          33.000  
G17  20781575.947   109207992.6060        851.532          45.000    20781570.393    85097047.4220        663.894          32.000  
G19  23340372.239   122654467.7110       2365.831          39.000                                                                  
E23  23722711.790   124663691.1101      -1005.843          16.000    23722689.867    95521441.0711       -774.120          21.000  
G20  23745874.749   124785442.0650       -431.919          32.000                                                                  
> 2026  7 21  6 54  0.9990000  0 33                           
E28  26210331.037   137736219.0061      -3262.271          21.000    26210327.462   105538141.4700      -2499.546          32.000  
S35  37825958.731   198776784.9480       -476.501          41.000  
G07  20957330.486   110131476.5080      -2656.253          32.000                                                                  
G02  22099139.037   116131759.4011      -2518.634          25.000                                                                  
G30  19869097.422   104412794.0490       -379.352          40.000    19869096.567    81360610.6090       -295.667          36.000  
G08  23950273.710   125859537.3511      -3821.384          20.000                                                                  
C37  25954034.541   135149484.8250      -3055.836          28.000                                                                  
C27  22795956.214   118704525.2191      -2605.621          23.000                                                                  
C29  24146441.790   125736944.2480       2598.398          33.000                                                                  
C30  21224073.230   110519319.7510        484.058          35.000                                                                  
R01  23350558.555   124822117.5271      -1558.037          24.000                                                                  
R08  23372113.200   125156600.8310      -3503.507          27.000    23372128.403    97344043.7070      -2724.691          32.000  
R20  18962000.827   101398339.9421       -132.918          14.000    18962000.071    78865371.9681        -80.533          26.000  
R11  22308196.021   119208181.3240       2576.955          27.000                                                                  
R09  20420596.315   109044844.6961      -2095.654          22.000    20420596.458    84812657.6511      -1625.306          18.000  
G22  21706657.485   114069184.4770       1057.007          34.000                                                                  
S31  37376910.646   196416978.1970       -474.107          36.000  
S33  38083484.186   200130087.7360       -475.485          44.000  
E06  25149891.776   132163497.8560      -1859.912          41.000    25149893.457   101268198.4290      -1425.031          43.000  
C11  22872059.912   119100894.6500       1990.002          38.000                                                                  
C36  22034469.641   114739275.5500       1209.849          41.000                                                                  
R10  19728389.512   105163417.0761        629.409          20.000                                                                  
R21  20650556.435   110505256.5470       3103.491          39.000                                                                  
R19  21537503.670   115211121.5211      -3867.448          25.000    21537466.695    89608495.9871      -3003.396          22.000  
E04  25374492.680   133343772.7970      -2824.556          35.000    25374501.911   102172604.1001      -2163.932          25.000  
E31  24392217.782   128181982.1820        602.935          37.000    24392218.313    98217408.6330        462.218          40.000  
G14  20603570.727   108272399.3110        868.677          41.000    20603568.241    84368168.8820        677.277          37.000  
E26  24620454.369   129381360.7651        166.586          22.000                                                                  
E09  25626411.590   134667744.6610       -700.333          34.000    25626415.716   103186951.9820       -536.424          34.000  
G17  20779957.695   109199490.9690        848.261          45.000    20779952.397    85090422.8060        660.850          33.000  
G19  23335870.556   122630809.3800       2365.406          38.000                                                                  
E23  23724612.268   124673678.5801      -1006.315          18.000    23724601.991    95529140.2441       -768.580          22.000  
G20  23746697.633   124789772.2160       -435.001          32.000                                                                  
> 2026  7 21  6 54 10.9990000  0 33                           
E28  26216539.476   137768843.9701      -3264.915          21.000    26216536.480   105563141.1870      -2500.108          32.000  
S35  37826865.940   198781551.8420       -476.270          41.000  
G07  20962391.084   110158067.3270      -2662.362          33.000                                                                  
G02  22103947.909   116157029.5321      -2522.644          24.000                                                                  
G30  19869824.827   104416615.3650       -384.907          40.000    19869823.848    81363588.2780       -300.432          37.000  
G08  23957538.648   125897715.2191      -3828.025          21.000                                                                  
C37  25959906.987   135180048.3520      -3057.030          26.000                                                                  
C27  22800958.667   118730574.5651      -2608.344          21.000                                                                  
C29  24141453.787   125710970.6920       2597.307          34.000                                                                  
C30  21223147.240   110514496.6830        479.763          34.000                                                                  
R01  23353475.589   124837710.7981      -1564.169          25.000                                                                  
R08  23378656.331   125191639.9680      -3505.109          27.000    23378672.131    97371296.4310      -2727.969          31.000  
R20  18962208.143   101399448.1371       -116.245          15.000    18962204.130    78866214.3380        -86.688          27.000  
R11  22303372.777   119182407.3680       2577.781          28.000                                                                  
R09  20424499.043   109065684.9831      -2070.044          14.000    20424505.977    84828895.1731      -1622.973          17.000  
G22  21704646.976   114058619.2110       1056.440          32.000                                                                  
S31  37377813.530   196421721.9430       -474.406          36.000  
S33  38084389.070   200134843.2030       -475.166          44.000  
E06  25153434.385   132182115.9900      -1863.773          41.000    25153436.158   101282464.2540      -1428.039          42.000  
C11  22868241.763   119081009.3350       1986.937          38.000                                                                  
C36  22032149.204   114727190.9490       1207.481          42.000                                                                  
R10  19727210.879   105157134.3131        623.995          21.000                                                                  
R21  20644761.307   110474246.6700       3098.316          38.000    20644772.610    85924489.6420       2410.191          26.000  
R19  21544732.046   115249787.9841      -3871.531          25.000    21544702.663    89638601.9661      -3014.062          23.000  
E04  25379868.128   133372030.0330      -2826.923          33.000    25379872.084   102194227.3041      -2160.719          24.000  
E31  24391070.556   128175953.4510        603.168          38.000    24391070.781    98212789.2550        461.736          40.000  
G14  20601919.294   108263720.4120        867.224          41.000    20601916.930    84361406.1640        674.896          36.000  
E26  24620118.864   129379597.1801        162.070          22.000                                                                  
E09  25627748.420   134674771.6150       -705.288          34.000    25627753.293   103192336.2770       -540.325          35.000  
G17  20778347.579   109191029.0270        844.109          46.000    20778342.198    85083829.0790        658.377          33.000  
G19  23331371.747   122607167.2320       2363.138          36.000                                                                  
E23  23726532.702   124683770.4771      -1004.860          19.000    23726515.392    95536845.4861       -773.561          22.000  
G20  23747530.473   124794153.4490       -440.564          32.000                                                                  
> 2026  7 21  6 54 20.9990000  0 33                           
E28  26222740.187   137801428.9111      -3265.245          20.000    26222745.611   105588141.1800      -2501.131          32.000  
S35  37827772.445   198786315.3780       -478.370          41.000  
G07  20967460.768   110184704.4740      -2668.147          33.000                                                                  
G02  22108746.595   116182247.4061      -2528.672          25.000                                                                  
G30  19870562.794   104420494.8580       -393.191          40.000    19870561.987    81366611.2120       -305.800          36.000  
G08  23964805.403   125935901.7961      -3819.053          21.000                                                                  
C37  25965796.124   135210714.1991      -3059.975          23.000                                                                  
C27  22805989.219   118756769.9451      -2614.578          22.000                                                                  
C29  24136469.446   125685013.4650       2592.809          35.000                                                                  
C30  21222230.353   110509719.9980        473.594          34.000                                                                  
R01  23356412.612   124853395.3260      -1571.557          28.000                                                                  
R08  23385207.340   125226697.1050      -3508.618          26.000    23385218.900    97398563.0530      -2729.199          28.000  
R20  18962421.318   101400587.8221       -119.741          19.000    18962414.818    78867096.6831        -96.864          27.000  
R11  22298548.245   119156625.4120       2576.803          25.000                                                                  
R09  20428400.097   109086516.7471      -2089.865          19.000                                                                  
G22  21702632.484   114048059.8650       1053.958          27.000                                                                  
S31  37378715.309   196426461.3640       -476.082          36.000  
S33  38085293.572   200139596.0200       -477.258          44.000  
E06  25156983.725   132200768.2910      -1868.846          41.000    25156985.310   101296756.2740      -1432.068          42.000  
C11  22864429.125   119061155.9260       1981.971          37.000                                                                  
C36  22029832.155   114715123.4740       1203.885          42.000                                                                  
R10  19726039.493   105150890.5171        617.953          16.000                                                                  
R21  20638975.368   110443286.0600       3091.266          38.000    20638984.601    85900403.0961       2404.180          26.000  
R19  21551962.062   115288463.6731      -3879.118          24.000    21551944.147    89668731.0361      -3017.870          23.000  
E04  25385242.242   133400305.2700      -2830.008          30.000    25385246.560   102215870.4710      -2168.807          28.000  
E31  24389923.243   128169925.7830        600.812          38.000    24389923.483    98208170.6460        460.356          40.000  
G14  20600270.155   108255053.7660        863.940          42.000    20600267.797    84354652.8980        673.663          36.000  
E26  24619813.866   129377994.4741        160.485          21.000                                                                  
E09  25629092.835   134681841.3390       -711.172          34.000    25629098.453   103197753.3170       -544.696          36.000  
G17  20776745.340   109182608.0730        838.060          46.000    20776738.045    85077267.3200        652.998          33.000  
G19  23326875.868   122583542.5060       2360.013          33.000                                                                  
E23  23728465.650   124693928.5301      -1008.748          18.000    23728430.302    95544555.4761       -764.201          22.000  
G20  23748372.945   124798586.8830       -447.822          32.000                                                                  
> 2026  7 21  6 54 30.9990000  0 32                           
E28  26228950.775   137834065.8051      -3268.926          20.000    26228963.758   105613177.5450      -2505.840          32.000  
S35  37828687.020   198791122.4220       -483.333          41.000  
G07  20972547.480   110211435.1960      -2678.223          33.000                                                                  
G02  22113556.056   116207539.8550      -2539.875          28.000                                                                  
G30  19871321.349   104424479.5530       -403.957          40.000    19871319.963    81369716.2030       -314.923          36.000  
G08  23972083.959   125974150.8121      -3825.922          22.000                                                                  
C37  25971691.364   135241411.8661      -3062.985          21.000                                                                  
C27  22811036.922   118783055.1711      -2624.949          23.000                                                                  
C29  24131497.563   125659119.1810       2585.961          36.000                                                                  
C30  21221331.492   110505036.4740        463.110          35.000                                                                  
R01  23359368.001   124869174.1840      -1584.490          26.000                                                                  
R08  23391766.702   125261848.1681      -3515.507          24.000    23391776.991    97425924.9041      -2734.344          24.000  
R20  18962666.817   101401900.4811       -132.695          20.000    18962661.102    78868110.1690       -106.557          27.000  
R11  22293730.934   119130938.4771       2571.953          21.000                                                                  
R09  20432333.896   109107522.3831      -2105.122          22.000    20432106.180    84860460.8421      -1635.357          11.000  
G22  21700630.484   114037553.7920       1047.782          30.000                                                                  
S31  37379625.945   196431245.3420       -480.848          36.000  
S33  38086206.326   200144391.8600       -482.373          44.000  
E06  25160547.866   132219501.8340      -1877.823          41.000    25160550.000   101311110.5240      -1438.686          42.000  
C11  22860631.066   119041381.1540       1972.980          37.000                                                                  
C36  22027527.346   114703119.8850       1196.768          42.000                                                                  
R21  20633207.500   110412422.4880       3081.360          37.000    20633214.653    85876400.2900       2396.204          25.000  
R19  21559214.044   115327257.1991      -3889.466          24.000    21559211.182    89698965.4851      -3029.604          23.000  
E04  25390629.595   133428645.6250      -2837.567          27.000    25390641.888   102237585.7430      -2174.515          31.000  
E31  24388785.058   128163946.2510        594.912          38.000    24388786.167    98203588.9170        456.044          40.000  
G14  20598632.442   108246446.5060        857.507          42.000    20598629.868    84347945.9610        668.134          35.000  
E26  24619514.116   129376419.2061        144.100          22.000                                                                  
E09  25630455.412   134689000.9900       -720.926          34.000    25630461.064   103203239.2860       -552.495          36.000  
G17  20775159.442   109174275.1470        828.460          44.000    20775152.225    85070774.1280        646.315          33.000  
G19  23322394.192   122559982.3610       2352.016          25.000                                                                  
E23  23730407.074   124704130.3511      -1009.391          17.000    23730355.704    95552308.5221       -780.282          23.000  
G20  23749235.510   124803119.6080       -458.758          33.000                                                                  
> 2026  7 21  6 54 40.9990000  0 33                           
E28  26235172.803   137866763.0591      -3271.914          20.000    26235189.927   105638247.0780      -2508.764          32.000  
S35  37829609.136   198795968.7690       -486.323          41.000  
G07  20977652.545   110238255.2590      -2685.464          33.000                                                                  
G02  22118392.987   116232972.5010      -2548.000          31.000                                                                  
G30  19872099.057   104428565.4900       -413.439          40.000    19872097.237    81372900.0480       -321.939          36.000  
G08  23979381.806   126012501.4401      -3830.116          24.000                                                                  
C37  25977567.431   135272010.1641      -3070.674          22.000                                                                  
C27  22816068.145   118809253.5141      -2630.439          24.000                                                                  
C29  24126536.752   125633283.8980       2581.332          36.000                                                                  
C30  21220449.975   110500442.0240        455.291          35.000                                                                  
R01  23362330.421   124885045.1241      -1592.652          24.000                                                                  
R08  23398333.383   125297012.5311      -3521.710          23.000    23398346.600    97453286.6501      -2730.057          17.000  
R20  18962943.953   101403382.6371       -157.281          19.000    18962928.520    78869223.8580       -116.621          25.000  
R11  22288931.402   119105290.6481       2573.188          19.000                                                                  
R09  20436286.780   109128630.5721      -2108.871          22.000    20436042.070    84876807.6491      -1632.492          12.000  
G22  21698640.099   114027096.9090       1044.514          28.000                                                                  
S31  37380543.561   196436068.2050       -484.232          38.000  
S33  38087126.618   200149227.8080       -485.102          44.000  
E06  25164126.404   132238312.4950      -1884.406          40.000    25164129.443   101325523.9120      -1444.096          42.000  
C11  22856847.122   119021681.0250       1966.773          36.000                                                                  
C36  22025234.117   114691176.2110       1191.784          43.000                                                                  
R21  20627456.645   110381652.2640       3073.022          36.000    20627461.533    85852442.8621       2400.175          20.000  
R19  21566479.804   115366123.7231      -3897.479          24.000    21566504.709    89729311.4341      -3022.255          25.000  
E04  25396038.266   133457046.8930      -2842.987          28.000    25396047.664   102259347.6290      -2177.416          34.000  
E31  24387655.924   128158010.7500        591.843          39.000    24387656.793    98199040.9550        453.309          40.000  
G14  20597005.069   108237894.6050        852.789          42.000    20597002.115    84341282.1450        664.069          34.000  
E26  24619248.570   129375023.7061        136.398          22.000                                                                  
E09  25631833.751   134696246.4910       -728.556          34.000    25631839.375   103208791.0380       -558.216          36.000  
G17  20773589.603   109166026.2920        821.105          45.000    20773582.775    85064346.4950        639.519          34.000  
G19  23317936.995   122536585.1591       2341.637          15.000                                                                  
E23  23732348.203   124714330.6511      -1021.462          18.000    23732291.227    95560101.5611       -779.319          23.000  
G20  23750116.279   124807747.5170       -467.290          33.000                                                                  
E13                                                                  27265709.228   109787711.7331      -1697.273          14.000  
> 2026  7 21  6 54 50.9990000  0 32                           
E28  26241420.288   137899594.1271      -3277.621          20.000    26241421.017   105663336.7050      -2510.531          32.000  
S35  37830535.574   198800838.2960       -488.386          41.000  
G07  20982771.457   110265147.7340      -2693.120          32.000                                                                  
G02  22123246.145   116258480.6140      -2554.948          32.000                                                                  
G30  19872892.393   104432735.6860       -421.915          40.000    19872891.026    81376149.5660       -329.266          35.000  
G08  23986684.185   126050875.6791      -3831.939          26.000                                                                  
C37  25983449.808   135302640.9361      -3074.169          25.000                                                                  
C27  22821118.608   118835553.1191      -2637.780          26.000                                                                  
C29  24121583.740   125607490.8760       2576.797          36.000                                                                  
C30  21219581.397   110495919.8550        447.562          34.000                                                                  
R01  23365320.390   124901014.7330      -1602.591          27.000                                                                  
R08  23404909.239   125332226.1111      -3525.351          25.000                                                                  
R11  22284127.902   119079622.7041       2573.362          14.000                                                                  
R09  20440243.382   109149758.3801      -2122.033          24.000                                                                  
G22  21696644.564   114016635.7471       1038.570          21.000                                                                  
S31  37381465.996   196440914.2660       -486.409          36.000  
S33  38088050.960   200154086.1840       -487.336          44.000  
E06  25167716.886   132257183.2410      -1890.271          40.000    25167720.405   101339983.3000      -1448.425          42.000  
C11  22853074.815   119002038.7960       1961.365          36.000                                                                  
C36  22022948.696   114679275.6620       1187.723          43.000                                                                  
R21  20621720.517   110350958.0130       3065.344          35.000    20621725.927    85828571.5551       2389.507          21.000  
R19  21573770.119   115405122.3061      -3904.465          25.000    21573806.477    89759690.9241      -3036.777          25.000  
E04  25401455.782   133485491.9360      -2847.454          31.000    25401461.386   102281143.2120      -2181.581          35.000  
E31  24386531.153   128152102.3420        589.203          39.000    24386532.441    98194513.7440        451.301          40.000  
G14  20595384.758   108229381.1200        848.743          42.000    20595381.629    84334648.2220        661.426          35.000  
E33  25371900.311   133330235.6581       2235.726          25.000                                                                  
E26  24618998.246   129373708.2361        131.314          25.000                                                                  
E09  25633225.345   134703560.8080       -735.244          34.000    25633230.798   103214395.4960       -563.212          36.000  
G17  20772032.558   109157844.4870        814.382          44.000    20772027.022    85057971.0850        634.173          34.000  
G19  23313457.107   122513057.3590       2342.448          30.000                                                                  
E23  23734286.291   124724516.0471      -1012.274          16.000    23734232.385    95567917.8691       -778.909          22.000  
G20  23751012.055   124812453.6620       -476.254          32.000                                                                  
> 2026  7 21  6 55  0.9990000  0 34                           
E28  26247675.888   137932467.1031      -3280.158          22.000    26247658.419   105688450.9310      -2513.127          32.000  
S35  37831467.384   198805735.9000       -491.383          41.000  
G07  20987904.289   110292118.4390      -2700.671          30.000                                                                  
G02  22128114.815   116284070.1220      -2563.249          33.000                                                                  
G30  19873702.796   104436996.0630       -430.613          40.000    19873701.400    81379469.3120       -335.541          35.000  
G08  23993996.567   126089302.0141      -3835.693          25.000                                                                  
C37  25989357.286   135333402.9031      -3079.614          25.000                                                                  
C27  22826191.952   118861972.0570      -2643.464          28.000                                                                  
C29  24116640.194   125581745.9890       2571.487          36.000                                                                  
C30  21218727.343   110491475.7300        441.040          33.000                                                                  
R01  23368335.067   124917087.2000      -1612.231          24.000                                                                  
R08  23411501.040   125367526.6580      -3530.048          27.000                                                                  
R20  18963547.982   101406612.3271       -171.472          22.000    18963522.251    78871699.5380       -134.600          28.000  
R11  22279318.545   119053922.6251       2563.368          18.000                                                                  
R09  20444204.572   109170911.5301      -2120.602          23.000    20444246.555    84910883.3591      -1652.120          26.000  
G22  21694698.614   114006333.5880       1036.963          34.000                                                                  
S31  37382393.322   196445788.4630       -488.980          36.000  
S33  38088980.670   200158973.3230       -490.568          44.000  
E06  25171320.307   132276119.9280      -1897.220          40.000    25171323.775   101354493.2250      -1453.647          42.000  
C11  22849314.166   118982460.3800       1954.666          35.000                                                                  
C36  22020672.921   114667424.1790       1182.471          43.000                                                                  
R10  19721471.281   105126539.1671        592.347          17.000                                                                  
R21  20615998.855   110320346.0990       3057.434          35.000    20615999.148    85804735.8241       2375.809          22.000  
R19  21581077.650   115444213.2161      -3911.701          26.000    21581115.202    89790099.4661      -3042.486          25.000  
E04  25406883.633   133513986.6370      -2851.873          32.000    25406884.261   102302976.7820      -2185.622          36.000  
E31  24385413.171   128146226.9100        585.624          39.000    24385414.245    98190011.8120        448.543          39.000  
G14  20593773.138   108220911.9640        844.507          42.000    20593770.000    84328048.8820        657.843          34.000  
E33  25367638.203   133307837.7011       2230.601          27.000                                                                  
E26  24618771.665   129372488.2970        123.083          26.000                                                                  
E09  25634632.185   134710949.8160       -742.684          34.000    25634636.712   103220057.2180       -569.317          37.000  
G17  20770489.467   109149735.5820        806.910          45.000    20770484.605    85051652.4500        628.584          35.000  
G19  23309002.887   122489651.1110       2337.519          34.000                                                                  
E23  23736224.494   124734701.5761      -1030.736          17.000    23736179.743    95575759.0771       -785.878          22.000  
G20  23751922.922   124817243.8390       -483.555          30.000                                                                  
> 2026  7 21  6 55 10.9990000  0 34                           
E28  26253919.943   137965279.4911      -3276.632          19.000    26253902.220   105713592.9780      -2515.502          32.000  
S35  37832405.847   198810666.5930       -494.499          41.000  
G07  20993051.892   110319171.7400      -2709.046          28.000                                                                  
G02  22132999.684   116309745.2690      -2571.586          34.000                                                                  
G30  19874531.249   104441351.0230       -439.836          40.000    19874529.803    81382862.7760       -342.440          35.000  
G08  24001301.563   126127690.7911      -3836.463          24.000                                                                  
C37  25995283.253   135364261.1841      -3083.378          24.000                                                                  
C27  22831271.133   118888441.0630      -2649.771          28.000                                                                  
C29  24111706.133   125556053.6250       2566.567          36.000                                                                  
C30  21217889.487   110487114.0980        431.866          32.000                                                                  
R01  23371364.744   124933338.0651      -1622.000          20.000                                                                  
R08  23418105.298   125402859.6150      -3535.028          28.000    23418079.197    97535472.7111      -2751.826          20.000  
R20  18963873.552   101408353.9891       -184.276          26.000    18963863.531    78873091.9300       -143.997          29.000  
R11  22274519.468   119028277.6361       2558.665          25.000                                                                  
R09  20448189.037   109192188.4951      -2132.607          26.000    20448221.342    84927391.9221      -1657.751          24.000  
G22  21692727.836   113995989.5800       1032.591          37.000                                                                  
S31  37383327.139   196450696.0600       -491.073          36.000  
S33  38089917.135   200163893.2500       -493.641          44.000  
E06  25174937.025   132295126.8530      -1904.268          40.000    25174940.670   101369056.9880      -1459.007          42.000  
C11  22845566.565   118962950.0770       1947.534          34.000                                                                  
C36  22018407.612   114655626.1160       1177.579          44.000                                                                  
R10  19720365.378   105120644.3401        592.684          16.000                                                                  
R21  20610294.454   110289820.9180       3048.371          35.000                                                                  
R19  21588399.273   115483378.6321      -3919.861          26.000    21588437.890    89820566.5301      -3048.914          25.000  
E04  25412317.442   133542535.3290      -2857.275          33.000    25412316.650   102324851.7240      -2189.282          37.000  
E31  24384303.701   128140388.8360        582.112          41.000    24384303.192    98185538.4800        445.907          39.000  
G14  20592170.816   108212491.5540        839.874          41.000    20592167.758    84321487.5090        654.791          34.000  
E33  25363404.401   133285556.1660       2226.306          28.000                                                                  
E26  24618539.059   129371293.4640        116.025          27.000                                                                  
E09  25636053.763   134718417.8960       -750.439          35.000    25636057.961   103225779.5100       -575.117          37.000  
G17  20768961.444   109141703.9450        799.717          45.000    20768956.658    85045394.0380        622.946          35.000  
G19  23304560.081   122466298.9120       2332.678          35.000                                                                  
E23  23738170.078   124744925.5711      -1036.027          16.000    23738135.736    95583635.0091       -791.151          22.000  
G20  23752850.984   124822122.5330       -492.346          30.000                                                                  
> 2026  7 21  6 55 20.9990000  0 34                           
S35  37833348.444   198815618.2750       -495.944          41.000  
G07  20998213.512   110346295.6200      -2715.635          28.000                                                                  
G02  22137899.284   116335494.0890      -2578.707          34.000                                                                  
G30  19875375.400   104445788.6600       -447.474          40.000    19875374.339    81386320.6640       -348.379          35.000  
G08  24008608.100   126166086.8001      -3830.781          21.000                                                                  
C37  26001223.233   135395192.3401      -3087.842          23.000                                                                  
C27  22836363.891   118914965.9220      -2654.901          29.000                                                                  
C29  24106779.822   125530402.0170       2563.699          35.000                                                                  
C30  21217065.169   110482823.0950        425.883          32.000                                                                  
R01  23374399.700   124949561.9441      -1629.142          23.000                                                                  
R08  23424710.846   125438234.3050      -3539.117          29.000    23424698.799    97563042.6171      -2761.453          24.000  
R20  18964228.125   101410259.0380       -195.809          27.000    18964219.383    78874571.5810       -152.012          28.000  
R11  22269729.056   119002679.8801       2561.397          26.000                                                                  
R09  20452193.113   109213569.6201      -2137.450          25.000                                                                  
G22  21690762.276   113985676.1610       1029.927          38.000                                                                  
S31  37384265.039   196455624.7730       -493.002          36.000  
S33  38090857.289   200168834.1530       -494.902          44.000  
E06  25178564.758   132314192.0060      -1908.886          40.000    25178568.798   101383665.3640      -1462.919          42.000  
C11  22841829.757   118943496.1720       1942.610          34.000                                                                  
C36  22016150.385   114643869.7270       1173.704          44.000                                                                  
R10  19719267.662   105114792.3431        593.596          13.000                                                                  
R21  20604603.703   110259370.4120       3041.260          34.000    20604606.608    85757319.8740       2365.571          27.000  
R19  21595736.388   115522627.3201      -3925.781          26.000                                                                  
E04  25417759.229   133571125.9170      -2860.452          33.000    25417756.847   102346758.8360      -2192.306          37.000  
E31  24383198.427   128134576.1840        580.052          41.000    24383197.033    98181084.6110        444.417          39.000  
G14  20590575.729   108204107.9670        836.780          42.000    20590572.458    84314954.8240        652.307          34.000  
E33  25359160.051   133263307.8600       2222.779          28.000                                                                  
E26  24618326.019   129370166.7420        109.545          26.000                                                                  
E09  25637487.443   134725953.0580       -756.364          35.000    25637491.961   103231553.2050       -579.746          37.000  
G17  20767445.580   109133737.6420        793.702          45.000    20767441.450    85039186.5210        618.905          36.000  
G19  23300124.365   122442988.9130       2329.243          35.000                                                                  
G20  23753794.985   124827077.5490       -499.443          31.000                                                                  
E28                                                                  26260150.300   105738753.7230      -2517.136          31.000  
E23                                                                  23740098.346    95591537.8101       -787.504          21.000  
> 2026  7 21  6 55 30.9990000  0 35                           
S35  37834292.934   198820580.1300       -496.691          41.000  
G07  21003385.801   110373478.8740      -2720.966          28.000                                                                  
G02  22142809.960   116361305.3140      -2584.216          33.000                                                                  
G30  19876233.611   104450297.8960       -454.485          39.000    19876232.369    81389834.3520       -354.301          35.000  
G08  24015903.778   126204425.4401      -3835.619          19.000                                                                  
C37  26007154.071   135426075.7681      -3090.944          23.000                                                                  
C27  22841461.819   118941535.1330      -2659.171          29.000                                                                  
C29  24101859.092   125504780.2500       2561.272          34.000                                                                  
C30  21216252.657   110478591.6750        419.849          32.000                                                                  
R01  23377457.866   124965909.6471      -1637.443          25.000                                                                  
R08  23431325.201   125473639.5490      -3542.242          28.000    23431325.116    97590640.6041      -2754.416          26.000  
R20  18964599.656   101412262.3380       -205.197          28.000    18964593.252    78876129.7450       -159.729          29.000  
R11  22264928.941   118977028.9921       2560.732          27.000                                                                  
R09  20456205.971   109234998.3831      -2142.737          24.000                                                                  
G22  21688801.982   113975382.2370       1028.624          39.000                                                                  
G01  21163594.736   111215440.4821       -187.004          25.000                                                                  
S31  37385205.233   196460563.0840       -493.978          36.000  
S33  38091799.374   200173785.0110       -495.385          44.000  
E06  25182202.619   132333304.2950      -1913.569          41.000    25182206.165   101398309.8350      -1466.271          42.000  
C11  22838102.351   118924087.6860       1938.543          36.000    22838076.185    91959468.3291       1562.406          11.000  
C36  22013899.062   114632144.0330       1171.188          45.000                                                                  
R10  19718181.176   105109001.2461        573.812          13.000                                                                  
R21  20598924.571   110228983.4070       3036.145          34.000    20598929.242    85733687.6240       2360.664          27.000  
R19  21603085.321   115561938.6791      -3931.682          27.000                                                                  
E04  25423207.010   133599747.3540      -2863.576          32.000    25423202.931   102368689.5130      -2194.209          37.000  
E31  24382094.348   128128777.8100        579.148          40.000    24382093.560    98176641.7010        443.812          39.000  
G14  20588985.523   108195750.1590        834.381          41.000    20588982.125    84308442.2490        650.208          35.000  
E33  25354940.009   133241087.3820       2220.559          29.000                                                                  
E26  24618119.977   129369092.9651        104.339          25.000                                                                  
E09  25638932.096   134733544.2430       -762.066          35.000    25638936.148   103237369.7920       -583.611          38.000  
G17  20765939.512   109125825.5730        788.643          45.000    20765936.327    85033021.2990        614.440          35.000  
G19  23295693.790   122419709.9410       2325.933          33.000                                                                  
E23  23742063.918   124765387.8661      -1027.078          17.000    23742061.816    95599444.4201       -773.774          20.000  
G20  23754750.939   124832097.8850       -504.785          32.000                                                                  
E28                                                                  26266401.716   105763924.5260      -2517.459          31.000  
> 2026  7 21  6 55 40.9990000  0 34                           
E28  26272648.281   138063697.7071      -3278.435          17.000    26272654.768   105789104.6300      -2518.585          30.000  
S35  37835238.768   198825550.6040       -497.070          41.000  
G07  21008568.391   110400720.4830      -2727.023          27.000                                                                  
G02  22147732.889   116387177.8680      -2589.967          33.000                                                                  
G30  19877105.035   104454877.6630       -461.482          39.000    19877104.194    81393402.9910       -359.659          35.000  
G08  24023193.904   126242735.3641      -3843.390          19.000                                                                  
C37  26013091.628   135456993.7671      -3090.344          23.000                                                                  
C27  22846567.146   118968147.5860      -2663.167          29.000                                                                  
C29  24096943.411   125479187.3390       2557.841          31.000                                                                  
C30  21215451.305   110474418.8790        414.415          33.000                                                                  
R01  23380520.749   124982282.7431      -1644.919          25.000                                                                  
R08  23437941.500   125509073.7990      -3544.239          28.000    23437944.942    97618212.9170      -2757.099          26.000  
R20  18964991.209   101414365.5140       -214.337          26.000    18964986.334    78877765.5970       -166.528          30.000  
R11  22260130.868   118951389.2521       2560.737          26.000                                                                  
R09  20460214.454   109256402.6891      -2143.001          20.000                                                                  
G22  21686846.768   113965106.9230       1026.900          41.000                                                                  
G01  21163964.526   111217384.1901       -195.872          27.000                                                                  
S31  37386146.355   196465510.7070       -494.876          36.000  
S33  38092743.181   200178744.6780       -495.795          44.000  
E06  25185848.599   132352462.5310      -1917.529          41.000    25185852.133   101412989.5160      -1469.352          43.000  
C11  22834384.004   118904723.6810       1934.297          37.000                                                                  
C36  22011652.759   114620448.0680       1168.446          45.000                                                                  
R21  20593258.243   110198659.3110       3028.906          35.000    20593265.855    85710102.2430       2356.059          27.000  
R19  21610445.725   115601297.6990      -3936.315          26.000    21610473.655    89912247.8651      -3061.536          22.000  
E04  25428660.749   133628398.4670      -2866.206          32.000    25428654.955   102390642.9030      -2196.199          37.000  
E31  24380992.728   128122992.6730        577.969          40.000    24380992.396    98172208.9320        443.092          38.000  
G14  20587399.736   108187417.0770        832.153          41.000    20587396.446    84301948.9280        648.578          35.000  
E33  25350721.306   133218893.8450       2218.654          30.000                                                                  
E26  24617931.359   129368102.1011         98.230          24.000                                                                  
E09  25640387.316   134741190.3230       -767.265          35.000    25640390.971   103243228.4810       -587.838          38.000  
G17  20764443.738   109117966.6840        783.410          45.000    20764441.042    85026897.4940        610.293          36.000  
G19  23291267.266   122396461.0330       2323.742          29.000                                                                  
E23  23744031.476   124775727.1341      -1042.936          16.000    23744034.135    95607385.5091       -801.731          20.000  
G20  23755718.817   124837182.4780       -511.724          31.000                                                                  
> 2026  7 21  6 55 50.9990000  0 35                           
E28  26278910.131   138096604.2191      -3290.966          21.000    26278910.243   105814292.3580      -2519.135          29.000  
S35  37836185.604   198830527.7990       -497.767          41.000  
G07  21013761.722   110428018.3990      -2732.635          26.000                                                                  
G02  22152667.285   116413109.7860      -2596.012          34.000                                                                  
G30  19877989.420   104459526.0910       -467.984          39.000    19877988.934    81397025.1560       -364.739          35.000  
G08  24030491.481   126281084.5621      -3853.997          22.000                                                                  
C37  26019029.260   135487912.5601      -3099.888          21.000                                                                  
C27  22851684.782   118994801.2840      -2667.741          29.000                                                                  
C29  24092032.914   125453621.3580       2554.783          30.000                                                                  
C30  21214660.860   110470302.8300        408.547          32.000                                                                  
R01  23383605.838   124998773.5601      -1650.750          24.000                                                                  
R08  23444559.462   125544535.3210      -3547.876          27.000    23444571.414    97645793.4880      -2758.783          27.000  
R20  18965400.844   101416520.6441       -226.553          22.000    18965398.408    78879477.6920       -174.882          30.000  
R11  22255331.658   118925777.4770       2560.231          28.000                                                                  
R09  20464235.083   109277873.4001      -2152.335          19.000                                                                  
G22  21684895.193   113954847.9590       1025.516          42.000                                                                  
G01  21164326.133   111219283.6501       -203.486          24.000                                                                  
S31  37387089.023   196470464.6350       -495.945          36.000  
S33  38093688.089   200183710.9730       -496.534          44.000  
E06  25189503.186   132371664.8310      -1922.340          41.000    25189506.685   101427702.9370      -1472.856          43.000  
C11  22830673.564   118885402.2620       1930.341          37.000                                                                  
C36  22009412.354   114608779.9900       1165.732          45.000                                                                  
R10  19716013.155   105097444.4251        574.968          15.000                                                                  
R21  20587602.424   110168395.8290       3023.566          33.000    20587607.387    85686568.4600       2351.576          26.000  
R19  21617815.066   115640694.3630      -3942.105          27.000    21617834.449    89942873.0931      -3063.286          21.000  
E04  25434119.042   133657077.2440      -2869.637          33.000    25434112.240   102412617.5100      -2198.498          37.000  
E31  24379894.559   128117218.8780        577.043          41.000    24379893.938    98167784.8410        442.194          39.000  
G14  20585818.754   108179106.8500        830.255          41.000    20585815.133    84295473.4260        647.113          35.000  
E33  25346500.529   133196725.3280       2215.828          29.000                                                                  
E26  24617750.280   129367150.3221         93.150          22.000                                                                  
E09  25641852.076   134748889.3100       -772.017          35.000    25641856.374   103249127.7270       -591.744          38.000  
G17  20762957.670   109110158.7530        778.476          44.000    20762955.189    85020813.3980        606.651          36.000  
G19  23286845.063   122373240.2860       2321.310          27.000                                                                  
E23  23746008.818   124786118.1441      -1046.134          13.000    23746009.201    95615338.5581       -792.989          21.000  
G20  23756698.902   124842329.3310       -517.509          32.000                                                                  
> 2026  7 21  6 56  0.9990000  0 34                           
E28  26285175.460   138129529.3041      -3294.116          20.000    26285167.412   105839488.4900      -2520.151          28.000  
S35  37837134.420   198835513.2230       -498.915          41.000  
G07  21018976.942   110455453.3990      -2738.149          27.000                                                                  
G02  22157613.955   116439101.9190      -2602.754          33.000                                                                  
G30  19878886.849   104464244.0980       -475.345          40.000    19878886.448    81400701.5510       -370.422          34.000  
G08  24037803.149   126319507.7971      -3843.729          23.000                                                                  
C37  26024968.749   135518840.8331      -3096.622          20.000                                                                  
C27  22856813.490   119021496.9830      -2671.496          29.000                                                                  
C29  24087130.322   125428083.3630       2551.868          31.000                                                                  
C30  21213881.773   110466244.3540        403.108          32.000                                                                  
R01  23386704.573   125015338.7931      -1654.406          22.000    23385775.238    97230288.5401      -1190.525          10.000  
R08  23451183.556   125580024.4070      -3550.812          27.000    23451197.961    97673396.1790      -2761.579          27.000  
R20  18965825.118   101418789.6191       -242.432          20.000    18965828.154    78881266.6460       -183.250          29.000  
R11  22250543.773   118900178.9480       2559.520          28.000                                                                  
R09  20468271.607   109299427.5871      -2158.415          21.000                                                                  
G22  21682946.893   113944606.3470       1023.010          42.000                                                                  
S31  37388033.101   196475426.9920       -497.103          36.000  
S33  38094634.975   200188685.5770       -497.973          44.000  
E06  25193165.762   132390911.9560      -1927.070          41.000    25193169.255   101442450.7230      -1476.545          43.000  
C11  22826971.627   118866124.3920       1925.424          37.000                                                                  
C36  22007176.713   114597140.7470       1162.330          45.000                                                                  
R10  19714948.212   105091767.0341        563.270          11.000                                                                  
R21  20581957.594   110138194.3450       3017.133          31.000    20581961.335    85663077.9370       2346.817          26.000  
R19  21625191.964   115680147.2950      -3947.320          27.000    21625212.096    89973568.4671      -3071.708          20.000  
E04  25439582.224   133685784.4420      -2872.354          35.000    25439575.406   102434613.9210      -2200.820          38.000  
E31  24378799.382   128111457.3170        575.452          41.000    24378797.876    98163370.1040        441.348          39.000  
G14  20584241.920   108170820.4210        827.179          39.000    20584238.674    84289016.4710        644.806          35.000  
E33  25342286.650   133174582.8950       2212.420          29.000                                                                  
E26  24617568.084   129366192.4891         87.495          24.000                                                                  
E09  25643327.274   134756642.2340       -778.087          35.000    25643331.759   103255068.2550       -596.238          39.000  
G17  20761481.600   109102402.8750        772.617          45.000    20761479.339    85014769.8610        601.875          35.000  
G19  23282430.189   122350048.6620       2317.724          28.000                                                                  
E23  23747995.144   124796556.1281      -1043.514          16.000    23747986.921    95623301.6801       -794.082          22.000  
G20  23757691.576   124847539.3520       -524.298          34.000                                                                  
> 2026  7 21  6 56 10.9990000  0 35                           
S35  37838085.220   198840509.4710       -500.580          41.000  
G07  21024196.207   110482868.6270      -2745.234          26.000                                                                  
G02  22162571.612   116465157.2910      -2609.958          32.000                                                                  
G30  19879798.058   104469034.9070       -483.158          40.000    19879798.185    81404434.6480       -376.360          33.000  
G08  24045118.046   126357948.0871      -3842.001          24.000                                                                  
C37  26030921.498   135549838.6501      -3103.105          18.000                                                                  
C27  22861949.576   119048237.8570      -2676.654          28.000                                                                  
C29  24082233.658   125402576.5250       2547.998          32.000                                                                  
C30  21213113.616   110462246.6350        396.664          31.000                                                                  
R01  23389815.765   125031969.8411      -1675.967          23.000                                                                  
R08  23457819.277   125615544.2890      -3554.034          27.000    23457830.891    97701022.7710      -2764.508          25.000  
R20  18966261.146   101421121.3541       -252.812          20.000    18966277.196    78883135.0360       -191.574          29.000  
R11  22245757.437   118874587.4620       2557.831          26.000                                                                  
R09  20472325.920   109321070.0760      -2164.034          27.000                                                                  
G22  21681002.183   113934385.2580       1020.622          43.000                                                                  
G01  21165142.278   111223573.2441       -219.068          25.000                                                                  
S31  37388979.377   196480399.7830       -498.532          36.000  
S33  38095583.739   200193671.1920       -499.657          44.000  
E06  25196837.617   132410207.0650      -1932.350          41.000    25196840.969   101457235.2690      -1480.682          43.000  
C11  22823278.386   118846893.2460       1920.503          36.000                                                                  
C36  22004947.584   114585533.5100       1158.656          45.000                                                                  
R10  19713883.033   105086089.3331        559.492          19.000                                                                  
R21  20576325.127   110108057.9910       3010.057          30.000    20576332.893    85639638.6080       2341.404          26.000  
R19  21632575.837   115719660.3940      -3954.166          26.000    21632597.547    90004296.2511      -3083.585          18.000  
E04  25445047.377   133714523.2270      -2876.080          35.000    25445044.181   102456634.5270      -2203.543          39.000  
E31  24377705.335   128105711.1160        573.355          40.000    24377704.585    98158967.2070        439.048          39.000  
G14  20582669.698   108162560.9290        824.023          39.000    20582667.032    84282580.5420        641.852          35.000  
E33  25338079.101   133152469.7420       2209.147          28.000                                                                  
E26  24617424.973   129365440.8291         81.171          25.000                                                                  
E09  25644813.847   134764452.1520       -784.357          35.000    25644817.819   103261052.4440       -600.848          39.000  
G17  20760017.111   109094702.3560        766.780          46.000    20760013.698    85008769.4230        597.488          35.000  
G19  23278023.932   122326889.1610       2314.230          31.000                                                                  
G20  23758696.085   124852815.6330       -531.927          35.000                                                                  
E28                                                                  26291427.364   105864695.3740      -2522.077          26.000  
E23                                                                  23749967.222    95631276.0811       -802.586          24.000  
> 2026  7 21  6 56 20.9990000  0 35                           
S35  37839039.975   198845526.1260       -501.001          41.000  
G07  21029416.100   110510326.7011      -2750.145          22.000                                                                  
G02  22167543.013   116491285.4090      -2614.719          29.000                                                                  
G30  19880725.371   104473908.2380       -489.368          40.000    19880725.269    81408232.0540       -381.446          33.000  
G08  24052434.812   126396397.0561      -3835.259          23.000                                                                  
C37  26036871.355   135580821.2131      -3110.439          15.000                                                                  
C27  22867095.507   119075033.4460      -2681.031          27.000                                                                  
C29  24077344.624   125377110.5020       2546.866          31.000                                                                  
C30  21212358.805   110458319.4220        390.854          29.000                                                                  
R01  23392951.800   125048733.6471      -1667.764          20.000    23391340.496    97253426.7521      -1197.296          12.000  
R08  23464459.175   125651104.9120      -3556.256          27.000    23464466.786    97728674.5141      -2756.648          21.000  
R20  18966726.338   101423608.5041       -260.795          24.000    18966746.738    78885090.3990       -198.490          29.000  
R11  22240977.214   118849012.8540       2558.053          28.000                                                                  
R09  20476388.213   109342740.5890      -2168.985          28.000                                                                  
G22  21679063.200   113924194.4490       1019.197          43.000                                                                  
G01  21165563.818   111225788.3571       -223.306          25.000                                                                  
S31  37389930.097   196485393.7920       -498.467          36.000  
S33  38096536.082   200198677.2700       -499.905          44.000  
E06  25200520.963   132429559.8040      -1936.345          41.000    25200523.672   101472063.9670      -1483.731          43.000  
C11  22819596.050   118827718.5200       1916.475          37.000                                                                  
C36  22002726.110   114573967.9890       1156.205          45.000                                                                  
R10  19712832.814   105080491.5721        560.263          21.000                                                                  
R21  20570707.493   110077997.0430       3003.943          31.000                                                                  
R19  21639990.374   115759356.3701      -3960.447          25.000    21640003.709    90035110.4581      -3078.253          16.000  
E04  25450523.896   133743303.2120      -2878.230          35.000    25450520.947   102478686.7050      -2205.614          39.000  
E31  24376615.801   128099990.0060        572.721          40.000    24376615.840    98154583.4930        438.741          39.000  
G14  20581104.558   108154338.2070        822.168          39.000    20581102.415    84276173.2000        641.089          35.000  
E33  25333877.340   133130395.5830       2207.297          27.000                                                                  
E26  24617269.910   129364626.0781         76.783          26.000                                                                  
E09  25646313.707   134772328.7020       -789.063          36.000    25646316.693   103267087.7540       -604.843          40.000  
G17  20758564.054   109087066.8170        762.178          46.000    20758560.357    85002819.6830        593.495          36.000  
G19  23273626.531   122303771.5840       2311.430          32.000                                                                  
G20  23759714.446   124858167.8630       -536.913          35.000                                                                  
E28                                                                  26297690.931   105889903.1231      -2522.021          25.000  
E23                                                                  23751950.476    95639261.6851       -797.561          25.000  
> 2026  7 21  6 56 30.9990000  0 33                           
E28  26303948.479   138228181.8791      -3292.198          18.000    26303950.802   105915109.2101      -2520.575          24.000  
S35  37839990.302   198850519.4580       -498.049          41.000  
G07  21034642.812   110537793.7731      -2748.355          22.000                                                                  
G02  22172519.172   116517442.0710      -2616.505          27.000                                                                  
G30  19881659.987   104478819.8740       -492.902          40.000    19881659.946    81412059.3140       -384.365          32.000  
G08  24059743.965   126434806.9331      -3846.637          23.000                                                                  
C27  22872242.944   119101839.6160      -2680.865          26.000                                                                  
C29  24072453.819   125351641.5680       2546.667          27.000                                                                  
C30  21211609.561   110454418.6230        389.216          28.000                                                                  
R01  23396087.356   125065494.4531      -1681.937          13.000                                                                  
R08  23471107.970   125686660.8690      -3554.877          27.000    23471102.141    97756310.7271      -2768.359          17.000  
R20  18967209.075   101426189.8801       -262.364          25.000    18967229.292    78887097.9240       -204.088          28.000  
R11  22236190.032   118823410.8150       2561.576          28.000                                                                  
R09  20480449.378   109364429.3080      -2168.457          25.000                                                                  
G22  21677121.794   113913989.6530       1021.388          44.000                                                                  
S31  37390875.406   196490363.9350       -495.296          36.000  
S33  38097484.336   200203659.6230       -496.844          44.000  
E06  25204206.473   132448925.8220      -1937.254          42.000    25204208.842   101486902.8320      -1484.337          42.000  
C11  22815916.133   118808556.3930       1915.711          37.000                                                                  
C36  22000504.604   114562400.3440       1156.893          44.000                                                                  
R10  19711790.565   105074935.0721        554.397          20.000                                                                  
R21  20565095.595   110047966.4360       3001.802          27.000                                                                  
R19  21647398.058   115798981.9531      -3960.762          23.000    21647415.547    90065947.6081      -3077.568          17.000  
E04  25455999.412   133772080.0800      -2877.531          35.000    25455996.833   102500736.4770      -2204.976          39.000  
E31  24375523.565   128094249.7110        575.178          40.000    24375523.628    98150185.0780        440.958          39.000  
G14  20579538.272   108146107.9560        823.370          37.000    20579535.750    84269760.0420        641.754          34.000  
E33  25329678.926   133108316.3230       2208.115          27.000                                                                  
E26  24617133.011   129363906.8871         73.942          26.000                                                                  
E09  25647816.187   134780227.6800       -790.373          36.000    25647819.583   103273140.2130       -605.890          39.000  
G17  20757115.252   109079452.0540        760.615          46.000    20757111.149    84996886.1130        592.597          35.000  
G19  23269228.713   122280651.6890       2312.359          32.000                                                                  
G20  23760738.254   124863551.7850       -539.801          36.000    23760735.438    97296239.0711       -420.750          21.000  
E23                                                                  23753929.431    95647230.0291       -796.009          26.000  
> 2026  7 21  6 56 40.9990000  0 32                           
E28  26310213.448   138261104.5241      -3284.454          20.000    26310206.174   105940297.1601      -2514.392          23.000  
S35  37840934.663   198855482.6700       -494.401          41.000  
G07  21039879.029   110565309.8861      -2744.054          20.000                                                                  
G02  22177484.018   116543464.9231      -2619.166          24.000                                                                  
G30  19882600.800   104483762.9350       -495.441          41.000    19882600.527    81415911.0240       -385.931          32.000  
G08  24067051.288   126473207.2381      -3833.651          22.000                                                                  
C27  22877391.117   119128578.5391      -2681.337          25.000                                                                  
C29  24067568.399   125326143.8371       2547.053          24.000                                                                  
C30  21210865.511   110450537.6980        387.022          28.000                                                                  
R01  23399235.026   125082321.0381      -1685.817          19.000                                                                  
R08  23477746.463   125722205.2430      -3553.412          27.000    23477729.029    97783911.5551      -2745.713          15.000  
R20  18967705.148   101428843.4500       -267.277          26.000    18967723.766    78889151.9650       -207.483          27.000  
R11  22231387.340   118797793.2801       2565.003          25.000    22231371.742    92398218.5381       1995.370          26.000  
R09  20484500.593   109386089.9721      -2175.591          22.000                                                                  
G22  21675176.359   113903764.0860       1023.817          44.000                                                                  
S31  37391815.499   196495303.9660       -492.863          36.000  
S33  38098426.639   200208611.9460       -493.380          44.000  
E06  25207893.211   132468298.2370      -1937.281          42.000    25207895.185   101501746.5990      -1484.142          42.000  
C11  22812237.022   118789400.1340       1915.176          37.000                                                                  
C36  21998281.432   114550823.8770       1158.304          44.000                                                                  
R10  19710740.159   105069336.4201        563.376          19.000                                                                  
R19  21654805.545   115838607.1091      -3961.279          22.000    21654833.876    90096811.9081      -3084.646          16.000  
E04  25461473.693   133800846.8750      -2876.002          35.000    25461470.948   102522778.5300      -2203.550          39.000  
E31  24374426.318   128088483.4530        577.990          40.000    24374426.044    98145766.7720        443.248          39.000  
G14  20577968.381   108137863.3830        825.439          37.000    20577966.553    84263335.7040        643.646          34.000  
E33  25325471.944   133086225.1930       2210.047          26.000                                                                  
E26  24616978.760   129363095.6901         73.351          26.000                                                                  
E09  25649321.973   134788142.2590       -792.266          35.000    25649325.734   103279204.6020       -606.825          40.000  
G17  20755668.522   109071851.0340        759.660          46.000    20755664.745    84990963.2580        591.637          35.000  
G19  23264830.104   122257522.7900       2313.483          33.000                                                                  
G20  23761767.138   124868960.5230       -542.153          37.000    23761761.593    97300441.0771       -417.991          21.000  
E23                                                                  23755904.389    95655182.5901       -794.625          26.000  
> 2026  7 21  6 56 50.9990000  0 32                           
E28  26316462.547   138293943.5741      -3273.499          22.000    26316455.201   105965459.6031      -2517.082          22.000  
S35  37841874.447   198860423.0490       -493.481          41.000  
G07  21045134.244   110592926.8321      -2755.407          24.000                                                                  
G02  22182465.925   116569644.7291      -2623.991          23.000                                                                  
G30  19883549.013   104488745.0550       -500.766          41.000    19883548.217    81419793.2020       -390.090          32.000  
G08  24074345.617   126511539.8281      -3827.713          22.000                                                                  
C27  22882549.035   119155437.3981      -2684.065          23.000                                                                  
C29  24062674.675   125300660.7121       2552.426          22.000                                                                  
C30  21210127.666   110446683.9730        383.205          27.000                                                                  
R01  23402389.275   125099182.4421      -1693.418          22.000                                                                  
R08  23484375.415   125757745.1880      -3554.285          26.000    23484364.876    97811549.8131      -2757.668          16.000  
R20  18968218.999   101431551.5050       -274.743          28.000    18968232.008    78891258.6400       -213.916          26.000  
R11  22226581.095   118772109.6851       2567.436          24.000    22226573.846    92378278.1870       1996.301          27.000  
R09  20488586.045   109407906.3391      -2174.150          26.000                                                                  
G22  21673227.882   113893525.3700       1023.953          43.000                                                                  
S31  37392751.281   196500221.2810       -491.026          36.000  
S33  38099364.968   200213541.6680       -492.467          44.000  
E06  25211581.653   132487684.5760      -1940.218          41.000    25211584.066   101516601.0590      -1486.636          42.000  
C11  22808560.814   118770257.2740       1912.685          37.000                                                                  
C36  21996058.377   114539246.1270       1157.072          45.000                                                                  
R10  19709689.817   105063737.7331        547.028          16.000                                                                  
R19  21662221.095   115878275.2491      -3964.544          20.000                                                                  
E04  25466947.401   133829611.1550      -2877.120          35.000    25466944.456   102544818.6480      -2204.594          39.000  
E31  24373325.093   128082698.6800        578.820          40.000    24373325.240    98141334.3080        443.266          39.000  
G14  20576397.759   108129612.0890        824.634          37.000    20576396.673    84256906.1560        642.896          35.000  
E33  25321263.928   133064129.8480       2209.115          25.000                                                                  
E26  24616868.031   129362513.7151         68.724          25.000                                                                  
E09  25650832.943   134796079.8770       -795.040          35.000    25650836.366   103285286.6870       -609.420          40.000  
G17  20754226.031   109064271.4580        756.075          47.000    20754222.168    84985057.0800        589.315          36.000  
G19  23260432.046   122234392.3760       2312.583          33.000                                                                  
G20  23762802.909   124874401.5540       -546.121          38.000    23762793.369    97304665.5861       -420.873          23.000  
E23                                                                  23757876.102    95663122.1291       -794.258          26.000  
> 2026  7 21  6 57  0.9990000  0 32                           
E28  26322706.749   138326756.8431      -3277.539          22.000    26322696.154   105990589.5641      -2510.362          22.000  
S35  37842802.985   198865303.6840       -480.828          41.000  
G07  21050375.671   110620470.0971      -2749.516          24.000                                                                  
G02  22187453.508   116595855.1021      -2612.435          25.000                                                                  
G30  19884497.789   104493729.1870       -494.049          42.000    19884496.619    81423676.9950       -386.246          31.000  
G08  24081618.928   126549761.2091      -3817.729          20.000                                                                  
C27  22887694.917   119182233.3191      -2668.486          20.000                                                                  
C29  24057772.738   125275135.7881       2556.023          22.000                                                                  
C30  21209388.591   110442851.2540        390.841          25.000                                                                  
R01  23405545.852   125116055.4791      -1695.696          11.000                                                                  
R08  23491001.070   125793243.2061      -3543.404          24.000    23490999.757    97839184.0511      -2764.112          14.000  
R20  18968731.691   101434289.9990       -271.259          28.000                                                                  
R11  22221776.188   118746433.7411       2581.400          24.000    22221765.013    92358267.0520       2007.329          27.000  
R09  20492659.075   109429622.3310      -2165.234          25.000                                                                  
G22  21671269.519   113883236.3750       1035.911          43.000                                                                  
S31  37393675.504   196505078.1910       -478.043          36.000  
S33  38100291.508   200218410.9310       -479.526          44.000  
E06  25215265.796   132507047.6890      -1930.936          41.000    25215268.806   101531437.7100      -1479.254          41.000  
C11  22804880.656   118751091.1820       1921.901          38.000                                                                  
C36  21993827.737   114527630.4360       1167.966          45.000                                                                  
R19  21669627.523   115917894.4921      -3953.539          20.000                                                                  
E04  25472412.665   133858335.6920      -2866.015          36.000    25472410.444   102566828.3290      -2196.036          39.000  
E31  24372213.662   128076858.4030        591.433          40.000    24372213.866    98136859.2700        453.393          39.000  
G14  20574818.967   108121317.0160        836.224          38.000    20574818.180    84250442.5120        651.569          35.000  
E33  25317034.624   133041914.3491       2221.029          24.000                                                                  
E26  24616724.931   129361762.3751         78.147          24.000    24616762.936    99121503.1541         58.384          13.000  
E09  25652340.889   134804003.5450       -787.456          35.000    25652344.134   103291358.0620       -603.252          40.000  
G17  20752780.932   109056676.2220        764.710          46.000    20752776.894    84979138.7280        596.160          36.000  
G19  23256026.386   122211223.4760       2323.719          32.000                                                                  
E23  23759802.048   124858602.0801      -1024.934          20.000    23759836.600    95671015.4361       -784.260          25.000  
G20  23763837.980   124879837.8000       -538.886          39.000    23763836.480    97308936.9861       -422.923          23.000  
R21                                                                  20548297.576    85522958.9681       2335.887          26.000  
> 2026  7 21  6 57 10.9990000  0 32                           
E28  26328919.189   138359404.0531      -3254.721          22.000    26328912.564   106015620.2641      -2513.808          21.000  
S35  37843706.338   198870050.4650       -468.707          41.000  
G07  21055599.145   110647919.3521      -2742.151          25.000                                                                  
G02  22192422.293   116621965.6831      -2608.210          25.000                                                                  
G30  19885433.040   104498642.3960       -488.771          42.000    19885431.122    81427505.4130       -380.521          31.000  
G08  24088857.083   126587797.7741      -3804.868          20.000                                                                  
C27  22892825.285   119208948.1261      -2664.083          21.000                                                                  
C29  24052839.336   125249445.7651       2568.132          25.000                                                                  
C30  21208624.044   110438870.6951        396.955          25.000                                                                  
R01  23408687.746   125132851.4051      -1676.646          19.000                                                                  
R08  23497612.085   125828645.3101      -3524.805          21.000    23497601.868    97866681.4071      -2745.942          16.000  
R20  18969240.205   101436984.1090       -267.972          28.000    18969241.795    78895490.9681       -204.709          20.000  
R11  22216936.591   118720572.4101       2602.543          12.000    22216916.828    92338148.0060       2015.995          26.000  
R09  20496701.822   109451243.4061      -2169.038          20.000                                                                  
G22  21669287.916   113872824.1620       1046.552          43.000                                                                  
S31  37394574.630   196509802.8240       -466.631          36.000  
S33  38101192.687   200223147.3960       -467.932          44.000  
E06  25218932.108   132526314.6000      -1922.821          40.000    25218934.833   101546200.6690      -1473.335          40.000  
C11  22801182.570   118731829.5960       1929.802          39.000                                                                  
C36  21991575.716   114515904.5840       1177.132          44.000                                                                  
R19  21677017.648   115957427.2941      -3949.352          19.000                                                                  
E04  25477856.106   133886947.5440      -2856.651          36.000    25477854.798   102588751.6650      -2188.417          38.000  
E31  24371077.936   128070889.6670        602.488          40.000    24371077.854    98132285.8450        461.558          38.000  
G14  20573218.384   108112905.3260        846.057          39.000    20573217.762    84243887.9420        659.467          34.000  
E33  25312787.674   133019596.7111       2232.377          22.000                                                                  
E26  24616589.535   129361050.3111         86.089          22.000    24616620.505    99120929.9231         56.675          14.000  
E09  25653831.377   134811840.1850       -779.985          34.000    25653835.413   103297362.7760       -597.801          40.000  
G17  20751319.039   109048992.3790        771.963          47.000    20751314.958    84973151.3430        601.105          36.000  
G19  23251597.913   122187943.1590       2332.409          29.000                                                                  
E23  23761748.100   124868828.4231      -1018.213          23.000    23761773.299    95678814.4951       -776.108          24.000  
G20  23764858.146   124885196.2960       -532.667          39.000    23764853.113    97313100.2341       -408.325          20.000  
R21                                                                  20542679.981    85499585.0950       2340.416          27.000  
> 2026  7 21  6 57 20.9990000  0 32                           
E28  26335111.073   138391942.0021      -3258.661          23.000    26335108.531   106040569.2551      -2492.072          20.000  
S35  37844590.336   198874695.1060       -459.810          41.000  
G07  21060816.955   110675339.2771      -2737.575          27.000                                                                  
G02  22197395.389   116648082.4390      -2605.281          27.000                                                                  
G30  19886360.489   104503514.6070       -485.929          42.000    19886357.470    81431301.9410       -378.631          31.000  
G08  24096078.221   126625745.4421      -3799.619          20.000                                                                  
C27  22897949.868   119235633.4421      -2660.159          19.000                                                                  
C29  24047901.654   125223733.5850       2574.559          29.000                                                                  
C30  21207862.392   110434904.5951        401.480          25.000                                                                  
R01  23411820.038   125149595.1821      -1667.754          18.000                                                                  
R08  23504204.379   125863946.6551      -3520.196          19.000    23504196.114    97894146.0951      -2733.302          16.000  
R20  18969739.856   101439664.3020       -267.566          29.000    18969758.150    78897638.5891       -205.882          23.000  
R09  20500723.665   109472720.0181      -2149.905          18.000    20500790.371    85145725.5381      -1670.998          18.000  
G22  21667288.729   113862318.6640       1054.362          41.000                                                                  
S31  37395454.037   196514424.1560       -457.861          36.000  
S33  38102074.426   200227780.8610       -458.969          44.000  
E06  25222585.863   132545515.1480      -1917.566          39.000    25222588.334   101560912.7670      -1469.141          40.000  
C11  22797471.303   118712502.1720       1935.528          39.000                                                                  
C36  21989308.437   114504098.2300       1184.010          44.000                                                                  
R21  20537039.926   109897848.1921       3018.620          23.000    20537052.124    85476164.3640       2343.904          26.000  
R19  21684390.356   115996865.6341      -3945.186          20.000                                                                  
E04  25483283.710   133915476.4280      -2849.244          35.000    25483283.298   102610611.4940      -2183.353          38.000  
E31  24369922.769   128064822.3460        611.195          39.000    24369923.133    98127636.8590        468.347          38.000  
G14  20571601.328   108104406.8920        853.650          39.000    20571600.139    84237265.8080        664.923          32.000  
E33  25308555.173   132997354.3491       2237.616          23.000                                                                  
E26  24616402.037   129360065.7181         88.058          24.000                                                                  
E09  25655310.772   134819619.7960       -775.728          33.000    25655315.831   103303323.7970       -594.545          40.000  
G17  20749845.986   109041249.6580        776.598          46.000    20749841.896    84967118.0370        605.497          37.000  
G19  23247154.365   122164620.2561       2338.104          23.000                                                                  
E23  23763671.300   124878935.3881      -1003.692          26.000    23763688.598    95686526.1701       -769.401          23.000  
G20  23765868.540   124890506.9450       -528.898          38.000    23765859.433    97317220.5271       -405.883          18.000  
R11                                                                  22212055.869    92317944.7170       2023.890          25.000  
> 2026  7 21  6 57 30.9990000  0 34                           
E28  26341295.203   138424440.3751      -3251.188          23.000    26341293.873   106065474.4281      -2491.174          20.000  
S35  37845462.047   198879276.2000       -455.860          41.000  
G07  21066044.875   110702739.0880      -2739.090          29.000                                                                  
G02  22202363.451   116674136.5610      -2605.382          29.000                                                                  
G30  19887287.597   104508385.0650       -487.861          43.000    19887284.911    81435097.0850       -379.777          31.000  
G08  24103293.344   126663660.7351      -3795.772          20.000                                                                  
C27  22903051.320   119262197.6511      -2662.781          21.000                                                                  
C29  24042955.754   125197979.1760       2577.146          31.000                                                                  
C30  21207098.737   110430927.4830        400.828          27.000                                                                  
R01  23414947.523   125166313.4941      -1677.885          13.000                                                                  
R08  23510787.148   125899196.8871      -3525.721          17.000    23510777.380    97921556.5941      -2734.764          18.000  
R20  18970247.626   101442370.5730       -272.637          31.000    18970272.213    78899776.3571       -213.475          22.000  
R11  22207192.105   118668500.8161       2613.435          20.000    22207173.700    92297646.4561       2027.853          24.000  
R09  20504741.125   109494172.7701      -2154.087          22.000                                                                  
G22  21665278.874   113851758.9640       1058.068          40.000                                                                  
S31  37396321.385   196518982.1560       -452.577          36.000  
S33  38102944.010   200232350.9800       -454.753          44.000  
E06  25226233.960   132564688.4690      -1916.668          39.000    25226236.729   101575604.0200      -1468.982          40.000  
C11  22793754.966   118693147.8610       1936.055          40.000                                                                  
C36  21987033.365   114492250.3010       1186.116          44.000                                                                  
R10  19705394.659   105040842.0791        567.836          11.000                                                                  
R21  20531417.643   109867762.7601       3007.721          24.000    20531415.862    85452736.1870       2342.330          27.000  
R19  21691750.972   116036240.5461      -3944.596          23.000                                                                  
E04  25488702.659   133943961.5820      -2846.858          33.000    25488703.774   102632437.7870      -2181.852          38.000  
E31  24368757.204   128058695.6690        614.636          40.000    24368757.026    98122942.3830        471.135          38.000  
G14  20569975.215   108095860.9760        856.049          39.000    20569973.600    84230606.6720        666.943          32.000  
E33  25304300.128   132974994.4191       2237.456          21.000                                                                  
E26  24616239.877   129359213.6571         87.639          23.000                                                                  
E09  25656786.587   134827381.5250       -775.756          32.000    25656792.816   103309271.0760       -594.473          40.000  
G17  20748368.440   109033487.2990        776.224          46.000    20748365.065    84961069.4800        604.906          37.000  
G19  23242697.985   122141201.9361       2342.232          12.000                                                                  
E23  23765570.076   124888913.4491      -1001.266          26.000    23765591.589    95694188.5921       -767.029          23.000  
G20  23766877.515   124895808.9210       -530.888          38.000    23766867.913    97321350.9071       -412.665          21.000  
C37                                                                  26078194.929   105006083.6861      -2378.922          13.000  
> 2026  7 21  6 57 40.9990000  0 32                           
E28  26347473.192   138456905.6831      -3241.785          24.000    26347472.631   106090354.0181      -2474.020          17.000  
S35  37846324.437   198883809.2290       -450.049          41.000  
G07  21071253.535   110730132.2360      -2738.044          30.000                                                                  
G02  22207322.347   116700195.1420      -2605.098          29.000                                                                  
G30  19888217.612   104513269.8780       -488.179          43.000    19888215.775    81438903.4490       -379.809          32.000  
G08  24110517.525   126701623.7651      -3788.995          21.000                                                                  
C27  22908143.865   119288715.7441      -2665.236          21.000                                                                  
C29  24038004.975   125172198.3880       2580.586          33.000                                                                  
C30  21206329.567   110426919.8580        401.706          29.000                                                                  
R01  23418080.867   125183062.7621      -1679.262          17.000    23417130.365    97360652.0721      -1097.941          12.000  
R08  23517361.265   125934400.8871      -3527.355          19.000    23517354.111    97948948.7641      -2739.605          18.000  
R20  18970760.796   101445119.1510       -276.260          31.000    18970789.171    78901926.9161       -217.082          13.000  
R11  22202318.981   118642460.9291       2615.440          24.000    22202286.135    92277332.3631       2032.540          25.000  
R09  20508754.202   109515603.0181      -2149.409          24.000                                                                  
G22  21663261.811   113841161.3550       1062.622          41.000                                                                  
S31  37397179.771   196523492.3810       -447.344          35.000  
S33  38103804.625   200236873.3420       -448.876          44.000  
E06  25229879.972   132583850.6340      -1914.530          38.000    25229882.748   101590286.7030      -1466.960          39.000  
C11  22790036.909   118673782.6620       1938.092          41.000                                                                  
C36  21984753.163   114480376.8100       1189.694          44.000                                                                  
R21  20525795.318   109837652.8800       3012.708          26.000    20525788.920    85429313.2030       2343.315          27.000  
R19  21699113.620   116075625.2411      -3945.094          25.000                                                                  
E04  25494116.185   133972419.0350      -2843.011          31.000    25494119.533   102654242.8040      -2178.503          39.000  
E31  24367583.588   128052525.7200        620.365          40.000    24367583.034    98118214.7500        475.283          38.000  
G14  20568343.196   108087283.7100        860.248          39.000    20568340.957    84223923.0620        670.142          31.000  
E33  25300028.944   132952549.0891       2242.018          19.000                                                                  
E26  24616079.514   129358370.5331         88.508          22.000                                                                  
E09  25658258.326   134835141.4470       -774.576          30.000    25658269.204   103315217.0100       -593.792          39.000  
G17  20746890.153   109025721.5500        777.772          47.000    20746887.261    84955018.2520        606.199          37.000  
G19  23238237.726   122117762.6691       2346.483          20.000                                                                  
E23  23767484.198   124898972.3491       -996.292          26.000    23767486.334    95701818.1551       -762.666          25.000  
G20  23767887.824   124901118.2320       -530.605          39.000    23767884.155    97325512.2161       -410.636          24.000  
> 2026  7 21  6 57 50.9990000  0 32                           
E28  26353644.141   138489334.2801      -3234.269          24.000    26353644.217   106115203.8821      -2487.494          14.000  
S35  37847177.105   198888289.9710       -445.278          41.000  
G07  21076465.939   110757521.7420      -2738.498          29.000                                                                  
G02  22212281.629   116726252.7280      -2605.464          27.000                                                                  
G30  19889149.501   104518164.3620       -489.777          43.000    19889147.841    81442717.3560       -382.051          32.000  
G08  24117728.626   126739518.8621      -3776.979          20.000                                                                  
C27  22913242.681   119315267.0201      -2655.406          23.000                                                                  
C29  24033048.364   125146386.5850       2582.729          34.000                                                                  
C30  21205559.053   110422910.3270        401.207          31.000                                                                  
R01  23421213.019   125199805.9331      -1684.960          16.000                                                                  
R08  23523931.390   125969584.1641      -3519.964          20.000    23523920.408    97976297.5831      -2715.938          14.000  
R20  18971280.775   101447905.2500       -280.713          30.000                                                                  
R11  22197423.349   118616299.8681       2618.123          25.000    22197401.606    92257013.9190       2036.770          28.000  
R09  20512769.150   109537042.2311      -2149.846          23.000                                                                  
G22  21661237.841   113830521.1220       1066.373          40.000                                                                  
S31  37398027.658   196527950.4120       -442.853          36.000  
S33  38104655.389   200241343.3190       -444.256          44.000  
E06  25233522.900   132602996.8760      -1913.630          37.000    25233526.302   101604957.1930      -1466.155          39.000  
C11  22786315.372   118654401.9580       1939.188          41.000                                                                  
C36  21982466.634   114468473.1800       1191.896          44.000                                                                  
R21  20520164.286   109807544.0241       3013.715          18.000    20520163.416    85405891.7420       2342.540          25.000  
R19  21706485.492   116115060.3970      -3945.168          27.000                                                                  
E04  25499516.060   134000844.0150      -2840.815          30.000    25499529.047   102676022.9430      -2176.801          39.000  
E31  24366400.201   128046307.8300        624.184          40.000    24366399.848    98113450.3870        478.229          38.000  
G14  20566704.297   108078670.4030        863.232          39.000    20566701.575    84217211.3870        672.272          31.000  
E33  25295771.828   132930177.9601       2248.548          19.000                                                                  
E26  24615903.266   129357444.5181         87.393          21.000                                                                  
E09  25659728.639   134842894.8730       -774.729          29.000    25659744.536   103321157.9100       -593.722          39.000  
G17  20745410.735   109017947.6680        777.781          46.000    20745408.176    84948960.7100        605.956          37.000  
G19  23233769.004   122094279.3521       2349.956          22.000                                                                  
E23  23769366.510   124908874.2900       -991.870          26.000    23769377.156    95709432.0841       -759.654          26.000  
G20  23768898.736   124906430.1780       -531.167          38.000    23768895.098    97329651.3981       -411.726          25.000  
> 2026  7 21  6 58  0.9990000  0 30                           
E28  26359807.173   138521720.8141      -3234.372          25.000    26359811.214   106140036.0821      -2474.676          16.000  
S35  37848020.756   198892723.3450       -440.456          41.000  
G07  21081676.767   110784912.7330      -2738.314          29.000                                                                  
G02  22217241.630   116752314.5070      -2606.111          27.000                                                                  
G30  19890083.638   104523073.6840       -491.115          43.000    19890081.869    81446542.7820       -382.790          32.000  
G08  24124919.652   126777308.3981      -3783.237          18.000                                                                  
C27  22918348.048   119341852.0871      -2656.856          23.000                                                                  
C29  24028086.920   125120548.8990       2585.222          35.000                                                                  
C30  21204790.437   110418903.9800        400.835          33.000                                                                  
R08  23530504.042   126004780.3781      -3518.249          23.000                                                                  
R20  18971807.847   101450734.1300       -284.600          29.000    18971802.858    78906142.4541       -219.160          20.000  
R11  22192519.425   118590094.4261       2614.035          22.000    22192499.811    92236633.2130       2040.503          29.000  
R09  20516783.351   109558478.1431      -2147.578          21.000                                                                  
G22  21659206.567   113819843.3520       1070.481          39.000                                                                  
S31  37398867.149   196532360.7150       -438.360          36.000  
S33  38105496.878   200245765.9750       -439.395          44.000  
E06  25237164.039   132622132.2760      -1912.155          37.000    25237167.473   101619619.3800      -1465.165          39.000  
C11  22782592.215   118635010.9000       1940.299          41.000                                                                  
C36  21980175.190   114456544.4980       1194.817          43.000                                                                  
R10  19702109.036   105023327.5841        585.165          20.000                                                                  
R21  20514538.844   109777441.1171       3005.357          19.000    20514544.373    85382477.1721       2343.097          26.000  
R19  21713874.555   116154508.3600      -3944.750          28.000                                                                  
E04  25504917.687   134029241.5060      -2837.743          30.000    25504933.266   102697782.0320      -2174.562          39.000  
E31  24365208.672   128040047.0870        628.679          40.000    24365208.748    98108653.1840        481.901          38.000  
G14  20565059.157   108070026.2350        866.321          39.000    20565056.642    84210475.6610        675.006          31.000  
E09  25661204.278   134850646.8790       -774.587          30.000    25661219.674   103327097.7320       -593.387          39.000  
G17  20743930.514   109010170.7070        778.299          47.000    20743928.488    84942900.7380        606.454          37.000  
G19  23229299.579   122070792.8681       2351.448          26.000                                                                  
E23  23771249.459   124918775.0860       -986.917          26.000    23771260.070    95717013.4631       -756.334          26.000  
G20  23769910.521   124911749.8910       -531.721          38.000    23769907.694    97333801.3850       -413.982          27.000  
> 2026  7 21  6 58 10.9990000  0 32                           
E28  26365958.606   138554046.7521      -3227.816          25.000    26365961.931   106164802.9491      -2479.296          19.000  
S35  37848854.456   198897102.1700       -435.646          41.000  
G07  21086885.072   110812297.5540      -2738.151          30.000                                                                  
G02  22222201.217   116778372.7530      -2605.680          26.000                                                                  
G30  19891019.052   104527990.3230       -492.310          43.000    19891017.014    81450373.9400       -384.516          32.000  
G08  24132099.804   126815039.7801      -3767.538          15.000                                                                  
C27  22923446.684   119368402.3001      -2652.375          23.000                                                                  
C29  24023118.442   125094677.9560       2587.848          36.000                                                                  
C30  21204019.359   110414893.3200        400.724          32.000                                                                  
R01  23427483.326   125233324.1971      -1684.394          22.000    23425144.370    97393971.4791      -1097.421          11.000  
R08  23537062.259   126039898.7291      -3520.833          20.000                                                                  
R20  18972342.045   101453598.2070       -288.879          28.000    18972349.530    78908416.3361       -221.404          21.000  
R11  22187603.644   118563826.2561       2625.741          19.000    22187593.727    92216206.5220       2044.073          30.000  
R09  20520819.217   109580029.3341      -2151.802          23.000                                                                  
G22  21657166.170   113809120.4970       1074.286          37.000                                                                  
S31  37399696.329   196536716.9880       -433.789          36.000  
S33  38106328.351   200250134.1210       -434.737          44.000  
E06  25240801.896   132641249.2530      -1911.415          37.000    25240805.416   101634267.4430      -1464.468          39.000  
C11  22778865.182   118615602.0750       1941.285          41.000                                                                  
C36  21977878.474   114444583.3950       1197.217          42.000                                                                  
R10  19701000.671   105017419.1301        587.266          21.000                                                                  
R21  20508914.544   109747344.1781       3008.385          24.000    20508919.743    85359066.6751       2339.482          20.000  
R19  21721253.477   116193949.0130      -3944.350          29.000                                                                  
E04  25510320.455   134057603.9810      -2835.516          33.000    25510330.501   102719514.2500      -2172.315          39.000  
E31  24364007.981   128033735.9820        632.826          40.000    24364008.113    98103817.3990        484.854          39.000  
G14  20563406.743   108061343.7040        869.549          39.000    20563404.933    84203710.0800        677.325          31.000  
E26  24615582.230   129355757.1521         90.657          19.000                                                                  
E09  25662682.462   134858389.8590       -774.304          31.000    25662692.921   103333030.6800       -593.317          39.000  
G17  20742448.904   109002383.1160        778.601          47.000    20742446.667    84936832.4660        606.591          37.000  
G19  23224825.451   122047281.1721       2352.486          25.000                                                                  
E23  23773150.800   124928628.5210       -982.825          27.000    23773135.845    95724567.7000       -753.228          27.000  
G20  23770922.522   124917069.7620       -532.668          39.000    23770920.256    97337945.7280       -414.322          28.000  
> 2026  7 21  6 58 20.9990000  0 31                           
E28  26372100.323   138586322.5761      -3227.817          24.000    26372104.230   106189534.8481      -2472.064          21.000  
S35  37849681.840   198901451.5370       -435.329          41.000  
G07  21092098.580   110839701.7120      -2742.378          31.000                                                                  
G02  22227165.747   116804453.1160      -2611.003          27.000                                                                  
G30  19891961.037   104532939.7780       -497.907          43.000    19891958.056    81454230.6210       -386.957          32.000  
G08  24139268.984   126852714.6271      -3768.889          14.000                                                                  
C27  22928548.344   119394968.0391      -2654.414          25.000                                                                  
C29  24018149.027   125068799.0020       2586.945          36.000                                                                  
C30  21203252.344   110410903.5790        396.754          29.000                                                                  
R01  23430632.592   125250159.1821      -1686.323          22.000                                                                  
R08  23543623.788   126075036.1511      -3510.210          19.000                                                                  
R20  18972888.520   101456523.1690       -297.005          27.000    18972894.499    78910682.9871       -218.260          22.000  
R11  22182679.730   118537514.1381       2629.479          21.000    22182674.089    92195754.4560       2046.376          30.000  
R09  20524874.024   109601681.5521      -2152.114          26.000                                                                  
G22  21655121.662   113798378.0720       1073.400          37.000                                                                  
S31  37400519.547   196541043.4500       -432.759          36.000  
S33  38107153.833   200254472.6280       -433.800          44.000  
E06  25244441.513   132660373.1610      -1914.197          37.000    25244444.850   101648920.8460      -1466.842          40.000  
C11  22775139.681   118596200.7580       1938.327          40.000                                                                  
C36  21975580.185   114432615.1450       1195.646          43.000                                                                  
R10  19699897.813   105011540.0861        583.270          26.000                                                                  
R21  20503298.509   109717291.0601       3007.012          19.000    20503289.278    85335632.8291       2343.972          13.000  
R19  21728630.817   116233402.9850      -3947.416          29.000                                                                  
E04  25515721.573   134085956.7050      -2836.093          35.000    25515725.799   102741239.0800      -2173.531          39.000  
E31  24362802.678   128027399.9670        633.568          40.000    24362802.195    98098962.5090        485.776          38.000  
G14  20561752.208   108052648.3170        868.719          40.000    20561749.469    84196934.4550        675.891          31.000  
E09  25664158.259   134866149.3410       -778.021          31.000    25664169.825   103338976.2510       -596.246          38.000  
G17  20740970.327   108994610.2030        775.170          47.000    20740967.456    84930775.6610        604.139          37.000  
G19  23220347.044   122023742.4950       2352.169          28.000                                                                  
E23  23775020.690   124938460.0620       -983.308          28.000    23775005.318    95732100.9200       -753.075          27.000  
G20  23771939.527   124922415.2070       -537.179          39.000    23771941.892    97342111.0210       -418.585          30.000  
> 2026  7 21  6 58 30.9990000  0 30                           
E28  26378239.367   138618582.5611      -3225.750          24.000    26378241.586   106214247.5251      -2474.363          23.000  
S35  37850504.752   198905776.1050       -430.670          41.000  
G07  21097317.731   110867128.7950      -2743.343          32.000                                                                  
G02  22232134.327   116830558.8610      -2610.818          26.000                                                                  
G30  19892909.927   104537925.7130       -500.027          43.000    19892906.264    81458115.7670       -389.326          32.000  
C27  22933646.610   119421515.2951      -2653.923          25.000                                                                  
C29  24013178.755   125042915.7360       2588.989          36.000                                                                  
C30  21202490.084   110406938.4070        395.606          27.000                                                                  
R01  23433784.172   125267005.9541      -1686.580          17.000                                                                  
R08  23550176.705   126110126.5231      -3508.520          16.000    23550123.782    98085433.7341      -2721.704          16.000  
R20  18973446.847   101459512.8430       -301.508          25.000    18973456.601    78913021.3071       -234.097          26.000  
R11  22177753.173   118511188.4701       2634.598          18.000    22177748.680    92175347.3870       2049.186          29.000  
R09  20528913.847   109623253.9031      -2153.648          24.000                                                                  
G22  21653074.334   113787619.7300       1077.672          38.000                                                                  
S31  37401337.775   196545344.8670       -427.866          36.000  
S33  38107974.965   200258786.1210       -429.480          44.000  
E06  25248081.704   132679507.6410      -1913.695          36.000    25248086.366   101663582.3190      -1466.037          41.000  
C11  22771415.963   118576810.5880       1938.919          38.000                                                                  
C36  21973281.293   114420643.4240       1197.821          43.000                                                                  
R10  19698804.375   105005707.7370        585.754          28.000                                                                  
R19  21736002.276   116272875.8040      -3948.050          27.000    21735983.420    90434442.3541      -3065.471          16.000  
E04  25521120.151   134114303.3530      -2834.013          37.000    25521119.664   102762959.1930      -2171.339          39.000  
E31  24361592.756   128021042.6990        637.280          40.000    24361592.275    98094091.3720        488.079          38.000  
G14  20560096.030   108043943.7660        871.320          41.000    20560092.686    84190151.6480        679.303          31.000  
E26  24615266.427   129354097.5751         81.682          23.000                                                                  
E09  25665638.813   134873928.9460       -778.986          32.000    25665650.244   103344937.2040       -596.451          38.000  
G17  20739494.676   108986855.9130        775.032          47.000    20739491.739    84924733.3680        603.677          38.000  
G19  23215871.926   122000211.3790       2353.849          31.000                                                                  
E23  23776875.851   124948273.2440       -979.838          27.000    23776872.824    95739620.1300       -750.999          28.000  
G20  23772962.428   124927789.8650       -537.876          39.000    23772961.067    97346299.0940       -419.512          30.000  
> 2026  7 21  6 58 40.9990000  0 31                           
E28  26384367.054   138650784.0621      -3221.137          24.000    26384373.213   106238937.4751      -2468.833          26.000  
S35  37851321.680   198910069.2770       -427.032          41.000  
G07  21102540.604   110894573.8050      -2744.632          33.000                                                                  
G02  22237106.633   116856685.1510      -2612.577          26.000                                                                  
G30  19893864.422   104542943.2520       -502.554          43.000    19893861.198    81462025.5740       -391.860          32.000  
C27  22938739.805   119448037.4251      -2654.657          25.000                                                                  
C29  24008206.249   125017023.3960       2590.302          35.000                                                                  
C30  21201731.761   110402992.9700        394.720          25.000                                                                  
R01  23436948.264   125283920.1471      -1691.215          20.000                                                                  
R08  23556723.300   126145183.3491      -3510.553          18.000    23556689.390    98112779.0521      -2732.148          22.000  
R20  18974016.700   101462562.3470       -307.624          25.000    18974029.659    78915389.1860       -239.386          29.000  
R09  20532945.573   109644782.9041      -2152.403          23.000                                                                  
G22  21651022.813   113776840.6530       1079.834          37.000                                                                  
S31  37402150.885   196549615.6340       -424.909          36.000  
S33  38108789.751   200263068.4780       -425.855          44.000  
E06  25251722.536   132698647.7310      -1912.913          35.000    25251729.034   101678248.1520      -1466.298          41.000  
C11  22767693.433   118557426.8000       1939.399          37.000                                                                  
C36  21970980.744   114408663.5220       1199.062          43.000                                                                  
R10  19697707.065   104999854.3580        585.305          28.000                                                                  
R21  20492049.558   109657096.4321       3004.014          20.000                                                                  
R19  21743387.196   116312364.9690      -3948.642          28.000    21743379.161    90465213.0191      -3077.382          19.000  
E04  25526513.233   134142638.9430      -2832.227          37.000    25526511.548   102784670.8910      -2170.056          38.000  
E31  24360378.161   128014659.3360        640.784          40.000    24360377.861    98089200.2030        490.810          39.000  
G14  20558437.146   108035225.2130        873.401          42.000    20558434.104    84183358.0200        679.974          32.000  
E26  24615096.005   129353201.9881         83.565          20.000                                                                  
E09  25667125.690   134881723.7420       -779.523          33.000    25667132.975   103350909.8500       -597.193          38.000  
G17  20738021.431   108979115.3020        774.176          47.000    20738018.990    84918701.7340        602.937          37.000  
G19  23211392.376   121976671.4070       2354.740          33.000                                                                  
E23  23778717.072   124958063.2470       -976.530          25.000    23778736.703    95747121.5630       -748.440          28.000  
G20  23773989.812   124933188.8640       -540.093          39.000    23773988.523    97350506.1070       -421.749          30.000  
R11                                                                  22172815.750    92154845.8190       2051.732          29.000  
> 2026  7 21  6 58 50.9990000  0 31                           
E28  26390493.018   138682976.6821      -3217.819          24.000    26390495.585   106263592.9620      -2464.412          27.000  
S35  37852129.348   198914313.0670       -422.392          41.000  
G07  21107763.087   110922017.4650      -2744.229          32.000                                                                  
G02  22242078.410   116882812.7060      -2613.249          26.000                                                                  
G30  19894821.285   104547973.2620       -504.066          42.000    19894818.743    81465945.0850       -393.340          33.000  
G08  24160696.203   126965315.2251      -3756.265          15.000                                                                  
C27  22943835.844   119474573.2421      -2651.954          26.000                                                                  
C29  24003228.390   124991103.0000       2593.109          35.000                                                                  
C30  21200976.177   110399045.7761        392.695          22.000                                                                  
R01  23440116.105   125300853.5491      -1691.482          23.000    23439796.953    97454892.3551      -1665.414          11.000  
R08  23563272.048   126180251.1261      -3506.047          17.000    23563249.008    98140099.8681      -2719.605          24.000  
R20  18974595.182   101465687.4931       -310.204          25.000    18974610.122    78917817.2450       -243.084          32.000  
R09  20536980.661   109666330.1261      -2153.284          25.000    20536972.828    85296001.7551      -1672.958          26.000  
G22  21648963.444   113766021.6010       1083.436          38.000                                                                  
S31  37402953.892   196553836.8830       -420.162          36.000  
S33  38109595.385   200267301.8390       -421.267          44.000  
E06  25255361.399   132717774.3050      -1912.446          35.000    25255368.999   101692903.5250      -1465.446          41.000  
C11  22763968.345   118538030.5400       1939.604          36.000                                                                  
C36  21968675.224   114396656.4090       1201.302          43.000                                                                  
R10  19696611.860   104993985.1380        587.132          29.000                                                                  
R21  20486430.076   109627024.9281       3004.128          21.000    20486421.240    85265427.3831       2346.923          19.000  
R19  21750773.935   116351846.7110      -3948.708          28.000    21750769.310    90495960.0551      -3065.720          19.000  
E04  25531900.831   134170944.2790      -2829.763          38.000    25531897.841   102806359.3590      -2167.971          38.000  
E31  24359154.480   128008230.6730        644.695          38.000    24359154.656    98084274.3200        494.070          39.000  
G14  20556772.447   108026473.4940        876.282          42.000    20556768.629    84176538.4780        683.228          32.000  
E09  25668610.516   134889514.5280       -779.354          34.000    25668615.215   103356879.4390       -597.456          37.000  
G17  20736546.995   108971369.0760        774.460          48.000    20736544.621    84912665.7040        603.835          38.000  
G19  23206907.094   121953103.3270       2358.183          34.000                                                                  
E23  23780585.209   124967811.0200       -973.239          27.000    23780591.914    95754590.5750       -745.692          28.000  
G20  23775018.415   124938592.9410       -541.161          39.000    23775017.872    97354717.0200       -421.094          31.000  
R11                                                                  22167874.081    92134309.4930       2056.342          30.000  
> 2026  7 21  6 59  0.9990000  0 32                           
E28  26396612.992   138715137.2421      -3211.950          26.000    26396609.997   106288216.3220      -2460.520          28.000  
S35  37852927.709   198918507.9850       -416.902          41.000  
G07  21112985.391   110949460.6290      -2744.330          32.000                                                                  
G02  22247050.307   116908942.2390      -2613.197          26.000                                                                  
G30  19895780.560   104553016.5440       -505.254          42.000    19895779.144    81469874.8900       -393.513          34.000  
G08  24167837.961   127002845.2581      -3740.555          16.000                                                                  
C27  22948928.633   119501099.7270      -2651.576          27.000                                                                  
C29  23998245.088   124965155.4420       2595.958          36.000                                                                  
C30  21200226.556   110395142.0731        379.350          16.000                                                                  
R01  23443290.445   125317822.6061      -1694.196          25.000                                                                  
R08  23569808.795   126215255.7181      -3497.797          18.000    23569795.106    98167363.3811      -2729.812          22.000  
R20  18975174.873   101468786.8781       -323.541          21.000    18975195.290    78920252.2170       -245.287          33.000  
R09  20541024.908   109687858.7610      -2151.075          27.000    20540999.431    85312726.0781      -1673.295          26.000  
G22  21646896.992   113755163.3660       1088.158          41.000                                                                  
S31  37403747.882   196558009.1930       -415.321          36.000  
S33  38110391.584   200271485.5570       -416.045          44.000  
E06  25258999.545   132736887.9570      -1910.720          36.000    25259006.383   101707549.0430      -1464.492          42.000  
C11  22760240.505   118518622.4740       1941.233          32.000                                                                  
C36  21966364.423   114384622.9540       1204.260          42.000                                                                  
R10  19695510.014   104988101.3140        589.188          27.000                                                                  
R21  20480820.918   109597009.3111       2998.540          22.000    20480818.585    85242108.6541       2335.805          19.000  
R19  21758158.494   116391322.7490      -3947.658          27.000    21758155.194    90526689.9341      -3071.319          20.000  
E04  25537282.295   134199219.9820      -2826.272          38.000    25537278.392   102828025.1670      -2165.614          38.000  
E31  24357920.767   128001757.4150        649.537          37.000    24357922.986    98079314.3360        497.430          39.000  
G14  20555101.025   108017689.4060        879.993          43.000    20555097.229    84169693.7760        685.516          32.000  
E09  25670092.293   134897302.0870       -778.671          35.000    25670096.852   103362846.5400       -596.984          36.000  
G17  20735072.382   108963618.0050        775.322          48.000    20735069.678    84906625.9350        604.226          38.000  
G19  23202416.764   121929508.2330       2361.254          34.000                                                                  
E23  23782452.633   124977517.1460       -968.374          26.000    23782437.649    95762027.7440       -742.041          28.000  
G20  23776047.771   124944002.8500       -541.156          39.000    23776047.964    97358932.5360       -421.577          31.000  
E21                                                                  27303935.906   109941635.4991      -1624.361          13.000  
R11                                                                  22162922.308    92113725.3890       2060.149          29.000  
> 2026  7 21  6 59 10.9990000  0 32                           
E28  26402722.076   138747235.3050      -3207.943          27.000    26402713.115   106312806.2600      -2457.816          29.000  
S35  37853717.273   198922657.4990       -413.331          41.000  
G07  21118208.615   110976906.7210      -2744.752          32.000                                                                  
G02  22252024.313   116935077.1660      -2614.921          26.000                                                                  
G30  19896743.083   104558076.6270       -507.395          42.000    19896742.508    81473817.8520       -395.911          34.000  
G08  24174974.145   127040345.8081      -3748.183          17.000                                                                  
C27  22954014.188   119527575.2271      -2649.202          25.000                                                                  
C29  23993257.750   124939184.2530       2597.467          36.000                                                                  
C30  21199497.864   110391348.0921        385.571          19.000                                                                  
R01  23446458.730   125334758.2311      -1696.894          23.000                                                                  
R08  23576339.405   126250226.3411      -3502.593          20.000    23576336.894    98194610.0081      -2715.321          19.000  
R20  18975763.547   101471934.9201       -320.368          22.000    18975787.748    78922721.7470       -249.120          31.000  
R11  22157949.614   118405364.3861       2653.672          19.000    22157961.167    92093103.2510       2063.469          28.000  
R09  20545062.094   109709371.7400      -2152.006          27.000    20545026.871    85329453.3151      -1675.212          26.000  
G22  21644824.381   113744269.6290       1090.962          42.000                                                                  
S31  37404533.048   196562135.9560       -410.895          36.000  
S33  38111179.048   200275624.6150       -412.037          44.000  
E06  25262635.424   132755992.1710      -1910.429          37.000    25262641.813   101722187.3270      -1463.743          42.000  
C11  22756509.063   118499206.1760       1941.165          27.000                                                                  
C36  21964049.233   114372566.6830       1206.251          42.000                                                                  
R10  19694403.030   104982249.9021        589.913          25.000                                                                  
R21  20475218.660   109567030.1311       3004.333          22.000    20475214.357    85218783.8891       2317.135          16.000  
R19  21765537.206   116430799.5910      -3947.146          26.000    21765542.899    90557427.3091      -3071.326          21.000  
E04  25542658.563   134227469.5790      -2824.216          38.000    25542654.260   102849670.9280      -2163.903          38.000  
E31  24356681.509   127995243.1510        653.432          37.000    24356683.077    98074322.8950        500.384          38.000  
G14  20553424.267   108008876.5430        882.233          42.000    20553420.404    84162826.5990        687.494          32.000  
E26  24614565.943   129350416.1591         90.425          21.000                                                                  
E09  25671575.058   134905089.8980       -778.966          35.000    25671578.592   103368813.8390       -597.105          36.000  
G17  20733597.102   108955865.5880        774.875          47.000    20733594.302    84900585.1020        603.696          38.000  
G19  23197920.514   121905889.5930       2362.338          33.000                                                                  
E23  23784292.420   124987185.3660       -964.898          25.000    23784277.076    95769435.8210       -739.748          28.000  
G20  23777078.929   124949422.1190       -543.170          39.000    23777079.419    97363155.3500       -423.126          31.000  
> 2026  7 21  6 59 20.9990000  0 33                           
E28  26408824.699   138779288.9930      -3202.560          28.000    26408812.382   106337366.8760      -2453.991          30.000  
S35  37854499.268   198926767.5000       -408.602          41.000  
G07  21123434.524   111004361.2680      -2745.487          31.000                                                                  
G02  22257000.348   116961222.9240      -2614.582          26.000                                                                  
G30  19897710.270   104563159.1270       -508.679          42.000    19897710.414    81477778.2430       -396.552          34.000  
G08  24182092.323   127077752.6361      -3737.835          17.000                                                                  
C27  22959089.213   119554002.3091      -2648.646          24.000                                                                  
C29  23988267.706   124913194.9900       2600.205          36.000                                                                  
C30  21198740.010   110387401.7261        395.654          19.000                                                                  
R01  23449634.988   125351737.4921      -1697.595          20.000                                                                  
R08  23582870.127   126285198.3791      -3490.655          21.000    23582875.274    98221842.4911      -2705.171          15.000  
R20  18976382.264   101475243.1881       -327.127          23.000    18976381.844    78925213.3670       -252.326          29.000  
R11  22152979.899   118378807.2421       2657.907          23.000    22152991.146    92072446.9920       2067.905          27.000  
R09  20549092.005   109730887.2920      -2151.451          25.000    20549060.889    85346177.0900      -1673.143          28.000  
G22  21642745.748   113733345.8530       1094.376          41.000                                                                  
S31  37405310.853   196566223.4300       -406.268          36.000  
S33  38111958.876   200279723.5140       -407.119          43.000  
E06  25266270.320   132775092.5150      -1909.333          37.000    25266276.185   101736822.6330      -1462.602          42.000  
C11  22752779.611   118479691.2030       1942.645          26.000                                                                  
C36  21961730.181   114360493.2040       1208.626          41.000                                                                  
R10  19693295.821   104976348.4211        590.808          25.000                                                                  
R21  20469615.426   109537046.8501       2998.350          21.000    20469600.130    85195417.1971       2330.556          15.000  
R19  21772918.356   116470278.9040      -3947.432          26.000    21772917.008    90588107.4601      -3075.485          20.000  
E04  25548030.006   134255698.5120      -2821.338          38.000    25548026.445   102871300.8800      -2161.773          39.000  
E31  24355436.547   127988693.4980        657.436          38.000    24355436.583    98069304.3100        503.563          38.000  
G14  20551742.665   108000040.4680        885.583          43.000    20551738.468    84155941.3570        689.923          31.000  
E33  25257145.401   132727194.1641       2267.864          21.000                                                                  
E26  24614421.074   129349655.2341         80.790          24.000                                                                  
E09  25673059.637   134912883.5960       -779.062          35.000    25673061.922   103374785.6220       -596.864          35.000  
G17  20732122.628   108948117.4010        775.090          48.000    20732119.664    84894547.5500        604.119          38.000  
G19  23193420.902   121882253.0540       2365.347          30.000                                                                  
E23  23786126.014   124996935.6351       -961.045          21.000    23786112.005    95776813.0430       -736.440          27.000  
G20  23778112.464   124954856.2210       -543.581          38.000    23778112.832    97367389.7210       -423.853          31.000  
> 2026  7 21  6 59 30.9990000  0 33                           
E28  26414912.365   138811309.5370      -3201.233          29.000    26414905.643   106361902.0470      -2452.253          30.000  
S35  37855274.939   198930842.6730       -406.462          41.000  
G07  21128662.962   111031828.9980      -2746.665          30.000                                                                  
G02  22261980.091   116987384.5050      -2617.840          27.000                                                                  
G30  19898682.751   104568269.0160       -513.278          42.000    19898682.669    81481759.9610       -399.736          34.000  
G08  24189212.181   127115167.8641      -3731.330          16.000                                                                  
C27  22964173.327   119580476.2731      -2650.306          23.000                                                                  
C29  23983274.883   124887192.6400       2600.198          36.000                                                                  
C30  21197972.141   110383402.7371        387.488          21.000                                                                  
R01  23452827.700   125368804.6651      -1703.063          26.000                                                                  
R08  23589390.440   126320114.2871      -3509.584          20.000    23589394.323    98248993.2801      -2705.863          13.000  
R20  18976998.367   101478538.2411       -333.373          22.000    18976993.544    78927765.0260       -257.213          28.000  
R11  22148009.618   118352247.2791       2661.070          24.000    22148013.328    92051760.9660       2069.276          27.000  
R09  20553115.688   109752490.3981      -2151.461          22.000    20553090.740    85362916.9760      -1674.767          28.000  
G22  21640662.272   113722397.0030       1095.711          42.000                                                                  
S31  37406082.284   196570275.1850       -404.021          36.000  
S33  38112732.312   200283787.7420       -405.292          44.000  
E06  25269905.806   132794193.8420      -1910.821          38.000    25269911.330   101751458.7400      -1464.405          42.000  
C11  22749063.836   118460297.6010       1941.338          28.000                                                                  
C36  21959408.883   114348407.4700       1208.578          40.000                                                                  
R10  19692189.480   104970450.7391        589.499          24.000                                                                  
R21  20464025.719   109507123.6980       2995.241          28.000    20463989.691    85172066.1211       2317.204          17.000  
R19  21780296.395   116509898.5501      -3950.000          25.000    21780292.778    90618795.3701      -3076.558          20.000  
E04  25553398.401   134283911.6950      -2821.263          38.000    25553395.569   102892918.7370      -2161.442          39.000  
E31  24354184.858   127982113.3770        659.109          36.000    24354184.163    98064262.3720        504.905          38.000  
G14  20550058.037   107991186.2310        885.791          43.000    20550052.969    84149041.9690        689.856          31.000  
E33  25252848.783   132704615.5171       2259.079          22.000                                                                  
E26  24614278.883   129348908.3821         76.303          24.000                                                                  
E09  25674546.261   134920688.0310       -781.685          36.000    25674547.391   103380765.6310       -598.860          35.000  
G17  20730650.012   108940378.4810        772.838          47.000    20730646.559    84888517.2380        602.028          38.000  
G19  23188916.830   121858603.5200       2365.259          29.000                                                                  
G20  23779150.134   124960310.1330       -546.709          38.000    23779149.338    97371639.5160       -426.310          31.000  
E23                                                                  23787938.498    95784175.2370       -735.404          27.000  
> 2026  7 21  6 59 40.9990000  0 33                           
E28  26420999.139   138843306.5360      -3197.685          29.000    26420994.387   106386419.2740      -2451.039          31.000  
S35  37856045.807   198934892.9590       -403.402          41.000  
G07  21133893.449   111059320.0830      -2749.799          26.000                                                                  
G02  22266964.006   117013685.1420      -2619.463          25.000                                                                  
G30  19899662.033   104573416.2000       -516.004          41.000    19899661.435    81485770.7500       -401.956          34.000  
G08  24196313.987   127152488.2091      -3738.613          11.000                                                                  
C27  22969264.847   119606988.7561      -2650.264          25.000                                                                  
C29  23978280.823   124861187.0510       2601.896          34.000                                                                  
C30  21197231.728   110379547.9981        392.082          23.000                                                                  
R01  23456017.459   125385857.3770      -1706.592          28.000                                                                  
R08  23595912.807   126355040.7921      -3486.718          22.000    23595907.167    98276119.1761      -2718.105          15.000  
R20  18977618.902   101481856.0101       -337.081          26.000    18977619.435    78930367.5330       -262.426          26.000  
R11  22143022.548   118325597.9291       2666.154          25.000    22143030.481    92031053.2000       2072.593          28.000  
R09  20557141.145   109773986.6161      -2152.742          20.000    20557125.020    85379670.5310      -1675.691          28.000  
G22  21638575.977   113711433.0080       1097.548          43.000                                                                  
S31  37406849.057   196574302.9190       -401.177          36.000  
S33  38113500.662   200287826.9140       -401.942          43.000  
E06  25273543.024   132813306.0290      -1911.250          39.000    25273548.310   101766103.1210      -1464.418          42.000  
C11  22745328.227   118440893.3060       1940.090          26.000                                                                  
C36  21957087.412   114336319.3440       1209.568          39.000                                                                  
R10  19691078.705   104964529.7601        586.914          23.000                                                                  
R21  20458441.604   109477190.0900       2991.712          32.000    20458404.444    85148819.5591       2326.792          21.000  
R19  21787679.728   116549394.5251      -3951.386          23.000    21787677.097    90649518.0471      -3069.307          19.000  
E04  25558766.058   134312118.9420      -2820.204          37.000    25558763.438   102914532.0520      -2160.731          39.000  
E31  24352928.052   127975512.6370        661.475          35.000    24352928.119    98059204.6750        506.890          38.000  
G14  20548371.403   107982323.7180        887.427          43.000    20548366.773    84142136.1710        690.997          31.000  
E33  25248542.849   132681988.1531       2267.764          20.000                                                                  
E26  24614114.652   129348045.3831         75.537          22.000                                                                  
E09  25676035.838   134928513.1040       -782.802          36.000    25676036.439   103386761.4930       -600.285          35.000  
G17  20729180.802   108932658.6520        771.374          48.000    20729177.614    84882501.7710        601.118          38.000  
G19  23184412.347   121834951.0470       2366.102          28.000                                                                  
G20  23780193.356   124965793.6990       -549.242          37.000    23780192.414    97375912.4040       -428.240          31.000  
E23                                                                  23789764.492    95791523.9750       -733.691          26.000  
> 2026  7 21  6 59 50.9990000  0 33                           
E28  26427078.352   138875281.1440      -3196.050          28.000    26427078.460   106410919.3140      -2449.323          31.000  
S35  37856811.915   198938918.9580       -401.510          41.000  
G07  21139128.295   111086835.4060      -2753.376          25.000                                                                  
G02  22271944.551   117039857.8671      -2623.333          25.000                                                                  
G30  19900648.572   104578601.8110       -520.696          41.000    19900647.724    81489811.4980       -405.771          34.000  
C27  22974359.222   119633516.6891      -2652.413          26.000                                                                  
C29  23973286.256   124835179.4610       2600.453          33.000                                                                  
C30  21196495.508   110375713.5971        389.454          20.000                                                                  
R01  23459223.687   125402948.5000      -1711.078          26.000                                                                  
R08  23602430.471   126389943.4201      -3487.437          22.000    23602435.940    98303311.7171      -2707.853          18.000  
R20  18978262.904   101485289.5340       -345.331          28.000    18978258.407    78932992.5121       -266.433          23.000  
R11  22138035.111   118298946.8221       2666.272          26.000    22138042.837    92010324.5650       2074.170          28.000  
R09  20561184.708   109795578.3081      -2156.473          20.000    20561166.180    85396438.3670      -1677.971          26.000  
G22  21636487.509   113700454.9110       1098.271          43.000                                                                  
S31  37407610.739   196578306.2890       -399.125          36.000  
S33  38114264.776   200291842.6080       -400.844          44.000  
E06  25277182.761   132832430.1180      -1913.193          40.000    25277187.860   101780756.6320      -1465.798          43.000  
C11  22741610.001   118421502.2600       1938.721          28.000                                                                  
C36  21954765.573   114324230.0010       1208.765          38.000                                                                  
R10  19689990.743   104958729.8931        585.335          23.000                                                                  
R21  20452854.819   109447288.9660       2988.526          29.000    20452816.430    85125562.3871       2325.751          19.000  
R19  21795057.756   116588861.6361      -3959.952          21.000    21795048.154    90680185.8991      -3060.906          18.000  
E04  25564131.689   134340321.2720      -2820.484          36.000    25564130.328   102936141.6070      -2161.046          39.000  
E31  24351669.087   127968892.4370        662.601          35.000    24351668.430    98054132.0560        507.738          38.000  
G14  20546683.875   107973454.1140        887.305          44.000    20546677.103    84135224.7480        691.473          29.000  
E33  25244215.151   132659245.5171       2270.825          20.000                                                                  
E26  24613957.525   129347219.1331         77.756          21.000                                                                  
E09  25677528.885   134936359.8980       -785.894          36.000    25677529.510   103392773.9500       -602.038          35.000  
G17  20727715.513   108924958.7580        768.893          48.000    20727712.453    84876501.8680        599.035          39.000  
G19  23179908.791   121811296.5660       2365.617          30.000                                                                  
G20  23781242.110   124971308.0190       -552.915          36.000    23781241.880    97380209.2570       -431.404          31.000  
C22                                                                  26636413.206   107253797.4441      -1982.024          11.000  
E23                                                                  23791586.094    95798855.1740       -732.703          27.000  
> 2026  7 21  7  0  0.9990000  0 30                           
E28  26433160.718   138907230.9490      -3193.730          28.000    26433158.091   106435400.2800      -2447.011          30.000  
S35  37857573.031   198942919.1060       -398.493          41.000  
G07  21144368.158   111114372.4810      -2755.079          25.000                                                                  
G02  22276944.690   117066134.3561      -2625.657          23.000                                                                  
G30  19901642.044   104583823.4920       -523.818          41.000    19901641.480    81493880.3230       -408.050          34.000  
C27  22979454.741   119660046.2620      -2652.517          27.000                                                                  
C29  23968290.810   124809167.4740       2601.368          32.000                                                                  
R01  23462428.946   125420129.0331      -1714.600          17.000                                                                  
R08  23608953.850   126424875.4341      -3483.101          22.000    23608961.120    98330489.1361      -2719.950          21.000  
R20  18978912.167   101488765.9570       -351.505          25.000    18978911.387    78935708.0111       -272.900          19.000  
R11  22133046.757   118272285.9320       2669.976          27.000    22133050.387    91989573.1410       2076.573          29.000  
R09  20565221.143   109817133.3711      -2141.010          16.000    20565205.932    85413262.2921      -1678.733          25.000  
G22  21634395.427   113689460.3870       1100.783          43.000                                                                  
S31  37408367.651   196582283.5960       -396.688          36.000  
S33  38115024.026   200295831.6550       -397.366          44.000  
E06  25280824.630   132851563.6760      -1913.823          40.000    25280828.893   101795417.3970      -1466.475          43.000  
C11  22737884.613   118402122.3960       1937.174          28.000                                                                  
C36  21952442.802   114312137.1200       1209.465          36.000                                                                  
R10  19688893.032   104952878.2931        586.026          23.000                                                                  
R21  20447274.014   109417418.2200       2985.843          29.000    20447244.579    85102372.0681       2327.302          17.000  
R19  21802441.707   116628361.4461      -3951.592          22.000    21802427.255    90710887.0771      -3097.069          16.000  
E04  25569495.796   134368516.2590      -2819.101          34.000    25569496.087   102957745.5320      -2159.986          39.000  
E31  24350407.218   127962250.3900        665.269          34.000    24350404.852    98049042.6600        509.804          38.000  
G14  20544994.243   107964575.0560        888.574          44.000    20544986.124    84128305.9910        691.989          29.000  
E26  24613799.232   129346387.5341         75.858          22.000                                                                  
E09  25679025.788   134944225.9990       -787.261          35.000    25679026.248   103398801.2330       -603.000          34.000  
G17  20726254.118   108917276.7420        767.567          48.000    20726250.703    84870515.8920        597.942          39.000  
G19  23175406.543   121787637.8120       2366.532          33.000                                                                  
G20  23782296.887   124976850.6530       -555.197          36.000    23782296.868    97384528.1140       -432.096          30.000  
E23                                                                  23793404.662    95806176.9370       -730.677          26.000  
> 2026  7 21  7  0 10.9990000  0 30                           
E28  26439236.666   138939164.4280      -3191.432          27.000    26439234.517   106459868.7750      -2445.221          30.000  
S35  37858331.086   198946901.9430       -396.211          41.000  
G07  21149615.263   111141939.8830      -2757.191          26.000                                                                  
G02  22281950.699   117092440.5581      -2627.193          24.000                                                                  
G30  19902644.027   104589089.8770       -528.056          40.000    19902642.964    81497983.9710       -410.751          34.000  
C27  22984552.017   119686581.8450      -2653.357          28.000                                                                  
C29  23963295.147   124783159.8030       2600.649          31.000                                                                  
R08  23615475.216   126459796.5531      -3479.386          20.000    23615484.642    98357658.5831      -2714.121          23.000  
R20  18979573.440   101492315.1310       -357.017          25.000                                                                  
R11  22128050.595   118245584.9140       2672.502          27.000    22128055.049    91968805.6910       2077.597          29.000  
R09  20569246.211   109838626.7791      -2161.881          18.000    20569245.825    85430041.0761      -1674.034          21.000  
G22  21632301.742   113678458.1130       1101.496          43.000                                                                  
S31  37409120.645   196586243.7480       -394.300          36.000  
S33  38115779.560   200299803.4630       -395.253          44.000  
E06  25284469.793   132870715.2490      -1915.098          40.000    25284473.462   101810091.9450      -1467.299          43.000  
C11  22734171.520   118382762.2040       1936.225          26.000                                                                  
C36  21950120.856   114300049.2990       1209.773          35.000                                                                  
R10  19687790.738   104947002.7331        603.327          21.000                                                                  
R21  20441701.017   109387586.9670       2982.275          29.000    20441680.662    85079214.9811       2317.344          18.000  
R19  21809851.467   116667998.7561      -3963.672          25.000                                                                  
E04  25574861.136   134396712.4540      -2819.251          33.000    25574861.315   102979350.3500      -2159.736          39.000  
E31  24349141.876   127955595.1610        667.437          31.000    24349138.194    98043943.1710        511.162          38.000  
G14  20543304.562   107955695.2030        889.099          44.000    20543298.131    84121386.6040        692.932          31.000  
E26  24613657.522   129345642.6671         76.431          21.000                                                                  
E09  25680527.902   134952120.1000       -789.895          35.000    25680528.888   103404849.9900       -605.695          34.000  
G17  20724797.666   108909621.1210        765.201          48.000    20724793.824    84864550.4660        596.173          39.000  
G19  23170907.431   121763983.4390       2366.083          34.000                                                                  
G20  23783358.764   124982430.1780       -558.701          37.000    23783358.323    97388875.8440       -435.526          30.000  
E23                                                                  23795220.582    95813492.0751       -730.147          26.000  
R01                                                                  23467342.196    97569416.7411      -1704.773          10.000  
> 2026  7 21  7  0 20.9990000  0 31                           
E28  26445304.503   138971064.7020      -3188.447          27.000    26445304.473   106484311.8510      -2443.010          29.000  
S35  37859082.357   198950849.8190       -393.630          41.000  
G07  21154850.600   111169489.9951      -2759.939          23.000                                                                  
G02  22286964.963   117118790.9321      -2629.198          23.000                                                                  
G30  19903651.469   104594384.1840       -531.062          40.000    19903649.632    81502109.4230       -413.860          34.000  
G08  24224684.104   127301573.2531      -3732.901          14.000                                                                  
C27  22989650.409   119713115.7500      -2653.529          28.000                                                                  
C29  23958297.084   124757139.7420       2602.263          30.000                                                                  
R01  23468845.497   125454428.3151      -1729.057          23.000                                                                  
R08  23621994.142   126494705.3571      -3492.341          20.000    23621996.605    98384781.4481      -2711.287          24.000  
R20  18980248.971   101495920.4761       -364.141          25.000    18980257.594    78941307.5961       -289.734          12.000  
R11  22123047.224   118218856.0181       2676.173          24.000    22123052.404    91948009.2890       2079.815          29.000  
R09  20573274.590   109860138.0851      -2162.522          24.000    20573289.567    85446836.4831      -1678.510          18.000  
G22  21630203.611   113667431.2150       1103.713          43.000                                                                  
S31  37409867.940   196590169.0450       -391.155          36.000  
S33  38116528.910   200303740.6710       -391.947          43.000  
E06  25288114.695   132889867.9680      -1915.605          40.000    25288117.915   101824767.4000      -1467.652          43.000  
C11  22730483.277   118363591.2331       1944.335          19.000                                                                  
C36  21947796.408   114287950.0160       1210.244          34.000                                                                  
R10  19686692.354   104941148.2591        588.987          17.000                                                                  
R21  20436131.430   109357778.1590       2979.922          26.000    20436112.573    85056040.5111       2313.218          18.000  
R19  21817261.872   116707639.0621      -3956.922          26.000    21817218.384    90772427.6131      -3074.202          14.000  
E04  25580222.888   134424892.8920      -2817.582          32.000    25580223.545   103000943.1360      -2158.731          38.000  
E31  24347865.861   127948909.8400        670.053          28.000    24347865.987    98038820.6730        513.305          38.000  
G14  20541611.404   107946797.7590        890.485          43.000    20541605.722    84114440.5880        693.543          30.000  
E26  24613541.661   129345034.3931         78.118          23.000                                                                  
E09  25682031.964   134960025.2470       -791.694          34.000    25682033.376   103410907.1690       -606.322          35.000  
G17  20723342.568   108901974.9880        763.856          49.000    20723339.021    84858592.4570        595.227          40.000  
G19  23166404.112   121740316.7250       2366.757          34.000                                                                  
G20  23784424.351   124988029.7420       -561.289          37.000    23784423.922    97393239.2130       -438.159          31.000  
E23                                                                  23797033.221    95820791.3620       -728.263          26.000  
> 2026  7 21  7  0 30.9990000  0 33                           
E28  26451372.906   139002942.7500      -3185.989          27.000    26451370.709   106508737.8800      -2441.555          28.000  
S35  37859829.252   198954774.6760       -391.156          41.000  
G07  21160103.196   111197077.4620      -2761.783          28.000                                                                  
G02  22291987.402   117145183.7071      -2632.170          23.000                                                                  
G30  19904666.329   104599717.4830       -535.133          40.000    19904664.587    81506265.2260       -417.008          35.000  
G08  24231767.961   127338799.9311      -3713.558          12.000                                                                  
C27  22994745.473   119739658.8390      -2654.855          28.000                                                                  
C29  23953299.291   124731118.3780       2601.986          29.000                                                                  
C30  21193563.300   110360445.4051        372.242          25.000                                                                  
R01  23472080.848   125471723.3631      -1726.652          25.000                                                                  
R08  23628502.933   126529559.3781      -3486.906          19.000    23628511.046    98411913.9691      -2712.396          24.000  
R20  18980944.021   101499637.2261       -370.098          25.000                                                                  
R11  22118040.636   118192102.4621       2680.277          18.000    22118043.846    91927192.2260       2082.958          28.000  
R09  20577323.673   109881759.8941      -2164.035          26.000                                                                  
G22  21628103.204   113656390.7760       1105.020          42.000                                                                  
S31  37410610.861   196594071.9430       -389.184          36.000  
S33  38117273.726   200307654.4700       -390.207          43.000  
E06  25291761.634   132909032.8420      -1916.933          40.000    25291764.547   101839452.1760      -1468.916          43.000  
C11  22726744.514   118344121.9971       1935.900          23.000                                                                  
C36  21945472.041   114275850.1780       1210.066          33.000                                                                  
R10  19685581.335   104935225.8621        578.570          17.000                                                                  
R21  20430569.744   109328104.7431       2980.222          18.000    20430559.819    85032928.8731       2318.942          21.000  
R19  21824673.495   116747247.9300      -3960.482          26.000    21824625.558    90803245.6601      -3080.220          14.000  
E04  25585582.807   134453068.6140      -2817.050          31.000    25585585.233   103022532.3460      -2158.613          38.000  
E31  24346593.377   127942211.0911        671.847          24.000    24346590.028    98033683.5930        514.680          37.000  
G14  20539916.935   107937893.8260        890.967          43.000    20539910.607    84107502.4470        694.314          29.000  
E26  24613419.437   129344391.1931         67.085          24.000                                                                  
E09  25683539.386   134967952.5140       -793.157          32.000    25683542.498   103416981.3330       -608.353          35.000  
G17  20721891.913   108894349.5240        761.525          49.000    20721887.912    84852650.5360        593.675          40.000  
G19  23161898.697   121716648.7590       2366.573          33.000                                                                  
G20  23785495.773   124993660.4040       -565.005          35.000    23785495.581    97397626.6860       -440.350          31.000  
E21                                                                  27339889.373   110086404.6671      -1602.367          11.000  
E23                                                                  23798842.395    95828072.5770       -727.780          26.000  
> 2026  7 21  7  0 40.9990000  0 31                           
E28  26457428.776   139034792.3660      -3182.856          27.000    26457434.698   106533123.0940      -2438.252          27.000  
S35  37860570.572   198958670.0040       -386.963          41.000  
G07  21165365.051   111224743.5390      -2762.603          31.000                                                                  
G02  22297009.017   117171573.1701      -2637.741          22.000                                                                  
G30  19905687.263   104605083.5370       -537.703          40.000    19905686.683    81510446.5720       -418.938          35.000  
C27  22999841.082   119766204.8550      -2654.086          28.000    22999916.304    92611131.2311      -2048.312          20.000  
C29  23948301.541   124705089.4790       2603.296          30.000                                                                  
C30  21192838.274   110356670.0791        372.908          25.000                                                                  
R01  23475313.060   125489001.0891      -1727.094          24.000                                                                  
R08  23635018.026   126564447.7621      -3485.591          19.000    23635020.565    98439025.3501      -2712.350          22.000  
R20  18981635.373   101503333.9231       -376.655          19.000                                                                  
R11  22113036.581   118165362.4451       2681.256          24.000    22113028.873    91906350.0610       2085.621          27.000  
R09  20581390.334   109903425.8400      -2163.878          27.000                                                                  
G22  21625998.350   113645330.6140       1107.583          41.000                                                                  
S31  37411347.737   196597944.2090       -385.522          36.000  
S33  38118012.915   200311538.7190       -386.299          43.000  
E06  25295409.027   132928203.5910      -1916.580          39.000    25295412.748   101854141.4320      -1468.850          43.000  
C11  22723017.675   118324727.6750       1933.601          28.000                                                                  
C36  21943146.110   114263743.6910       1211.414          32.000                                                                  
R10  19684487.494   104929395.0061        581.315          22.000                                                                  
R21  20425013.610   109298373.1021       2972.396          19.000    20425011.595    85009837.2661       2310.322          22.000  
R19  21832081.024   116786860.2410      -3960.795          26.000                                                                  
E04  25590932.649   134481233.2640      -2815.475          31.000    25590945.275   103044113.0570      -2157.039          38.000  
G14  20538220.136   107928977.2000        892.999          43.000    20538214.097    84100554.4390        695.654          29.000  
E26  24613302.752   129343778.6251         67.203          23.000                                                                  
E09  25685051.181   134975895.6610       -794.429          31.000    25685053.904   103423067.6240       -608.733          35.000  
G17  20720443.853   108886738.4070        761.088          49.000    20720439.611    84846719.8200        593.063          40.000  
G19  23157391.814   121692973.2830       2368.940          32.000                                                                  
G20  23786572.033   124999315.8380       -566.160          35.000    23786572.032    97402033.4860       -441.229          31.000  
E23                                                                  23800647.664    95835336.8710       -725.953          26.000  
E31                                                                  24345309.363    98028527.1930        517.430          37.000  
> 2026  7 21  7  0 50.9990000  0 32                           
E28  26463483.863   139066614.5170      -3182.515          26.000    26463490.331   106557506.2780      -2438.048          27.000  
S35  37861306.169   198962536.4690       -386.402          41.000  
G07  21170625.982   111252385.8050      -2765.483          32.000                                                                  
G02  22302036.312   117197991.3851      -2632.057          21.000                                                                  
G30  19906715.006   104610483.4780       -542.847          40.000    19906715.162    81514654.3590       -423.297          35.000  
C27  23004941.939   119792754.8250      -2656.465          29.000                                                                  
C29  23943303.468   124679054.2690       2602.771          31.000                                                                  
C30  21192119.582   110352927.7451        376.021          20.000                                                                  
R01  23478555.924   125506336.7991      -1740.470          21.000                                                                  
R08  23641528.921   126599313.6671      -3488.150          16.000    23641524.302    98466112.9881      -2709.561          21.000  
R20  18982337.913   101507090.5171       -380.871          21.000    18982325.885    78949909.4611       -300.367          17.000  
R11  22108022.040   118138566.5481       2681.972          21.000    22108007.911    91885483.4100       2087.001          27.000  
R09  20585447.434   109925079.6020      -2167.882          26.000                                                                  
G22  21623889.852   113634251.8610       1107.617          41.000                                                                  
G01  21178152.382   111291941.6841       -285.547          22.000                                                                  
S31  37412079.250   196601788.9740       -384.024          36.000  
S33  38118746.619   200315394.8720       -385.336          43.000  
E06  25299057.816   132947381.2520      -1919.483          38.000    25299061.848   101868835.9900      -1470.815          43.000  
C11  22719288.918   118305298.4791       1930.669          25.000                                                                  
C36  21940819.779   114251631.7390       1210.430          32.000                                                                  
R10  19683408.876   104923645.3311        581.602          25.000                                                                  
R21  20419461.607   109268663.5781       2968.148          23.000    20419460.583    84986733.8051       2305.832          20.000  
R19  21839488.971   116826538.7131      -3964.730          25.000    21839463.655    90864980.7741      -3080.820          13.000  
E04  25596292.448   134509387.9350      -2816.228          33.000    25596303.117   103065686.1390      -2158.002          38.000  
G14  20536521.157   107920049.0430        892.175          42.000    20536515.760    84093597.4480        694.746          29.000  
E26  24613174.636   129343105.4011         66.125          24.000                                                                  
E09  25686565.259   134983855.7760       -798.598          30.000    25686569.069   103429166.9210       -611.626          35.000  
G17  20718998.270   108879142.7500        757.542          49.000    20718994.067    84840801.1140        590.559          40.000  
G19  23152885.901   121669291.5020       2367.209          33.000                                                                  
G20  23787653.330   125004997.1750       -570.888          34.000    23787654.111    97406460.4770       -443.959          31.000  
E23                                                                  23802446.790    95842584.9460       -725.098          26.000  
E31                                                                  24344023.906    98023352.3660        517.473          37.000  
> 2026  7 21  7  1  0.9990000  0 30                           
E28  26469542.124   139098456.0410      -3187.551          26.000    26469547.202   106581904.4100      -2442.523          26.000  
S35  37862045.338   198966421.8900       -392.180          41.000  
G07  21175899.662   111280094.8240      -2775.992          33.000                                                                  
G02  22307057.920   117224380.1181      -2646.088          19.000                                                                  
G30  19907757.716   104615964.3530       -554.581          40.000    19907758.393    81518925.1810       -432.573          36.000  
C27  23010063.646   119819355.2980      -2665.681          29.000                                                                  
C29  23938313.318   124653059.4160       2594.969          33.000                                                                  
C30  21191398.398   110349172.3611        362.562          20.000                                                                  
R01  23481808.363   125523722.8251      -1743.839          21.000                                                                  
R08  23648039.753   126634178.1641      -3480.988          15.000    23648042.268    98493260.6901      -2714.353          18.000  
R20  18983072.053   101511016.7171       -396.108          26.000    18983063.805    78952978.4291       -307.575          23.000  
R11  22103006.123   118111763.1281       2671.783          13.000    22102990.058    91864629.7840       2083.002          27.000  
R09  20589508.636   109946827.2251      -2173.070          23.000    20589489.821    85514120.3111      -1700.410          20.000  
G22  21621786.858   113623201.5540       1101.188          41.000                                                                  
S31  37412814.160   196605651.4390       -389.530          36.000  
S33  38119483.910   200319269.2630       -390.862          43.000  
E06  25302717.559   132966612.7830      -1928.434          37.000    25302721.635   101883571.8130      -1477.581          43.000  
C11  22715596.470   118286057.8670       1921.830          29.000                                                                  
C36  21938501.014   114239560.9760       1201.961          31.000                                                                  
R10  19682329.678   104917892.4801        576.626          22.000                                                                  
R21  20413920.762   109239013.5121       2947.655          24.000    20413917.060    84963661.0731       2295.866          20.000  
R19  21846901.705   116866192.4721      -3975.039          26.000    21846865.269    90895775.9261      -3078.477          15.000  
E04  25601663.753   134537579.5470      -2823.525          34.000    25601667.722   103087287.5220      -2163.870          38.000  
G14  20534828.821   107911156.3790        884.955          42.000    20534823.987    84086668.0990        689.683          28.000  
E09  25688089.751   134991879.7790       -807.849          29.000    25688096.855   103435315.2280       -619.404          35.000  
G17  20717564.839   108871609.5250        747.678          49.000    20717560.695    84834931.0930        582.430          40.000  
G19  23148389.692   121645650.3580       2359.601          34.000                                                                  
G20  23788748.038   125010751.3540       -581.747          32.000    23788749.145    97410944.2990       -453.850          31.000  
E23                                                                  23804252.283    95849858.0690       -729.686          26.000  
E31                                                                  24342742.844    98018195.0580        512.734          36.000  
> 2026  7 21  7  1 10.9990000  0 32                           
E28  26475617.907   139130375.9320      -3196.540          25.000    26475619.701   106606362.4940      -2449.536          25.000  
S35  37862799.596   198970385.0110       -400.612          41.000  
G07  21181196.362   111307928.8790      -2790.635          32.000                                                                  
G02  22312108.375   117250920.4671      -2655.528          20.000                                                                  
G30  19908827.360   104621585.0670       -569.625          40.000    19908828.069    81523304.9250       -443.760          35.000  
C27  23015193.229   119846064.5190      -2676.394          30.000                                                                  
C29  23933341.587   124627163.2770       2584.594          34.000                                                                  
C30  21190732.180   110345703.0901        344.538          25.000                                                                  
R01  23485086.941   125541248.8951      -1761.355          24.000                                                                  
R08  23654560.750   126669097.8491      -3494.883          10.000    23654574.241    98520465.8991      -2732.169          16.000  
R20  18983846.532   101515158.6201       -416.400          23.000    18983826.877    78956152.0971       -323.415          22.000  
R11  22098001.520   118085019.7401       2669.084          25.000    22097986.868    91843835.8600       2076.146          27.000  
R09  20593607.881   109968716.8681      -2189.467          24.000    20593597.966    85531182.4981      -1704.844          21.000  
G22  21619701.115   113612238.5280       1091.718          41.000                                                                  
S31  37413564.226   196609592.2780       -398.318          36.000  
S33  38120235.947   200323220.8620       -399.631          43.000  
E06  25306398.029   132985956.9830      -1940.512          36.000    25306402.818   101898393.9850      -1486.944          43.000  
C11  22711924.963   118266900.9410       1909.274          31.000                                                                  
C36  21936201.536   114227589.7350       1191.427          30.000                                                                  
R10  19681260.460   104912193.0611        569.418          21.000                                                                  
R21  20408398.642   109209463.2171       2944.260          27.000    20408398.619    84940692.9581       2286.221          23.000  
R19  21854337.496   116905968.3221      -3987.116          25.000    21854278.016    90926616.6001      -3091.497          12.000  
E04  25607050.337   134565866.9420      -2834.292          36.000    25607050.883   103108962.2450      -2171.571          38.000  
G14  20533154.447   107902358.1410        874.371          42.000    20533149.527    84079812.3090        681.606          26.000  
E33  25209718.044   132477962.1661       2264.091          22.000                                                                  
E26  24612980.987   129342087.0841         40.775          22.000                                                                  
E09  25689639.132   135000026.7070       -821.709          28.000    25689647.956   103441557.6360       -629.889          36.000  
G17  20716154.147   108864197.7050        734.588          49.000    20716149.889    84829155.6520        572.092          40.000  
G19  23143912.741   121622108.7590       2348.780          34.000                                                                  
G20  23789868.338   125016637.2550       -596.375          31.000    23789869.098    97415530.6930       -465.012          30.000  
E23                                                                  23806072.375    95857191.2690       -736.843          26.000  
E31                                                                  24341477.497    98013100.3940        505.934          35.000  
> 2026  7 21  7  1 20.9990000  0 31                           
E28  26481700.096   139162373.5100      -3202.523          24.000    26481706.496   106630858.1541      -2454.150          25.000  
S35  37863568.405   198974424.6790       -407.042          41.000  
G07  21186516.241   111335887.2730      -2802.062          32.000                                                                  
G02  22317174.627   117277543.3541      -2675.280          16.000                                                                  
G30  19909923.892   104627345.1040       -582.036          41.000    19909924.618    81527793.2700       -453.194          35.000  
C27  23020343.904   119872881.9240      -2686.678          30.000                                                                  
C29  23928387.437   124601365.4770       2575.270          35.000                                                                  
C30  21190092.848   110342373.8471        334.038          25.000                                                                  
R01  23488396.050   125558937.7491      -1774.370          27.000                                                                  
R20  18984636.220   101519380.8061       -450.089          11.000    18984609.539    78959407.7471       -332.694          15.000  
R11  22093008.851   118058340.4071       2664.000          25.000    22092997.045    91823100.8180       2071.489          26.000  
R09  20597722.301   109990692.9480      -2200.360          27.000    20597719.670    85548301.1861      -1718.021          13.000  
G22  21617631.529   113601362.3470       1084.391          40.000                                                                  
S31  37414328.742   196613609.2670       -404.474          36.000  
S33  38121003.053   200327249.9510       -405.634          43.000  
E06  25310100.083   133005413.3050      -1950.260          36.000    25310105.000   101913302.0760      -1494.451          43.000  
C11  22708268.089   118247858.2040       1899.027          34.000                                                                  
C36  21933921.490   114215717.5970       1183.028          31.000                                                                  
R10  19680210.427   104906595.8101        544.836          19.000                                                                  
R21  20402909.476   109180087.6980       2930.798          30.000    20402905.102    84917828.7051       2273.419          23.000  
R19  21861800.635   116945891.4391      -3996.434          25.000    21861712.404    90957548.0451      -3094.101          11.000  
E04  25612453.501   134594249.4850      -2842.156          36.000    25612451.653   103130709.9130      -2177.885          38.000  
E31  24340231.695   127908780.1061        650.218          22.000    24340227.208    98008068.0460        500.725          35.000  
G14  20531497.764   107893653.8340        866.754          42.000    20531489.112    84073015.6721        675.597          25.000  
E26  24612920.164   129341768.2301         27.850          23.000                                                                  
E09  25691213.561   135008295.7820       -831.985          27.000    25691221.925   103447893.6910       -637.695          36.000  
G17  20714766.667   108856906.7150        724.056          49.000    20714762.402    84823474.3540        564.406          40.000  
G19  23139453.628   121598666.3070       2340.574          33.000                                                                  
G20  23791013.836   125022654.2720       -607.744          30.000    23791013.567    97420219.1930       -472.687          31.000  
E23                                                                  23807909.169    95864589.1600       -742.043          25.000  
R08                                                                  23661125.368    98547750.9441      -2727.400          14.000  
> 2026  7 21  7  1 30.9990000  0 29                           
S35  37864348.088   198978522.6000       -412.503          41.000  
G07  21191856.069   111363950.8080      -2810.433          30.000                                                                  
G30  19911043.557   104633225.3910       -593.956          42.000    19911043.644    81532375.3140       -462.980          34.000  
C27  23025511.110   119899788.4080      -2694.397          30.000                                                                  
C29  23923449.129   124575647.0460       2568.039          35.000                                                                  
C30  21189444.467   110338996.8691        323.381          25.000                                                                  
R01  23491719.612   125576703.9321      -1787.885          21.000                                                                  
R20  18985455.850   101523764.3791       -445.575          21.000                                                                  
R11  22088021.423   118031688.9191       2665.212          22.000    22088015.115    91802398.9351       2066.798          26.000  
R09  20601850.195   110012752.7750      -2210.720          29.000                                                                  
G22  21615574.703   113590553.8360       1077.862          39.000                                                                  
S31  37415103.983   196617684.8860       -410.308          36.000  
S33  38121780.919   200331337.2200       -411.438          43.000  
E06  25313820.129   133024962.5910      -1959.431          36.000    25313825.139   101928281.3870      -1501.376          43.000  
C11  22704627.881   118228910.0750       1890.459          34.000    22704419.212    91421287.0601       1504.805          11.000  
C36  21931656.780   114203925.7090       1175.336          32.000                                                                  
R21  20397443.063   109150836.0580       2918.726          32.000    20397441.671    84895089.8591       2266.068          21.000  
R19  21869280.277   116985902.0651      -4007.102          26.000                                                                  
E04  25617870.651   134622708.0310      -2849.483          36.000    25617866.970   103152515.7720      -2183.406          37.000  
E31  24338996.962   127902291.7861        648.057          25.000    24338989.002    98003083.2900        496.191          35.000  
G14  20529855.594   107885024.4060        859.253          42.000    20529841.267    84066267.4471        669.955          25.000  
E26  24612874.846   129341529.4461         14.232          24.000                                                                  
E09  25692805.340   135016668.0490       -842.177          28.000    25692815.293   103454308.7780       -645.297          36.000  
G17  20713398.552   108849717.4480        713.922          49.000    20713394.248    84817872.3290        556.556          40.000  
G19  23135008.590   121575303.9100       2332.451          33.000                                                                  
G20  23792180.604   125028783.2530       -618.299          26.000    23792180.703    97424995.1390       -483.036          31.000  
E28                                                                  26487807.704   106655424.6021      -2458.620          25.000  
E23                                                                  23809757.767    95872028.0441       -747.031          25.000  
R08                                                                  23667690.700    98575095.4521      -2733.073          14.000  
> 2026  7 21  7  1 40.9990000  0 30                           
S35  37865138.907   198982678.3080       -418.229          41.000  
G07  21197214.721   111392120.0470      -2821.185          28.000                                                                  
G30  19912186.207   104639226.2520       -605.838          42.000    19912185.341    81537051.3140       -472.174          34.000  
G08  24281342.155   127599313.2951      -3738.446          11.000                                                                  
C27  23030695.662   119926784.3760      -2703.687          30.000                                                                  
C29  23918525.456   124550008.4550       2559.756          35.000                                                                  
C30  21188828.664   110335790.4511        312.939          26.000                                                                  
R01  23495077.705   125594655.1791      -1792.681          16.000                                                                  
R20  18986309.526   101528329.4551       -462.802          21.000                                                                  
R11  22083050.852   118005120.4080       2651.369          27.000    22083040.498    91781725.0550       2062.855          28.000  
R09  20606000.791   110034914.8170      -2221.037          29.000                                                                  
G22  21613530.964   113579813.4500       1070.433          39.000                                                                  
S31  37415890.398   196621817.8890       -415.777          36.000  
S33  38122569.307   200335482.2280       -417.129          43.000  
E06  25317557.949   133044605.0750      -1968.646          36.000    25317562.969   101943332.1170      -1508.589          43.000  
C11  22701007.235   118210057.1540       1880.667          36.000                                                                  
C36  21929407.391   114192214.4910       1166.962          32.000                                                                  
R21  20392000.047   109121702.1320       2907.465          33.000    20391993.877    84872415.7121       2266.764          17.000  
R19  21876785.295   117026049.7640      -4017.788          27.000                                                                  
E04  25623301.495   134651242.8140      -2857.000          35.000    25623296.555   103174380.0750      -2189.117          36.000  
E31  24337760.406   127895793.8301        641.333          27.000    24337762.738    97998146.4520        491.228          34.000  
G14  20528227.591   107876470.1850        852.087          42.000    20528214.630    84059606.8081        664.247          26.000  
E26  24612836.496   129341328.6011         12.580          25.000                                                                  
E09  25694418.457   135025143.7110       -851.823          29.000    25694428.898   103460803.1030       -653.219          37.000  
G17  20712049.615   108842630.0280        703.834          49.000    20712045.754    84812349.6800        548.699          40.000  
G19  23130579.693   121552021.9000       2324.399          34.000                                                                  
G20  23793363.449   125034968.7201       -629.281          26.000    23793369.304    97429858.4300       -491.139          31.000  
E28                                                                  26493918.798   106680032.1861      -2461.550          26.000  
E23                                                                  23811619.311    95879523.2851       -750.266          24.000  
R08                                                                  23674266.218    98602482.2071      -2738.964          12.000  
> 2026  7 21  7  1 50.9990000  0 31                           
S35  37865939.934   198986888.0460       -423.359          41.000  
G07  21202592.269   111420390.6360      -2832.015          26.000                                                                  
G30  19913350.522   104645343.5120       -617.356          42.000    19913349.383    81541817.9860       -481.195          34.000  
G08  24288470.240   127636772.4981      -3750.222          15.000                                                                  
C27  23035896.030   119953865.5260      -2712.236          27.000                                                                  
C29  23913616.161   124524445.5010       2553.000          33.000                                                                  
C30  21188249.619   110332715.9890        302.413          29.000                                                                  
R01  23498459.964   125612735.2491      -1810.547          24.000                                                                  
R20  18987186.701   101533019.2221       -472.270           8.000                                                                  
R11  22078100.940   117978627.7540       2646.686          29.000    22078091.609    91761119.6620       2059.517          28.000  
R09  20610165.590   110057174.6170      -2230.371          28.000                                                                  
G22  21611499.382   113569136.8990       1064.503          38.000                                                                  
S31  37416687.327   196626005.5180       -421.280          36.000  
S33  38123368.126   200339680.4670       -422.389          43.000  
E06  25321313.646   133064336.5260      -1977.163          36.000    25321317.811   101958451.0210      -1515.060          43.000  
C11  22697404.665   118191295.2040       1872.005          38.000                                                                  
C36  21927173.010   114180579.7550       1159.577          33.000                                                                  
R10  19677201.442   104890556.1041        521.467          11.000                                                                  
R21  20386576.917   109092681.6320       2896.680          34.000    20386574.368    84849860.1881       2247.125          24.000  
R19  21884310.719   117066280.0920      -4027.670          27.000                                                                  
E04  25628745.565   134679849.5760      -2863.903          33.000    25628739.987   103196299.5350      -2194.564          35.000  
E31  24336543.388   127889388.3560        635.693          29.000    24336547.913    97993254.2490        487.006          34.000  
G14  20526613.337   107867987.0630        844.958          43.000    20526607.541    84053013.6430        658.184          28.000  
E26  24612819.397   129341238.7041         -4.924          24.000                                                                  
E09  25696053.790   135033718.5950       -862.241          32.000    25696060.652   103467373.4620       -660.948          37.000  
G17  20710719.488   108835640.3250        694.146          49.000    20710715.759    84806903.1660        540.910          40.000  
G19  23126165.036   121528816.0860       2317.097          35.000                                                                  
G20  23794578.372   125041331.0580       -640.039          29.000    23794578.102    97434805.9870       -499.712          31.000  
E28                                                                  26500040.763   106704682.3981      -2466.647          26.000  
E23                                                                  23813492.981    95887067.6361       -757.924          24.000  
R08                                                                  23680844.657    98629880.9821      -2752.335          15.000  
> 2026  7 21  7  2  0.9990000  0 31                           
S35  37866749.978   198991145.8810       -428.761          40.000  
G07  21207988.142   111448756.7310      -2842.189          25.000                                                                  
G30  19914535.792   104651571.4110       -628.749          42.000    19914534.518    81546670.8660       -489.578          34.000  
G08  24295605.230   127674267.0511      -3747.761          15.000                                                                  
C27  23041110.047   119981105.9561      -2720.264          23.000                                                                  
C29  23908720.218   124498952.5820       2546.624          32.000                                                                  
C30  21187674.825   110329734.8420        292.327          29.000                                                                  
R01  23501853.012   125630873.2531      -1820.567          21.000                                                                  
R11  22073147.929   117952182.1130       2641.859          28.000    22073141.990    91740550.8340       2055.142          27.000  
R09  20614351.028   110079526.3770      -2239.264          29.000    20614339.070    85617326.7291      -1743.417          22.000  
G22  21609478.591   113558518.3260       1059.007          38.000                                                                  
S31  37417493.274   196630241.4550       -426.709          36.000  
S33  38124176.441   200343927.8040       -427.339          44.000  
E06  25325084.047   133084151.1190      -1985.769          36.000    25325088.768   101973633.6270      -1521.722          44.000  
C39  25959228.489   135176514.9211       2373.524          26.000                                                                  
C11  22693818.607   118172618.6280       1863.175          39.000                                                                  
C36  21924953.155   114169015.8710       1152.707          34.000                                                                  
R10  19676236.552   104885412.6001        510.267          23.000                                                                  
R21  20381174.153   109063768.9530       2885.506          36.000    20381174.189    84827383.8821       2242.618          25.000  
R19  21891853.078   117106599.5230      -4036.979          27.000                                                                  
E04  25634201.857   134708522.4380      -2871.380          32.000    25634195.845   103218269.5880      -2199.276          35.000  
E31  24335344.839   127883056.2390        629.332          32.000    24335343.095    97988402.2930        482.832          34.000  
G14  20525011.987   107859569.2760        838.300          43.000    20525006.831    84046454.3280        653.157          28.000  
E26  24612830.197   129341295.5991        -28.416          22.000                                                                  
E09  25697705.173   135042386.9080       -871.702          33.000    25697710.349   103474015.3890       -667.835          37.000  
G17  20709406.682   108828742.5690        685.050          49.000    20709403.020    84801528.3170        533.649          40.000  
G19  23121763.468   121505680.7330       2310.004          35.000                                                                  
G20  23795806.218   125047782.6640       -650.515          31.000    23795806.094    97439833.1650       -507.261          30.000  
E28                                                                  26506171.018   106729366.9061      -2471.282          26.000  
E23                                                                  23815377.336    95894655.5391       -761.188          23.000  
R08                                                                  23687449.115    98657388.4271      -2745.139          16.000  
> 2026  7 21  7  2 10.9990000  0 31                           
S35  37867569.682   198995452.4530       -431.981          41.000  
G07  21213403.717   111477218.3160      -2849.294          25.000                                                                  
G30  19915741.940   104657910.2380       -638.286          42.000    19915740.803    81551610.1720       -496.937          34.000  
C27  23046327.732   120008275.9011      -2715.430          19.000                                                                  
C29  23903837.871   124473530.1000       2539.993          32.000                                                                  
C30  21187121.772   110326851.6610        284.505          28.000                                                                  
R01  23505277.617   125649179.0991      -1829.364          18.000                                                                  
R20  18988995.100   101542689.9891       -494.547          21.000    18988989.026    78977622.6851       -388.246          19.000  
R11  22068201.073   117925783.7250       2638.884          28.000    22068196.566    91720028.6741       2053.823          23.000  
R09  20618554.809   110101970.3830      -2247.662          31.000    20618562.360    85634866.9591      -1752.086          24.000  
G22  21607469.139   113547958.2130       1053.892          39.000                                                                  
S31  37418308.725   196634525.2850       -429.836          36.000  
S33  38124993.845   200348223.3820       -430.901          43.000  
E06  25328870.559   133104049.0650      -1992.765          36.000    25328875.507   101988880.0970      -1526.860          44.000  
C39  25954676.008   135152808.0771       2370.529          26.000                                                                  
C11  22690248.148   118154027.6910       1855.894          39.000                                                                  
C36  21922747.121   114157523.1960       1147.191          35.000                                                                  
R10  19675287.549   104880353.5951        503.105          25.000                                                                  
R21  20375791.110   109034964.2940       2875.780          34.000    20375788.467    84804968.2091       2240.056          21.000  
R19  21899406.593   117147012.4830      -4044.796          28.000                                                                  
E04  25639667.898   134737261.5690      -2875.741          29.000    25639664.487   103240290.5000      -2203.345          35.000  
E31  24334149.431   127876776.8460        626.898          32.000    24334148.144    97983590.8200        480.000          35.000  
G14  20523422.918   107851217.1490        833.057          43.000    20523414.985    84039946.1710        648.994          27.000  
E26  24612865.737   129341481.5701        -15.072          23.000                                                                  
E09  25699370.440   135051148.8340       -879.619          34.000    25699377.365   103480729.0850       -673.918          37.000  
G17  20708111.563   108821936.9510        677.088          49.000    20708107.793    84796225.2190        527.712          40.000  
G19  23117373.976   121482616.1740       2303.829          34.000                                                                  
G20  23797053.945   125054336.7500       -659.432          32.000    23797052.221    97444951.1820       -513.331          29.000  
E28                                                                  26512310.815   106754087.9020      -2473.104          27.000  
E23                                                                  23817273.412    95902290.3931       -765.036          21.000  
R08                                                                  23694063.704    98684938.3331      -2757.023          20.000  
> 2026  7 21  7  2 20.9990000  0 32                           
S35  37868392.181   198999775.5320       -433.169          41.000  
G07  21218831.654   111505712.5310      -2855.610          24.000                                                                  
G01  21184069.418   111323035.2031       -393.524          26.000                                                                  
G30  19916963.139   104664328.4470       -645.660          41.000    19916962.124    81556611.3960       -503.187          34.000  
C27  23051570.610   120035577.1871      -2733.883          19.000                                                                  
C29  23898962.211   124448146.7820       2536.173          32.000                                                                  
C30  21186582.298   110324035.2680        278.665          30.000                                                                  
R01  23508707.511   125667514.1661      -1842.013          24.000                                                                  
R20  18989945.055   101547769.4341       -511.371          25.000    18989942.919    78981589.3991       -393.120          18.000  
R11  22063268.033   117899400.8420       2637.869          30.000    22063262.009    91699519.5571       2049.775          22.000  
R09  20622769.822   110124474.6030      -2253.015          31.000    20622794.254    85652443.2871      -1754.672          22.000  
G22  21605465.081   113537424.9210       1052.159          38.000                                                                  
S31  37419126.910   196638826.4020       -430.347          36.000  
S33  38125814.484   200352535.8040       -432.027          43.000  
E06  25332666.220   133123998.7390      -1997.499          35.000    25332672.095   102004166.1960      -1530.535          44.000  
C39  25950120.755   135129087.6240       2369.257          27.000                                                                  
C11  22686688.468   118135491.1680       1850.964          39.000                                                                  
C36  21920548.644   114146070.5160       1143.499          36.000                                                                  
R10  19674344.860   104875328.8181        506.170          23.000                                                                  
R21  20370421.019   109006236.0170       2869.159          32.000    20370418.922    84782620.5041       2221.306          20.000  
R19  21906975.027   117187484.2230      -4050.114          28.000                                                                  
E04  25645138.499   134766035.4150      -2879.501          26.000    25645139.921   103262337.9380      -2205.635          34.000  
E31  24332953.150   127870518.7150        624.744          32.000    24332957.977    97978795.6250        478.535          35.000  
G14  20521840.321   107842899.1350        830.298          44.000    20521828.006    84033464.5760        646.999          27.000  
E26  24612917.724   129341754.7901        -28.197          25.000                                                                  
E09  25701050.206   135059972.8120       -885.020          35.000    25701056.163   103487490.3770       -678.583          36.000  
G17  20706828.070   108815191.8830        671.680          49.000    20706824.223    84790969.3300        523.114          40.000  
G19  23112991.564   121459590.8450       2300.444          32.000                                                                  
G20  23798315.512   125060961.6360       -665.639          33.000    23798313.668    97450113.4660       -518.859          28.000  
E28                                                                  26518454.900   106778825.0900      -2474.362          27.000  
E23                                                                  23819172.305    95909936.5221       -759.537          20.000  
R08                                                                  23700681.680    98712501.8701      -2755.402          21.000  
