     3.05           O: OBSERVATION      M: MIXED            RINEX VERSION / TYPE
PYRINEXCONV 0.1.2 ALDELTUNES            20260721 115354 UTC PGM / RUN BY / DATE
UNKN                                                        MARKER NAME
NONE                                                        MARKER TYPE
                                                            OBSERVER / AGENCY
                                                            REC # / TYPE / VERS
                                                            ANT # / TYPE
   112625.3242 -5325483.0044  3496558.1799                  APPROX POSITION XYZ
        0.0000        0.0000        0.0000                  ANTENNA: DELTA H/E/N
E    8 C1C L1C D1C S1C C7Q L7Q D7Q S7Q                      SYS / # / OBS TYPES
S    4 C1C L1C D1C S1C                                      SYS / # / OBS TYPES
G    8 C1C L1C D1C S1C C2L L2L D2L S2L                      SYS / # / OBS TYPES
C    8 C2I L2I D2I S2I C7I L7I D7I S7I                      SYS / # / OBS TYPES
R    8 C1C L1C D1C S1C C2C L2C D2C S2C                      SYS / # / OBS TYPES
DBHZ                                                        SIGNAL STRENGTH UNIT
    10.000                                                  INTERVAL
  2026     7    21    11    44   20.0040000     GPS         TIME OF FIRST OBS
  2026     7    21    11    54   10.0040000     GPS         TIME OF LAST OBS
  7 R06 -4 R07  5 R08  6 R12 -1 R13 -2 R22 -3 R23  3        GLONASS SLOT / FRQ
 C1C    0.000 C1P    0.000 C2C    0.000 C2P    0.000        GLONASS COD/PHS/BIS
    18        2428     2GPS                                 LEAPSECONDS
    37                                                      # OF SATELLITES
                                                            END OF HEADER
> 2026  7 21 11 44 20.0040000  0 34                           
E33  28078878.395   147555551.7080      -2890.909          27.000    28078870.455   113061975.1261      -2216.050          26.000  
S35  39327092.822   206665304.7890       -465.562          42.000  
G11  21782316.881   114466944.3220       -500.330          39.000    21782314.937    89194931.2330       -390.108          36.000  
G12  22453302.657   117992922.6020       1094.804          42.000    22453301.803    91942495.5690        852.804          34.000  
E12  24735753.746   129987262.4191      -1410.262          20.000    24735750.841    99600614.6060      -1079.095          28.000  
C20  25524338.401   132911971.4260         43.378          32.000                                                                  
C29  23972667.162   124832053.9820      -1781.370          30.000                                                                  
C39  25405401.518   132292732.4000      -3229.150          32.000                                                                  
C35  23701413.451   123419482.2330        330.492          41.000                                                                  
R12  21564092.871   115191489.8280      -3320.885          34.000    21564088.982    89593432.1450      -2582.727          34.000  
R22  21769659.073   116207918.0601      -1983.122          26.000    21769645.312    90383878.8391      -1550.323          21.000  
R06  24686828.426   131733646.1841      -2042.474          14.000                                                                  
R23  21576600.071   115420289.7050       -111.455          42.000                                                                  
G25  24730166.528   129957901.7101       2559.121          26.000                                                                  
S31  38878117.538   204305907.2180       -468.261          35.000  
S33  39583347.232   208011925.0780       -466.941          44.000  
G05  25122297.831   132018565.1771       3341.734          24.000                                                                  
E31  26567237.498   139611774.9321      -2965.057          25.000                                                                  
C11  25981057.877   135290195.4020      -2382.044          28.000                                                                  
C26  24968591.061   130018035.4930       -726.337          45.000                                                                  
C12  24769232.725   128979898.9560        975.164          29.000                                                                  
C19  25630727.636   133465924.4901       2135.677          24.000                                                                  
C31  26523661.529   138115659.8670       1608.887          28.000                                                                  
R13  21629331.648   115499468.9800        319.688          38.000                                                                  
R07  23157748.269   123965269.4120       1555.251          28.000                                                                  
E11  24188467.881   127111251.9400        910.797          42.000    24188467.697    97396918.1710        697.925          30.000  
G21  22507646.662   118278498.3570       2188.368          29.000                                                                  
E25  26857108.997   141135083.4990       1754.622          38.000    26857111.748   108142482.1210       1344.193          37.000  
E16  24516861.484   128836970.5980       -466.247          39.000    24516862.775    98719203.6550       -357.348          37.000  
G19  22277072.103   117066803.2551      -1786.006          25.000                                                                  
G24  26519978.022   139363424.3561      -2966.541          25.000                                                                  
G13  22305692.614   117217268.0270        787.593          45.000    22305690.305    91338071.9770        613.662          39.000  
E10  24904044.959   130871774.1370       -286.584          46.000    24904046.963   100278322.8840       -219.567          43.000  
R08                                                                  24648843.755   102661563.3561       2615.868          17.000  
> 2026  7 21 11 44 30.0040000  0 34                           
E33  28084367.926   147584400.9720      -2879.826          27.000    28084360.414   113084073.2570      -2206.383          26.000  
S35  39327967.125   206669899.6480       -455.253          41.000  
G11  21783260.594   114471903.0240       -492.952          38.000    21783258.403    89198795.1410       -384.056          36.000  
G12  22451213.072   117981942.7050       1099.651          41.000    22451212.236    91933939.7810        856.810          34.000  
G06  22852207.391   120089160.2121      -2527.330          24.000                                                                  
E12  24738422.064   130001284.6351      -1399.209          20.000    24738419.860    99611363.8230      -1071.877          29.000  
C20  25524249.193   132911502.3840         48.824          33.000                                                                  
C29  23976078.388   124849814.4800      -1771.970          27.000                                                                  
C39  25411592.559   132324967.7530      -3219.658          32.000                                                                  
C35  23700768.292   123416123.6580        339.902          40.000                                                                  
R12  21570303.058   115224668.9740      -3316.913          33.000    21570300.222    89619238.1700      -2579.537          34.000  
R22  21773370.176   116227713.6910      -1973.461          30.000    21773355.555    90399283.0141      -1522.529          16.000  
R06  24690661.136   131754098.3191      -2044.444          16.000                                                                  
R23  21576799.274   115421353.6570       -102.809          42.000                                                                  
G25  24725298.884   129932297.4140       2565.131          29.000                                                                  
S31  38878996.163   204310526.9750       -456.831          35.000  
S33  39584223.980   208016532.3370       -456.234          44.000  
G05  25115920.853   131985054.1310       3352.179          26.000                                                                  
E31  26572855.367   139641296.5581      -2966.874          20.000                                                                  
C11  25985607.723   135313967.8810      -2371.381          29.000                                                                  
C26  24969979.261   130025263.3360       -720.691          45.000                                                                  
C12  24767351.553   128970105.5940        982.233          27.000                                                                  
C19  25626580.801   133444330.8271       2149.958          23.000                                                                  
C31  26520565.558   138099510.7500       1618.977          28.000                                                                  
R13  21628728.736   115496252.7340        321.871          39.000                                                                  
R07  23154837.592   123949658.1211       1559.470          24.000                                                                  
E11  24186726.064   127102097.0210        918.813          42.000    24186725.227    97389903.3730        704.222          30.000  
G21  22503474.840   118256574.3830       2195.300          31.000                                                                  
E25  26853760.760   141117485.5180       1763.394          38.000    26853763.479   108128997.9430       1350.915          38.000  
E16  24517741.262   128841592.2460       -459.671          39.000    24517742.023    98722744.9190       -352.538          36.000  
G19  22280465.176   117084633.1430      -1779.005          28.000                                                                  
G24  26525609.131   139393012.6920      -2954.524          28.000                                                                  
G13  22304188.136   117209361.7930        792.313          45.000    22304185.956    91331911.2610        617.364          40.000  
E10  24904581.799   130874593.4620       -278.516          46.000    24904583.407   100280483.1570       -213.411          43.000  
> 2026  7 21 11 44 40.0040000  0 33                           
E33  28089841.764   147613178.5430      -2875.674          27.000    28089834.855   113106123.5730      -2203.824          26.000  
S35  39328828.216   206674425.7130       -450.172          40.000  
G11  21784198.245   114476827.3340       -492.009          39.000    21784195.543    89202632.2650       -383.407          36.000  
G12  22449121.499   117970954.2160       1097.935          41.000    22449121.116    91925377.2970        855.484          34.000  
E12  24741079.416   130015249.3141      -1395.726          24.000    24741081.198    99622076.9980      -1070.937          29.000  
C20  25524156.253   132911018.2840         47.908          30.000                                                                  
C29  23979480.858   124867516.0160      -1767.970          28.000                                                                  
C39  25417773.907   132357154.9200      -3217.552          32.000                                                                  
C35  23700112.779   123412709.6250        343.016          39.000                                                                  
R12  21576512.877   115257843.0060      -3318.958          33.000    21576510.530    89645040.1920      -2581.010          35.000  
R22  21777053.129   116247388.4470      -1970.015          27.000                                                                  
R06  24694492.337   131774542.7041      -2049.705          17.000                                                                  
R23  21576989.175   115422370.8470       -100.695          42.000                                                                  
G25  24720415.541   129906643.0030       2566.171          29.000                                                                  
S31  38879862.900   204315078.2900       -453.026          36.000  
S33  39585087.699   208021070.1750       -451.621          44.000  
G05  25109533.445   131951524.1560       3355.237          28.000                                                                  
E31  26578470.314   139670803.7781      -2942.443          17.000                                                                  
C11  25990159.311   135337662.7800      -2366.954          32.000                                                                  
C26  24971364.563   130032475.2610       -721.753          45.000                                                                  
C12  24765466.355   128960281.5221        977.961          22.000                                                                  
C19  25622448.160   133422811.0191       2154.647          17.000                                                                  
C31  26517444.286   138083296.7970       1623.315          28.000                                                                  
R13  21628130.268   115493055.2010        317.635          40.000                                                                  
R07  23151915.778   123934017.0431       1552.512          22.000                                                                  
E11  24184975.658   127092899.6420        920.618          41.000    24184975.167    97382856.0300        705.742          30.000  
G21  22499297.498   118234626.1700       2194.467          30.000                                                                  
E25  26850402.862   141099841.1800       1765.648          38.000    26850406.011   108115478.2090       1352.745          38.000  
E16  24518615.795   128846187.7690       -459.668          39.000    24518616.683    98726266.1300       -352.266          37.000  
G19  22283858.003   117102420.3760      -1778.297          27.000                                                                  
G24  26531222.116   139422520.9010      -2949.990          26.000                                                                  
G13  22302681.821   117201448.3720        790.364          46.000    22302680.095    91325744.9360        615.963          40.000  
E10  24905110.481   130877371.6660       -277.174          46.000    24905112.052   100282611.9150       -212.415          43.000  
> 2026  7 21 11 44 50.0040000  0 32                           
E33  28095306.271   147641830.9181      -2871.925          25.000    28095301.738   113128137.5271      -2198.302          25.000  
S35  39329681.301   206678908.2300       -445.400          41.000  
G11  21785133.923   114481742.8820       -490.502          39.000    21785131.330    89206462.5590       -382.399          36.000  
G12  22447034.093   117959982.8240       1096.805          42.000    22447032.940    91916847.1300        855.345          33.000  
E12  24743744.669   130029255.8621      -1394.519          25.000    24743737.522    99632773.6750      -1068.644          30.000  
C20  25524065.577   132910545.0290         47.140          32.000                                                                  
C29  23982875.211   124885184.0120      -1765.490          27.000                                                                  
C39  25423952.032   132389319.1390      -3214.951          30.000                                                                  
C35  23699451.888   123409265.5520        346.439          41.000                                                                  
R12  21582726.998   115291037.7550      -3319.903          35.000    21582724.863    89670858.3580      -2582.185          36.000  
R22  21780737.499   116267071.5090      -1966.203          30.000    21780717.099    90429846.7551      -1526.769          22.000  
R06  24698328.579   131795013.2341      -2049.834          25.000                                                                  
R23  21577175.532   115423367.4650        -98.182          42.000                                                                  
G25  24715533.082   129880981.1530       2567.084          28.000                                                                  
S31  38880720.805   204319586.1330       -448.201          38.000  
S33  39585942.715   208025564.4570       -446.588          45.000  
G05  25103148.054   131917954.4950       3359.143          27.000                                                                  
C11  25994701.470   135361318.1540      -2363.112          29.000                                                                  
C26  24972751.670   130039696.5850       -721.967          45.000                                                                  
C12  24763570.977   128950412.3161        975.412          22.000                                                                  
C19  25618319.149   133401309.6791       2156.867          23.000                                                                  
C31  26514322.457   138067043.5320       1627.503          28.000                                                                  
R13  21627540.328   115489902.6100        313.555          41.000                                                                  
R07  23149003.313   123918426.3181       1556.921          24.000                                                                  
E11  24183222.075   127083685.4160        923.090          41.000    24183221.836    97375795.8200        707.111          31.000  
G21  22495120.109   118212679.2950       2195.146          27.000                                                                  
E25  26847041.356   141082176.0970       1768.022          37.000    26847044.482   108101942.6180       1354.541          38.000  
E16  24519490.259   128850782.7540       -458.894          39.000    24519490.887    98729786.9630       -351.791          36.000  
G19  22287250.793   117120297.2420      -1776.331          29.000                                                                  
G24  26536832.114   139451993.9731      -2944.882          25.000                                                                  
G13  22301179.674   117193553.3770        789.159          46.000    22301177.592    91319592.9850        614.965          40.000  
E10  24905636.526   130880134.2820       -274.902          47.000    24905637.552   100284728.7100       -210.598          43.000  
> 2026  7 21 11 45  0.0040000  0 32                           
E33  28100768.118   147670508.4750      -2865.700          27.000    28100758.900   113150120.4310      -2195.678          24.000  
S35  39330525.016   206683342.6690       -440.467          41.000  
G11  21786066.766   114486644.7880       -488.854          38.000    21786064.353    89210282.2620       -381.104          36.000  
G12  22444948.919   117949023.8400       1095.797          41.000    22444947.520    91908307.6990        854.086          34.000  
E12  24746395.643   130043186.6751      -1392.114          24.000    24746387.678    99643450.2020      -1066.726          30.000  
C20  25523976.111   132910076.3290         47.606          30.000                                                                  
C29  23986264.005   124902770.7701      -1760.869          26.000                                                                  
C39  25430124.206   132421455.5250      -3210.946          32.000                                                                  
C35  23698782.878   123405786.7410        350.177          40.000                                                                  
R12  21588944.986   115324248.5110      -3321.665          36.000    21588942.128    89696688.8270      -2583.160          33.000  
R22  21784419.967   116286723.9880      -1962.500          31.000    21784406.663    90445165.1651      -1531.342          17.000  
R06  24702169.883   131815511.7311      -2052.313          21.000    24702152.336   102523102.2801      -1597.716          25.000  
R23  21577356.999   115424338.4950        -95.426          40.000                                                                  
G25  24710649.417   129855342.3240       2568.991          26.000                                                                  
S31  38881569.204   204324045.5520       -442.269          36.000  
S33  39586788.796   208030010.8300       -441.584          45.000  
G05  25096753.593   131884348.2650       3362.921          31.000                                                                  
E31  26589701.422   139729823.7231      -2951.142          18.000                                                                  
C11  25999235.492   135384929.1190      -2359.208          30.000                                                                  
C26  24974139.249   130046922.6140       -722.388          45.000                                                                  
C12  24761699.235   128940665.2121        978.533          23.000                                                                  
C19  25614185.833   133379787.1081       2156.535          25.000                                                                  
C31  26511193.286   138050745.9800       1632.588          29.000                                                                  
R13  21626957.470   115486789.7720        309.715          42.000                                                                  
R07  23146113.130   123902891.7390       1554.330          26.000    23146072.332    96368795.0871       1213.398          18.000  
E11  24181464.204   127074449.5980        925.403          42.000    24181464.241    97368719.0220        708.784          29.000  
E25  26843674.823   141064485.5670       1770.883          38.000    26843678.074   108088387.4790       1357.172          38.000  
E16  24520363.202   128855372.4810       -457.885          39.000    24520364.454    98733303.7850       -351.035          37.000  
G19  22290606.339   117137924.8790      -1774.146          27.000                                                                  
G24  26542434.548   139481434.4961      -2939.710          26.000                                                                  
G13  22299679.641   117185672.1420        787.962          46.000    22299677.632    91313451.7690        613.742          39.000  
E10  24906158.614   130882876.5560       -272.646          47.000    24906159.570   100286829.9340       -208.919          43.000  
> 2026  7 21 11 45 10.0040000  0 33                           
S35  39331358.628   206687723.6280       -435.460          41.000  
G11  21786995.625   114491528.1330       -487.480          37.000    21786993.769    89214087.4630       -379.593          37.000  
G12  22442864.597   117938072.4090       1095.046          41.000    22442863.564    91899774.1570        852.955          34.000  
G06  22871425.976   120190154.5700      -2519.395          26.000                                                                  
C20  25523885.352   132909609.2160         46.224          30.000                                                                  
C29  23989650.996   124920407.3191      -1756.168          26.000                                                                  
C39  25436290.892   132453559.4230      -3208.542          35.000                                                                  
C35  23698107.059   123402268.2050        354.216          41.000                                                                  
R12  21595165.961   115357469.7950      -3322.759          35.000    21595158.453    89722468.1770      -2584.521          31.000  
R22  21788094.014   116306334.8980      -1958.847          29.000    21788077.102    90460404.6841      -1524.361          20.000  
R06  24706017.962   131836045.2251      -2054.080          24.000    24706000.259   102539082.0790      -1599.116          26.000  
R23  21577531.919   115425279.0190        -92.415          40.000                                                                  
G25  24705755.020   129829624.5210       2570.262          27.000                                                                  
S31  38882407.591   204328452.1170       -437.339          36.000  
S33  39587624.816   208034403.9530       -436.372          44.000  
G05  25090350.456   131850700.7450       3367.920          30.000                                                                  
E31  26595322.187   139759361.3511      -2944.635          21.000                                                                  
C11  26003764.629   135408425.3071      -2358.037          23.000                                                                  
C26  24975527.098   130054148.3890       -722.339          45.000                                                                  
C12  24759805.048   128930833.4320        983.182          29.000                                                                  
C19  25610053.659   133358269.5471       2166.034          22.000                                                                  
C31  26508054.368   138034399.5830       1637.119          30.000                                                                  
R13  21626381.554   115483712.1130        306.199          42.000                                                                  
R07  23143208.282   123887405.0380       1554.044          27.000                                                                  
E11  24179701.743   127065187.2470        927.958          42.000    24179701.662    97361621.9390        710.594          27.000  
E25  26840302.731   141046764.7270       1774.083          37.000    26840305.723   108074809.1980       1359.114          38.000  
E16  24521235.089   128859952.1060       -457.477          39.000    24521235.929    98736812.8080       -350.024          37.000  
G19  22293981.528   117155660.4820      -1772.979          32.000                                                                  
G24  26548022.790   139510800.8271      -2933.588          26.000                                                                  
G13  22298181.397   117177799.7840        787.159          45.000    22298179.567    91307317.4600        613.239          39.000  
E10  24906675.448   130885593.5180       -270.175          47.000    24906676.140   100288911.7550       -206.957          42.000  
E12                                                                  24749033.842    99654102.7610      -1064.148          31.000  
G21                                                                  22486775.330    92079585.2561       1715.756          20.000  
> 2026  7 21 11 45 20.0040000  0 32                           
E33  28111652.775   147727731.6541      -2855.305          22.000                                                                  
S35  39332181.990   206692050.4590       -430.489          41.000  
G11  21787920.959   114496391.5330       -485.934          37.000    21787919.562    89217877.1600       -378.714          37.000  
G12  22440782.008   117927127.3140       1093.624          43.000    22440780.802    91891245.4320        852.705          34.000  
C20  25523795.110   132909141.3330         46.473          27.000                                                                  
C29  23993016.125   124937923.5590      -1752.176          27.000                                                                  
C39  25442449.885   132485629.2850      -3206.411          33.000                                                                  
C35  23697423.747   123398708.7260        357.216          41.000                                                                  
R12  21601387.173   115390700.3530      -3324.497          32.000    21601376.936    89748313.7250      -2586.138          33.000  
R22  21791758.772   116325902.5290      -1955.102          30.000    21791747.427    90475643.5121      -1515.709          25.000  
R06  24709863.491   131856565.7111      -2053.833          18.000                                                                  
R23  21577701.865   115426187.5200        -89.994          40.000                                                                  
G25  24700852.384   129803915.4450       2572.369          25.000                                                                  
S31  38883235.762   204332803.9770       -433.053          36.000  
S33  39588450.478   208038742.7760       -431.718          44.000  
G05  25083940.587   131817010.5870       3371.295          32.000                                                                  
C11  26008287.817   135431979.2781      -2348.410          25.000                                                                  
C26  24976914.094   130061372.6260       -722.992          45.000                                                                  
C12  24757913.862   128920995.6020        983.401          27.000                                                                  
C19  25605898.563   133336633.0201       2162.727          25.000                                                                  
C31  26504904.823   138018002.8500       1640.616          30.000                                                                  
R13  21625811.638   115480667.9830        302.003          42.000                                                                  
R07  23140301.725   123871846.2841       1554.223          26.000                                                                  
E11  24177934.387   127055896.9800        929.734          43.000    24177933.964    97354520.4011        712.293          26.000  
E25  26836924.755   141029012.3520       1775.974          37.000    26836927.513   108061206.7210       1360.558          38.000  
E16  24522103.693   128864520.2240       -456.789          39.000    24522105.435    98740313.0760       -349.973          37.000  
G19  22297354.628   117173372.2940      -1771.188          31.000                                                                  
G24  26553600.485   139540095.2670      -2927.254          26.000                                                                  
G13  22296684.735   117169935.0490        785.466          45.000    22296682.870    91301189.0850        611.793          39.000  
E10  24907187.612   130888283.7930       -268.421          47.000    24907187.927   100290973.1140       -205.532          42.000  
E12                                                                  24751672.733    99664730.1890      -1061.321          30.000  
G21                                                                  22482591.781    92062454.8861       1718.417          15.000  
> 2026  7 21 11 45 30.0040000  0 32                           
S35  39332999.098   206696343.4980       -428.492          42.000  
G11  21788846.222   114501256.0240       -487.484          38.000    21788845.408    89221667.6820       -379.544          37.000  
G12  22438705.215   117916209.5970       1089.749          44.000    22438703.474    91882738.1610        848.585          35.000  
G06  22880984.342   120240383.7101      -2516.490          24.000                                                                  
E12  24754311.360   130084783.6431      -1386.115          21.000    24754309.677    99675348.7270      -1061.705          30.000  
C20  25523708.922   132908694.0190         42.739          33.000                                                                  
C29  23996377.769   124955436.1071      -1752.069          24.000                                                                  
C39  25448606.275   132517685.6440      -3204.952          33.000                                                                  
C35  23696736.659   123395129.1040        358.261          42.000                                                                  
R12  21607611.148   115423961.4670      -3328.727          30.000    21607605.170    89774183.4100      -2588.980          31.000  
R22  21795420.879   116345448.6110      -1954.777          32.000    21795412.715    90490860.4841      -1519.372          24.000  
R06  24713723.789   131877165.2101      -2062.734          23.000                                                                  
R23  21577870.041   115427085.4510        -89.677          41.000                                                                  
G25  24695967.251   129778183.6020       2569.610          27.000                                                                  
S31  38884058.141   204337122.9780       -430.312          35.000  
S33  39589269.644   208043048.1990       -429.501          44.000  
G05  25077526.519   131783299.0130       3371.912          31.000                                                                  
C11  26012815.378   135455555.4531      -2345.566          19.000                                                                  
C26  24978305.139   130068616.0800       -726.044          45.000                                                                  
C12  24756026.605   128911169.0310        980.923          27.000                                                                  
C19  25601728.704   133314961.9100       2161.889          25.000                                                                  
C31  26501748.995   138001565.5200       1642.919          33.000                                                                  
R13  21625251.694   115477679.0910        295.343          43.000                                                                  
R07  23137416.354   123856351.8300       1547.884          25.000                                                                  
E11  24176165.379   127046599.8550        929.275          43.000    24176163.097    97347389.8691        712.767          24.000  
E25  26833544.282   141011249.4790       1776.004          37.000    26833547.368   108047596.1790       1360.910          37.000  
E16  24522974.777   128869097.9420       -459.244          38.000    24522977.045    98743820.6960       -352.163          37.000  
G19  22300726.309   117191107.2030      -1771.760          32.000                                                                  
G24  26559166.804   139569363.3451      -2925.438          26.000                                                                  
G13  22295193.452   117162099.0070        781.439          45.000    22295191.386    91295083.0480        609.296          39.000  
E10  24907698.071   130890968.3790       -269.038          46.000    24907698.762   100293030.1350       -206.052          41.000  
E31                                                                  26606521.882   107133438.3300      -2254.218          26.000  
> 2026  7 21 11 45 40.0040000  0 32                           
S35  39333810.504   206700607.1490       -423.806          41.000  
G11  21789772.946   114506125.3340       -486.302          38.000    21789771.839    89225461.9560       -378.847          36.000  
G12  22436633.811   117905323.1470       1088.057          44.000    22436631.859    91874255.1970        847.349          35.000  
G06  22885771.007   120265537.4481      -2513.220          25.000                                                                  
E12  24756936.841   130098581.0811      -1386.643          22.000    24756944.640    99685961.2560      -1060.605          30.000  
C20  25523627.411   132908270.8710         42.573          30.000                                                                  
C39  25454758.992   132549732.6630      -3203.020          29.000                                                                  
C35  23696046.520   123391533.1160        361.533          42.000                                                                  
R12  21613841.910   115457256.5590      -3330.738          30.000    21613839.036    89800083.1580      -2589.744          29.000  
R22  21799077.631   116364976.6240      -1950.431          29.000    21799065.185    90506025.3041      -1517.722          24.000  
R06  24717589.662   131897793.8561      -2060.859          20.000                                                                  
R23  21578036.837   115427976.8090        -87.730          40.000                                                                  
G25  24691073.999   129752469.3970       2571.176          25.000                                                                  
S31  38884874.447   204341411.6560       -426.079          35.000  
S33  39590083.231   208047324.1590       -425.137          44.000  
G05  25071109.760   131749569.5870       3375.385          30.000                                                                  
C11  26017309.904   135478959.3811      -2345.065          14.000                                                                  
C26  24979700.260   130075882.5860       -726.709          45.000                                                                  
C12  24754141.224   128901357.7720        982.069          26.000                                                                  
C19  25597567.855   133293252.9941       2167.589          18.000                                                                  
C31  26498589.828   137985113.4300       1647.684          32.000                                                                  
R13  21624703.370   115474749.3380        291.167          43.000                                                                  
R07  23134531.915   123840949.4640       1546.379          27.000                                                                  
E11  24174395.892   127037299.6700        931.201          43.000    24174390.000    97340250.4281        705.939          21.000  
G21  22474248.626   118102972.9781       2191.839          25.000                                                                  
E25  26830163.723   140993480.0200       1778.166          38.000    26830165.816   108033980.5900       1362.599          38.000  
E16  24523847.928   128873689.1220       -458.553          38.000    24523850.340    98747338.5650       -351.406          37.000  
G19  22304097.172   117208817.6080      -1769.480          33.000                                                                  
G24  26564732.377   139598610.1460      -2917.980          25.000                                                                  
G13  22293708.630   117154295.5450        779.745          44.000    22293706.385    91289002.4070        608.039          39.000  
E10  24908208.572   130893651.0620       -266.926          46.000    24908209.148   100295085.7040       -204.687          41.000  
E31                                                                  26612121.348   107155981.2240      -2253.086          27.000  
> 2026  7 21 11 45 50.0040000  0 31                           
S35  39334613.294   206704823.8500       -420.218          42.000  
G11  21790697.309   114510981.7740       -485.403          40.000    21790695.965    89229246.1560       -378.277          37.000  
G12  22434565.153   117894450.3210       1086.044          44.000    22434562.719    91865782.8350        846.440          35.000  
G06  22890549.792   120290650.1210      -2511.277          29.000                                                                  
E12  24759576.353   130112452.5530      -1382.264          27.000    24759574.474    99696554.0160      -1058.501          30.000  
C20  25523545.851   132907854.6100         40.657          29.000                                                                  
C39  25460907.984   132581752.3330      -3201.034          29.000                                                                  
C35  23695350.101   123387903.2700        364.152          44.000                                                                  
R12  21620076.096   115490567.8100      -3332.993          32.000    21620074.562    89825991.4160      -2591.800          29.000  
R22  21802723.288   116384417.2611      -1948.634          25.000    21802728.219    90521233.8811      -1516.080          26.000  
R06  24721463.369   131918464.6561      -2070.243          25.000                                                                  
R23  21578198.654   115428843.1550        -85.962          40.000                                                                  
G25  24686181.699   129726759.6251       2569.956          25.000                                                                  
S31  38885681.904   204345653.7850       -422.550          34.000  
S33  39590887.997   208051552.1330       -421.187          44.000  
G05  25064684.432   131715805.0270       3377.283          30.000                                                                  
C26  24981096.593   130083154.5310       -728.314          45.000                                                                  
C12  24752256.354   128891493.6771        980.073          25.000                                                                  
C19  25593471.454   133271921.2891       2165.808          23.000                                                                  
C31  26495421.920   137968618.0880       1651.942          33.000                                                                  
R13  21624162.350   115471860.4950        286.249          42.000                                                                  
R07  23131638.654   123825471.8461       1542.976          23.000                                                                  
E11  24172622.850   127027978.7240        932.320          44.000    24172614.773    97333102.1491        715.891          18.000  
G21  22470063.289   118080979.2931       2184.520          22.000                                                                  
E25  26826777.256   140975686.3370       1779.730          38.000    26826779.928   108020346.4750       1363.857          37.000  
E16  24524721.473   128878276.0280       -459.021          38.000    24524722.898    98750853.2170       -351.682          37.000  
G19  22307463.593   117226512.2850      -1770.066          32.000                                                                  
G24  26570286.583   139627797.6481      -2914.114          24.000                                                                  
G13  22292226.310   117146507.0270        777.348          44.000    22292224.243    91282933.4270        605.914          39.000  
E10  24908715.411   130896314.1420       -266.005          45.000    24908715.589   100297126.2390       -203.813          41.000  
E31                                                                  26617715.672   107178506.5260      -2252.364          27.000  
> 2026  7 21 11 46  0.0040000  0 29                           
S35  39335410.468   206709014.1850       -417.596          42.000  
G11  21791623.786   114515846.7440       -486.938          40.000    21791621.597    89233037.0370       -379.643          37.000  
G12  22432503.436   117883612.5840       1081.935          45.000    22432500.362    91857337.8510        842.840          36.000  
G06  22895335.275   120315756.9830      -2510.092          28.000                                                                  
E12  24762203.970   130126263.8800      -1382.263          28.000    24762203.699    99707143.6830      -1059.346          29.000  
C20  25523471.597   132907466.0840         38.232          32.000                                                                  
C39  25467055.476   132613766.0610      -3201.843          33.000                                                                  
C35  23694650.717   123384260.7730        364.842          44.000                                                                  
R12  21626319.236   115523916.8660      -3336.398          33.000    21626317.198    89851929.4760      -2594.841          29.000  
R22  21806373.186   116403849.7480      -1947.166          30.000    21806380.702    90536397.9191      -1514.230          23.000  
R06  24725351.701   131939213.9141      -2085.614          23.000                                                                  
R23  21578359.806   115429706.5840        -86.196          40.000                                                                  
G25  24681292.756   129701068.5951       2568.837          26.000                                                                  
S31  38886484.268   204349869.6420       -420.312          34.000  
S33  39591687.823   208055755.0470       -419.176          44.000  
G05  25058256.608   131682027.2370       3378.986          27.000                                                                  
C26  24982498.473   130090453.2040       -731.421          45.000                                                                  
C12  24750363.285   128881636.4321        984.349          21.000                                                                  
C19  25589310.827   133250255.6791       2166.583          26.000                                                                  
C31  26492249.377   137952100.8660       1652.113          33.000                                                                  
R13  21623633.106   115469034.6100        279.356          41.000                                                                  
R07  23128743.982   123809976.6921       1544.891          21.000                                                                  
E11  24170849.029   127018658.5210        932.187          44.000    24170839.659    97325954.7151        726.503          16.000  
E25  26823390.889   140957889.9860       1779.896          38.000    26823393.490   108006710.3040       1363.442          38.000  
E16  24525597.166   128882880.2270       -461.214          38.000    24525599.067    98754381.1210       -353.833          37.000  
G19  22310830.546   117244212.1230      -1770.681          31.000                                                                  
G13  22290751.482   117138754.9480        773.328          44.000    22290749.386    91276892.8420        602.781          38.000  
E10  24909222.317   130898979.0510       -266.608          45.000    24909222.825   100299168.1750       -204.440          41.000  
E31                                                                  26623309.740   107201030.8110      -2252.734          28.000  
> 2026  7 21 11 46 10.0040000  0 29                           
S35  39336202.969   206713178.2060       -415.351          41.000  
G11  21792551.385   114520719.0150       -487.622          40.000    21792548.717    89236833.6100       -379.975          37.000  
G12  22430447.706   117872808.9100       1078.534          45.000    22430444.308    91848919.3800        840.499          36.000  
G06  22900110.250   120340853.4160      -2509.162          27.000                                                                  
E12  24764835.635   130140078.6640      -1381.268          29.000    24764832.670    99717729.0310      -1058.544          29.000  
C20  25523401.758   132907104.6410         35.182          33.000                                                                  
C39  25473201.598   132645772.3650      -3200.484          31.000                                                                  
C35  23693948.840   123380604.4910        366.293          44.000                                                                  
R12  21632570.091   115557302.1310      -3340.726          35.000    21632567.417    89877895.7950      -2597.895          31.000  
R22  21810022.782   116423312.4400      -1945.279          31.000    21810023.083    90551520.3841      -1512.811          23.000  
R06  24729250.139   131960016.4841      -2081.559          26.000                                                                  
R23  21578520.585   115430565.7290        -85.511          40.000                                                                  
G25  24676399.999   129675356.5461       2568.828          26.000                                                                  
S31  38887281.317   204354058.8180       -417.790          34.000  
S33  39592482.252   208059931.0990       -416.497          44.000  
G05  25051826.143   131648234.9980       3379.755          27.000                                                                  
C26  24983905.528   130097777.3790       -733.905          45.000                                                                  
C12  24748485.300   128871856.8581        976.790          25.000                                                                  
C19  25585132.589   133228498.4331       2165.262          25.000                                                                  
C31  26489072.427   137935560.3580       1655.814          32.000                                                                  
R13  21623115.524   115466270.5120        273.234          41.000                                                                  
R07  23125853.159   123794502.0581       1533.199          15.000    23125854.498    96284618.6411       1196.631          21.000  
E11  24169075.298   127009337.8320        932.144          44.000    24169093.516    97318924.1471        712.111          21.000  
E25  26820004.484   140940089.8370       1779.928          39.000    26820006.558   107993071.2090       1363.807          37.000  
E16  24526475.985   128887500.5110       -462.702          38.000    24526478.140    98757921.3300       -355.029          36.000  
G19  22314198.824   117261916.0180      -1771.365          31.000                                                                  
G13  22289283.168   117131038.2280        769.781          45.000    22289280.986    91270879.8120        600.035          38.000  
E10  24909729.726   130901644.5640       -266.546          45.000    24909730.135   100301210.5770       -204.307          41.000  
E31                                                                  26628902.361   107223552.9330      -2251.681          27.000  
> 2026  7 21 11 46 20.0040000  0 31                           
S35  39336989.440   206717311.9880       -411.855          41.000  
G11  21793479.490   114525595.9100       -487.953          40.000    21793477.116    89240633.8000       -380.277          37.000  
G12  22428397.600   117862036.8810       1075.573          45.000    22428394.374    91840525.6180        838.043          36.000  
G06  22904879.639   120365954.6151      -2508.288          25.000    22904890.984    93791699.3001      -1956.223          22.000  
E12  24767464.313   130153885.3440      -1380.400          30.000    24767459.461    99728308.2200      -1057.675          28.000  
C20  25523336.667   132906767.6340         32.203          31.000                                                                  
C29  24013125.446   125042644.8661      -1740.082          26.000                                                                  
C39  25479346.026   132677768.7660      -3198.859          34.000                                                                  
C35  23693243.499   123376931.8040        368.163          44.000                                                                  
R12  21638826.560   115590721.0560      -3343.768          34.000    21638824.519    89903888.2500      -2601.090          33.000  
R22  21813665.428   116442757.0550      -1943.717          27.000    21813671.001    90566665.9751      -1509.195          24.000  
R06  24733160.030   131980881.0661      -2090.212          20.000                                                                  
R23  21578679.860   115431418.0130        -84.687          39.000                                                                  
G17  25327554.109   133097194.7331      -2587.404          23.000                                                                  
S31  38888072.470   204358218.2420       -414.574          36.000  
S33  39593271.273   208064076.9820       -413.223          44.000  
G05  25045394.283   131614425.8800       3382.397          30.000                                                                  
C26  24985316.704   130105124.4190       -735.956          45.000                                                                  
C12  24746622.052   128862106.3030        975.531          29.000                                                                  
C19  25580963.240   133206792.3470       2166.275          27.000                                                                  
C31  26485890.374   137918994.1030       1657.252          30.000                                                                  
R13  21622608.931   115463565.4280        267.680          39.000                                                                  
R07  23122979.831   123779120.9441       1532.275          16.000    23123017.498    96272805.8981       1193.629          23.000  
E11  24167300.601   127000013.9730        932.797          44.000    24167317.106    97311770.7591        716.606          22.000  
G21  22457552.353   118015233.8941       2185.543          25.000                                                                  
E25  26816616.185   140922283.2770       1781.148          41.000    26816617.884   107979427.1880       1364.801          37.000  
E16  24527358.291   128892134.2590       -463.829          39.000    24527359.641    98761471.8780       -356.531          36.000  
G19  22317568.076   117279621.2890      -1770.477          31.000                                                                  
G13  22287821.000   117123354.2330        766.894          44.000    22287818.678    91264892.2740        597.474          37.000  
E10  24910236.526   130904307.9990       -266.023          45.000    24910236.813   100303251.3920       -204.030          41.000  
E31                                                                  26634493.759   107246071.0850      -2251.371          26.000  
> 2026  7 21 11 46 30.0040000  0 30                           
S35  39337769.195   206721409.9050       -408.541          41.000  
G11  21794407.705   114530471.0260       -487.615          39.000    21794405.222    89244432.5990       -380.456          37.000  
G12  22426352.795   117851290.2020       1072.970          46.000    22426349.318    91832151.5790        836.129          37.000  
G06  22909649.992   120391001.9780      -2506.275          27.000    22909658.270    93811219.9981      -1945.077          21.000  
E12  24770088.085   130167677.4810      -1378.515          31.000    24770083.270    99738876.2050      -1057.115          27.000  
C20  25523275.249   132906448.5750         30.342          32.000                                                                  
C29  24016480.647   125060068.6620      -1737.551          26.000                                                                  
C39  25485487.023   132709748.6310      -3198.025          31.000                                                                  
C35  23692533.885   123373236.3870        370.230          44.000                                                                  
R12  21645088.072   115624166.8140      -3346.290          33.000    21645086.580    89929901.6200      -2603.600          33.000  
R22  21817304.084   116462177.1030      -1940.831          29.000    21817308.061    90581766.2551      -1513.170          22.000  
R06  24737073.152   132001761.3701      -2080.571          24.000                                                                  
R23  21578836.396   115432256.7390        -83.612          38.000                                                                  
S31  38888857.134   204362341.7790       -411.136          37.000  
S33  39594053.520   208068187.4770       -409.632          44.000  
G05  25038958.162   131580593.3320       3384.113          29.000                                                                  
E31  26640080.666   139994568.4191      -2936.936          26.000    26640080.906   107268566.4431      -2250.269          25.000  
C26  24986731.160   130112488.0030       -737.549          45.000                                                                  
C12  24744754.855   128852432.4720        974.426          29.000                                                                  
C19  25576803.305   133185118.6130       2167.784          27.000                                                                  
C31  26482701.893   137902395.6660       1660.982          30.000                                                                  
R13  21622112.375   115460913.1560        262.032          39.000                                                                  
R07  23120123.457   123763830.4221       1528.344          22.000    23120173.606    96260966.1091       1184.931          20.000  
E11  24165524.130   126990680.6280        933.426          44.000    24165534.488    97304592.7331        717.006          22.000  
G21  22453386.146   117993340.3021       2186.719          24.000                                                                  
E25  26813225.131   140904464.0480       1782.260          41.000    26813226.932   107965773.4880       1365.343          37.000  
E16  24528241.638   128896775.1200       -464.968          39.000    24528242.566    98765027.8100       -356.302          36.000  
G19  22320937.358   117297321.7830      -1770.931          32.000                                                                  
G13  22286364.010   117115696.6730        764.078          45.000    22286360.989    91258925.3760        594.992          37.000  
E10  24910741.547   130906962.9770       -265.399          44.000    24910742.314   100305285.7170       -203.583          41.000  
> 2026  7 21 11 46 40.0040000  0 31                           
S35  39338542.581   206725474.6100       -404.157          41.000  
G11  21795335.780   114535346.7370       -487.396          38.000    21795333.198    89248231.8260       -379.172          36.000  
G12  22424313.317   117840571.2770       1071.205          46.000    22424309.606    91823799.1810        834.216          37.000  
G06  22914402.239   120416068.9210      -2502.892          26.000    22914421.374    93830724.6421      -1947.655          22.000  
E12  24772710.982   130181457.4740      -1377.255          31.000    24772705.083    99749434.8280      -1054.541          27.000  
C20  25523218.098   132906149.9810         29.727          31.000                                                                  
C39  25491622.749   132741714.3550      -3194.973          30.000                                                                  
C35  23691820.429   123369520.6600        372.969          44.000                                                                  
R12  21651355.111   115657641.7860      -3348.835          34.000    21651353.866    89955937.6900      -2603.849          33.000  
R22  21820939.752   116481574.9200      -1936.823          31.000    21820934.198    90596821.9591      -1503.276          17.000  
R06  24740989.162   132022658.0411      -2091.098          25.000    24740958.509   102684162.7171      -1625.941          26.000  
R23  21578991.077   115433084.3450        -81.547          40.000                                                                  
G17  25337412.148   133148999.3221      -2583.863          20.000                                                                  
S31  38889635.185   204366431.6420       -406.159          36.000  
S33  39594829.111   208072264.1940       -405.468          44.000  
G05  25032516.313   131546739.9270       3387.311          27.000                                                                  
C11  26044181.097   135618884.6491      -2326.080          24.000                                                                  
C26  24988148.820   130119870.5090       -738.629          45.000                                                                  
C12  24742883.886   128842692.2250        974.447          28.000                                                                  
C19  25572634.952   133163420.1371       2167.832          26.000                                                                  
C31  26479507.441   137885767.4380       1665.440          29.000                                                                  
R13  21621626.005   115458316.0880        257.678          38.000                                                                  
R07  23117288.582   123748655.6761       1522.667          22.000    23117333.987    96249143.3791       1179.073          19.000  
E11  24163746.527   126981340.1990        934.832          44.000    24163752.084    97297416.5551        720.886          23.000  
G21  22449227.127   117971484.7001       2186.429          25.000                                                                  
E25  26809832.750   140886634.6090       1783.965          41.000    26809834.322   107952111.9440       1366.996          37.000  
E16  24529126.899   128901425.5490       -465.197          39.000    24529126.930    98768591.0930       -355.935          36.000  
G19  22324306.477   117315019.7870      -1769.012          29.000                                                                  
G13  22284912.370   117108068.0350        761.857          44.000    22284908.831    91252980.9680        593.263          36.000  
E10  24911245.894   130909611.8720       -264.063          44.000    24911246.522   100307315.4010       -202.603          41.000  
E31                                                                  26645669.164   107291068.1461      -2247.723          26.000  
> 2026  7 21 11 46 50.0040000  0 31                           
S35  39339309.480   206729503.9480       -401.497          40.000  
G11  21796263.354   114540222.0870       -487.948          37.000    21796260.886    89252030.8090       -379.956          36.000  
G12  22422278.723   117829879.2260       1067.591          47.000    22422274.974    91815467.6910        831.833          37.000  
G06  22919167.075   120441095.2440      -2501.556          27.000    22919185.472    93850232.8411      -1956.755          22.000  
E12  24775331.657   130195224.1790      -1375.920          32.000    24775324.803    99759983.4520      -1054.940          27.000  
C20  25523164.741   132905870.9020         27.645          31.000                                                                  
C39  25497754.864   132773665.0790      -3194.551          28.000                                                                  
C35  23691102.427   123365783.6890        374.419          44.000                                                                  
R12  21657627.187   115691144.8920      -3351.407          36.000    21657627.300    89981995.7290      -2607.655          34.000  
R22  21824569.877   116500949.6830      -1936.568          33.000    21824557.046    90611862.7921      -1503.312          14.000  
R06  24744910.949   132043586.0271      -2095.398          24.000    24744882.390   102700448.1951      -1631.103          25.000  
R23  21579143.588   115433899.9460        -80.955          39.000                                                                  
G17  25342323.371   133174808.0781      -2582.578          25.000                                                                  
S31  38890406.656   204370486.9570       -404.274          35.000  
S33  39595598.517   208076305.7800       -402.589          44.000  
G05  25026070.970   131512889.7390       3388.953          25.000                                                                  
E31  26651263.492   140053334.2691      -2935.715          26.000    26651258.404   107313561.0000      -2249.633          27.000  
C11  26048650.719   135642159.1280      -2323.144          27.000                                                                  
C26  24989569.788   130127270.9990       -741.113          45.000                                                                  
C12  24741015.871   128832960.4140        972.272          26.000                                                                  
C19  25568460.071   133141680.3351       2169.922          23.000                                                                  
C31  26476308.897   137869108.6350       1667.563          31.000                                                                  
R13  21621149.412   115455773.3630        251.390          37.000                                                                  
R07  23114450.814   123733464.0191       1521.988          17.000    23114484.971    96237281.4141       1177.164          17.000  
E11  24161967.336   126971991.7120        935.078          44.000    24161971.244    97290245.5511        716.717          23.000  
G21  22445075.204   117949665.7621       2185.201          26.000                                                                  
E25  26806437.927   140868794.1030       1784.414          41.000    26806439.356   107938441.9470       1367.424          36.000  
E16  24530013.850   128906084.6290       -466.415          40.000    24530013.362    98772161.0680       -357.422          36.000  
G19  22327674.152   117332714.3300      -1769.972          28.000                                                                  
G13  22283465.856   117100467.4400        758.457          44.000    22283462.205    91247058.4190        590.882          36.000  
E10  24911748.447   130912253.7340       -264.126          43.000    24911749.339   100309339.6770       -202.265          42.000  
> 2026  7 21 11 47  0.0040000  0 32                           
E33  28165621.803   148011340.9801      -2818.856          25.000                                                                  
S35  39340069.656   206733498.3650       -398.427          41.000  
G11  21797190.170   114545095.6070       -488.158          36.000    21797188.232    89255828.3480       -379.970          35.000  
G12  22420248.965   117819212.7640       1064.968          47.000    22420245.571    91807156.1660        829.554          37.000  
G06  22923933.594   120466101.5550      -2499.177          30.000    22923949.820    93869742.1421      -1954.029          21.000  
E12  24777948.585   130208976.3580      -1374.852          32.000    24777942.032    99770520.7520      -1053.776          28.000  
C20  25523114.489   132905610.2400         24.675          33.000                                                                  
C39  25503884.225   132805599.0290      -3193.168          27.000                                                                  
C35  23690380.133   123362024.0540        376.646          44.000                                                                  
R12  21663905.294   115724674.6190      -3354.916          34.000    21663905.001    90008074.3750      -2609.725          33.000  
R22  21828195.466   116520299.8080      -1934.797          32.000    21828182.009    90626913.3861      -1509.205          15.000  
R06  24748821.533   132064453.5481      -2101.284          23.000                                                                  
R23  21579293.275   115434701.9850        -80.195          38.000                                                                  
G17  25347243.667   133200663.8991      -2580.636          25.000                                                                  
S31  38891171.574   204374506.7900       -401.167          34.000  
S33  39596360.886   208080312.3270       -399.348          44.000  
G05  25019621.534   131478991.6470       3390.515          26.000                                                                  
E31  26656845.869   140082674.4380      -2934.082          27.000    26656842.980   107336045.8590      -2248.544          27.000  
C11  26053113.642   135665374.2550      -2320.682          29.000                                                                  
C26  24990994.166   130134688.0250       -742.944          45.000                                                                  
C12  24739156.479   128823279.0081        970.465          23.000                                                                  
C19  25564292.708   133119980.5681       2178.203          22.000                                                                  
C31  26473104.200   137852417.7860       1670.429          33.000                                                                  
R13  21620682.945   115453283.5320        246.250          37.000                                                                  
R07  23111640.063   123718418.4671       1531.615          15.000    23111643.217    96225449.2831       1189.182          16.000  
E11  24160186.208   126962633.7960        935.774          44.000    24160192.209    97283081.7231        716.864          26.000  
G21  22440917.192   117927828.1540       2182.963          27.000                                                                  
E25  26803040.515   140850941.2020       1785.482          41.000    26803042.270   107924762.4500       1368.359          36.000  
E16  24530901.908   128910750.9820       -467.483          40.000    24530901.148    98775736.5740       -358.304          36.000  
G19  22331041.338   117350404.2590      -1768.677          32.000                                                                  
G13  22282024.724   117092893.5190        755.619          44.000    22282020.530    91241156.7010        588.512          35.000  
E10  24912249.212   130914887.0920       -263.459          43.000    24912250.764   100311357.4640       -201.787          42.000  
> 2026  7 21 11 47 10.0040000  0 34                           
E33  28170994.876   148039576.5481      -2814.609          24.000                                                                  
S35  39340824.130   206737463.2230       -395.317          41.000  
G11  21798118.113   114549974.4420       -488.396          36.000    21798116.269    89259630.1020       -380.732          34.000  
G12  22418225.690   117808579.1350       1061.417          47.000    22418221.708    91798870.2090        827.102          37.000  
G06  22928687.941   120491094.7290      -2499.031          30.000    22928702.491    93889203.2561      -1943.758          20.000  
E12  24780563.044   130222721.0650      -1374.747          32.000    24780557.622    99781052.4030      -1053.181          28.000  
C20  25523069.292   132905374.8770         22.112          33.000                                                                  
C39  25510018.999   132837523.4660      -3192.498          31.000                                                                  
C35  23689654.549   123358248.9340        377.835          43.000                                                                  
R12  21670189.901   115758238.0250      -3358.399          35.000    21670188.950    90034179.2250      -2612.028          31.000  
R22  21831818.721   116539632.4310      -1933.059          35.000    21831795.307    90641915.7491      -1490.181          11.000  
R06  24752746.373   132085397.4941      -2103.121          24.000                                                                  
R23  21579441.716   115435497.7870        -79.748          37.000                                                                  
G17  25352148.926   133226455.3840      -2579.545          27.000                                                                  
G25  24647081.061   129521284.7971       2562.125          20.000                                                                  
S31  38891930.774   204378497.2630       -398.371          34.000  
S33  39597117.639   208084290.0530       -396.602          44.000  
G05  25013169.411   131445077.9140       3391.022          28.000    25013149.483   102424664.9381       2633.013          22.000  
E31  26662419.467   140111971.6140      -2934.335          26.000    26662427.909   107358527.1230      -2247.881          28.000  
C11  26057565.572   135688564.3280      -2317.975          28.000                                                                  
C26  24992423.032   130142128.7170       -745.569          45.000                                                                  
C12  24737299.797   128813611.2371        968.534          24.000                                                                  
C19  25560121.536   133098260.2301       2169.853          24.000                                                                  
C31  26469895.432   137835702.0320       1672.435          33.000                                                                  
R13  21620227.750   115450854.0640        239.557          38.000                                                                  
R07  23108807.677   123703256.3271       1523.433          18.000    23108809.865    96213653.2011       1179.402          18.000  
E11  24158405.453   126953273.6260        935.707          44.000    24158410.807    97275908.5511        718.364          26.000  
G21  22436752.463   117906001.6870       2181.528          28.000                                                                  
E25  26799642.353   140833083.1490       1785.719          41.000    26799644.239   107911079.0210       1368.146          36.000  
E16  24531793.084   128915431.8360       -469.159          40.000    24531791.948    98779323.1850       -359.293          36.000  
G19  22334408.380   117368096.7470      -1770.159          32.000                                                                  
C24  27319344.625   142258996.2491       1499.078          25.000                                                                  
G13  22280589.983   117085353.5720        752.031          44.000    22280585.454    91235281.4200        585.371          35.000  
E10  24912750.400   130917519.1740       -263.708          43.000    24912751.581   100313374.2420       -201.711          42.000  
> 2026  7 21 11 47 20.0040000  0 33                           
E33  28176359.865   148067769.8421      -2815.012          26.000                                                                  
S35  39341573.947   206741403.8490       -393.480          41.000  
G11  21799047.960   114554862.1460       -489.286          36.000    21799045.768    89263438.7130       -381.764          33.000  
G12  22416209.034   117797981.8940       1057.424          46.000    22416205.299    91790612.6210        824.191          38.000  
G06  22933442.365   120516078.4100      -2498.609          28.000    22933448.849    93908638.8211      -1939.233          20.000  
E12  24783180.235   130236461.8030      -1374.184          32.000    24783172.582    99791580.9790      -1052.824          28.000  
C20  25523030.384   132905168.5690         18.733          34.000                                                                  
C39  25516152.128   132869441.7950      -3192.061          34.000                                                                  
C35  23688926.845   123354461.8160        378.601          43.000                                                                  
R12  21676480.490   115791838.8060      -3362.351          34.000    21676477.918    90060313.1810      -2614.883          30.000  
R22  21835438.327   116558951.4360      -1932.037          35.000                                                                  
R06  24756694.009   132106462.4161      -2109.554          25.000                                                                  
R23  21579590.022   115436290.9820        -79.381          37.000                                                                  
G17  25357048.371   133252243.7620      -2579.099          25.000                                                                  
S31  38892685.588   204382463.4530       -396.020          34.000  
S33  39597869.824   208088242.4060       -394.209          44.000  
G05  25006715.909   131411152.1630       3392.523          30.000    25006692.871   102398226.2181       2641.385          22.000  
E31  26668001.539   140141293.5471      -2933.765          25.000    26668012.542   107381007.6830      -2248.500          28.000  
C11  26062014.539   135711732.9100      -2315.970          28.000                                                                  
C26  24993856.910   130149596.5650       -748.425          44.000                                                                  
C12  24735471.970   128804092.8691        959.180          20.000                                                                  
C19  25555953.943   133076557.6791       2171.727          24.000                                                                  
C31  26466681.811   137818964.8530       1674.449          33.000                                                                  
R13  21619784.878   115448488.3440        233.063          38.000                                                                  
R07  23105976.502   123688100.7301       1509.119          19.000    23105977.226    96201859.4691       1183.849          16.000  
E11  24156625.085   126943914.7460        935.402          44.000    24156630.086    97268736.2580        716.291          27.000  
G21  22432596.986   117884196.4190       2178.904          29.000                                                                  
E25  26796243.586   140815223.5920       1785.399          42.000    26796245.504   107897394.3940       1368.288          36.000  
E16  24532687.161   128920130.7470       -470.933          40.000    24532685.843    98782923.6240       -360.462          36.000  
G19  22337776.063   117385795.2210      -1770.068          32.000                                                                  
C24  27316476.958   142244038.9350       1496.813          27.000                                                                  
G13  22279162.291   117077851.1820        747.925          43.000    22279157.919    91229435.3580        583.165          36.000  
E10  24913251.940   130920153.4580       -264.008          44.000    24913253.033   100315392.7470       -202.240          42.000  
> 2026  7 21 11 47 30.0040000  0 33                           
E33  28181707.990   148095874.6931      -2811.429          26.000                                                                  
S35  39342319.588   206745322.7770       -390.462          41.000  
G11  21799980.190   114559762.5060       -490.375          38.000    21799977.583    89267257.1240       -382.024          33.000  
G12  22414199.647   117787424.9950       1053.901          46.000    22414196.485    91782386.4550        821.134          38.000  
G06  22938195.354   120541056.2910      -2496.849          29.000    22938206.624    93928121.0421      -1943.244          18.000  
E12  24785798.607   130250202.3810      -1373.557          32.000    24785787.845    99802109.4980      -1052.961          28.000  
C20  25522996.883   132904995.1180         15.370          32.000                                                                  
C39  25522282.661   132901357.7300      -3191.333          34.000                                                                  
C35  23688197.877   123350666.4530        380.204          43.000                                                                  
R12  21682777.314   115825480.4950      -3365.939          32.000    21682776.055    90086478.8640      -2618.161          31.000  
R22  21839055.304   116578260.4090      -1930.126          32.000                                                                  
R06  24760650.341   132127574.1911      -2113.421          22.000                                                                  
R23  21579738.550   115437085.3150        -79.073          36.000                                                                  
G17  25361953.508   133278026.7330      -2576.836          26.000                                                                  
S31  38893435.812   204386407.5380       -392.847          34.000  
S33  39598618.112   208092174.0460       -391.789          44.000  
G05  25000260.641   131377218.1770       3393.786          29.000    25000239.922   102371802.9481       2643.246          23.000  
C11  26066460.206   135734883.6550      -2313.825          27.000                                                                  
C26  24995296.846   130157095.3260       -751.233          44.000                                                                  
C12  24733628.860   128794495.3831        956.749          23.000                                                                  
C19  25551779.654   133054820.9841       2169.192          26.000                                                                  
C31  26463464.334   137802210.0500       1676.422          33.000                                                                  
R13  21619354.540   115446190.3470        226.229          38.000                                                                  
R07  23103155.031   123672997.5631       1499.380          18.000                                                                  
E11  24154845.141   126934560.9440        935.440          44.000    24154849.233    97261568.9500        717.579          27.000  
G21  22428456.914   117862416.0580       2176.986          28.000                                                                  
E25  26792845.417   140797366.3430       1785.782          42.000    26792847.888   107883711.5870       1368.240          36.000  
E16  24533585.589   128924851.5790       -473.011          41.000    24533584.496    98786540.8960       -362.524          36.000  
G19  22341145.399   117403503.5440      -1771.061          33.000                                                                  
C24  27313605.362   142229080.4330       1494.889          25.000                                                                  
G13  22277742.333   117070390.2000        744.246          43.000    22277738.050    91223621.6140        579.486          36.000  
E10  24913754.544   130922793.7250       -264.035          44.000    24913755.454   100317415.8120       -202.375          43.000  
E31                                                                  26673593.664   107403490.1430      -2248.249          29.000  
> 2026  7 21 11 47 40.0040000  0 34                           
E33  28187053.867   148123967.3251      -2808.928          26.000                                                                  
S35  39343060.472   206749216.7770       -388.912          41.000  
G11  21800914.387   114564671.8980       -492.474          37.000    21800911.404    89271082.5810       -383.105          33.000  
G12  22412197.598   117776904.9280       1049.351          46.000    22412194.451    91774188.9980        817.729          38.000  
G06  22942946.565   120566024.9230      -2497.128          29.000    22942961.339    93947590.5981      -1953.830          15.000  
E12  24788410.832   130263939.1150      -1373.306          30.000    24788402.101    99812635.0230      -1052.534          28.000  
C20  25522968.707   132904850.8300         12.238          32.000                                                                  
C39  25528411.648   132933267.6300      -3191.703          35.000                                                                  
C35  23687466.706   123346859.3440        380.825          42.000                                                                  
R12  21689084.495   115859196.3211      -3369.338          20.000    21689079.899    90112673.4700      -2621.015          33.000  
R22  21842669.223   116597555.8370      -1928.864          31.000                                                                  
R06  24764607.498   132148690.2821      -2120.411          25.000                                                                  
R23  21579886.689   115437877.2410        -80.354          37.000                                                                  
R08  24521064.567   131309187.2131       3447.726          14.000                                                                  
G17  25366862.417   133303800.9700      -2577.517          28.000                                                                  
S31  38894181.749   204390327.5020       -391.398          34.000  
S33  39599361.551   208096080.2360       -390.260          44.000  
G05  24993802.373   131343272.5090       3394.391          29.000    24993779.865   102345349.8161       2642.642          22.000  
C11  26070902.380   135758013.2620      -2312.346          28.000                                                                  
C26  24996741.712   130164621.4450       -754.590          44.000                                                                  
C12  24731771.731   128784825.2271        953.510          20.000                                                                  
C19  25547617.105   133033144.0380       2169.475          27.000                                                                  
C31  26460242.318   137785434.0680       1677.793          33.000                                                                  
R13  21618936.508   115443956.4620        219.216          38.000                                                                  
R07  23100328.625   123657867.3631       1505.894          21.000                                                                  
E11  24153065.747   126925208.6640        934.490          45.000    24153067.257    97254403.0240        715.623          26.000  
G21  22424307.214   117840657.1710       2173.906          28.000                                                                  
E25  26789447.319   140779507.9720       1785.097          42.000    26789449.242   107870027.8940       1367.850          35.000  
E16  24534487.821   128929590.7570       -475.461          41.000    24534486.242    98790172.1900       -364.090          37.000  
G19  22344516.403   117421218.1980      -1772.359          34.000                                                                  
C24  27310729.399   142214134.6971       1488.633          23.000                                                                  
G13  22276329.422   117062967.1510        739.506          43.000    22276325.553    91217837.3510        576.747          36.000  
E10  24914257.298   130925436.4050       -265.085          44.000    24914258.468   100319440.7400       -203.194          43.000  
E31                                                                  26679174.636   107425971.9170      -2248.872          29.000  
> 2026  7 21 11 47 50.0040000  0 35                           
E33  28192398.379   148152052.9710      -2808.211          27.000                                                                  
S35  39343801.077   206753107.4930       -388.619          41.000  
G11  21801854.231   114569611.8390       -495.591          38.000    21801851.427    89274931.8850       -385.698          34.000  
G12  22410206.830   117766443.3500       1043.461          46.000    22410204.015    91766037.0910        813.460          38.000  
G06  22947699.791   120591005.5720      -2498.281          27.000                                                                  
E12  24791021.421   130277693.5660      -1375.584          28.000    24791019.547    99823174.1830      -1054.426          28.000  
C20  25522950.498   132904757.2530          7.430          30.000                                                                  
C39  25534543.446   132965192.7040      -3192.882          34.000                                                                  
C35  23686737.538   123343061.8830        379.439          42.000                                                                  
R12  21695394.942   115892904.7711      -3372.650          23.000    21695396.909    90138914.0450      -2626.405          32.000  
R22  21846285.074   116616859.6780      -1930.314          29.000                                                                  
R06  24768604.793   132169988.8380      -2126.751          27.000                                                                  
R23  21580038.639   115438688.4580        -81.447          35.000                                                                  
R08  24514625.195   131274704.6541       3448.768          12.000                                                                  
G17  25371775.786   133329587.8710      -2579.152          29.000                                                                  
S31  38894927.102   204394243.5460       -391.472          34.000  
S33  39600104.111   208099982.6940       -389.801          44.000  
G05  24987345.273   131309336.9420       3393.371          29.000    24987324.895   102318917.5741       2643.920          22.000  
C11  26075344.458   135781142.9450      -2312.956          27.000                                                                  
C26  24998196.281   130172196.2590       -759.625          44.000                                                                  
C12  24729900.459   128775080.7401        956.746          19.000                                                                  
C19  25543460.135   133011463.8740       2166.965          29.000                                                                  
C31  26457019.988   137768658.2400       1677.888          33.000                                                                  
R13  21618534.758   115441808.8270        211.081          38.000                                                                  
R07  23097519.275   123642828.3621       1497.579          21.000    23097470.512    96166440.9541       1147.881          10.000  
E11  24151291.064   126915879.4800        932.091          45.000    24151293.951    97247254.6620        713.872          25.000  
G21  22420180.091   117818941.3530       2169.884          28.000                                                                  
E25  26786052.617   140761670.0710       1782.932          42.000    26786054.817   107856359.8780       1366.326          34.000  
E16  24535397.428   128934369.8680       -479.568          41.000    24535395.961    98793834.1140       -367.702          37.000  
G19  22347892.732   117438960.7970      -1774.897          34.000                                                                  
C24  27307862.496   142199205.8961       1493.113          23.000                                                                  
G24  26636320.703   139974809.2871      -2866.206          23.000                                                                  
G13  22274928.135   117055603.5930        733.820          43.000    22274924.398    91212099.5410        571.437          37.000  
E10  24914765.044   130928103.0100       -267.691          45.000    24914765.945   100321483.9790       -204.824          43.000  
E31                                                                  26684761.514   107448469.4360      -2250.704          29.000  
> 2026  7 21 11 48  0.0040000  0 33                           
E33  28197737.381   148180106.5470      -2804.589          27.000                                                                  
S35  39344536.483   206756969.9670       -386.132          41.000  
G11  21802795.429   114574557.6220       -496.029          39.000    21802792.467    89278785.7870       -386.936          34.000  
G12  22408222.614   117756015.6110       1040.023          46.000    22408220.078    91757911.6010        810.192          38.000  
G06  22952450.155   120615973.7120      -2497.232          27.000                                                                  
E12  24793634.236   130291441.1220      -1375.862          26.000    24793635.809    99833708.0000      -1053.802          27.000  
C20  25522937.519   132904690.0360          3.771          30.000                                                                  
C39  25540673.249   132997108.5020      -3192.200          33.000                                                                  
C35  23686005.765   123339249.6110        380.815          43.000                                                                  
R12  21701714.999   115926665.3551      -3384.740          25.000    21701718.891    90165180.9230      -2628.950          32.000  
R22  21849898.716   116636146.5410      -1929.178          27.000                                                                  
R06  24772602.118   132191270.4780      -2131.758          26.000                                                                  
R23  21580189.021   115439493.8980        -80.879          37.000                                                                  
G17  25376668.302   133355362.8520      -2577.839          28.000                                                                  
S31  38895666.912   204398132.1700       -388.847          34.000  
S33  39600841.568   208103857.9000       -387.223          44.000  
G05  24980884.604   131275386.8360       3394.720          28.000    24980864.477   102292463.9631       2641.789          22.000  
C11  26079781.852   135804248.3130      -2311.134          28.000                                                                  
C26  24999655.735   130179795.3120       -762.213          45.000                                                                  
C12  24728046.052   128765423.9511        958.796          21.000                                                                  
C19  25539294.147   132989781.2240       2168.062          30.000                                                                  
C31  26453792.817   137751858.2060       1679.996          32.000                                                                  
R13  21618144.100   115439722.2450        204.910          38.000                                                                  
R07  23094729.145   123627893.0271       1500.622          21.000                                                                  
E11  24149515.710   126906548.6940        931.896          45.000    24149520.906    97240113.2181        715.857          23.000  
G21  22416052.314   117797244.2070       2167.810          31.000                                                                  
E25  26782656.930   140743828.0580       1783.148          42.000    26782659.642   107842688.7370       1366.452          34.000  
E16  24536309.974   128939164.2940       -481.445          41.000    24536308.603    98797507.7240       -368.402          38.000  
G19  22351268.964   117456706.6430      -1776.195          31.000                                                                  
C24  27305007.606   142184338.9611       1488.443          25.000                                                                  
G13  22273533.265   117048274.9860        729.937          43.000    22273530.086    91206388.9020        568.838          37.000  
E10  24915272.542   130930768.8700       -267.679          46.000    24915273.202   100323526.6540       -205.224          43.000  
E31                                                                  26690348.438   107470963.7130      -2249.990          30.000  
> 2026  7 21 11 48 10.0040000  0 34                           
E33  28203071.343   148208152.4200      -2806.777          26.000                                                                  
S35  39345270.509   206760828.3560       -387.982          41.000  
G11  21803742.240   114579532.7140       -501.008          39.000    21803739.525    89282662.4630       -391.078          34.000  
G12  22406248.830   117745645.0530       1032.034          45.000    22406246.551    91749830.6300        804.175          38.000  
G06  22957203.324   120640952.7100      -2500.685          26.000                                                                  
E12  24796257.273   130305205.2270      -1380.108          24.000    24796255.044    99844254.4310      -1056.620          27.000  
C20  25522934.187   132904672.4280         -2.963          30.000                                                                  
C29  24049647.755   125232826.0071      -1716.969          11.000                                                                  
C39  25546805.584   133029038.2200      -3195.352          31.000                                                                  
C35  23685275.035   123335445.8190        377.817          42.000                                                                  
R12  21708052.237   115960485.0630      -3387.579          29.000    21708052.931    90191492.5450      -2635.177          34.000  
R22  21853515.594   116655549.4601      -1927.897          15.000                                                                  
R06  24776592.906   132212647.1071      -2141.785          19.000                                                                  
R23  21580343.367   115440317.5680        -85.385          37.000                                                                  
G17  25381559.719   133381149.5370      -2581.311          28.000                                                                  
S31  38896405.953   204402015.7890       -389.487          34.000  
S33  39601577.991   208107728.6860       -388.993          44.000  
G05  24974424.914   131241445.7450       3391.162          28.000    24974406.277   102266018.3791       2634.315          21.000  
C11  26084218.470   135827352.6770      -2312.536          27.000                                                                  
C26  25001124.442   130187441.8600       -769.061          45.000                                                                  
C12  24726215.190   128755890.8001        945.017          21.000                                                                  
C19  25535135.710   132968119.5490       2162.954          29.000                                                                  
C31  26450566.203   137735057.2240       1677.654          32.000                                                                  
R13  21617769.853   115437720.8050        193.861          38.000                                                                  
R07  23091943.513   123612981.5671       1481.445          19.000                                                                  
E11  24147743.921   126897239.7550        927.462          45.000    24147748.741    97232977.5951        707.482          21.000  
G21  22411934.370   117775589.2060       2161.204          33.000                                                                  
E25  26779265.322   140726005.4820       1779.218          42.000    26779268.207   107829032.4940       1363.130          34.000  
E16  24537229.732   128943997.5180       -487.460          41.000    24537228.361    98801211.1170       -373.250          38.000  
G19  22354650.116   117474479.2110      -1780.389          30.000                                                                  
C24  27302151.604   142169467.8581       1482.320          25.000                                                                  
G13  22272149.903   117041004.8410        721.891          43.000    22272146.921    91200723.8480        562.497          38.000  
E10  24915784.164   130933457.4290       -272.042          46.000    24915784.816   100325586.7150       -208.437          43.000  
E31                                                                  26695939.234   107493472.8800      -2253.870          30.000  
> 2026  7 21 11 48 20.0040000  0 33                           
E33  28208414.546   148236251.4570      -2812.597          27.000                                                                  
S35  39346015.436   206764742.9400       -394.953          41.000  
G11  21804706.116   114584598.2650       -511.685          39.000    21804703.811    89286609.6020       -398.894          35.000  
G12  22404297.745   117735393.2180       1018.707          45.000    22404295.989    91741842.1880        793.824          38.000  
G06  22961957.379   120665900.0671      -2509.485          26.000                                                                  
E12  24798901.905   130319108.3271      -1391.559          20.000    24798889.206    99854860.3370      -1063.939          27.000  
C20  25522951.849   132904765.0550        -14.927          30.000                                                                  
C39  25552951.927   133061042.4420      -3204.619          30.000                                                                  
C35  23684557.483   123331711.1170        369.507          41.000                                                                  
R12  21714420.891   115994433.7890      -3400.665          31.000    21714409.601    90217897.0980      -2645.855          36.000  
R22  21857128.248   116674834.6291      -1941.883          18.000    21857109.809    90747017.2041      -1508.568          11.000  
R06  24780609.939   132234082.3291      -2160.717          24.000                                                                  
R23  21580512.492   115441221.6660        -95.099          37.000                                                                  
G17  25386464.573   133407009.1710      -2590.414          27.000                                                                  
S31  38897155.626   204405956.6630       -397.788          34.000  
S33  39602325.443   208111655.9970       -396.459          44.000  
G05  24967978.542   131207574.8280       3383.178          29.000    24967957.834   102239612.8451       2652.961          20.000  
C11  26088667.167   135850516.6710      -2319.951          27.000                                                                  
C26  25002613.569   130195196.5080       -781.549          45.000                                                                  
C12  24724403.126   128746455.0311        936.082          25.000                                                                  
C19  25530993.035   132946539.4840       2153.808          28.000                                                                  
C31  26447350.436   137718315.8710       1670.425          31.000                                                                  
R13  21617422.749   115435866.5660        177.285          37.000                                                                  
R07  23089174.562   123598158.6791       1465.745          21.000                                                                  
E11  24145988.277   126888013.9110        917.649          45.000    24145991.506    97225901.1721        705.452          13.000  
G21  22407836.103   117754037.7170       2149.478          34.000                                                                  
E25  26775888.979   140708263.6110       1769.432          41.000    26775892.052   107815438.0490       1356.085          33.000  
E16  24538168.339   128948930.7730       -498.905          41.000    24538167.401    98804991.1290       -382.112          39.000  
G19  22358047.058   117492339.7900      -1790.934          28.000                                                                  
C24  27299315.931   142154701.2561       1471.379          23.000                                                                  
G13  22270789.507   117033854.3830        708.570          44.000    22270786.817    91195152.0540        552.178          38.000  
E10  24916311.463   130936229.8540       -282.008          46.000    24916312.439   100327711.0410       -216.059          43.000  
E31                                                                  26701544.914   107516043.5820      -2260.216          30.000  
> 2026  7 21 11 48 30.0040000  0 34                           
E33  28213775.806   148264411.2460      -2819.524          26.000                                                                  
S35  39346772.856   206768722.0340       -401.222          41.000  
G11  21805688.680   114589761.5510       -521.315          39.000    21805686.556    89290632.9300       -406.221          36.000  
G12  22402371.104   117725267.5980       1006.064          44.000    22402368.963    91733952.0790        783.667          38.000  
G06  22966760.325   120691102.3040      -2517.362          27.000                                                                  
E12  24801544.292   130332994.5151      -1401.190          21.000    24801539.377    99865531.2900      -1069.979          26.000  
C20  25522992.114   132904975.3690        -27.925          32.000                                                                  
C39  25559114.177   133093008.2410      -3212.693          30.000                                                                  
C35  23683854.554   123328052.7710        362.408          41.000                                                                  
R12  21720800.290   116028509.3990      -3413.882          30.000    21720789.952    90244400.2270      -2655.189          36.000  
R22  21860776.813   116694310.9681      -1951.225          18.000    21860766.195    90762197.2931      -1510.310          22.000  
R06  24784675.181   132255774.8491      -2156.496          21.000                                                                  
R23  21580697.890   115442213.5250       -103.568          38.000                                                                  
R08  24488841.939   131136636.0361       3441.922          13.000                                                                  
G17  25391399.195   133432702.7821      -2598.589          26.000                                                                  
S31  38897917.672   204409961.2970       -403.383          34.000  
S33  39603084.936   208115647.4940       -402.558          44.000  
G05  24961547.713   131173782.0820       3374.988          29.000    24961525.283   102213273.1091       2631.605          19.000  
C11  26093128.152   135873747.4810      -2326.277          27.000                                                                  
C26  25004124.727   130203066.4950       -792.902          45.000                                                                  
C12  24722621.832   128737179.2681        919.829          18.000                                                                  
C19  25526867.677   132925048.4280       2144.453          27.000                                                                  
C31  26444146.701   137701641.5120       1663.145          30.000                                                                  
R13  21617104.624   115434167.0690        162.416          37.000                                                                  
R07  23086441.047   123583525.8701       1454.333          24.000                                                                  
E11  24144249.633   126878878.4440        908.898          45.000    24144271.957    97218977.2481        695.751          19.000  
G21  22403756.898   117732597.0790       2138.935          35.000                                                                  
E25  26772529.405   140690609.8430       1760.977          41.000    26772532.706   107801911.1690       1349.204          33.000  
E16  24539127.315   128953971.3980       -509.531          41.000    24539126.921    98808853.4410       -390.506          40.000  
G19  22361461.916   117510295.7510      -1800.730          28.000                                                                  
C24  27296500.641   142140041.4701       1458.701          24.000                                                                  
G13  22269453.014   117026831.0380        695.797          44.000    22269450.430    91189679.3140        542.198          39.000  
E10  24916856.433   130939093.4440       -291.110          46.000    24916857.318   100329905.2110       -223.006          43.000  
E31                                                                  26707167.787   107538681.5930      -2267.661          30.000  
> 2026  7 21 11 48 40.0040000  0 34                           
E33  28219151.448   148292628.8680      -2825.190          26.000                                                                  
S35  39347541.702   206772762.2340       -407.050          41.000  
G11  21806689.506   114595019.9480       -530.229          40.000    21806687.521    89294730.3920       -413.651          36.000  
G12  22400467.723   117715265.5720        993.913          44.000    22400465.749    91726158.2580        774.535          38.000  
G06  22971558.616   120716355.2201      -2524.132          26.000                                                                  
C20  25523055.608   132905300.5830        -38.356          31.000                                                                  
C39  25565293.236   133125173.0560      -3220.280          31.000                                                                  
C35  23683166.127   123324468.2600        354.699          40.000                                                                  
R12  21727202.508   116062709.0120      -3426.525          28.000    21727193.121    90270999.9330      -2664.841          35.000  
R22  21864441.414   116713872.7621      -1953.156          18.000    21864429.170    90777405.2701      -1515.109          16.000  
R06  24788757.263   132277558.6021      -2188.842          17.000                                                                  
R23  21580899.319   115443290.6790       -111.892          38.000                                                                  
R08  24482419.496   131102243.8791       3440.099          13.000                                                                  
G17  25396344.394   133458689.7881      -2605.438          25.000                                                                  
S31  38898691.535   204414002.5580       -408.812          34.000  
S33  39603856.244   208119700.2550       -408.262          44.000  
G05  24955131.118   131140064.6340       3367.840          27.000    24955112.522   102187013.6161       2624.371          18.000  
C11  26097602.587   135897042.6810      -2332.534          28.000                                                                  
C26  25005657.630   130211049.2150       -803.845          46.000                                                                  
C12  24720874.446   128728080.2941        918.684          19.000                                                                  
C19  25522759.323   132903643.8680       2136.147          25.000                                                                  
C31  26440956.203   137685031.3990       1657.488          29.000                                                                  
R13  21616815.155   115432619.7120        147.166          36.000                                                                  
R07  23083739.586   123569064.5351       1443.961          26.000    23083678.665    96109019.1731       1124.468          12.000  
E11  24142527.617   126869830.8030        900.395          45.000    24142547.615    97212034.9201        692.938          22.000  
G21  22399697.846   117711264.8790       2127.883          34.000                                                                  
E25  26769186.012   140673041.6330       1752.322          41.000    26769189.290   107788449.8090       1343.253          32.000  
E16  24540106.630   128959116.8390       -519.787          41.000    24540106.211    98812796.0280       -398.120          40.000  
G19  22364895.358   117528344.2920      -1809.340          28.000                                                                  
C24  27293708.054   142125499.3741       1451.062          24.000                                                                  
G13  22268140.462   117019932.2460        683.691          45.000    22268137.777    91184303.6150        532.979          39.000  
E10  24917417.751   130942045.5580       -299.639          46.000    24917419.134   100332167.2260       -229.751          43.000  
E31                                                                  26712806.000   107561384.7840      -2272.935          30.000  
E12                                                                  24804205.525    99876265.3290      -1077.103          25.000  
> 2026  7 21 11 48 50.0040000  0 32                           
S35  39348321.582   206776861.0120       -412.560          41.000  
G11  21807707.612   114600370.2850       -539.612          40.000    21807706.037    89298899.4480       -420.460          36.000  
G12  22398587.283   117705384.0630        982.184          44.000    22398585.359    91718458.3690        765.780          37.000  
G06  22976348.326   120741525.3551      -2533.045          26.000                                                                  
C20  25523140.472   132905737.8700        -50.681          30.000                                                                  
C29  24063011.910   125302416.7481      -1753.780          25.000                                                                  
C39  25571485.727   133157413.6080      -3227.951          30.000                                                                  
C35  23682490.963   123320954.3840        347.833          41.000    23682814.626    95360880.7751        174.680          11.000  
R12  21733628.454   116097141.5601      -3432.718          23.000    21733617.791    90297693.5930      -2673.639          33.000  
R22  21868100.746   116733405.9151      -1971.183          20.000    21868099.788    90792645.0261      -1526.425          16.000  
R06  24792861.008   132299456.9231      -2190.262          19.000                                                                  
R23  21581116.290   115444449.6500       -119.797          38.000                                                                  
G17  25401302.275   133484744.2871      -2615.434          25.000                                                                  
S31  38899476.878   204418127.6420       -415.303          35.000  
S33  39604638.605   208123811.0560       -413.943          44.000  
G05  24948730.214   131106461.4141       3360.384          25.000    24948704.637   102160773.9071       2621.822          17.000  
C11  26102087.512   135920399.0960      -2338.417          27.000                                                                  
C26  25007211.890   130219141.5210       -814.606          46.000                                                                  
C12  24719089.180   128718784.0131        906.321          26.000                                                                  
C19  25518667.151   132882322.9320       2127.869          28.000                                                                  
C31  26437777.263   137668482.4880       1652.616          30.000                                                                  
R13  21616553.190   115431221.1200        132.988          35.000                                                                  
R07  23081050.488   123554681.6270       1431.678          27.000    23080994.358    96097842.3031       1111.512          17.000  
E11  24140822.009   126860867.7410        892.299          45.000    24140832.254    97205127.7341        692.016          21.000  
G21  22395658.317   117690038.0000       2116.854          32.000                                                                  
E25  26765858.324   140655555.8880       1744.390          40.000    26765861.850   107775051.7130       1335.793          31.000  
E16  24541105.413   128964363.9430       -529.759          41.000    24541104.496    98816816.5400       -405.816          40.000  
C24  27290934.669   142111057.9551       1440.239          23.000                                                                  
G13  22266850.951   117013154.9190        671.596          46.000    22266848.137    91179022.5720        523.521          39.000  
E10  24917995.758   130945083.0240       -307.946          46.000    24917997.065   100334494.6360       -236.074          42.000  
E31                                                                  26718459.340   107584150.8260      -2279.997          29.000  
E12                                                                  24806888.641    99887060.6341      -1081.340          23.000  
> 2026  7 21 11 49  0.0040000  0 31                           
S35  39349111.491   206781012.3880       -417.709          41.000  
G11  21808742.437   114605806.9500       -547.845          39.000    21808740.778    89303135.7690       -426.716          37.000  
G12  22396728.636   117695617.5530        971.187          44.000    22396726.601    91710848.1340        756.452          37.000  
G06  22981186.455   120766860.8350      -2537.853          28.000                                                                  
C20  25523244.687   132906232.0590        -58.898          30.000                                                                  
C29  24066386.260   125319988.1710      -1760.223          26.000                                                                  
C39  25577689.784   133189724.2750      -3234.385          29.000                                                                  
C35  23681828.594   123317505.6880        341.791          40.000                                                                  
R22  21871769.969   116752993.9280      -1967.816          27.000    21871784.758    90807944.9291      -1527.707          20.000  
R06  24796989.720   132321488.2771      -2208.888          20.000                                                                  
R23  21581347.395   115445684.7250       -126.985          39.000                                                                  
S31  38900272.020   204422304.3000       -419.969          34.000  
S33  39605431.172   208127975.2660       -418.925          44.000  
C11  26106580.949   135943816.9581      -2342.741          21.000                                                                  
C26  25008786.176   130227337.8890       -824.774          46.000                                                                  
C12  24717351.415   128709734.4711        896.408          25.000                                                                  
C19  25514588.819   132861080.1760       2120.789          31.000                                                                  
C31  26434611.108   137651989.2730       1646.873          31.000                                                                  
R13  21616318.055   115429965.7800        118.017          35.000                                                                  
R07  23078366.188   123540300.6301       1420.869          22.000    23078346.351    96086817.9401       1102.106          20.000  
E11  24139131.528   126851983.8030        884.662          45.000    24139129.772    97198272.7321        682.706          22.000  
G21  22391635.882   117668910.8910       2108.076          27.000                                                                  
E25  26762545.348   140638147.1610       1737.207          40.000    26762549.258   107761712.5400       1330.548          31.000  
E16  24542121.904   128969707.1800       -539.035          41.000    24542121.566    98820910.7180       -412.931          41.000  
C24  27288177.088   142096698.6171       1428.904          20.000                                                                  
G13  22265583.570   117006493.5210        660.387          46.000    22265580.479    91173831.8990        514.474          39.000  
E10  24918589.166   130948200.2530       -315.564          46.000    24918590.428   100336883.1590       -241.750          42.000  
E31                                                                  26724127.514   107606975.2810      -2285.436          29.000  
E12                                                                  24809583.214    99897910.9271      -1091.525          23.000  
G05                                                                  24942313.598   102134604.4901       2611.039          16.000  
R12                                                                  21740064.163    90324476.5320      -2682.366          33.000  
> 2026  7 21 11 49 10.0040000  0 31                           
S35  39349910.611   206785212.1800       -422.247          40.000  
G11  21809792.590   114611325.3270       -555.473          37.000    21809791.074    89307435.8400       -432.656          38.000  
G12  22394891.528   117685961.5840        960.178          43.000    22394889.347    91703323.9680        748.326          37.000  
G06  22986022.595   120792272.0450      -2544.103          27.000                                                                  
E12  24812289.598   130389461.0871      -1425.931          23.000    24812291.752    99908816.5491      -1098.070          21.000  
C20  25523368.736   132906877.3210        -69.515          26.000                                                                  
C29  24069770.274   125337609.7810      -1765.842          27.000                                                                  
C39  25583906.457   133222100.6830      -3241.096          27.000                                                                  
C35  23681177.587   123314117.7000        335.868          39.000                                                                  
R22  21875477.211   116772703.6690      -1973.241          26.000    21875477.671    90823276.6681      -1517.684          19.000  
R23  21581591.923   115446991.3690       -133.983          38.000                                                                  
S31  38901076.329   204426530.2880       -424.857          33.000  
S33  39606233.034   208132187.3220       -423.637          43.000  
G05  24935975.064   131039432.5891       3347.690          25.000    24935938.188   102108497.8911       2619.441          14.000  
C11  26111076.354   135967226.1371      -2349.298          24.000                                                                  
C26  25010379.276   130235633.8340       -834.509          46.000                                                                  
C12  24715670.919   128700984.0491        891.820          21.000                                                                  
C19  25510524.372   132839911.1510       2113.577          26.000                                                                  
C31  26431455.241   137635547.3070       1641.472          32.000                                                                  
R13  21616109.225   115428849.2840        105.173          34.000                                                                  
R07  23075718.557   123526127.7591       1407.719          26.000    23075716.633    96075868.6711       1088.443          22.000  
E11  24137454.976   126843174.4150        877.389          43.000    24137453.589    97191522.6091        674.708          25.000  
G21  22387632.695   117647879.2220       2098.129          28.000                                                                  
E25  26759246.280   140620810.9480       1729.966          39.000    26759250.235   107748428.9480       1325.172          31.000  
E16  24543157.004   128975142.0710       -548.070          40.000    24543155.851    98825075.1060       -419.953          41.000  
G19  22375319.009   117583094.0401      -1834.852          26.000                                                                  
C24  27285454.221   142082519.7241       1428.047          22.000                                                                  
G13  22264337.270   116999943.6170        649.545          45.000    22264334.069    91168728.0880        505.952          38.000  
E10  24919196.537   130951392.6840       -322.895          44.000    24919197.655   100339329.3130       -247.524          42.000  
E31                                                                  26729808.446   107629854.7570      -2290.744          27.000  
R12                                                                  21746531.167    90351345.2710      -2690.809          32.000  
> 2026  7 21 11 49 20.0040000  0 32                           
S35  39350718.743   206789459.4250       -427.213          41.000  
G11  21810858.310   114616924.8540       -563.941          39.000    21810857.044    89311799.1090       -439.878          38.000  
G12  22393074.815   117676415.4830        949.011          44.000    22393072.915    91695885.4580        739.253          37.000  
G06  22990870.321   120817835.7840      -2550.404          29.000                                                                  
E12  24815028.259   130403829.2480      -1433.304          26.000    24815013.674    99919776.7051      -1098.180          21.000  
C20  25523511.570   132907624.5460        -79.710          28.000                                                                  
C29  24073179.383   125355300.9540      -1772.048          27.000                                                                  
C39  25590136.554   133254541.7750      -3247.732          28.000                                                                  
C35  23680538.670   123310789.7730        329.688          39.000                                                                  
R12  21753021.295   116200734.7131      -3473.447          24.000    21753018.415    90378299.0740      -2699.126          32.000  
R22  21879182.135   116792472.9910      -1980.021          27.000    21879185.354    90838670.6521      -1545.619          18.000  
R06  24805281.053   132365732.3671      -2236.417          17.000                                                                  
R23  21581849.659   115448368.9110       -141.467          40.000                                                                  
S31  38901889.572   204430803.0670       -429.444          35.000  
S33  39607043.533   208136447.2840       -428.555          44.000  
G05  24929607.669   131005971.6731       3342.494          25.000    24929563.968   102082396.5831       2604.052          14.000  
C11  26115591.761   135990739.3071      -2354.865          26.000                                                                  
C26  25011991.493   130244028.6550       -844.513          47.000                                                                  
C12  24713980.673   128692182.3031        881.683          23.000                                                                  
C19  25506470.819   132818886.8081       2105.597          23.000                                                                  
C31  26428309.819   137619155.9180       1636.369          34.000                                                                  
R13  21615926.548   115427870.9880         90.412          37.000                                                                  
R07  23073101.500   123512095.0490       1396.000          30.000    23073105.256    96064996.5861       1085.096          25.000  
E11  24135792.963   126834438.9050        869.818          45.000    24135791.851    97184834.5810        666.540          27.000  
G21  22383649.420   117626942.5280       2088.262          33.000                                                                  
E25  26755960.777   140603546.6600       1722.866          39.000    26755964.746   107735200.4710       1320.054          31.000  
E16  24544208.566   128980667.9550       -557.257          42.000    24544207.454    98829309.2270       -426.968          41.000  
G19  22378805.179   117601414.9271      -1842.167          24.000                                                                  
C24  27282734.270   142068356.3431       1413.267          25.000                                                                  
G13  22263111.848   116993504.6060        638.450          46.000    22263108.627    91163710.6780        497.405          38.000  
E10  24919818.290   130954659.6540       -330.477          46.000    24919819.300   100341832.5700       -253.188          42.000  
E31                                                                  26735503.576   107652788.6470      -2296.224          28.000  
> 2026  7 21 11 49 30.0040000  0 31                           
S35  39351532.115   206793734.1830       -427.076          41.000  
G11  21811935.548   114622585.0090       -567.236          39.000    21811934.110    89316209.6120       -441.991          38.000  
G12  22391275.297   117666959.0780        942.804          43.000    22391273.390    91688516.8130        734.855          37.000  
G06  22995726.413   120843351.6720      -2552.183          27.000                                                                  
E12  24817754.449   130418175.5200      -1435.299          27.000    24817745.362    99930775.9871      -1102.014          19.000  
C20  25523669.993   132908453.0760        -84.940          29.000                                                                  
C29  24076586.952   125373028.7090      -1773.998          29.000                                                                  
C39  25596374.958   133287027.5170      -3249.058          31.000                                                                  
C35  23679907.250   123307501.6630        328.473          40.000                                                                  
R12  21759527.945   116235498.3670      -3476.894          32.000    21759522.141    90405321.7490      -2704.395          30.000  
R22  21882899.266   116812281.1990      -1980.688          31.000    21882900.584    90854095.7541      -1571.208          15.000  
R23  21582116.978   115449796.4860       -143.396          42.000                                                                  
S31  38902707.919   204435104.2030       -429.984          36.000  
S33  39607859.258   208140734.1480       -428.298          44.000  
G05  24923248.706   130972549.8670       3340.833          26.000    24923202.105   102056345.9811       2608.624          12.000  
C11  26120118.405   136014310.7641      -2354.717          26.000                                                                  
C26  25013619.208   130252502.1570       -849.518          47.000                                                                  
C12  24712259.034   128683217.3361        863.183          25.000                                                                  
C19  25502431.799   132797845.9270       2103.309          27.000                                                                  
C31  26425169.187   137602794.9010       1636.324          34.000                                                                  
R13  21615765.287   115427009.9410         82.067          36.000                                                                  
R07  23070505.296   123498164.8630       1389.531          32.000    23070509.992    96054190.5801       1080.998          25.000  
E11  24134140.922   126825756.8860        867.222          44.000    24134140.494    97178182.0840        665.133          29.000  
G21  22379680.727   117606080.3980       2083.675          31.000                                                                  
E25  26752685.197   140586334.0480       1720.527          38.000    26752689.503   107722011.6260       1318.319          31.000  
E16  24545273.620   128986264.4830       -561.377          42.000    24545272.643    98833597.4710       -430.087          41.000  
G19  22382296.601   117619761.9651      -1845.155          25.000                                                                  
C24  27280025.686   142054252.4761       1408.408          23.000                                                                  
G13  22261903.726   116987156.1790        632.034          46.000    22261900.634    91158763.8620        492.227          38.000  
E10  24920450.364   130957980.7570       -333.170          46.000    24920451.025   100344377.2980       -255.111          41.000  
E31                                                                  26741208.909   107675761.3470      -2297.417          27.000  
> 2026  7 21 11 49 40.0040000  0 31                           
S35  39352345.396   206798008.3600       -427.584          41.000  
G11  21813018.928   114628278.1040       -571.349          37.000    21813017.681    89320645.7730       -445.199          38.000  
G12  22389487.410   117657564.7610        935.902          44.000    22389485.464    91681196.5610        728.785          37.000  
G06  23000571.134   120868816.2451      -2554.210          25.000                                                                  
E12  24820463.997   130432541.7870      -1438.504          26.000    24820480.830    99941790.7861      -1099.178          22.000  
C20  25523839.349   132909335.4730        -91.141          27.000                                                                  
C29  24079994.212   125390765.5580      -1774.678          26.000                                                                  
C39  25602617.173   133319530.2050      -3251.510          28.000                                                                  
C35  23679278.441   123304225.9850        326.658          41.000                                                                  
R12  21766039.245   116270302.0880      -3482.154          30.000    21766036.807    90432391.3150      -2710.010          30.000  
R22  21886614.156   116832100.4150      -1982.922          30.000                                                                  
R23  21582388.430   115451245.8790       -146.467          41.000                                                                  
G17  25426320.247   133616214.2341      -2629.803          22.000                                                                  
S31  38903526.332   204439403.6410       -430.305          35.000  
S33  39608675.180   208145021.0630       -429.042          44.000  
G05  24916886.623   130939150.8000       3339.001          28.000    24916844.947   102030314.6881       2593.917          14.000  
C11  26124645.054   136037881.6891      -2348.317          23.000                                                                  
C26  25015256.306   130261026.8620       -855.414          46.000                                                                  
C12  24710569.187   128674417.9661        866.827          23.000                                                                  
C19  25498409.204   132776828.5470       2099.971          26.000                                                                  
C31  26422027.731   137586436.7740       1635.258          33.000                                                                  
R13  21615619.705   115426238.3490         72.240          38.000                                                                  
R07  23067917.011   123484302.0570       1382.925          29.000    23067922.771    96043418.9061       1075.481          23.000  
E11  24132493.388   126817100.7010        863.760          44.000    24132490.453    97171549.4640        661.913          29.000  
G21  22375719.483   117585265.1970       2079.168          29.000                                                                  
E25  26749414.635   140569145.4550       1717.445          38.000    26749418.698   107708841.1500       1315.332          31.000  
E16  24546346.548   128991904.0140       -566.596          41.000    24546345.768    98837918.6710       -434.060          41.000  
G19  22385834.346   117638267.9940      -1849.126          29.000                                                                  
G13  22260707.044   116980870.6500        625.300          46.000    22260704.451    91153866.0590        486.990          38.000  
E10  24921087.189   130961328.2550       -336.432          45.000    24921088.175   100346942.2830       -257.874          41.000  
E31                                                                  26746918.609   107698751.7030      -2300.265          27.000  
> 2026  7 21 11 49 50.0040000  0 34                           
S35  39353160.893   206802293.0550       -428.765          41.000  
G11  21814110.177   114634015.6910       -575.622          35.000    21814109.419    89325116.6300       -448.556          38.000  
G12  22387713.835   117648244.2620        928.642          44.000    22387711.635    91673933.8250        723.445          37.000  
G06  23005436.450   120894384.2980      -2556.258          26.000                                                                  
E12  24823212.090   130446859.5981      -1440.875          25.000    24823222.139    99952828.3881      -1098.592          20.000  
C20  25524023.319   132910283.3220        -97.969          33.000                                                                  
C29  24083402.892   125408522.7710      -1776.026          27.000                                                                  
C39  25608864.690   133352061.6240      -3254.233          28.000                                                                  
C35  23678654.012   123300974.2790        324.204          41.000                                                                  
R12  21772567.799   116305177.8820      -3490.323          33.000    21772564.944    90459516.8210      -2715.140          31.000  
R22  21890329.311   116851941.9490      -1984.564          32.000                                                                  
R06  24817886.597   132432998.0221      -2250.123          18.000                                                                  
R23  21582665.639   115452729.0540       -149.426          40.000                                                                  
R08  24437760.983   130863099.5211       3410.406          13.000                                                                  
G17  25431386.568   133642837.9591      -2640.920          21.000                                                                  
G25  24570199.522   129117269.0351       2477.820          25.000                                                                  
S31  38904346.749   204443715.3690       -430.926          35.000  
S33  39609492.921   208149318.5870       -429.803          44.000  
G05  24910539.357   130905778.0480       3335.712          29.000    24910499.757   102004332.1751       2594.826          15.000  
C11  26129170.998   136061449.8101      -2356.654          25.000                                                                  
C26  25016905.044   130269614.2670       -861.487          47.000                                                                  
C12  24708897.918   128665714.9391        868.485          19.000                                                                  
C31  26418888.844   137570093.1200       1633.906          34.000                                                                  
R13  21615494.459   115425567.9070         62.585          39.000                                                                  
R07  23065342.213   123470518.4970       1375.396          31.000    23065348.951    96032702.7701       1067.901          23.000  
E11  24130853.654   126808481.8970        860.238          44.000    24130850.623    97164945.4780        658.902          31.000  
G21  22371768.069   117564508.7260       2072.937          28.000                                                                  
E25  26746150.030   140551992.5800       1713.714          38.000    26746154.641   107695698.0030       1313.799          30.000  
E16  24547430.386   128997598.1530       -571.493          42.000    24547429.361    98842281.7130       -437.963          41.000  
G19  22389351.935   117656781.1770      -1852.410          30.000                                                                  
C24  27274622.857   142026117.9411       1403.755          15.000                                                                  
G13  22259525.083   116974659.7460        617.857          45.000    22259522.418    91149026.3750        481.561          38.000  
E10  24921731.221   130964713.7390       -339.957          45.000    24921732.284   100349536.3400       -260.381          41.000  
E31                                                                  26752634.699   107721768.4250      -2302.971          26.000  
> 2026  7 21 11 50  0.0040000  0 29                           
S35  39353978.038   206806585.9140       -429.988          41.000  
G11  21815208.470   114639793.9900       -580.287          35.000    21815208.945    89329619.2350       -452.381          38.000  
G12  22385953.310   117638993.8040        920.835          44.000    22385951.113    91666725.6470        717.965          36.000  
G06  23010328.744   120920053.4650      -2559.455          27.000                                                                  
E12  24825967.159   130461316.4090      -1444.285          29.000    24825968.843    99963888.5361      -1102.472          22.000  
C20  25524220.356   132911292.9120       -104.928          31.000                                                                  
C29  24086808.594   125426332.5651      -1779.076          23.000                                                                  
C39  25615114.319   133384629.6140      -3256.791          28.000                                                                  
C35  23678034.045   123297742.7530        321.620          42.000                                                                  
R12  21779109.034   116340121.4710      -3497.806          35.000    21779106.097    90486695.1510      -2720.573          32.000  
R22  21894049.754   116871802.1560      -1988.128          32.000    21894011.332    90900225.5901      -1543.208          15.000  
R06  24822141.863   132455704.5941      -2263.311          21.000                                                                  
R23  21582948.116   115454241.9680       -153.184          40.000                                                                  
S31  38905168.350   204448033.6360       -432.648          35.000  
S33  39610312.071   208153624.1030       -431.433          44.000  
G05  24904188.651   130872394.4651       3332.770          23.000    24904161.575   101978377.6861       2599.800          20.000  
E31  26758357.907   140616119.6381      -3008.404          25.000    26758356.494   107744808.6250      -2305.128          27.000  
C11  26133703.217   136085050.1131      -2365.530          22.000                                                                  
C26  25018565.777   130278260.6080       -868.109          46.000                                                                  
C31  26415752.174   137553760.1730       1632.089          33.000                                                                  
R13  21615386.785   115424994.7880         51.895          39.000                                                                  
R07  23062780.813   123456810.9670       1366.272          29.000    23062791.546    96022055.1251       1062.742          25.000  
E11  24129219.650   126799896.7310        856.496          44.000    24129216.518    97158367.1840        656.240          31.000  
G21  22367830.824   117543807.2970       2066.201          32.000                                                                  
E25  26742891.971   140534871.6740       1709.763          37.000    26742896.754   107682579.4250       1310.173          32.000  
E16  24548522.560   129003343.1960       -577.273          41.000    24548522.863    98846683.7450       -442.424          42.000  
G19  22392882.320   117675333.2770      -1857.480          28.000                                                                  
G13  22258356.474   116968519.7560        609.907          45.000    22258353.688    91144241.9530        475.303          38.000  
E10  24922382.495   130968133.4410       -343.990          45.000    24922382.977   100352156.6390       -263.753          41.000  
> 2026  7 21 11 50 10.0040000  0 30                           
S35  39354797.226   206810889.9530       -430.344          41.000  
G11  21816315.849   114645617.5150       -583.496          33.000    21816317.139    89334157.0480       -454.956          38.000  
G12  22384207.198   117629817.9550        914.727          44.000    22384204.608    91659575.6600        712.775          36.000  
G06  23015200.717   120945695.3061      -2559.702          26.000                                                                  
E12  24828719.838   130475774.5060      -1446.516          29.000    24828719.005    99974962.4371      -1111.369          21.000  
C20  25524428.103   132912368.6680       -109.900          33.000                                                                  
C29  24090230.651   125444151.7721      -1779.297          25.000                                                                  
C39  25621370.999   133417214.7980      -3259.502          28.000                                                                  
C35  23677418.742   123294535.9820        320.241          42.000                                                                  
R12  21785663.674   116375137.5390      -3504.622          33.000    21785660.245    90513929.7460      -2724.623          31.000  
R22  21897774.829   116891685.7430      -1989.349          33.000    21897733.151    90915677.9311      -1546.335          16.000  
R06  24826403.970   132478447.9511      -2273.645          21.000                                                                  
R23  21583237.059   115455789.2740       -155.863          39.000                                                                  
R08  24425042.706   130794993.6881       3406.760          12.000                                                                  
S31  38905992.371   204452364.3920       -432.424          34.000  
S33  39611133.536   208157941.0620       -431.562          44.000  
G05  24897851.769   130839093.4051       3331.100          25.000    24897828.169   101952443.9571       2600.520          21.000  
C11  26138233.250   136108638.8211      -2357.372          20.000                                                                  
C26  25020238.267   130286970.3950       -873.492          45.000                                                                  
C31  26412618.517   137537442.4530       1631.757          34.000                                                                  
R13  21615298.243   115424523.7530         42.767          41.000                                                                  
R07  23060235.277   123443183.8120       1359.026          29.000    23060237.981    96011423.2601       1059.242          22.000  
E11  24127593.144   126791349.7670        853.632          43.000    24127590.848    97151818.1960        654.619          32.000  
G21  22363905.000   117523165.5660       2061.668          31.000                                                                  
E25  26739640.806   140517787.3950       1707.396          37.000    26739645.581   107669488.8880       1308.299          31.000  
E16  24549626.672   129009143.6920       -582.101          41.000    24549626.709    98851128.2870       -446.218          42.000  
G19  22396422.417   117693928.7370      -1861.214          26.000                                                                  
G13  22257202.336   116962455.2430        603.359          45.000    22257199.323    91139516.3790        470.150          38.000  
E10  24923040.984   130971591.8840       -347.043          45.000    24923040.984   100354806.6100       -266.019          40.000  
E31                                                                  26764085.430   107767875.8900      -2307.372          26.000  
> 2026  7 21 11 50 20.0040000  0 31                           
S35  39355618.237   206815204.6170       -432.368          41.000  
G11  21817431.922   114651483.9520       -589.297          33.000    21817433.081    89338728.3120       -459.831          37.000  
G12  22382474.562   117620714.5460        906.299          44.000    22382472.250    91652482.0730        706.296          36.000  
G06  23020056.543   120971212.7401      -2563.875          25.000                                                                  
E12  24831476.152   130490262.6040      -1450.594          27.000    24831477.042    99986067.7851      -1101.893          21.000  
C20  25524646.717   132913508.4520       -117.324          33.000                                                                  
C29  24093660.179   125461984.7780      -1782.535          27.000                                                                  
C39  25627632.635   133449826.6730      -3262.719          30.000                                                                  
C35  23676807.646   123291351.6670        316.817          43.000                                                                  
R12  21792230.940   116410223.4910      -3512.503          34.000    21792227.182    90541218.8530      -2732.432          29.000  
R22  21901502.413   116911590.2180      -1991.315          31.000    21901452.013    90931117.8261      -1550.920          14.000  
R06  24830671.452   132501220.3961      -2281.247          16.000                                                                  
R23  21583531.736   115457368.5700       -159.711          39.000                                                                  
R08  24418693.224   130760992.9401       3399.729          13.000                                                                  
G17  25446447.308   133721982.3121      -2640.378          24.000                                                                  
S31  38906818.759   204456704.8420       -435.224          34.000  
S33  39611956.847   208162267.9780       -433.756          44.000  
G05  24891519.688   130805818.8131       3328.619          26.000    24891497.496   101926520.5031       2598.702          20.000  
C11  26142762.595   136132224.9351      -2378.621          17.000                                                                  
C26  25021922.498   130295741.2950       -880.505          45.000                                                                  
C31  26409486.778   137521137.6510       1629.121          33.000                                                                  
R13  21615228.656   115424152.3300         31.613          41.000                                                                  
R07  23057703.605   123429634.7680       1350.439          28.000    23057711.110    96000903.2401       1050.635          22.000  
E11  24125973.818   126782838.6660        848.904          44.000    24125971.606    97145296.7160        650.248          33.000  
G21  22359988.437   117502581.3100       2055.093          29.000                                                                  
E25  26736395.876   140500737.4950       1703.100          37.000    26736401.027   107656424.6970       1304.146          32.000  
E16  24550740.815   129014997.3350       -588.520          41.000    24550740.673    98855613.5470       -450.980          42.000  
G19  22399973.132   117712652.7251      -1865.997          24.000                                                                  
G13  22256062.254   116956463.9760        594.857          45.000    22256059.360    91134847.8540        463.642          38.000  
E10  24923705.917   130975086.6940       -351.708          45.000    24923706.085   100357484.4510       -269.705          40.000  
E31                                                                  26769820.207   107790968.2350      -2310.518          26.000  
> 2026  7 21 11 50 30.0040000  0 31                           
S35  39356442.152   206819536.0910       -433.841          41.000  
G11  21818558.060   114657400.6100       -594.003          34.000    21818558.304    89343338.6940       -462.806          37.000  
G12  22380757.152   117611691.0470        898.390          44.000    22380754.820    91645450.7530        700.334          36.000  
G06  23024943.448   120996894.3031      -2567.271          25.000                                                                  
E12  24834236.507   130504788.0940      -1454.464          25.000    24834236.865    99997180.0951      -1108.974          21.000  
C20  25524879.086   132914719.7270       -125.610          33.000                                                                  
C29  24097075.034   125479825.8330      -1785.449          29.000                                                                  
C39  25633901.776   133482472.5000      -3265.813          32.000                                                                  
C35  23676201.593   123288197.1460        314.105          43.000                                                                  
R12  21798813.640   116445386.7280      -3520.238          36.000    21798808.688    90568568.0470      -2738.118          29.000  
R22  21905234.733   116931523.2390      -1994.983          31.000    21905196.061    90946662.8671      -1554.710          16.000  
R06  24834945.356   132524026.6181      -2290.851          17.000                                                                  
R23  21583833.980   115458987.3860       -164.211          38.000                                                                  
R08  24412295.372   130726733.0171       3401.030          11.000                                                                  
G17  25451497.651   133748510.6460      -2649.563          26.000                                                                  
S31  38907647.274   204461061.6340       -436.828          34.000  
S33  39612783.846   208166612.4630       -435.185          44.000  
G05  24885194.338   130772578.2671       3324.794          25.000    24885169.912   101900610.6901       2586.159          23.000  
C11  26147308.330   136155895.7771      -2357.594          19.000                                                                  
C26  25023619.917   130304580.6440       -887.451          44.000                                                                  
C31  26406359.334   137504853.1100       1628.130          33.000                                                                  
R13  21615179.129   115423888.2550         20.975          41.000                                                                  
R07  23055188.890   123416171.5960       1342.065          28.000    23055198.950    95990443.2511       1051.388          19.000  
E11  24124362.844   126774370.8380        844.767          44.000    24124360.555    97138808.3890        647.411          34.000  
G21  22356081.833   117482061.9560       2048.903          27.000                                                                  
E25  26733159.583   140483729.4980       1698.828          36.000    26733164.729   107643392.5850       1301.205          32.000  
E16  24551866.095   129020911.5950       -594.480          41.000    24551866.228    98860145.2370       -455.349          42.000  
G19  22403553.218   117731466.0541      -1874.680          22.000                                                                  
G13  22254937.648   116950553.4190        586.969          45.000    22254934.583    91130242.2330        457.558          38.000  
E10  24924379.272   130978625.2860       -356.121          44.000    24924379.238   100360195.8390       -273.068          40.000  
E31                                                                  26775562.053   107814092.5120      -2313.864          27.000  
> 2026  7 21 11 50 40.0040000  0 32                           
S35  39357267.826   206823874.2410       -434.282          41.000  
G11  21819692.269   114663357.3110       -597.388          35.000    21819691.833    89347980.2840       -465.466          37.000  
G12  22379053.229   117602737.2610        891.956          44.000    22379050.690    91638473.7680        695.153          36.000  
G06  23029847.358   121022633.2000      -2569.052          27.000                                                                  
E12  24837000.970   130519320.6681      -1456.422          24.000    24837007.846   100008338.1531      -1117.832          21.000  
C20  25525123.371   132915992.2530       -130.137          32.000                                                                  
C29  24100494.718   125497683.1450      -1786.152          29.000                                                                  
C39  25640176.021   133515142.1930      -3268.124          32.000                                                                  
C35  23675599.621   123285062.3100        312.856          43.000                                                                  
R12  21805408.755   116480616.7800      -3526.155          36.000    21805402.038    90595969.2130      -2742.000          30.000  
R22  21908972.337   116951474.3350      -1995.621          29.000                                                                  
R06  24839244.650   132546968.7631      -2296.632          15.000                                                                  
R23  21584142.080   115460635.2270       -165.817          38.000                                                                  
R08  24405945.835   130692731.6231       3398.947          12.000                                                                  
G17  25456529.201   133775018.4460      -2651.724          25.000                                                                  
S31  38908477.861   204465426.7920       -436.888          35.000  
S33  39613611.554   208170963.1000       -435.164          44.000  
G05  24878871.910   130739354.0401       3324.143          24.000    24878849.086   101874727.3411       2594.413          22.000  
C19  25474336.522   132651554.9271       2078.544          24.000                                                                  
C11  26151848.612   136179538.2631      -2361.997          20.000                                                                  
C26  25025328.767   130313478.2640       -892.615          44.000                                                                  
C31  26403233.939   137488578.7670       1627.389          33.000                                                                  
R13  21615147.766   115423721.0850         12.046          42.000                                                                  
R07  23052688.348   123402784.0510       1335.314          26.000    23052694.138    95980014.7581       1048.265          13.000  
E11  24122758.039   126765936.1060        842.034          44.000    24122755.732    97132345.4380        644.863          34.000  
G21  22352186.466   117461597.5890       2043.841          27.000                                                                  
E25  26729929.376   140466753.2160       1695.934          37.000    26729934.267   107630384.7770       1299.366          32.000  
E16  24553000.853   129026876.2630       -598.837          41.000    24553001.222    98864715.5640       -458.712          42.000  
G19  22407108.314   117750148.0511      -1874.723          23.000                                                                  
G13  22253826.350   116944713.4060        580.530          45.000    22253823.331    91125691.5530        452.916          38.000  
E10  24925059.212   130982197.3960       -358.680          44.000    24925058.961   100362932.9070       -274.923          40.000  
E31                                                                  26781308.976   107837232.7161      -2315.311          26.000  
> 2026  7 21 11 50 50.0040000  0 31                           
S35  39358094.125   206828215.8040       -433.862          41.000  
G11  21820833.542   114669350.3830       -600.879          37.000    21820832.176    89352650.2380       -468.409          38.000  
G12  22377362.118   117593849.6900        885.771          44.000    22377359.200    91631548.3860        690.377          36.000  
G06  23034738.427   121048332.8490      -2571.014          26.000                                                                  
C20  25525378.591   132917322.6330       -136.085          29.000                                                                  
C29  24103930.772   125515553.3590      -1787.359          29.000                                                                  
C39  25646454.926   133547831.9380      -3269.432          33.000    25646517.617   103267898.6831      -2364.000          21.000  
C35  23675000.616   123281943.5880        311.317          42.000                                                                  
R12  21812015.605   116515909.8550      -3532.286          33.000    21812008.208    90623419.3690      -2747.702          31.000  
R22  21912712.334   116971439.8610      -1996.971          25.000                                                                  
R06  24843549.386   132569939.5891      -2303.169          19.000                                                                  
R23  21584455.109   115462308.5270       -168.306          40.000                                                                  
G17  25461582.839   133801546.0460      -2653.403          27.000                                                                  
S31  38909308.836   204469793.5680       -436.388          34.000  
S33  39614439.969   208175317.5480       -435.214          44.000  
G05  24872558.794   130706178.5121       3328.001          21.000    24872527.626   101848842.2851       2586.858          21.000  
C19  25470354.562   132630819.6721       2075.099          23.000                                                                  
C11  26156394.113   136203207.7651      -2365.180          23.000                                                                  
C26  25027048.091   130322430.5840       -897.583          43.000                                                                  
C31  26400110.251   137472311.0840       1626.624          33.000                                                                  
R13  21615133.917   115423647.2680          2.781          42.000                                                                  
R07  23050191.551   123389479.7101       1321.750          24.000                                                                  
E11  24121158.144   126757530.8560        839.198          44.000    24121155.921    97125905.0690        642.699          34.000  
G21  22348302.759   117441184.5270       2038.826          28.000                                                                  
E25  26726704.522   140449805.1070       1693.354          37.000    26726709.206   107617398.5510       1297.567          32.000  
E16  24554144.811   129032887.7670       -603.274          41.000    24554145.111    98869321.7820       -462.274          42.000  
G19  22410674.181   117768882.5570      -1877.568          28.000                                                                  
G13  22252728.164   116938940.4080        574.269          45.000    22252724.903    91121193.1430        447.523          38.000  
E10  24925744.821   130985799.4140       -361.417          43.000    24925744.710   100365692.8780       -276.997          40.000  
E31                                                                  26787062.423   107860400.1231      -2316.736          25.000  
E12                                                                  24839780.218   100019501.1451      -1111.713          20.000  
> 2026  7 21 11 51  0.0040000  0 30                           
S35  39358921.497   206832564.2160       -435.405          41.000  
G11  21821982.376   114675383.5820       -605.404          38.000    21821980.634    89357351.4070       -471.630          37.000  
G12  22375684.396   117585032.1400        878.079          44.000    22375680.989    91624677.5710        684.236          36.000  
G06  23039613.716   121073986.2681      -2573.948          22.000                                                                  
C20  25525645.274   132918714.5240       -142.268          26.000                                                                  
C29  24107365.558   125533439.9870      -1789.691          27.000                                                                  
C39  25652739.054   133580545.5400      -3273.052          34.000                                                                  
C35  23674405.214   123278844.7090        308.745          42.000                                                                  
R12  21818635.024   116551269.6500      -3539.445          34.000    21818626.059    90650921.3990      -2753.278          31.000  
R22  21916460.579   116991554.4661      -2005.682          21.000                                                                  
R06  24847883.689   132593068.3771      -2322.668          20.000                                                                  
R23  21584773.713   115464010.9330       -171.345          38.000                                                                  
G17  25466634.902   133828096.8910      -2656.198          28.000                                                                  
S31  38910141.810   204474168.8610       -438.190          34.000  
S33  39615269.875   208179678.5810       -436.414          44.000  
G05  24866243.780   130672992.8661       3326.946          20.000    24866213.584   101822987.6601       2587.444          21.000  
C11  26160931.927   136226837.3761      -2363.872          23.000                                                                  
C26  25028778.580   130331441.3040       -904.047          43.000                                                                  
C31  26396988.313   137456053.6390       1626.099          33.000                                                                  
R13  21615138.153   115423670.3990         -7.284          42.000                                                                  
R07  23047701.642   123376151.0301       1322.009          16.000                                                                  
E11  24119564.621   126749158.7800        835.194          43.000    24119562.450    97119490.1010        640.364          34.000  
G21  22344432.278   117420783.5591       2032.973          22.000                                                                  
E25  26723485.795   140432888.9790       1689.860          37.000    26723490.507   107604436.8430       1294.670          32.000  
E16  24555297.976   129038949.8630       -608.755          41.000    24555298.808    98873966.7800       -466.594          42.000  
G19  22414229.454   117787679.5130      -1881.311          29.000                                                                  
G13  22251643.351   116933238.2220        566.724          46.000    22251639.609    91116749.8600        441.762          38.000  
E10  24926436.476   130989435.0520       -365.356          43.000    24926436.462   100368478.6210       -280.028          40.000  
E31                                                                  26792822.292   107883592.5741      -2319.196          25.000  
E12                                                                  24842558.440   100030688.0751      -1121.410          21.000  
> 2026  7 21 11 51 10.0040000  0 30                           
S35  39359750.674   206836922.1130       -436.631          41.000  
G11  21823139.361   114681458.6370       -610.146          39.000    21823136.928    89362085.2220       -475.798          37.000  
G12  22374020.228   117576286.5220        870.580          44.000    22374016.517    91617862.8010        678.138          36.000  
G06  23044507.420   121099703.5781      -2581.127          22.000                                                                  
C20  25525924.460   132920186.3250       -149.347          24.000                                                                  
C29  24110796.286   125551242.4421      -1792.016          25.000                                                                  
C39  25659026.779   133613284.5580      -3275.334          33.000                                                                  
C35  23673813.974   123275767.4650        306.211          42.000                                                                  
R12  21825268.408   116586697.7740      -3546.910          35.000    21825258.720    90678476.5910      -2758.990          31.000  
R22  21920221.992   117011632.9401      -2008.003          24.000                                                                  
R06  24852223.953   132616228.1551      -2327.531          18.000                                                                  
R23  21585097.681   115465744.3700       -175.445          39.000                                                                  
G17  25471696.252   133854672.8770      -2659.402          28.000                                                                  
G25  24532879.351   128921150.1591       2431.030          26.000                                                                  
S31  38910977.279   204478552.0390       -439.507          34.000  
S33  39616101.436   208184048.8300       -437.964          44.000  
G05  24859936.933   130639850.3061       3313.000          19.000    24859900.714   101797137.5871       2587.309          22.000  
C11  26165471.274   136250474.7071      -2365.728          20.000                                                                  
C26  25030520.254   130340512.2050       -910.565          42.000                                                                  
C12  24696038.367   128598751.9181        815.987          24.000                                                                  
C31  26393868.019   137439808.3630       1623.836          32.000                                                                  
R13  21615160.801   115423792.6220        -17.739          42.000                                                                  
E11  24117978.172   126740821.7230        831.278          43.000    24117975.622    97113101.9960        637.133          34.000  
E25  26720273.371   140416006.7770       1685.899          37.000    26720277.855   107591501.1140       1291.713          32.000  
E16  24556461.434   129045064.4210       -614.440          41.000    24556462.248    98878651.9470       -470.822          42.000  
G19  22417812.458   117806516.8130      -1886.778          27.000                                                                  
G13  22250572.478   116927608.7190        558.773          46.000    22250568.367    91112363.2540        435.417          37.000  
E10  24927135.038   130993106.1010       -369.281          42.000    24927134.909   100371291.5120       -283.227          40.000  
E31                                                                  26798587.230   107906805.4551      -2322.683          25.000  
E12                                                                  24845341.632   100041894.7701      -1120.895          20.000  
> 2026  7 21 11 51 20.0040000  0 32                           
S35  39360582.756   206841295.0690       -438.573          41.000  
G11  21824305.043   114687582.8670       -615.420          40.000    21824302.392    89366857.3070       -479.403          37.000  
G12  22372371.691   117567620.2630        862.348          45.000    22372367.432    91611109.8710        671.547          36.000  
G06  23049420.275   121125520.3081      -2578.052          22.000                                                                  
C20  25526232.605   132921791.0181       -158.128          21.000                                                                  
C29  24114234.307   125569145.3071      -1799.253          23.000                                                                  
C39  25665320.006   133646056.3330      -3279.375          35.000                                                                  
C35  23673228.321   123272719.1210        303.034          42.000                                                                  
R12  21831914.811   116622201.6020      -3555.025          34.000    21831905.336    90706090.6900      -2765.039          31.000  
R22  21923979.942   117031693.3871      -2007.670          16.000    21923920.638    91024403.9251      -1551.806          14.000  
R06  24856583.524   132639492.2891      -2331.181          19.000                                                                  
R23  21585428.829   115467516.1560       -179.154          38.000                                                                  
G17  25476747.374   133881281.1920      -2663.065          26.000                                                                  
G25  24528258.914   128896869.7441       2425.324          26.000                                                                  
S31  38911816.650   204482952.4520       -441.338          34.000  
S33  39616936.279   208188435.1710       -439.684          44.000  
G05  24853617.617   130606641.7381       3309.946          23.000    24853588.378   101771288.7661       2587.531          23.000  
C11  26170003.501   136274074.7881      -2362.244          17.000                                                                  
C26  25032274.985   130349650.5030       -917.358          40.000                                                                  
C12  24694465.650   128590562.0221        812.166          24.000                                                                  
C31  26390751.718   137423582.4000       1621.395          31.000                                                                  
R13  21615203.499   115424021.3190        -28.795          42.000                                                                  
E11  24116399.165   126732526.9860        827.008          43.000    24116397.104    97106746.3120        633.358          34.000  
G21  22336719.536   117380252.8811       2027.766          21.000                                                                  
E25  26717069.020   140399165.8290       1681.421          38.000    26717073.324   107578596.9860       1288.796          32.000  
E16  24557636.156   129051238.7710       -620.818          40.000    24557637.434    98883382.9300       -475.722          42.000  
G19  22421378.588   117825139.1691      -1891.681          23.000                                                                  
G13  22249516.664   116922059.2730        550.527          45.000    22249512.050    91108039.0160        428.640          38.000  
E10  24927841.394   130996819.8620       -373.894          42.000    24927841.601   100374137.1010       -286.523          40.000  
E31                                                                  26804359.737   107930049.3221      -2324.749          23.000  
E12                                                                  24848132.083   100053130.5441      -1125.129          19.000  
R07                                                                  23042802.419    95938830.5321       1001.894          18.000  
> 2026  7 21 11 51 30.0040000  0 32                           
S35  39361417.510   206845682.6780       -439.952          41.000  
G11  21825479.561   114693753.7050       -619.831          40.000    21825476.538    89371665.7570       -483.300          38.000  
G12  22370737.507   117559030.8960        854.401          45.000    22370733.014    91604416.8460        665.764          37.000  
G06  23054359.999   121151479.2901      -2580.595          25.000                                                                  
C20  25526540.865   132923396.0471       -163.072          19.000                                                                  
C29  24117673.227   125587052.7321      -1795.654          18.000                                                                  
C39  25671619.444   133678858.1790      -3282.450          36.000                                                                  
C35  23672648.226   123269697.2360        300.177          42.000                                                                  
R12  21838575.089   116657778.3890      -3561.640          31.000    21838565.529    90733761.4590      -2769.745          32.000  
R22  21927730.448   117051713.3201      -2003.779          21.000    21927673.951    91039987.2651      -1556.942          15.000  
R06  24860970.100   132662899.4091      -2333.814          20.000                                                                  
R23  21585766.769   115469323.7680       -183.632          37.000                                                                  
G17  25481807.350   133907800.7671      -2664.769          25.000                                                                  
G25  24523651.584   128872634.4430       2420.393          28.000                                                                  
S31  38912658.057   204487365.5980       -442.497          34.000  
S33  39617773.397   208192835.1040       -441.193          44.000  
G05  24847300.713   130573445.6780       3309.930          26.000    24847283.316   101745471.0371       2579.445          25.000  
C19  25454465.923   132548083.2801       2056.100          18.000                                                                  
C11  26174547.558   136297736.8571      -2371.289          17.000                                                                  
C26  25034041.340   130358853.7160       -924.292          39.000                                                                  
C12  24692900.674   128582413.1421        802.277          23.000                                                                  
C31  26387638.875   137407373.3280       1619.626          32.000                                                                  
R13  21615265.714   115424353.9300        -39.418          41.000                                                                  
R07  23040383.918   123336978.4101       1295.586          20.000    23040400.822    95928831.4941       1000.934          14.000  
E11  24114828.230   126724272.0840        822.954          42.000    24114826.227    97100421.1220        630.670          34.000  
E25  26713871.933   140382363.7360       1677.792          38.000    26713875.926   107565722.6760       1285.538          33.000  
E16  24558822.083   129057470.4300       -626.564          40.000    24558823.006    98888157.8470       -480.190          42.000  
G19  22424994.326   117844120.5170      -1895.535          27.000                                                                  
G13  22248475.669   116916587.4350        542.734          44.000    22248470.652    91103775.2370        422.722          38.000  
E10  24928555.300   131000573.7720       -377.810          41.000    24928555.964   100377013.5020       -289.785          40.000  
E31                                                                  26810141.782   107953331.2271      -2325.501          23.000  
E12                                                                  24850932.587   100064407.3701      -1125.028          21.000  
> 2026  7 21 11 51 40.0040000  0 32                           
S35  39362257.663   206850099.5700       -444.143          41.000  
G11  21826665.918   114699987.2310       -627.134          39.000    21826662.887    89376523.0570       -489.119          38.000  
G12  22369120.663   117550534.5910        844.087          45.000    22369116.439    91597796.3430        657.855          37.000  
G06  23059285.518   121177363.0211      -2589.735          23.000                                                                  
C20  25526841.593   132924962.2411       -172.352          18.000                                                                  
C29  24121128.886   125605046.9991      -1806.805          18.000                                                                  
C39  25677928.280   133711705.9810      -3287.993          37.000                                                                  
C35  23672076.196   123266717.7670        294.779          43.000                                                                  
R12  21845253.066   116693444.4530      -3572.062          32.000    21845241.732    90761501.6190      -2777.372          31.000  
R22  21931496.605   117071818.2431      -2012.425          22.000    21931445.139    91055644.8981      -1562.211          11.000  
R06  24865378.076   132686421.3851      -2360.417          18.000                                                                  
R23  21586114.670   115471183.4720       -189.454          38.000                                                                  
G17  25486883.149   133934473.9291      -2671.709          24.000                                                                  
G25  24519058.188   128848468.5850       2412.040          29.000                                                                  
S31  38913502.470   204491808.9220       -447.073          34.000  
S33  39618616.482   208197264.7650       -445.360          44.000  
G05  24840994.927   130540369.5760       3304.230          28.000    24840988.049   101719692.7341       2574.041          25.000  
C19  25450519.780   132527534.7841       2049.912          15.000                                                                  
C11  26179107.492   136321482.2601      -2383.091          19.000                                                                  
C26  25035823.422   130368137.7540       -933.344          37.000                                                                  
C12  24691351.310   128574345.0631        793.885          24.000                                                                  
C31  26384533.293   137391197.1100       1615.541          32.000                                                                  
R13  21615350.631   115424806.8280        -52.209          41.000                                                                  
R07  23037983.467   123324128.6011       1287.552          22.000    23038011.421    95918883.1171        993.992          16.000  
E11  24113267.431   126716073.1020        816.121          42.000    24113266.016    97094138.8220        625.120          35.000  
E25  26710685.490   140365616.6870       1670.813          39.000    26710689.023   107552890.4980       1280.673          33.000  
E16  24560022.081   129063775.5400       -635.050          40.000    24560022.959    98892989.0250       -486.652          42.000  
G19  22428618.463   117863111.7980      -1903.529          26.000                                                                  
G13  22247451.896   116911209.3760        532.118          43.000    22247447.171    91099584.4890        415.041          38.000  
E10  24929280.617   131004383.9710       -384.806          41.000    24929280.953   100379932.9970       -294.898          40.000  
E31                                                                  26815929.309   107976634.4721      -2332.568          22.000  
E12                                                                  24853737.933   100075703.3991      -1125.632          20.000  
> 2026  7 21 11 51 50.0040000  0 32                           
S35  39363106.961   206854560.6190       -447.891          41.000  
G11  21827866.653   114706297.6700       -634.729          39.000    21827863.827    89381440.2650       -494.660          37.000  
G12  22367524.480   117542145.6960        833.742          44.000    22367520.142    91591259.5400        649.541          37.000  
G06  23064180.703   121203086.9351      -2608.732          18.000                                                                  
E12  24856566.074   130622136.2081      -1483.396          22.000    24856557.634   100087057.3731      -1139.983          21.000  
C20  25527176.975   132926709.3111       -182.551          22.000                                                                  
C29  24124600.947   125623127.1221      -1798.032          20.000                                                                  
C39  25684248.446   133744613.7900      -3293.585          37.000                                                                  
C35  23671515.149   123263794.8110        289.760          43.000                                                                  
R12  21851948.612   116729213.8590      -3581.812          30.000    21851938.576    90789322.3140      -2786.113          31.000  
R22  21935270.453   117091962.5111      -2017.772          26.000    21935220.333    91071318.0871      -1576.401           9.000  
R06  24869794.936   132709990.6771      -2361.399          14.000                                                                  
R23  21586474.686   115473109.8700       -195.761          35.000                                                                  
G17  25491996.692   133961345.8761      -2677.110          25.000                                                                  
G25  24514470.681   128824386.8580       2404.609          30.000                                                                  
S31  38914354.809   204496296.5180       -450.618          34.000  
S33  39619468.048   208201739.3090       -449.218          44.000  
G05  24834713.108   130507354.7990       3299.117          30.000    24834704.991   101693964.8231       2570.239          26.000  
C11  26183671.903   136345249.8611      -2382.101          21.000                                                                  
C26  25037623.718   130377516.7150       -942.578          36.000                                                                  
C12  24689829.021   128566418.2911        787.563          25.000                                                                  
C31  26381437.065   137375067.8590       1610.424          33.000                                                                  
R13  21615460.807   115425394.7250        -65.502          41.000                                                                  
R07  23035592.477   123311329.5731       1275.661          23.000                                                                  
E11  24111720.898   126707944.2750        809.526          42.000    24111718.777    97087910.1970        620.787          34.000  
E25  26707512.101   140348938.9540       1664.553          38.000    26707515.830   107540111.4580       1275.840          32.000  
E16  24561238.358   129070168.3460       -643.553          40.000    24561239.409    98897887.4020       -493.062          42.000  
G19  22432215.343   117882086.6931      -1909.834          19.000                                                                  
G13  22246449.025   116905939.3680        521.901          43.000    22246444.314    91095478.0040        406.306          38.000  
E10  24930018.891   131008264.6290       -391.451          41.000    24930019.540   100382906.5010       -300.012          40.000  
E31                                                                  26821730.614   107999994.3591      -2335.854          20.000  
G21                                                                  22325249.316    91418163.6231       1555.066          25.000  
> 2026  7 21 11 52  0.0040000  0 33                           
S35  39363963.869   206859062.4480       -452.618          42.000  
G11  21829081.263   114712681.7260       -642.490          39.000    21829078.937    89386414.8360       -500.508          38.000  
G12  22365947.946   117533860.9640        822.946          44.000    22365943.710    91584803.9070        640.997          37.000  
G06  23069152.041   121229211.6601      -2604.584          22.000                                                                  
E12  24859394.306   130636998.0711      -1486.049          22.000    24859387.478   100098451.1181      -1136.945          19.000  
C20  25527535.527   132928575.7341       -193.589          19.000                                                                  
C29  24128084.102   125641265.5831      -1829.334          18.000                                                                  
C39  25690579.363   133777578.3220      -3299.339          37.000                                                                  
C35  23670963.609   123260925.1800        283.772          42.000                                                                  
R12  21858661.346   116765083.4370      -3592.800          32.000    21858651.478    90817218.4690      -2795.143          31.000  
R22  21939046.990   117112121.8451      -2015.972          20.000                                                                  
R06  24874211.143   132733556.6241      -2366.576          18.000                                                                  
R23  21586847.061   115475099.5110       -202.721          35.000                                                                  
G17  25497121.449   133988277.2751      -2689.888          22.000                                                                  
G25  24509904.216   128800386.2780       2395.473          29.000                                                                  
S31  38915215.309   204500824.3720       -454.861          34.000  
S33  39620327.222   208206253.8610       -453.935          44.000  
G05  24828441.494   130474396.7200       3292.785          31.000    24828433.252   101668283.2481       2566.413          26.000  
C11  26188233.118   136369001.1791      -2364.057          13.000                                                                  
C26  25039441.395   130386987.3940       -951.886          37.000                                                                  
C12  24688329.418   128558609.7451        779.202          25.000                                                                  
C24  27240558.721   141848736.8641       1320.645          26.000                                                                  
C31  26378348.287   137358982.3360       1606.147          33.000                                                                  
R13  21615595.617   115426114.0080        -78.712          41.000                                                                  
R07  23033225.731   123298659.7621       1261.978          21.000                                                                  
E11  24110186.769   126699882.4190        802.382          42.000    24110184.672    97081732.9840        614.996          34.000  
G21  22321453.628   117300029.6141       1987.444          26.000    22321461.637    91402653.5601       1548.029          25.000  
E25  26704350.616   140332327.4270       1657.245          39.000    26704354.973   107527383.1810       1269.097          32.000  
E16  24562471.274   129076645.6590       -652.094          41.000    24562472.015    98902850.5220       -499.775          41.000  
G19  22435864.276   117901261.7571      -1915.568          21.000                                                                  
G13  22245465.739   116900774.2400        510.854          42.000    22245461.162    91091453.2260        398.089          38.000  
E10  24930770.334   131012212.5030       -398.665          42.000    24930770.512   100385931.4830       -305.230          39.000  
E31                                                                  26827546.266   108023411.5371      -2344.180          19.000  
> 2026  7 21 11 52 10.0040000  0 32                           
S35  39364829.411   206863611.3490       -457.043          41.000  
G11  21830311.041   114719145.0940       -650.084          38.000    21830309.197    89391451.2140       -505.991          37.000  
G12  22364392.307   117525686.2310        812.433          44.000    22364388.279    91578433.9840        632.798          36.000  
G06  23074115.281   121255293.2481      -2603.273          23.000                                                                  
E12  24862229.618   130651898.2701      -1497.406          21.000    24862229.999   100109897.7151      -1145.406          20.000  
C20  25527922.381   132930590.7771       -201.287          25.000                                                                  
C39  25696921.406   133810605.1970      -3305.657          36.000                                                                  
C35  23670423.178   123258114.5320        278.595          42.000                                                                  
R12  21865394.805   116801058.9310      -3602.062          29.000    21865388.677    90845198.8480      -2802.073          33.000  
R22  21942835.760   117132346.6651      -2026.529          18.000                                                                  
R06  24878671.037   132757354.9371      -2389.347          19.000                                                                  
R23  21587231.637   115477158.2740       -208.644          34.000                                                                  
G17  25502256.762   134015262.8541      -2692.979          18.000                                                                  
G25  24505354.163   128776472.5400       2387.419          30.000                                                                  
S31  38916085.219   204505399.9390       -459.266          34.000  
S33  39621195.256   208210814.9930       -457.786          44.000  
G05  24822180.178   130441501.0680       3287.031          30.000    24822171.308   101642639.2770       2561.389          27.000  
C11  26192818.545   136392879.4441      -2389.030          16.000                                                                  
C26  25041278.909   130396555.3690       -961.285          38.000                                                                  
C12  24686849.106   128550901.5231        768.547          24.000                                                                  
C24  27238031.947   141835568.9240       1312.808          28.000                                                                  
C31  26375268.152   137342946.2550       1602.146          33.000                                                                  
R13  21615755.987   115426970.9700        -92.208          40.000                                                                  
R07  23030877.593   123286090.6271       1245.312          24.000    23030884.609    95889210.8711        968.387          18.000  
E11  24108666.799   126691893.1550        795.676          42.000    24108664.017    97075611.3250        609.715          34.000  
G21  22317683.098   117280220.3010       1977.726          29.000    22317683.574    91387182.5471       1541.517          26.000  
E25  26701203.630   140315787.8220       1651.011          39.000    26701208.019   107514709.9600       1264.879          32.000  
E16  24563721.024   129083213.1770       -660.813          40.000    24563721.622    98907882.7990       -506.465          41.000  
G19  22439524.079   117920494.2031      -1920.578          24.000                                                                  
G13  22244503.481   116895719.7690        500.173          41.000    22244499.777    91087514.6530        389.951          39.000  
E10  24931536.450   131016233.2720       -405.108          42.000    24931535.584   100389012.3710       -310.631          39.000  
E31                                                                  26833374.262   108046878.0691      -2359.861          22.000  
> 2026  7 21 11 52 20.0040000  0 33                           
S35  39365701.600   206868196.3680       -460.314          41.000  
G11  21831554.175   114725677.6380       -656.728          38.000    21831552.220    89396541.5340       -511.701          37.000  
G12  22362855.746   117517611.5680        802.349          44.000    22362851.607    91572142.0550        624.777          36.000  
G06  23079066.109   121281310.0071      -2598.580          18.000                                                                  
E12  24865093.756   130666949.2741      -1498.488          24.000    24865084.229   100121390.1261      -1157.444          20.000  
C20  25528327.778   132932662.0390       -210.381          26.000                                                                  
C39  25703273.702   133843684.2590      -3310.627          36.000                                                                  
C35  23669892.239   123255352.9130        273.545          41.000                                                                  
R12  21872146.721   116837129.8940      -3612.057          33.000    21872143.049    90873253.9280      -2808.960          33.000  
R22  21946645.505   117152683.6881      -2036.435          24.000                                                                  
R06  24883146.196   132781235.8841      -2387.349          15.000                                                                  
R23  21587627.491   115479275.9700       -214.625          35.000                                                                  
G17  25507378.353   134042177.3351      -2690.848          21.000                                                                  
G25  24500818.313   128752635.7010       2380.238          29.000                                                                  
S31  38916962.258   204510010.5400       -463.013          35.000  
S33  39622069.998   208215412.8930       -461.700          44.000  
G05  24815929.571   130408657.9060       3282.252          31.000    24815919.610   101617047.1750       2558.318          25.000  
C19  25434894.096   132446171.0370       2024.395          27.000                                                                  
C11  26197427.110   136416877.4711      -2393.035          21.000                                                                  
C26  25043133.663   130406210.6200       -969.934          39.000                                                                  
C12  24685382.367   128543263.6541        761.582          26.000                                                                  
C24  27235515.746   141822482.8170       1304.314          26.000                                                                  
C31  26372196.707   137326949.6070       1597.401          33.000                                                                  
R13  21615940.115   115427954.7640       -104.837          39.000                                                                  
R07  23028554.221   123273653.4511       1238.047          16.000    23028579.714    95879614.2661        962.289          22.000  
E11  24107158.002   126683966.4300        789.279          41.000    24107155.127    97069537.6020        604.828          34.000  
G21  22313931.506   117260487.1600       1969.250          28.000    22313925.562    91371791.5400       1534.032          27.000  
E25  26698067.322   140299310.1840       1644.502          38.000    26698072.948   107502084.2020       1260.013          32.000  
E16  24564985.779   129089860.8790       -669.003          41.000    24564986.611    98912976.4950       -512.542          41.000  
G19  22443219.255   117939912.2301      -1930.373          24.000                                                                  
G13  22243560.929   116890765.9160        490.041          41.000    22243557.237    91083654.5000        381.691          39.000  
E10  24932313.934   131020316.8490       -411.498          43.000    24932312.571   100392141.3220       -315.236          39.000  
E31                                                                  26839214.718   108070395.3921      -2352.476          22.000  
> 2026  7 21 11 52 30.0040000  0 32                           
S35  39366580.539   206872814.5060       -463.652          41.000  
G11  21832809.489   114732276.5390       -663.220          38.000    21832808.433    89401683.5300       -516.847          37.000  
G12  22361337.302   117509634.1800        792.811          43.000    22361333.160    91565925.9110        617.191          35.000  
E12  24867963.714   130682030.8451      -1508.075          23.000    24867947.532   100132919.6411      -1157.690          20.000  
C20  25528762.642   132934965.4121       -215.952          21.000                                                                  
C39  25709635.059   133876812.6650      -3315.342          35.000                                                                  
C35  23669370.570   123252637.4570        269.298          40.000                                                                  
R12  21878916.539   116873293.1750      -3620.631          35.000    21878913.948    90901380.9200      -2816.191          33.000  
R22  21950459.632   117173043.2991      -2029.613          24.000                                                                  
R06  24887637.997   132805204.4711      -2371.559          16.000                                                                  
R23  21588032.449   115481449.4080       -220.097          35.000                                                                  
R08  24336538.515   130321057.7331       3363.959          11.000                                                                  
G25  24496295.639   128728873.2450       2372.318          27.000                                                                  
S31  38917845.819   204514656.4890       -466.340          35.000  
S33  39622951.337   208220045.1710       -464.948          44.000  
G05  24809687.858   130375864.4800       3276.564          31.000    24809680.578   101591493.9321       2553.520          25.000  
C19  25430994.542   132425956.5910       2017.955          31.000                                                                  
C11  26202050.749   136440953.4091      -2396.538          24.000                                                                  
C26  25045004.734   130415950.3860       -978.333          40.000                                                                  
C12  24683923.212   128535664.7561        752.271          24.000                                                                  
C24  27233010.655   141809472.5890       1296.633          25.000                                                                  
C31  26369131.935   137310989.5830       1594.158          32.000                                                                  
R13  21616147.582   115429062.9870       -117.139          39.000                                                                  
R07  23026249.421   123261315.0281       1230.935          13.000    23026292.787    95870092.3461        964.182          19.000  
E11  24105660.372   126676099.4210        783.466          41.000    24105657.798    97063509.6300        600.525          33.000  
G21  22310193.786   117240836.5930       1960.693          27.000    22310185.452    91356479.3810       1527.896          29.000  
E25  26694942.697   140282891.7510       1638.590          38.000    26694948.614   107489503.8910       1255.161          31.000  
E16  24566265.456   129096585.9390       -676.591          41.000    24566266.267    98918129.4740       -518.533          41.000  
G19  22446901.303   117959262.0071      -1941.754          22.000                                                                  
G13  22242637.235   116885909.8970        480.720          42.000    22242633.253    91079870.5590        374.689          39.000  
E10  24933102.143   131024460.3690       -417.473          43.000    24933101.356   100395316.2320       -319.915          39.000  
E31                                                                  26845066.547   108093958.7241      -2354.126          22.000  
> 2026  7 21 11 52 40.0040000  0 30                           
S35  39367465.734   206877465.3550       -466.266          41.000  
G11  21834077.410   114738939.6320       -669.338          38.000    21834076.800    89406875.5710       -521.681          37.000  
G12  22359836.645   117501752.0060        783.576          44.000    22359833.468    91559783.9330        610.561          34.000  
E12  24870825.608   130697070.5301      -1508.135          21.000    24870819.622   100144484.4111      -1161.298          21.000  
C20  25529183.113   132937154.8311       -225.167          20.000                                                                  
C39  25716005.359   133909988.3170      -3320.073          33.000                                                                  
C35  23668858.455   123249966.1380        265.192          40.000                                                                  
R12  21885703.541   116909546.5510      -3629.944          37.000    21885701.567    90929577.9400      -2822.937          32.000  
R22  21954283.461   117193455.4681      -2041.874          25.000                                                                  
R23  21588448.744   115483676.7050       -225.210          37.000                                                                  
R08  24330258.102   130287427.3041       3360.574          10.000                                                                  
G25  24491789.603   128705212.8400       2365.258          25.000                                                                  
S31  38918735.877   204519332.5250       -469.819          36.000  
S33  39623838.489   208224708.2590       -467.692          44.000  
G05  24803454.343   130343118.8850       3272.469          31.000    24803449.748   101565979.7591       2547.843          23.000  
E31  26850930.599   141102590.0180      -3082.083          27.000    26850926.627   108117554.9641      -2366.577          22.000  
C19  25427120.457   132405801.3910       2011.878          29.000                                                                  
C11  26206645.389   136464940.5980      -2399.946          29.000                                                                  
C26  25046891.284   130425772.5520       -986.401          40.000                                                                  
C12  24682475.463   128528126.4471        747.585          23.000                                                                  
C24  27230522.715   141796477.5511       1290.651          23.000                                                                  
C31  26366073.899   137295064.0780       1591.763          33.000                                                                  
R13  21616377.937   115430293.4590       -128.795          40.000                                                                  
R07  23023962.016   123249070.7961       1223.596          22.000    23024008.539    95860581.6341        945.867          24.000  
E11  24104174.278   126668290.0510        778.284          42.000    24104172.170    97057525.8240        596.521          34.000  
G21  22306469.752   117221266.5430       1953.574          31.000    22306466.782    91341230.0740       1521.307          30.000  
E25  26691829.339   140266530.4840       1633.312          38.000    26691835.637   107476967.2900       1251.450          31.000  
E16  24567559.994   129103386.2780       -683.612          41.000    24567560.256    98923340.1240       -523.775          40.000  
G13  22241731.735   116881149.6760        471.461          43.000    22241727.583    91076161.3030        367.448          39.000  
E10  24933901.628   131028661.6830       -422.830          44.000    24933900.793   100398535.4420       -324.168          39.000  
> 2026  7 21 11 52 50.0040000  0 31                           
S35  39368356.294   206882145.0800       -469.439          41.000  
G11  21835356.842   114745664.9150       -675.789          36.000    21835356.818    89412116.0490       -526.669          35.000  
G12  22358354.226   117493963.0950        774.199          43.000    22358350.717    91553714.6190        603.921          34.000  
E12  24873692.460   130712135.7641      -1517.354          24.000    24873702.188   100156091.2391      -1161.135          20.000  
C20  25529604.527   132939349.2891       -236.742          22.000                                                                  
C39  25722384.222   133943209.1110      -3324.867          33.000                                                                  
C35  23668354.324   123247337.0550        260.571          41.000                                                                  
R12  21892507.491   116945887.8710      -3638.526          39.000    21892504.669    90957843.4660      -2830.246          30.000  
R22  21958113.507   117213908.2590      -2046.704          30.000                                                                  
R23  21588874.650   115485955.6310       -230.302          36.000                                                                  
R08  24323983.512   130253826.8891       3358.490          16.000                                                                  
G17  25522751.885   134122965.7721      -2707.102          23.000                                                                  
G25  24487296.629   128681611.7151       2359.801          26.000                                                                  
S31  38919631.379   204524039.2930       -472.496          37.000  
S33  39624731.675   208229400.8850       -471.078          44.000  
G05  24797231.218   130310419.0060       3267.688          29.000    24797230.272   101540512.4391       2539.901          22.000  
E31  26856791.859   141133435.8880      -3087.354          28.000    26856799.780   108141203.5751      -2363.251          20.000  
C19  25423259.347   132385703.5610       2006.594          26.000                                                                  
C11  26211284.926   136489038.3911      -2398.457          21.000                                                                  
C26  25048792.875   130435675.0660       -994.336          40.000                                                                  
C12  24681042.743   128520665.7331        739.051          24.000                                                                  
C24  27228065.060   141783679.7461       1280.656          27.000                                                                  
C31  26363020.390   137279162.2500       1587.886          33.000                                                                  
R13  21616631.183   115431644.1110       -141.207          41.000                                                                  
R07  23021697.362   123236947.6101       1206.104          20.000    23021743.020    95851149.2201        941.377          22.000  
E11  24102699.017   126660536.3450        772.374          41.000    24102697.026    97051584.6800        592.094          34.000  
G21  22302761.330   117201775.3300       1944.653          32.000    22302759.495    91326042.0420       1516.030          32.000  
E25  26688726.281   140250224.4600       1627.686          37.000    26688732.517   107464473.0760       1246.754          30.000  
E16  24568867.691   129110259.9810       -691.081          41.000    24568868.339    98928606.9910       -529.428          40.000  
G13  22240844.036   116876483.3560        461.643          43.000    22240839.613    91072525.2100        359.678          39.000  
E10  24934711.662   131032918.8480       -428.622          44.000    24934710.612   100401797.4010       -328.500          39.000  
> 2026  7 21 11 53  0.0040000  0 32                           
S35  39369252.060   206886852.4700       -471.872          41.000  
G11  21836647.727   114752449.8630       -681.218          36.000    21836648.254    89417403.0880       -531.821          34.000  
G12  22356889.309   117486264.9080        765.277          43.000    22356885.429    91547716.0510        596.340          33.000  
E12  24876605.766   130727381.1850      -1521.963          28.000    24876589.367   100167716.8441      -1160.746          18.000  
C20  25530072.539   132941783.4380       -244.560          29.000                                                                  
C39  25728770.820   133976472.4490      -3328.234          31.000                                                                  
C35  23667857.666   123244747.7340        256.703          42.000                                                                  
R12  21899326.310   116982314.5180      -3646.967          40.000    21899323.243    90986175.2740      -2836.119          27.000  
R22  21961947.843   117234384.9050      -2048.266          30.000                                                                  
R06  24901224.620   132877705.6721      -2428.818          20.000                                                                  
R23  21589310.255   115488283.7800       -235.230          38.000                                                                  
R08  24317717.129   130220270.0901       3358.490          16.000                                                                  
G17  25527948.948   134150276.7611      -2695.704          20.000                                                                  
G25  24482814.327   128658057.5051       2352.406          26.000                                                                  
S31  38920532.121   204528772.5510       -474.591          35.000  
S33  39625630.114   208234121.1400       -473.349          44.000  
G05  24791017.183   130277762.8220       3263.433          26.000    24791019.033   101515078.4201       2548.428          21.000  
E31  26862672.572   141164331.4550      -3092.338          25.000    26862680.133   108164880.8611      -2366.924          20.000  
C19  25419408.653   132365660.8580       2001.539          26.000                                                                  
C11  26215912.289   136513133.9821      -2408.744          23.000                                                                  
C26  25050709.697   130445655.5540      -1002.136          41.000    26849677.976   108112526.8961       -823.069          10.000  
C12  24679628.919   128513307.8260        731.170          28.000                                                                  
C24  27225611.533   141770897.9920       1276.284          27.000                                                                  
C31  26359974.457   137263299.6060       1584.448          33.000                                                                  
R13  21616906.437   115433112.4210       -152.835          41.000                                                                  
R07  23019455.730   123224948.1960       1198.773          24.000    23019488.773    95841763.8801        933.456          25.000  
E11  24101233.249   126652835.8000        767.356          41.000    24101231.994    97045684.2880        587.618          35.000  
G21  22299066.868   117182360.4640       1937.123          31.000    22299064.970    91310913.5840       1509.757          31.000  
E25  26685632.903   140233971.2950       1622.756          38.000    26685639.996   107452019.3190       1243.458          30.000  
E16  24570189.488   129117204.5880       -698.037          41.000    24570189.913    98933928.1910       -535.009          40.000  
G13  22239973.627   116871908.4740        452.905          44.000    22239969.148    91068960.3700        352.913          39.000  
E10  24935531.776   131037229.3220       -433.709          45.000    24935530.883   100405100.2360       -332.350          39.000  
> 2026  7 21 11 53 10.0040000  0 30                           
S35  39370152.297   206891584.5500       -474.635          41.000  
G11  21837949.380   114759292.9800       -687.103          36.000    21837950.904    89422735.3280       -535.302          34.000  
G12  22355441.459   117478656.2870        756.479          42.000    22355436.371    91541787.2480        589.680          33.000  
E12  24879501.626   130742626.0540      -1526.245          27.000    24879490.056   100179396.8081      -1159.544          14.000  
C20  25530550.054   132944272.9181       -256.709          23.000                                                                  
C39  25735165.928   134009776.8740      -3332.426          29.000                                                                  
C35  23667367.854   123242196.6710        253.123          42.000    24266967.019    97713019.8041        205.589          11.000  
R12  21906160.126   117018824.6370      -3654.999          38.000    21906156.054    91014585.7921      -2842.589          24.000  
R22  21965789.732   117254898.1830      -2053.115          26.000                                                                  
R06  24905798.441   132902111.9671      -2440.083          16.000                                                                  
R23  21589754.538   115490659.4350       -240.197          37.000                                                                  
S31  38921438.546   204533531.4880       -476.958          34.000  
S33  39626532.836   208238866.2660       -475.757          44.000  
E31  26868564.382   141195258.6981      -3096.282          26.000    26868569.259   108188594.3091      -2368.925          16.000  
C19  25415556.440   132345471.0461       1992.916          21.000    25415367.293   102337151.4841       1541.547          11.000  
C11  26220550.770   136537287.9911      -2411.654          23.000                                                                  
C26  25052640.892   130455712.3730      -1009.436          41.000                                                                  
C12  24678234.525   128506042.6041        721.228          25.000                                                                  
C24  27223174.410   141758212.5611       1268.848          23.000                                                                  
C31  26356933.939   137247465.5900       1581.336          32.000                                                                  
R13  21617203.680   115434696.9350       -164.347          42.000                                                                  
R07  23017249.342   123213113.7360       1189.563          26.000    23017259.765    95832483.3221        925.912          24.000  
E11  24099778.115   126645186.8410        762.357          41.000    24099776.852    97039823.3970        584.109          35.000  
G21  22295386.016   117163020.3220       1930.942          30.000    22295384.189    91295843.4260       1504.086          31.000  
E25  26682549.371   140217769.5060       1617.690          37.000    26682557.415   107439604.9940       1239.206          28.000  
E16  24571523.952   129124218.5340       -704.582          41.000    24571524.731    98939302.4910       -539.875          40.000  
G19  22461761.645   118037340.0790      -1961.725          27.000                                                                  
G13  22239119.951   116867423.5690        443.944          44.000    22239115.565    91065465.6330        345.905          38.000  
E10  24936361.500   131041591.5150       -438.702          45.000    24936361.216   100408442.6810       -336.161          39.000  
G05                                                                  24784818.993   101489690.2321       2542.743          21.000  
> 2026  7 21 11 53 20.0040000  0 30                           
S35  39371058.301   206896344.3210       -477.252          41.000  
G11  21839262.376   114766195.3870       -693.479          35.000    21839264.150    89428113.8740       -540.560          31.000  
G12  22354010.614   117471138.4940        747.172          43.000    22354005.937    91535929.2770        581.584          32.000  
E12  24882399.422   130757891.4631      -1531.462          26.000    24882405.897   100191137.4201      -1176.315          19.000  
C20  25531047.401   132946857.3840       -260.721          26.000                                                                  
C39  25741567.777   134043123.5520      -3338.987          24.000                                                                  
C35  23666885.455   123239685.0820        249.279          43.000                                                                  
R12  21913010.234   117055419.6170      -3663.990          39.000    21912994.172    91042996.0571      -2853.527          18.000  
R22  21969632.548   117275413.1100      -2057.746          25.000    21969607.635    91214089.1481      -1607.105          21.000  
R06  24910399.219   132926663.2241      -2459.696          16.000                                                                  
R23  21590207.738   115493083.8270       -244.892          37.000                                                                  
G17  25538216.641   134204233.4961      -2718.572          22.000                                                                  
S31  38922349.230   204538317.7500       -480.291          35.000  
S33  39627441.323   208243639.3360       -478.346          44.000  
E31  26874464.518   141226263.6331      -3101.786          26.000    26874468.258   108212346.8871      -2383.351          20.000  
C19  25411736.357   132325579.3581       1990.869          19.000                                                                  
C11  26225161.130   136561295.4060      -2412.657          27.000                                                                  
C26  25054587.268   130465846.8410      -1017.432          41.000                                                                  
C12  24676856.040   128498864.7311        714.722          23.000                                                                  
C31  26353897.676   137231661.4200       1579.158          27.000                                                                  
R13  21617522.268   115436399.0120       -176.027          42.000                                                                  
R07  23015031.801   123201315.2480       1178.896          26.000    23015060.272    95823326.2691        917.133          20.000  
E11  24098333.036   126637590.8000        756.899          41.000    24098331.389    97034003.0260        580.443          36.000  
G21  22291718.945   117143756.5430       1922.149          27.000    22291715.926    91280832.6850       1497.960          29.000  
E25  26679476.455   140201620.4740       1612.469          38.000    26679484.867   107427231.0010       1235.657          28.000  
E16  24572872.073   129131303.1730       -712.081          41.000    24572873.113    98944730.9920       -545.644          40.000  
G19  22465492.267   118056990.5180      -1969.106          25.000                                                                  
G13  22238284.302   116863029.9520        434.717          44.000    22238279.491    91062042.0350        338.554          38.000  
E10  24937201.761   131046006.7190       -444.135          45.000    24937201.561   100411825.7600       -340.279          39.000  
G05                                                                  24778627.801   101464338.6071       2533.031          23.000  
> 2026  7 21 11 53 30.0040000  0 30                           
S35  39371968.397   206901127.0360       -479.287          41.000  
G11  21840585.625   114773153.5040       -698.520          35.000    21840586.420    89433535.7460       -544.444          30.000  
G12  22352596.671   117463707.9990        739.146          43.000    22352591.908    91530139.2410        575.575          32.000  
E12  24885323.339   130773225.2630      -1535.526          27.000    24885325.037   100202891.4651      -1172.339          19.000  
C20  25531552.368   132949500.7820       -267.213          30.000                                                                  
C39  25747985.966   134076519.5781      -3340.876          25.000                                                                  
C35  23666409.936   123237209.4710        245.975          44.000                                                                  
R12  21919875.627   117092095.3760      -3671.289          38.000    21919855.310    91071502.6171      -2852.419          17.000  
R22  21973484.485   117295951.5341      -2060.378          19.000    21973478.684    91230160.6891      -1604.401          23.000  
R06  24915008.963   132951260.9811      -2469.010          20.000                                                                  
R23  21590669.550   115495553.3020       -249.155          37.000                                                                  
G17  25543413.798   134231544.7211      -2724.183          25.000                                                                  
G25  24469447.316   128587813.1951       2327.364          21.000                                                                  
S31  38923264.064   204543126.9620       -481.783          36.000  
S33  39628354.251   208248435.0700       -480.500          44.000  
E31  26880372.758   141257311.3161      -3105.360          23.000    26880379.499   108236148.6601      -2377.068          19.000  
C11  26229767.625   136585428.0790      -2415.162          29.000                                                                  
C26  25056547.862   130476055.3130      -1024.518          40.000                                                                  
C12  24675487.557   128491738.4511        710.128          21.000                                                                  
C31  26350852.299   137215802.0631       1595.666          22.000                                                                  
R13  21617862.344   115438214.9600       -186.914          42.000                                                                  
R07  23012824.796   123189566.4830       1170.150          30.000    23012882.248    95814257.2351        912.613          24.000  
E11  24096897.521   126630044.0470        752.463          42.000    24096895.464    97028220.4500        576.384          36.000  
G21  22288067.626   117124565.2880       1915.982          31.000    22288060.867    91265878.5770       1492.534          29.000  
E25  26676412.366   140185520.6480       1607.689          38.000    26676422.200   107414894.7860       1231.582          27.000  
E16  24574232.876   129138454.8870       -718.338          41.000    24574234.260    98950210.8880       -550.511          41.000  
G19  22469239.206   118076648.9480      -1973.428          25.000                                                                  
G13  22237464.627   116858724.0530        426.548          44.000    22237460.154    91058686.7930        332.174          38.000  
E10  24938051.666   131050471.2850       -448.571          45.000    24938050.980   100415246.6520       -343.874          39.000  
G05                                                                  24772437.570   101438990.4011       2530.619          21.000  
> 2026  7 21 11 53 40.0040000  0 30                           
S35  39372882.742   206905931.0770       -481.566          41.000  
G11  21841920.091   114780164.8600       -704.197          37.000    21841921.563    89438999.1500       -548.867          31.000  
G12  22351198.883   117456362.2670        729.741          43.000    22351193.876    91524415.2120        570.327          32.000  
E12  24888255.966   130788599.4690      -1539.618          26.000    24888250.701   100214671.9151      -1194.910          18.000  
C20  25532064.627   132952160.1441       -277.161          25.000                                                                  
C29  24163296.788   125824639.9830      -1850.139          26.000                                                                  
C39  25754414.927   134109968.6590      -3343.739          27.000                                                                  
C35  23665941.204   123234767.3420        242.192          44.000                                                                  
R12  21926755.703   117128849.5140      -3679.517          40.000    21926741.134    91100111.9361      -2861.575          25.000  
R22  21977334.967   117316506.2251      -2063.083          23.000    21977344.129    91246209.4271      -1603.706          23.000  
R06  24919637.858   132975962.2161      -2476.515          19.000                                                                  
R23  21591138.159   115498065.3890       -253.844          38.000                                                                  
G17  25548605.560   134258828.2561      -2730.803          21.000                                                                  
S31  38924183.344   204547957.3540       -484.614          35.000  
S33  39629270.583   208253252.1850       -483.249          44.000  
G05  24766248.326   130147513.1461       3249.795          22.000    24766250.197   101413653.7751       2539.774          21.000  
E31  26886292.614   141288420.9261      -3110.834          23.000    26886289.014   108259944.2701      -2383.680          15.000  
C11  26234405.623   136609443.8320      -2417.164          27.000                                                                  
C26  25058521.546   130486335.3120      -1031.842          40.000                                                                  
C12  24674132.660   128484692.6060        702.582          28.000                                                                  
C31  26347827.999   137200054.1801       1576.002          24.000                                                                  
R13  21618222.898   115440142.4110       -198.772          42.000                                                                  
R07  23010655.900   123177909.8170       1160.583          30.000    23010703.699    95805187.0361        900.952          21.000  
E11  24095470.463   126622544.1150        746.896          42.000    24095468.244    97022473.7360        572.456          36.000  
G21  22284430.282   117105444.7080       1908.240          31.000    22284420.836    91250979.3460       1486.569          29.000  
E25  26673357.780   140169467.5750       1602.789          39.000    26673366.889   107402594.3190       1228.565          27.000  
E16  24575606.379   129145671.2390       -725.186          41.000    24575607.683    98955740.2770       -555.740          41.000  
G19  22473022.905   118096531.9121      -1978.062          26.000                                                                  
G13  22236661.127   116854503.4970        417.379          44.000    22236656.944    91055398.0480        325.203          38.000  
E10  24938910.143   131054982.7240       -453.716          45.000    24938909.717   100418703.4550       -347.573          39.000  
> 2026  7 21 11 53 50.0040000  0 31                           
S35  39373800.712   206910753.6520       -482.708          42.000  
G11  21843264.706   114787227.6180       -708.589          38.000    21843263.395    89444502.5450       -551.646          28.000  
G12  22349816.806   117449099.6420        722.732          43.000    22349812.119    91518756.1000        563.160          32.000  
G06  23124056.011   121517733.6031      -2644.520          25.000                                                                  
E12  24891188.572   130804012.1550      -1542.980          27.000    24891187.272   100226495.9411      -1194.028          11.000  
C20  25532592.781   132954909.9351       -283.266          18.000                                                                  
C39  25760840.013   134143453.0841      -3349.918          23.000                                                                  
C35  23665478.419   123232356.9800        239.780          45.000    23665506.261    95291187.1541        165.901          10.000  
R12  21933650.399   117165679.9450      -3686.145          39.000    21933642.196    91128775.6520      -2867.072          28.000  
R22  21981221.408   117337197.5100      -2065.596          28.000    21981220.750    91262304.1521      -1596.348          24.000  
R23  21591615.278   115500618.1220       -256.504          39.000                                                                  
G17  25553805.257   134286152.2451      -2727.678          23.000                                                                  
G25  24460608.346   128541364.0971       2323.170          22.000                                                                  
S31  38925106.299   204552806.5420       -485.809          35.000  
S33  39630190.847   208258088.1540       -483.992          44.000  
G05  24760067.985   130115034.6381       3239.388          23.000    24760073.812   101388362.3121       2523.237          21.000  
E31  26892219.382   141319566.0951      -3118.283          22.000    26892199.750   108283744.0311      -2384.404          18.000  
C11  26239040.420   136633623.0540      -2418.374          27.000                                                                  
C26  25060508.773   130496685.0590      -1037.811          40.000                                                                  
C12  24672789.236   128477698.5260        696.539          27.000                                                                  
C24  27213540.775   141708047.7361       1244.234          24.000                                                                  
C31  26344811.884   137184348.6001       1576.040          25.000                                                                  
R13  21618604.394   115442179.3480       -208.606          41.000                                                                  
R07  23008498.527   123166343.6950       1152.227          31.000    23008543.809    95796194.3361        903.993          19.000  
E11  24094051.736   126615089.1560        743.747          41.000    24094049.608    97016761.4950        570.004          36.000  
G21  22280804.852   117086392.7160       1901.661          30.000    22280795.966    91236133.5600       1482.094          29.000  
E25  26670311.068   140153459.6220       1599.306          38.000    26670321.396   107390328.5190       1225.030          25.000  
E16  24576991.962   129152950.4820       -730.833          42.000    24576992.705    98961317.8660       -559.628          41.000  
G19  22476782.305   118116345.7670      -1982.950          29.000                                                                  
G13  22235873.756   116850366.5250        409.915          44.000    22235870.066    91052174.4460        319.117          38.000  
E10  24939777.153   131059539.2280       -457.472          45.000    24939776.523   100422194.7950       -350.318          39.000  
> 2026  7 21 11 54  0.0040000  0 32                           
S35  39374721.601   206915593.4850       -484.514          41.000  
G11  21844618.916   114794339.3040       -713.206          39.000    21844612.399    89450044.0690       -555.999          29.000  
G12  22348450.486   117441917.8280        714.240          44.000    22348445.448    91513159.8380        557.267          32.000  
G06  23129086.379   121544168.7811      -2648.148          25.000                                                                  
E12  24894122.318   130819460.7810      -1546.457          26.000                                                                  
C20  25533157.740   132957852.6691       -286.727          19.000                                                                  
C39  25767269.223   134176945.9060      -3350.368          25.000                                                                  
C35  23665021.209   123229975.9930        236.739          45.000                                                                  
R12  21940558.123   117202584.1310      -3694.141          38.000    21940560.977    91157478.8200      -2873.104          28.000  
R22  21985087.799   117357871.4030      -2068.413          26.000                                                                  
R23  21592099.707   115503209.2620       -261.124          39.000                                                                  
G17  25559017.711   134313544.1061      -2734.857          24.000                                                                  
G25  24456181.275   128518099.7061       2317.519          24.000                                                                  
S31  38926032.194   204557672.7580       -487.506          35.000  
S33  39631114.259   208262940.8460       -485.975          44.000  
G05  24753907.656   130082625.4240       3240.814          26.000    24753902.373   101363091.4341       2528.083          16.000  
E31  26898162.500   141350797.4061      -3115.943          24.000    26898133.662   108307637.3141      -2389.674          18.000  
C19  25396510.667   132246299.5710       1971.537          27.000                                                                  
C11  26243684.148   136657822.5150      -2420.578          29.000                                                                  
C26  25062508.967   130507102.1560      -1044.916          38.000                                                                  
C12  24671459.963   128470765.7261        691.675          23.000                                                                  
C24  27211140.713   141695550.2811       1237.759          25.000                                                                  
C31  26341798.421   137168656.4391       1570.363          26.000                                                                  
R13  21619006.109   115444323.4290       -219.809          42.000                                                                  
R07  23006355.318   123154865.3110       1143.459          29.000    23006399.563    95787266.6341        897.257          15.000  
E11  24092640.910   126607676.8110        739.306          41.000    24092639.060    97011081.9040        566.035          37.000  
G21  22277191.401   117067407.1330       1895.309          26.000    22277183.648    91221339.5250       1477.097          29.000  
E25  26667273.850   140137494.4340       1594.756          39.000    26667284.975   107378095.3940       1221.481          25.000  
E16  24578388.650   129160290.1980       -737.033          42.000    24578389.691    98966941.8220       -564.662          41.000  
G19  22480559.205   118136204.0210      -1988.191          29.000                                                                  
G13  22235102.180   116846310.7980        401.519          45.000    22235098.503    91049014.1140        313.078          38.000  
E10  24940652.315   131064138.3430       -461.923          45.000    24940651.605   100425718.7920       -353.855          39.000  
> 2026  7 21 11 54 10.0040000  0 32                           
S35  39375645.517   206920448.9440       -486.061          41.000  
G11  21845982.097   114801499.5740       -718.443          40.000    21845975.638    89455623.4540       -559.521          32.000  
G12  22347098.955   117434816.4320        706.211          44.000    22347094.170    91507626.3000        550.795          33.000  
G06  23134135.044   121570667.9250      -2649.884          28.000                                                                  
E12  24897066.439   130834944.8830      -1549.458          25.000                                                                  
C39  25773692.349   134210379.1621      -3352.059          21.000                                                                  
C35  23664569.085   123227624.0040        233.753          45.000                                                                  
R12  21947479.681   117239561.5480      -3701.624          35.000    21947484.151    91186239.0480      -2879.053          29.000  
R22  21988952.484   117378534.7290      -2071.312          27.000    21988972.592    91294488.7041      -1607.650          21.000  
R06  24933593.127   133050430.1441      -2510.281          17.000                                                                  
R23  21592591.937   115505838.2560       -264.533          40.000                                                                  
G17  25564239.237   134340983.7291      -2732.453          24.000                                                                  
G25  24451771.333   128494925.6081       2308.153          26.000                                                                  
S31  38926961.134   204562555.2080       -488.940          36.000  
S33  39632040.643   208267809.8040       -487.715          44.000  
G05  24747748.866   130050297.4441       3238.518          21.000    24747736.855   101337844.9271       2529.728          12.000  
E31  26904100.109   141381999.4711      -3124.395          22.000    26904068.084   108331532.9861      -2385.180          18.000  
C19  25392725.530   132226604.2110       1967.438          26.000                                                                  
C11  26248342.417   136682041.6800      -2422.630          30.000                                                                  
C26  25064522.404   130517586.2160      -1051.898          37.000                                                                  
C12  24670157.805   128463984.9781        683.995          25.000                                                                  
C24  27208771.003   141683209.7641       1233.094          25.000                                                                  
C31  26338792.249   137152978.0430       1568.833          29.000                                                                  
R13  21619427.753   115446574.2880       -230.277          42.000                                                                  
R07  23004226.856   123143474.8580       1135.019          28.000    23004272.242    95778410.3381        882.890          16.000  
E11  24091238.210   126600306.7060        735.225          41.000    24091236.540    97005434.6530        563.598          37.000  
E25  26664244.099   140121571.6720       1590.430          40.000    26664261.828   107365932.9181       1219.781          24.000  
E16  24579797.000   129167690.0540       -742.809          42.000    24579797.650    98972611.8480       -569.250          41.000  
G19  22484347.529   118156110.3570      -1993.933          30.000                                                                  
G13  22234346.031   116842335.9510        393.749          45.000    22234342.141    91045916.8540        306.242          38.000  
E10  24941535.527   131068779.6870       -466.104          45.000    24941535.246   100429275.1290       -357.101          39.000  
G21                                                                  22273585.020    91206597.0270       1471.435          28.000  
