     3.05           O: OBSERVATION      G: GPS              RINEX VERSION / TYPE
PYRINEXCONV 0.1.2 ALDELTUNES            20260721 185412 UTC PGM / RUN BY / DATE
UNKN                                                        MARKER NAME
NONE                                                        MARKER TYPE
                                                            OBSERVER / AGENCY
                                                            REC # / TYPE / VERS
                                                            ANT # / TYPE
   112532.4433 -5325799.8386  3496080.5054                  APPROX POSITION XYZ
        0.0000        0.0000        0.0000                  ANTENNA: DELTA H/E/N
G    8 C1C L1C D1C S1C C2L L2L D2L S2L                      SYS / # / OBS TYPES
DBHZ                                                        SIGNAL STRENGTH UNIT
     1.000                                                  INTERVAL
  2026     7    21    18    44   30.0020000     GPS         TIME OF FIRST OBS
  2026     7    21    18    54   29.0030000     GPS         TIME OF LAST OBS
                                                            GLONASS SLOT / FRQ
 C1C    0.000 C1P    0.000 C2C    0.000 C2P    0.000        GLONASS COD/PHS/BIS
    18        2428     2GPS                                 LEAPSECONDS
     8                                                      # OF SATELLITES
                                                            END OF HEADER
> 2026  7 21 18 44 30.0020000  0 7                            
G23  21315610.342   112014288.0980       -499.933          47.000    21315609.774    87283857.9711       -389.941          47.000  
G15  23627768.576   124164761.7720      -4026.223          42.000    23627769.604    96751765.7511      -3134.961          40.000  
G27  24376199.474   128097792.0860      -1555.786          42.000    24376203.476    99816477.6161      -1212.695          42.000  
G18  21517158.399   113073429.9180      -2802.112          48.000    21517158.841    88109168.4381      -2183.301          49.000  
G10  22882185.135   120246693.5340        811.800          48.000    22882186.501    93698728.2431        633.057          44.000  
G24  21858212.837   114865683.4410      -1608.122          46.000    21858214.819    89505734.9361      -1252.930          44.000  
G32  23297045.110   122426798.2460       1396.881          47.000    23297048.762    95397519.4921       1089.014          44.000  
> 2026  7 21 18 44 31.0020000  0 7                            
G23  21315706.074   112014790.7290       -490.851          47.000    21315705.206    87284249.2680       -382.629          48.000  
G15  23628535.155   124168789.8590      -4017.534          42.000    23628536.048    96754904.6330      -3129.952          40.000  
G27  24376496.205   128099352.0640      -1547.644          43.000    24376499.930    99817691.6650      -1205.450          42.000  
G18  21517692.222   113076235.1390      -2793.280          48.000    21517692.449    88111352.5260      -2176.483          49.000  
G10  22882031.030   120245884.1830        820.769          48.000    22882032.357    93698096.7540        640.155          44.000  
G24  21858519.397   114867294.2710      -1599.569          46.000    21858521.151    89506989.4240      -1245.802          44.000  
G32  23296779.617   122425402.4670       1406.210          48.000    23296783.307    95396432.1940       1095.955          44.000  
> 2026  7 21 18 44 32.0020000  0 7                            
G23  21315798.812   112015278.4111       -484.375          46.000    21315798.007    87284628.6491       -378.125          48.000  
G15  23629298.362   124172801.3860      -3963.170          39.000    23629299.801    96758032.3761      -3125.732          40.000  
G27  24376789.645   128100893.8991      -1527.930          41.000    24376793.722    99818895.0891      -1201.660          42.000  
G18  21518223.119   113079025.3011      -2786.719          48.000    21518223.458    88113527.0581      -2172.461          49.000  
G10  22881873.898   120245058.4671        828.320          48.000    22881875.514    93697454.4441        644.922          44.000  
G24  21858823.033   114868890.3311      -1590.478          46.000    21858824.941    89508233.4951      -1240.918          44.000  
G32  23296511.404   122423993.2421       1412.695          47.000    23296515.187    95395334.4571       1099.316          44.000  
> 2026  7 21 18 44 33.0020000  0 7                            
G23  21315890.110   112015758.2760       -473.657          47.000    21315888.949    87285001.6270       -369.092          47.000  
G15  23630060.219   124176803.8330      -3996.921          42.000    23630061.953    96761152.6540      -3116.325          40.000  
G27  24377082.314   128102431.8150      -1530.420          43.000    24377085.774    99820090.2900      -1192.560          42.000  
G18  21518752.428   113081806.3890      -2776.654          49.000    21518752.597    88115694.3520      -2163.519          49.000  
G10  22881715.345   120244224.8180        838.522          48.000    22881716.682    93696804.3400        653.731          44.000  
G24  21859125.304   114870477.7990      -1583.578          46.000    21859126.769    89509469.3070      -1233.601          44.000  
G32  23296241.597   122422575.1460       1423.245          47.000    23296245.219    95394228.8890       1108.969          44.000  
> 2026  7 21 18 44 34.0020000  0 7                            
G23  21315978.473   112016222.9190       -464.191          47.000    21315977.513    87285363.6850       -361.609          48.000  
G15  23630819.579   124180794.1060      -3989.964          42.000    23630821.293    96764261.9320      -3109.269          40.000  
G27  24377371.734   128103953.3430      -1521.466          43.000    24377375.287    99821275.8860      -1185.468          42.000  
G18  21519279.056   113084574.1860      -2767.676          49.000    21519279.324    88117851.0850      -2156.720          49.000  
G10  22881553.810   120243376.5430        848.370          48.000    22881555.258    93696143.3720        660.809          44.000  
G24  21859424.763   114872051.6900      -1574.068          46.000    21859426.276    89510695.7430      -1226.636          44.000  
G32  23295968.904   122421142.7810       1432.219          47.000    23295972.655    95393112.7580       1116.038          44.000  
> 2026  7 21 18 44 35.0020000  0 7                            
G23  21316066.591   112016685.9970       -464.697          47.000    21316065.727    87285724.5240       -362.109          48.000  
G15  23631578.586   124184782.5830      -3989.826          42.000    23631580.325    96767369.8170      -3109.202          40.000  
G27  24377661.044   128105473.6250      -1522.058          43.000    24377664.627    99822460.5180      -1185.840          42.000  
G18  21519805.582   113087340.7420      -2768.359          49.000    21519805.765    88120006.8330      -2157.166          49.000  
G10  22881392.049   120242526.5340        848.505          48.000    22881393.433    93695481.0250        660.939          44.000  
G24  21859724.094   114873624.5440      -1574.877          46.000    21859725.571    89511921.3310      -1227.155          44.000  
G32  23295695.984   122419708.9010       1432.333          47.000    23295699.784    95391995.4540       1115.969          44.000  
> 2026  7 21 18 44 36.0020000  0 7                            
G23  21316154.966   112017150.3990       -468.658          47.000    21316154.153    87286086.4010       -365.338          48.000  
G15  23632337.828   124188772.2930      -3993.871          42.000    23632339.540    96770478.6580      -3111.951          40.000  
G27  24377950.594   128106995.5770      -1526.276          43.000    24377954.295    99823646.4590      -1189.307          42.000  
G18  21520332.293   113090108.9940      -2772.577          49.000    21520332.528    88122163.9100      -2160.474          49.000  
G10  22881230.472   120241677.7360        844.585          48.000    22881232.006    93694819.6080        658.209          44.000  
G24  21860023.714   114875199.2480      -1579.124          46.000    21860025.263    89513148.3820      -1230.686          44.000  
G32  23295423.381   122418276.4890       1428.211          48.000    23295427.167    95390879.3010       1112.626          44.000  
> 2026  7 21 18 44 37.0020000  0 7                            
G23  21316243.475   112017615.5980       -466.986          47.000    21316242.727    87286448.8860       -363.885          48.000  
G15  23633097.208   124192762.6290      -3991.816          42.000    23633098.913    96773588.0290      -3110.831          40.000  
G27  24378240.389   128108518.6640      -1525.146          43.000    24378244.265    99824833.2790      -1188.428          42.000  
G18  21520859.287   113092878.3930      -2771.319          49.000    21520859.644    88124321.8870      -2159.540          49.000  
G10  22881069.148   120240829.5900        846.426          48.000    22881070.662    93694158.7230        659.591          44.000  
G24  21860323.590   114876775.2770      -1577.974          46.000    21860325.200    89514376.4470      -1229.526          44.000  
G32  23295150.917   122416844.9850       1429.756          47.000    23295154.902    95389763.8360       1114.122          44.000  
> 2026  7 21 18 44 38.0020000  0 7                            
G23  21316332.442   112018083.0870       -468.536          47.000    21316331.737    87286813.1570       -364.984          48.000  
G15  23633856.993   124196755.1430      -3993.368          42.000    23633858.687    96776699.0730      -3111.806          40.000  
G27  24378530.587   128110044.3790      -1526.831          43.000    24378534.683    99826022.1340      -1189.606          42.000  
G18  21521386.753   113095650.4330      -2773.218          49.000    21521387.230    88126481.9140      -2160.980          49.000  
G10  22880908.118   120239983.5710        845.171          48.000    22880909.597    93693499.4940        658.563          44.000  
G24  21860623.966   114878354.1100      -1579.911          46.000    21860625.719    89515606.7150      -1231.152          44.000  
G32  23294878.990   122415415.8890       1427.969          48.000    23294882.891    95388650.2530       1112.818          44.000  
> 2026  7 21 18 44 39.0020000  0 7                            
G23  21316421.770   112018552.3400       -471.222          47.000    21316421.089    87287178.8130       -367.145          48.000  
G15  23634617.054   124200749.2930      -3995.997          42.000    23634618.740    96779812.3880      -3113.552          40.000  
G27  24378821.346   128111572.2130      -1529.840          43.000    24378825.440    99827214.6620      -1192.102          42.000  
G18  21521914.713   113098424.5970      -2776.245          49.000    21521915.214    88128643.6010      -2163.293          49.000  
G10  22880747.453   120239139.1900        842.730          48.000    22880748.939    93692841.5370        656.688          44.000  
G24  21860924.773   114879935.2450      -1583.023          46.000    21860926.634    89516839.7720      -1233.766          44.000  
G32  23294607.437   122413988.6540       1425.412          48.000    23294611.332    95387539.1390       1110.538          44.000  
> 2026  7 21 18 44 40.0020000  0 7                            
G23  21316511.071   112019021.5880       -469.281          47.000    21316510.288    87287544.4630       -365.698          47.000  
G15  23635377.093   124204743.3020      -3994.031          42.000    23635378.743    96782924.5970      -3112.072          40.000  
G27  24379112.148   128113100.4110      -1528.363          43.000    24379116.303    99828405.4610      -1191.193          42.000  
G18  21522442.718   113101199.1040      -2774.713          49.000    21522443.209    88130805.5640      -2162.231          48.000  
G10  22880586.801   120238294.6820        844.518          48.000    22880588.263    93692183.4810        657.969          44.000  
G24  21861225.696   114881516.9110      -1582.079          46.000    21861227.701    89518072.2210      -1232.667          44.000  
G32  23294335.937   122412561.5400       1426.930          48.000    23294339.733    95386427.0990       1111.983          44.000  
> 2026  7 21 18 44 41.0020000  0 7                            
G23  21316600.190   112019490.5200       -467.926          47.000    21316599.543    87287909.8560       -364.490          47.000  
G15  23636137.018   124208736.8610      -3992.306          42.000    23636138.659    96786036.4610      -3110.952          40.000  
G27  24379402.893   128114628.6090      -1527.393          43.000    24379407.203    99829596.2610      -1190.259          42.000  
G18  21522970.571   113103973.6580      -2773.779          48.000    21522971.154    88132967.5420      -2161.298          48.000  
G10  22880425.984   120237449.6870        846.191          48.000    22880427.536    93691525.0530        659.373          44.000  
G24  21861526.716   114883098.7540      -1580.954          46.000    21861528.652    89519304.8280      -1231.818          44.000  
G32  23294064.207   122411134.2120       1428.175          47.000    23294068.191    95385314.8990       1113.134          44.000  
> 2026  7 21 18 44 42.0020000  0 7                            
G23  21316689.292   112019958.1330       -466.687          47.000    21316688.619    87288274.2380       -363.745          47.000  
G15  23636896.644   124212728.9730      -3991.414          42.000    23636898.318    96789147.1920      -3109.883          40.000  
G27  24379693.578   128116155.8320      -1526.636          43.000    24379697.775    99830786.2950      -1189.532          42.000  
G18  21523498.381   113106747.2350      -2772.870          48.000    21523498.946    88135128.7700      -2160.590          48.000  
G10  22880264.952   120236603.2370        847.526          48.000    22880266.317    93690865.4770        660.529          44.000  
G24  21861827.693   114884679.8150      -1580.571          46.000    21861829.419    89520536.8210      -1231.496          44.000  
G32  23293792.286   122409705.6630       1429.478          47.000    23293796.358    95384201.7530       1113.708          43.000  
> 2026  7 21 18 44 43.0020000  0 7                            
G23  21316777.835   112020423.3920       -464.966          47.000    21316777.102    87288636.7810       -362.256          47.000  
G15  23637655.871   124216718.5920      -3989.272          42.000    23637657.533    96792255.9840      -3108.372          40.000  
G27  24379983.804   128117681.0090      -1524.927          43.000    24379988.082    99831974.7580      -1188.306          42.000  
G18  21524025.808   113109518.8070      -2771.283          48.000    21524026.335    88137288.4550      -2159.778          49.000  
G10  22880103.464   120235754.3090        849.079          48.000    22880104.867    93690203.9790        661.578          44.000  
G24  21862128.229   114886259.0370      -1579.097          46.000    21862129.931    89521767.3990      -1230.786          44.000  
G32  23293519.949   122408274.9000       1430.948          47.000    23293524.007    95383086.8790       1114.924          44.000  
> 2026  7 21 18 44 44.0020000  0 7                            
G23  21316865.516   112020884.3110       -455.646          47.000    21316864.740    87288995.9400       -354.980          47.000  
G15  23638414.296   124220703.7530      -3980.267          42.000    23638415.809    96795361.2930      -3101.075          40.000  
G27  24380273.270   128119202.2030      -1516.333          43.000    24380277.537    99833160.1030      -1181.476          42.000  
G18  21524552.545   113112286.4210      -2762.683          48.000    21524552.869    88139445.0150      -2152.722          49.000  
G10  22879941.025   120234900.8780        858.601          48.000    22879942.471    93689538.9800        668.950          44.000  
G24  21862428.071   114887834.4660      -1570.771          46.000    21862429.622    89522994.9960      -1224.037          44.000  
G32  23293246.967   122406839.9040       1439.960          47.000    23293250.983    95381968.7040       1121.991          44.000  
> 2026  7 21 18 44 45.0020000  0 7                            
G23  21316952.278   112021340.1730       -453.918          47.000    21316951.465    87289351.1480       -353.717          47.000  
G15  23639171.703   124224683.6910      -3977.864          42.000    23639173.170    96798462.5390      -3099.393          40.000  
G27  24380561.869   128120718.6680      -1514.667          43.000    24380566.110    99834341.7500      -1180.145          42.000  
G18  21525078.327   113115049.3040      -2761.163          48.000    21525078.645    88141597.9040      -2151.434          49.000  
G10  22879777.597   120234042.2380        860.795          48.000    22879779.121    93688869.9010        670.799          44.000  
G24  21862727.008   114889405.3190      -1569.178          46.000    21862728.500    89524219.0270      -1222.667          44.000  
G32  23292972.944   122405399.9280       1441.921          47.000    23292976.999    95380846.6450       1123.502          43.000  
> 2026  7 21 18 44 46.0020000  0 7                            
G23  21317039.048   112021796.6790       -447.583          47.000    21317038.295    87289706.8670       -348.779          47.000  
G15  23639929.021   124228664.1640      -3971.446          42.000    23639930.695    96801564.2240      -3094.568          40.000  
G27  24380850.656   128122236.1370      -1508.606          43.000    24380854.827    99835524.1990      -1175.775          42.000  
G18  21525604.367   113117813.1970      -2755.194          48.000    21525604.585    88143751.5820      -2146.851          49.000  
G10  22879614.230   120233184.1200        867.236          48.000    22879615.904    93688201.2370        675.897          44.000  
G24  21863026.176   114890977.3480      -1563.192          46.000    21863027.633    89525443.9900      -1217.981          44.000  
G32  23292699.011   122403960.7370       1448.085          47.000    23292703.180    95379725.1960       1128.410          44.000  
> 2026  7 21 18 44 47.0020000  0 7                            
G23  21317124.597   112022246.4220       -446.802          47.000    21317123.881    87290057.3120       -348.096          47.000  
G15  23640685.114   124232637.7410      -3970.540          41.000    23640686.927    96804660.5080      -3093.907          40.000  
G27  24381138.180   128123747.1780      -1508.203          43.000    24381142.318    99836701.6240      -1175.147          42.000  
G18  21526129.128   113120570.6740      -2754.699          48.000    21526129.262    88145900.2650      -2146.582          49.000  
G10  22879449.615   120232319.0980        868.161          48.000    22879451.264    93687527.1970        676.400          44.000  
G24  21863324.208   114892543.1460      -1563.059          46.000    21863325.536    89526664.0980      -1218.072          44.000  
G32  23292423.931   122402514.8890       1448.738          47.000    23292427.908    95378598.5600       1129.029          44.000  
> 2026  7 21 18 44 48.0020000  0 7                            
G23  21317209.545   112022692.3000       -446.362          47.000    21317208.755    87290404.7570       -347.736          47.000  
G15  23641440.508   124236607.3390      -3970.130          41.000    23641442.228    96807753.6900      -3093.302          40.000  
G27  24381425.037   128125254.7070      -1508.142          42.000    24381429.113    99837876.3170      -1175.006          42.000  
G18  21526653.229   113123324.6480      -2754.565          48.000    21526653.337    88148046.2140      -2146.362          49.000  
G10  22879284.335   120231450.0670        868.581          48.000    22879285.839    93686850.0310        676.909          44.000  
G24  21863621.548   114894105.6010      -1563.274          46.000    21863622.864    89527881.5970      -1218.007          44.000  
G32  23292148.159   122401065.2890       1449.412          47.000    23292152.142    95377469.0100       1129.235          44.000  
> 2026  7 21 18 44 49.0020000  0 7                            
G23  21317294.632   112023139.4150       -448.578          47.000    21317293.824    87290753.1570       -349.567          47.000  
G15  23642196.165   124240578.0070      -3972.025          41.000    23642197.872    96810847.7210      -3095.154          40.000  
G27  24381712.312   128126763.8100      -1510.815          42.000    24381716.260    99839052.2350      -1177.106          42.000  
G18  21527177.633   113126080.2050      -2757.184          49.000    21527177.671    88150193.4020      -2148.566          49.000  
G10  22879119.079   120230582.1120        866.640          49.000    22879120.668    93686173.7000        675.297          44.000  
G24  21863919.213   114895669.8020      -1565.865          46.000    21863920.650    89529100.4450      -1219.950          44.000  
G32  23291872.590   122399617.0360       1446.844          47.000    23291876.540    95376340.4980       1127.446          43.000  
> 2026  7 21 18 44 50.0020000  0 7                            
G23  21317380.195   112023589.0210       -452.222          47.000    21317379.390    87291103.4970       -352.277          47.000  
G15  23642952.221   124244551.0280      -3975.311          41.000    23642953.809    96813943.5750      -3097.603          40.000  
G27  24381999.948   128128275.7420      -1514.740          42.000    24382003.881    99840230.3540      -1180.121          42.000  
G18  21527702.517   113128838.6090      -2761.115          49.000    21527702.612    88152342.7960      -2151.343          49.000  
G10  22878954.381   120229716.5160        863.423          49.000    22878955.935    93685499.2170        672.846          44.000  
G24  21864217.524   114897237.0050      -1569.349          46.000    21864218.886    89530321.6520      -1222.891          44.000  
G32  23291597.359   122398171.3780       1443.307          47.000    23291601.335    95375214.0160       1124.587          44.000  
> 2026  7 21 18 44 51.0020000  0 7                            
G23  21317465.611   112024037.9190       -445.258          47.000    21317464.788    87291453.2970       -346.954          47.000  
G15  23643708.022   124248523.2270      -3968.271          41.000    23643709.743    96817038.7980      -3092.352          40.000  
G27  24382287.693   128129787.3030      -1508.228          42.000    24382291.617    99841408.2110      -1175.275          42.000  
G18  21528227.305   113131596.6570      -2754.626          49.000    21528227.514    88154491.9270      -2146.332          49.000  
G10  22878789.442   120228850.0840        870.212          48.000    22878791.080    93684824.0710        678.140          44.000  
G24  21864515.705   114898804.0700      -1563.600          46.000    21864517.099    89531542.7410      -1218.432          44.000  
G32  23291322.031   122396725.1320       1449.931          47.000    23291326.040    95374087.0810       1129.807          43.000  
> 2026  7 21 18 44 52.0020000  0 7                            
G23  21317550.531   112024484.3050       -445.740          47.000    21317549.790    87291801.1340       -347.357          47.000  
G15  23644463.406   124252492.7840      -3968.943          41.000    23644465.133    96820131.9440      -3092.393          40.000  
G27  24382574.908   128131296.6960      -1508.923          42.000    24382578.903    99842584.3490      -1175.610          42.000  
G18  21528751.709   113134352.5430      -2755.396          49.000    21528751.876    88156639.3770      -2147.077          49.000  
G10  22878624.109   120227980.9920        869.858          48.000    22878625.671    93684146.8600        677.914          44.000  
G24  21864813.476   114900369.1330      -1564.683          46.000    21864815.042    89532762.2700      -1219.212          44.000  
G32  23291046.327   122395276.4860       1449.351          47.000    23291050.329    95372958.2640       1129.360          43.000  
> 2026  7 21 18 44 53.0020000  0 7                            
G23  21317635.175   112024929.5040       -440.833          47.000    21317634.579    87292148.0410       -343.677          47.000  
G15  23645218.519   124256461.0070      -3963.781          41.000    23645220.247    96823224.0770      -3088.801          40.000  
G27  24382861.957   128132805.2360      -1504.480          42.000    24382865.950    99843759.8310      -1172.302          42.000  
G18  21529275.938   113137107.5910      -2750.775          49.000    21529276.147    88158786.1680      -2143.719          49.000  
G10  22878458.473   120227110.5620        874.810          48.000    22878459.947    93683468.6060        681.608          44.000  
G24  21865111.133   114901933.5150      -1560.299          46.000    21865112.729    89533981.2840      -1216.132          44.000  
G32  23290770.409   122393826.7600       1454.030          47.000    23290774.330    95371828.6220       1132.664          43.000  
> 2026  7 21 18 44 54.0020000  0 7                            
G23  21317719.426   112025372.7730       -442.426          47.000    21317718.853    87292493.4430       -344.690          47.000  
G15  23645973.390   124260427.1610      -3965.335          41.000    23645974.901    96826314.5720      -3089.785          40.000  
G27  24383148.764   128134312.1780      -1506.299          42.000    24383152.746    99844934.0790      -1173.755          42.000  
G18  21529799.872   113139861.0710      -2752.899          49.000    21529800.026    88160931.7330      -2145.020          49.000  
G10  22878292.437   120226238.0810        873.263          48.000    22878293.876    93682788.7440        680.640          44.000  
G24  21865408.521   114903496.5000      -1562.704          46.000    21865410.208    89535199.1820      -1217.636          44.000  
G32  23290494.127   122392375.2170       1452.135          47.000    23290498.091    95370697.5430       1131.705          43.000  
> 2026  7 21 18 44 55.0020000  0 7                            
G23  21317803.158   112025812.9300       -438.544          47.000    21317802.612    87292836.4240       -341.748          47.000  
G15  23646727.432   124264390.0780      -3961.202          41.000    23646728.996    96829402.5450      -3086.302          40.000  
G27  24383434.984   128135816.3660      -1502.789          42.000    24383439.033    99846106.1620      -1170.825          42.000  
G18  21530323.249   113142611.7830      -2749.255          49.000    21530323.561    88163075.1390      -2142.218          49.000  
G10  22878125.891   120225362.3090        877.485          48.000    22878127.284    93682106.3410        683.561          44.000  
G24  21865705.462   114905056.8760      -1558.983          46.000    21865707.218    89536415.0520      -1214.747          44.000  
G32  23290217.372   122390920.6550       1456.133          47.000    23290221.253    95369564.1190       1134.712          43.000  
> 2026  7 21 18 44 56.0020000  0 7                            
G23  21317886.680   112026251.8090       -443.512          47.000    21317886.192    87293178.4150       -345.715          47.000  
G15  23647481.404   124268351.5800      -3966.456          41.000    23647482.837    96832489.4510      -3090.861          40.000  
G27  24383721.061   128137319.5870      -1507.935          42.000    24383725.211    99847277.5060      -1175.116          42.000  
G18  21530846.529   113145361.5740      -2754.522          49.000    21530846.794    88165217.8440      -2146.704          48.000  
G10  22877959.029   120224485.1670        872.135          48.000    22877960.505    93681422.8610        679.293          44.000  
G24  21866002.300   114906616.5370      -1565.399          46.000    21866004.054    89537630.3860      -1220.051          44.000  
G32  23289940.322   122389464.9660       1450.528          47.000    23289944.206    95368429.8280       1130.273          43.000  
> 2026  7 21 18 44 57.0020000  0 7                            
G23  21317970.039   112026689.8380       -432.196          47.000    21317969.408    87293519.7300       -336.743          47.000  
G15  23648234.958   124272312.0920      -3954.736          41.000    23648236.520    96835575.5490      -3081.613          40.000  
G27  24384006.985   128138822.3200      -1497.235          42.000    24384011.193    99848448.4560      -1166.589          42.000  
G18  21531369.659   113148110.8780      -2743.781          49.000    21531369.952    88167360.1470      -2137.970          48.000  
G10  22877791.937   120223606.9710        884.267          48.000    22877793.377    93680738.5460        689.020          44.000  
G24  21866298.949   114908175.7880      -1553.510          46.000    21866300.770    89538845.3750      -1210.319          44.000  
G32  23289663.184   122388008.4890       1462.349          47.000    23289667.157    95367294.9170       1139.446          43.000  
> 2026  7 21 18 44 58.0020000  0 7                            
G23  21318052.685   112027122.0750       -432.043          47.000    21318051.961    87293858.0990       -336.761          47.000  
G15  23648987.856   124276269.1930      -3954.760          41.000    23648989.529    96838658.6220      -3081.888          40.000  
G27  24384292.105   128140319.0780      -1497.522          42.000    24384296.523    99849616.7190      -1166.895          42.000  
G18  21531892.186   113150856.7240      -2743.890          49.000    21531892.402    88169499.7740      -2138.324          48.000  
G10  22877624.038   120222725.3860        884.067          48.000    22877625.510    93680051.2090        688.821          44.000  
G24  21866594.990   114909731.8370      -1554.900          46.000    21866596.834    89540057.8910      -1211.803          44.000  
G32  23289385.315   122386545.3720       1461.837          47.000    23289389.262    95366157.1630       1138.985          43.000  
> 2026  7 21 18 44 59.0020000  0 7                            
G23  21318134.237   112027551.0090       -426.703          47.000    21318133.580    87294192.3280       -332.330          47.000  
G15  23649739.723   124280220.3390      -3949.087          41.000    23649741.344    96841737.4220      -3077.072          40.000  
G27  24384576.483   128141813.3750      -1492.187          42.000    24384580.816    99850781.0950      -1162.622          42.000  
G18  21532413.735   113153597.6170      -2738.714          49.000    21532413.963    88171635.5280      -2134.009          48.000  
G10  22877455.106   120221837.8350        889.799          48.000    22877456.581    93679359.6100        693.483          44.000  
G24  21866890.194   114911283.0420      -1549.187          46.000    21866891.948    89541266.6300      -1207.198          44.000  
G32  23289106.447   122385080.0350       1467.517          48.000    23289110.328    95365015.3350       1143.722          43.000  
> 2026  7 21 18 45  0.0020000  0 7                            
G23  21318215.448   112027977.5900       -428.247          47.000    21318214.683    87294524.3410       -333.643          47.000  
G15  23650491.218   124284169.9710      -3950.012          41.000    23650492.622    96844813.8930      -3078.112          40.000  
G27  24384860.599   128143307.1670      -1494.043          42.000    24384864.752    99851943.5330      -1164.301          42.000  
G18  21532934.869   113156335.5140      -2740.442          49.000    21532935.136    88173769.3480      -2135.645          48.000  
G10  22877285.749   120220947.7730        888.820          48.000    22877287.124    93678665.6720        692.522          44.000  
G24  21867185.012   114912832.4300      -1550.700          46.000    21867186.778    89542473.5580      -1208.658          44.000  
G32  23288827.082   122383611.4530       1466.101          48.000    23288830.911    95363871.3870       1142.297          43.000  
> 2026  7 21 18 45  1.0020000  0 7                            
G23  21318296.714   112028404.0240       -432.776          47.000    21318295.942    87294857.0050       -337.115          47.000  
G15  23651242.599   124288118.8840      -3954.726          41.000    23651244.032    96847890.9440      -3081.270          40.000  
G27  24385144.691   128144799.6550      -1499.029          42.000    24385148.848    99853106.8860      -1167.920          42.000  
G18  21533456.274   113159074.6240      -2745.532          48.000    21533456.437    88175904.0970      -2139.398          48.000  
G10  22877116.360   120220057.9520        884.145          48.000    22877117.819    93677972.2960        688.989          44.000  
G24  21867480.013   114914382.2190      -1556.064          46.000    21867481.689    89543681.5630      -1212.556          44.000  
G32  23288547.838   122382143.8450       1461.399          48.000    23288551.727    95362728.1830       1138.654          44.000  
> 2026  7 21 18 45  2.0020000  0 7                            
G23  21318377.478   112028828.7770       -422.845          47.000    21318376.708    87295187.9910       -329.510          47.000  
G15  23651993.629   124292065.4680      -3944.736          41.000    23651995.086    96850966.2240      -3074.029          40.000  
G27  24385428.441   128146290.8160      -1489.703          42.000    24385432.626    99854268.8380      -1160.736          42.000  
G18  21533977.306   113161812.4080      -2736.206          48.000    21533977.454    88178037.4360      -2132.147          48.000  
G10  22876946.540   120219165.8070        893.966          48.000    22876947.911    93677277.1290        696.410          44.000  
G24  21867774.710   114915930.8650      -1547.218          46.000    21867776.428    89544888.2950      -1205.445          44.000  
G32  23288268.302   122380674.6750       1470.998          48.000    23288272.117    95361583.3750       1146.264          44.000  
> 2026  7 21 18 45  3.0020000  0 7                            
G23  21318458.196   112029252.7490       -420.850          47.000    21318457.439    87295518.3580       -328.052          47.000  
G15  23652744.524   124296011.1440      -3942.965          41.000    23652745.903    96854040.7690      -3072.592          40.000  
G27  24385712.103   128147781.4960      -1487.695          42.000    24385716.217    99855431.4130      -1159.393          42.000  
G18  21534498.296   113164549.7500      -2734.576          48.000    21534498.410    88180170.4340      -2130.981          48.000  
G10  22876776.665   120218272.7140        896.126          48.000    22876778.014    93676581.2280        697.908          44.000  
G24  21868069.369   114917479.2400      -1546.300          46.000    21868071.152    89546094.8330      -1205.034          44.000  
G32  23287988.711   122379204.8320       1472.553          48.000    23287992.345    95360438.0450       1147.618          43.000  
> 2026  7 21 18 45  4.0020000  0 7                            
G23  21318537.918   112029671.6230       -420.868          47.000    21318537.207    87295844.7480       -327.869          47.000  
G15  23653494.308   124299951.5810      -3942.513          41.000    23653495.777    96857111.2070      -3071.663          40.000  
G27  24385994.898   128149267.4570      -1487.976          42.000    24385998.888    99856589.2830      -1159.351          42.000  
G18  21535018.296   113167282.3460      -2734.662          49.000    21535018.383    88182299.7190      -2130.859          48.000  
G10  22876605.767   120217374.4000        896.445          48.000    22876607.045    93675881.2270        698.601          44.000  
G24  21868363.128   114919022.9900      -1545.979          46.000    21868364.759    89547297.7570      -1204.669          44.000  
G32  23287708.127   122377729.9920       1472.859          48.000    23287711.663    95359288.8270       1147.724          44.000  
> 2026  7 21 18 45  5.0020000  0 7                            
G23  21318617.990   112030092.7540       -423.785          47.000    21318617.263    87296172.9090       -330.200          47.000  
G15  23654244.673   124303894.1090      -3944.883          41.000    23654246.030    96860183.3480      -3074.362          40.000  
G27  24386278.147   128150756.0100      -1491.260          42.000    24386282.098    99857749.2120      -1162.256          42.000  
G18  21535538.830   113170017.5560      -2737.915          49.000    21535538.935    88184431.0540      -2133.472          49.000  
G10  22876435.171   120216478.2030        893.508          48.000    22876436.538    93675182.9010        696.040          44.000  
G24  21868657.429   114920569.5690      -1549.756          46.000    21868659.129    89548502.8800      -1207.603          44.000  
G32  23287427.874   122376257.5300       1469.766          48.000    23287431.571    95358141.4610       1145.066          44.000  
> 2026  7 21 18 45  6.0020000  0 7                            
G23  21318698.238   112030514.2470       -423.303          47.000    21318697.502    87296501.3360       -329.828          47.000  
G15  23654995.024   124307836.8880      -3944.356          41.000    23654996.255    96863255.6230      -3073.553          40.000  
G27  24386561.592   128152245.2490      -1491.040          42.000    24386565.545    99858909.6480      -1161.810          42.000  
G18  21536059.436   113172753.4830      -2737.909          49.000    21536059.584    88186562.9350      -2133.276          48.000  
G10  22876264.677   120215582.2000        894.403          48.000    22876266.031    93674484.7050        697.079          44.000  
G24  21868951.950   114922116.9960      -1549.325          46.000    21868953.644    89549708.6730      -1207.354          44.000  
G32  23287147.781   122374785.5250       1470.243          48.000    23287151.483    95356994.4340       1145.654          44.000  
> 2026  7 21 18 45  7.0020000  0 7                            
G23  21318779.009   112030938.3290       -427.393          47.000    21318778.242    87296831.7990       -333.173          47.000  
G15  23655745.796   124311782.1410      -3949.054          41.000    23655747.093    96866329.8260      -3076.836          40.000  
G27  24386845.550   128153737.4330      -1495.892          42.000    24386849.514    99860072.3760      -1165.570          42.000  
G18  21536580.568   113175492.3470      -2742.383          49.000    21536580.797    88188697.1290      -2137.183          49.000  
G10  22876094.736   120214688.6750        889.984          48.000    22876096.020    93673788.4720        693.280          44.000  
G24  21869247.003   114923667.5790      -1554.850          46.000    21869248.822    89550916.9220      -1211.571          44.000  
G32  23286868.165   122373316.2530       1465.499          48.000    23286871.835    95355849.5690       1141.581          44.000  
> 2026  7 21 18 45  8.0020000  0 7                            
G23  21318859.581   112031361.6090       -426.007          47.000    21318858.769    87297161.6270       -331.970          47.000  
G15  23656496.286   124315726.4070      -3946.750          41.000    23656497.567    96869403.3020      -3075.380          40.000  
G27  24387129.443   128155229.1280      -1494.495          42.000    24387133.393    99861234.7330      -1164.526          42.000  
G18  21537101.712   113178230.7640      -2741.138          49.000    21537101.984    88190830.9460      -2136.011          49.000  
G10  22875924.496   120213794.1830        891.963          48.000    22875925.774    93673091.4440        695.303          44.000  
G24  21869542.030   114925217.8240      -1553.026          46.000    21869543.796    89552124.9020      -1210.180          44.000  
G32  23286588.538   122371846.2610       1467.249          48.000    23286592.151    95354704.1070       1143.360          44.000  
> 2026  7 21 18 45  9.0020000  0 7                            
G23  21318940.399   112031786.4080       -425.793          47.000    21318939.722    87297492.6330       -331.818          47.000  
G15  23657247.094   124319672.0830      -3946.457          41.000    23657248.308    96872477.8310      -3075.229          40.000  
G27  24387413.679   128156722.6590      -1494.714          42.000    24387417.651    99862398.5370      -1164.838          41.000  
G18  21537623.153   113180971.0450      -2741.443          49.000    21537623.458    88192966.2300      -2136.224          49.000  
G10  22875754.592   120212901.0710        892.247          48.000    22875755.859    93672395.5270        695.340          44.000  
G24  21869837.424   114926770.1380      -1553.514          46.000    21869839.221    89553334.5040      -1210.598          44.000  
G32  23286309.006   122370377.9050       1467.300          47.000    23286312.727    95353559.9310       1143.462          44.000  
> 2026  7 21 18 45 10.0020000  0 7                            
G23  21319021.478   112032212.4710       -427.081          47.000    21319020.820    87297824.6280       -332.849          47.000  
G15  23657998.178   124323618.8830      -3947.633          42.000    23657999.399    96875553.2480      -3075.992          40.000  
G27  24387698.169   128158217.8090      -1496.393          43.000    24387702.069    99863563.5740      -1165.991          41.000  
G18  21538144.855   113183712.9420      -2743.127          49.000    21538145.130    88195102.7670      -2137.427          49.000  
G10  22875584.799   120212009.0830        891.041          48.000    22875586.160    93671700.4710        694.144          44.000  
G24  21870133.106   114928324.2460      -1555.365          46.000    21870134.864    89554545.4770      -1211.799          44.000  
G32  23286029.813   122368910.9200       1465.855          47.000    23286033.613    95352416.8420       1142.189          44.000  
> 2026  7 21 18 45 11.0020000  0 7                            
G23  21319103.159   112032641.5670       -431.586          47.000    21319102.467    87298158.9900       -336.340          47.000  
G15  23658749.922   124327568.5790      -3952.263          42.000    23658750.986    96878630.9410      -3079.666          40.000  
G27  24387983.372   128159716.3090      -1501.129          43.000    24387987.170    99864731.2560      -1169.940          41.000  
G18  21538667.287   113186458.2220      -2747.931          49.000    21538667.630    88197241.9480      -2141.241          49.000  
G10  22875415.519   120211119.9930        886.702          48.000    22875416.892    93671007.6740        690.896          44.000  
G24  21870429.587   114929881.8920      -1560.511          46.000    21870431.374    89555759.2530      -1216.187          44.000  
G32  23285751.267   122367447.0870       1461.234          47.000    23285755.037    95351276.1900       1138.694          44.000  
> 2026  7 21 18 45 12.0020000  0 7                            
G23  21319185.736   112033074.5890       -435.223          47.000    21319184.909    87298496.4170       -339.282          47.000  
G15  23659502.303   124331522.0520      -3955.602          42.000    23659503.367    96881711.5720      -3082.249          40.000  
G27  24388269.262   128161219.1060      -1505.157          43.000    24388273.239    99865902.2590      -1172.870          41.000  
G18  21539190.452   113189207.7840      -2752.002          49.000    21539190.817    88199384.4670      -2144.434          49.000  
G10  22875247.109   120210234.6800        883.065          48.000    22875248.361    93670317.8120        688.138          44.000  
G24  21870726.835   114931443.9900      -1564.614          46.000    21870728.592    89556976.4580      -1219.162          44.000  
G32  23285473.480   122365987.2920       1457.342          47.000    23285477.190    95350138.6830       1135.632          44.000  
> 2026  7 21 18 45 13.0020000  0 7                            
G23  21319268.939   112033511.7580       -436.450          47.000    21319268.071    87298837.0610       -340.118          47.000  
G15  23660255.455   124335479.5280      -3956.366          41.000    23660256.447    96884795.3320      -3082.995          40.000  
G27  24388556.072   128162726.3710      -1506.812          43.000    24388560.060    99867076.7390      -1174.091          41.000  
G18  21539714.549   113191961.8330      -2753.460          49.000    21539714.765    88201530.4780      -2145.587          49.000  
G10  22875079.454   120209353.3590        882.145          48.000    22875080.658    93669631.0720        687.520          44.000  
G24  21871024.884   114933010.7580      -1566.438          46.000    21871026.700    89558197.3270      -1220.596          44.000  
G32  23285196.474   122364531.7370       1456.237          47.000    23285200.190    95349004.4990       1134.671          44.000  
> 2026  7 21 18 45 14.0020000  0 7                            
G23  21319352.550   112033951.1230       -440.704          47.000    21319351.618    87299179.4250       -343.445          47.000  
G15  23661008.973   124339439.1130      -3960.856          42.000    23661009.900    96887880.6960      -3086.409          40.000  
G27  24388843.369   128164236.1660      -1511.261          43.000    24388847.314    99868253.2080      -1177.838          41.000  
G18  21540239.044   113194718.4510      -2758.056          48.000    21540239.335    88203678.4860      -2149.194          48.000  
G10  22874912.075   120208474.1030        878.035          48.000    22874913.274    93668945.9480        684.147          44.000  
G24  21871323.463   114934580.2500      -1571.147          46.000    21871325.344    89559420.2960      -1224.327          44.000  
G32  23284919.949   122363078.5140       1451.893          47.000    23284923.655    95347872.1180       1131.277          44.000  
> 2026  7 21 18 45 15.0020000  0 7                            
G23  21319436.890   112034394.4420       -443.976          47.000    21319436.016    87299524.8730       -345.898          47.000  
G15  23661763.199   124343402.4760      -3963.851          42.000    23661764.156    96890969.0380      -3088.789          40.000  
G27  24389131.565   128165750.2680      -1515.198          43.000    24389135.527    99869433.0220      -1180.505          41.000  
G18  21540764.444   113197479.3710      -2761.835          48.000    21540764.770    88205829.8430      -2152.008          48.000  
G10  22874745.519   120207598.6550        875.045          48.000    22874746.657    93668263.7880        681.821          44.000  
G24  21871622.959   114936154.1930      -1574.630          46.000    21871624.905    89560646.7490      -1226.958          44.000  
G32  23284644.148   122361629.3370       1448.561          47.000    23284647.944    95346742.8960       1128.695          44.000  
> 2026  7 21 18 45 16.0020000  0 7                            
G23  21319522.058   112034842.1610       -453.809          47.000    21319521.129    87299873.7420       -353.662          47.000  
G15  23662518.235   124347370.1080      -3973.999          42.000    23662519.191    96894060.6890      -3096.313          40.000  
G27  24389420.586   128167269.0820      -1525.116          43.000    24389424.555    99870616.5230      -1188.660          41.000  
G18  21541290.652   113200245.0230      -2771.814          48.000    21541290.942    88207984.9000      -2159.869          48.000  
G10  22874579.784   120206727.4960        864.544          48.000    22874580.936    93667584.9480        673.876          44.000  
G24  21871923.458   114937733.1120      -1586.213          46.000    21871925.348    89561877.0690      -1235.850          44.000  
G32  23284369.310   122360184.6930       1438.121          48.000    23284373.060    95345617.1930       1120.773          44.000  
> 2026  7 21 18 45 17.0020000  0 7                            
G23  21319606.996   112035288.4460       -442.242          47.000    21319606.001    87300221.5000       -344.672          47.000  
G15  23663272.885   124351336.1570      -3961.960          42.000    23663273.922    96897151.1060      -3087.004          40.000  
G27  24389709.390   128168786.8160      -1513.934          43.000    24389713.394    99871799.1710      -1179.669          41.000  
G18  21541816.751   113203009.6140      -2760.815          48.000    21541817.016    88210139.1220      -2151.276          48.000  
G10  22874413.599   120205854.7040        877.108          48.000    22874414.773    93666904.8560        683.620          44.000  
G24  21872223.768   114939311.0310      -1573.867          46.000    21872225.565    89563106.6150      -1226.506          44.000  
G32  23284094.064   122358738.6940       1449.982          47.000    23284097.869    95344490.4620       1129.539          44.000  
> 2026  7 21 18 45 18.0020000  0 7                            
G23  21319692.078   112035735.6560       -449.335          46.000    21319691.059    87300569.9730       -350.104          47.000  
G15  23664027.799   124355303.0070      -3968.933          42.000    23664028.668    96900242.1700      -3092.490          40.000  
G27  24389998.452   128170305.8120      -1521.112          42.000    24390002.422    99872982.8030      -1185.486          41.000  
G18  21542343.041   113205775.4720      -2768.200          48.000    21542343.278    88212294.3290      -2157.013          48.000  
G10  22874247.709   120204982.7310        869.879          48.000    22874248.842    93666225.3990        677.947          44.000  
G24  21872524.360   114940890.4450      -1581.773          46.000    21872526.111    89564337.3230      -1232.502          44.000  
G32  23283819.116   122357293.7470       1442.802          47.000    23283823.034    95343364.5240       1124.297          44.000  
> 2026  7 21 18 45 19.0020000  0 7                            
G23  21319778.174   112036187.8700       -454.877          46.000    21319777.108    87300922.3450       -354.498          47.000  
G15  23664783.687   124359274.7150      -3974.092          42.000    23664784.569    96903337.0080      -3096.798          40.000  
G27  24390288.558   128171830.1650      -1527.319          42.000    24390292.489    99874170.5980      -1190.015          42.000  
G18  21542870.363   113208546.6790      -2774.035          48.000    21542870.489    88214453.7100      -2161.633          48.000  
G10  22874082.623   120204115.6120        864.474          48.000    22874083.751    93665549.7240        673.606          44.000  
G24  21872825.907   114942475.3730      -1588.003          46.000    21872827.768    89565572.3330      -1237.325          44.000  
G32  23283545.211   122355853.9140       1436.945          47.000    23283549.009    95342242.5800       1119.617          44.000  
> 2026  7 21 18 45 20.0020000  0 7                            
G23  21319865.183   112036645.2300       -459.894          46.000    21319864.176    87301278.7320       -358.319          47.000  
G15  23665540.482   124363251.4470      -3979.247          42.000    23665541.345    96906435.7570      -3100.727          40.000  
G27  24390579.746   128173359.9950      -1532.526          42.000    24390583.497    99875362.6760      -1194.250          42.000  
G18  21543398.803   113211323.3880      -2779.449          48.000    21543398.747    88216617.3800      -2165.826          48.000  
G10  22873918.539   120203253.4870        859.640          48.000    22873919.683    93664877.9480        669.734          44.000  
G24  21873128.582   114944065.9600      -1593.345          46.000    21873130.470    89566811.7520      -1241.528          44.000  
G32  23283272.179   122354419.3270       1432.000          47.000    23283275.998    95341124.7250       1115.849          44.000  
> 2026  7 21 18 45 21.0020000  0 7                            
G23  21319953.484   112037109.2780       -469.537          46.000    21319952.419    87301640.3270       -365.839          47.000  
G15  23666298.533   124367234.7250      -3988.784          42.000    23666299.393    96909539.6390      -3108.676          40.000  
G27  24390872.215   128174896.8320      -1542.474          42.000    24390875.989    99876560.2170      -1201.941          41.000  
G18  21543928.625   113214107.1400      -2789.655          48.000    21543928.576    88218786.5360      -2173.682          48.000  
G10  22873755.686   120202397.9200        850.138          48.000    22873756.932    93664211.2780        662.223          44.000  
G24  21873432.671   114945663.7770      -1603.924          46.000    21873434.552    89568056.8120      -1249.980          44.000  
G32  23283000.494   122352991.5500       1422.114          47.000    23283004.459    95340012.1920       1107.797          44.000  
> 2026  7 21 18 45 22.0020000  0 7                            
G23  21320042.492   112037577.0190       -460.638          46.000    21320041.462    87302004.8070       -358.936          47.000  
G15  23667057.186   124371221.5610      -3979.696          42.000    23667058.052    96912646.2370      -3101.116          40.000  
G27  24391165.362   128176437.7210      -1534.039          42.000    24391169.171    99877760.9190      -1195.557          42.000  
G18  21544459.216   113216894.9360      -2780.957          48.000    21544458.937    88220958.8340      -2166.840          48.000  
G10  22873593.399   120201545.8900        859.361          48.000    22873594.794    93663547.3540        669.582          44.000  
G24  21873737.550   114947265.7790      -1595.084          46.000    21873739.377    89569305.1220      -1242.951          44.000  
G32  23282729.430   122351567.5790       1431.042          47.000    23282733.511    95338902.5850       1115.219          44.000  
> 2026  7 21 18 45 23.0020000  0 7                            
G23  21320131.437   112038044.5860       -468.591          46.000    21320130.506    87302369.1450       -365.167          47.000  
G15  23667815.777   124375208.0830      -3987.675          42.000    23667816.760    96915752.6230      -3107.623          40.000  
G27  24391458.609   128177978.7510      -1542.194          42.000    24391462.505    99878961.7090      -1201.971          42.000  
G18  21544989.680   113219682.8890      -2789.197          48.000    21544989.554    88223131.2710      -2173.468          48.000  
G10  22873431.204   120200693.5700        850.826          48.000    22873432.658    93662883.2130        662.812          44.000  
G24  21874042.513   114948868.1780      -1604.774          46.000    21874044.274    89570553.7590      -1250.797          44.000  
G32  23282458.427   122350143.5530       1422.445          47.000    23282462.481    95337792.9740       1108.226          44.000  
> 2026  7 21 18 45 24.0020000  0 7                            
G23  21320220.307   112038512.1410       -470.953          47.000    21320219.517    87302733.4680       -367.035          47.000  
G15  23668574.395   124379194.4560      -3989.631          42.000    23668575.239    96918858.8530      -3108.541          40.000  
G27  24391751.915   128179520.1010      -1544.818          42.000    24391755.850    99880162.7470      -1203.772          42.000  
G18  21545520.180   113222471.1930      -2791.864          49.000    21545520.080    88225303.9720      -2175.482          48.000  
G10  22873268.939   120199841.0650        849.022          48.000    22873270.358    93662218.9170        661.615          44.000  
G24  21874347.481   114950471.0100      -1606.788          47.000    21874349.324    89571802.7140      -1252.217          44.000  
G32  23282187.386   122348719.6000       1420.435          47.000    23282191.535    95336683.3870       1106.821          44.000  
> 2026  7 21 18 45 25.0020000  0 7                            
G23  21320310.269   112038984.9970       -474.109          47.000    21320309.484    87303101.9250       -369.360          47.000  
G15  23669334.127   124383185.9910      -3992.775          42.000    23669334.790    96921969.1550      -3111.307          40.000  
G27  24392046.276   128181067.0900      -1548.285          42.000    24392050.254    99881368.1920      -1206.549          42.000  
G18  21546051.898   113225265.1480      -2795.312          49.000    21546051.749    88227481.0800      -2178.198          48.000  
G10  22873107.711   120198993.7210        846.222          48.000    22873109.025    93661558.6450        659.571          44.000  
G24  21874653.607   114952079.6830      -1610.104          47.000    21874655.385    89573056.2100      -1254.515          44.000  
G32  23281917.440   122347301.0640       1417.247          47.000    23281921.587    95335578.0320       1104.382          44.000  
> 2026  7 21 18 45 26.0020000  0 7                            
G23  21320400.764   112039460.8050       -478.125          47.000    21320400.000    87303472.6850       -372.656          47.000  
G15  23670094.270   124387180.3300      -3996.485          42.000    23670094.955    96925081.6170      -3114.028          40.000  
G27  24392341.320   128182617.3630      -1552.576          42.000    24392345.241    99882576.2030      -1209.802          42.000  
G18  21546584.168   113228062.4110      -2799.719          49.000    21546584.165    88229660.7570      -2181.592          48.000  
G10  22872946.976   120198149.1950        842.331          48.000    22872948.428    93660900.5730        656.267          44.000  
G24  21874960.426   114953691.8530      -1614.927          47.000    21874962.192    89574312.4460      -1258.277          44.000  
G32  23281648.054   122345885.6010       1412.992          47.000    23281652.166    95334475.0750       1101.224          44.000  
> 2026  7 21 18 45 27.0020000  0 7                            
G23  21320492.092   112039940.9650       -482.556          47.000    21320491.309    87303846.8310       -375.964          47.000  
G15  23670855.161   124391178.9030      -4000.954          42.000    23670855.889    96928197.4040      -3117.659          40.000  
G27  24392637.163   128184172.3410      -1557.587          42.000    24392641.090    99883787.8740      -1213.599          42.000  
G18  21547117.390   113230864.3640      -2804.480          49.000    21547117.430    88231844.1030      -2185.425          48.000  
G10  22872787.025   120197308.8700        838.062          48.000    22872788.520    93660245.7850        652.980          44.000  
G24  21875268.123   114955308.8710      -1619.578          47.000    21875269.949    89575572.4660      -1262.071          44.000  
G32  23281379.622   122344474.5870       1408.556          48.000    23281383.725    95333375.5840       1097.823          44.000  
> 2026  7 21 18 45 28.0020000  0 7                            
G23  21320584.399   112040425.6620       -486.658          47.000    21320583.590    87304224.5190       -379.199          47.000  
G15  23671616.912   124395181.8670      -4005.014          42.000    23671617.731    96931316.5950      -3120.714          40.000  
G27  24392933.982   128185732.1890      -1561.865          42.000    24392937.899    99885003.3340      -1216.925          42.000  
G18  21547651.477   113233671.2090      -2808.862          49.000    21547651.610    88234031.2470      -2188.800          48.000  
G10  22872627.972   120196472.9490        834.103          48.000    22872629.417    93659594.4200        649.853          44.000  
G24  21875576.828   114956930.9630      -1624.255          47.000    21875578.685    89576836.4420      -1265.685          44.000  
G32  23281112.090   122343068.2330       1404.230          48.000    23281116.183    95332279.7370       1094.230          44.000  
> 2026  7 21 18 45 29.0020000  0 7                            
G23  21320677.224   112040913.5320       -489.526          47.000    21320676.513    87304604.6860       -381.683          47.000  
G15  23672379.222   124399187.8610      -4007.572          42.000    23672380.095    96934438.1350      -3122.782          40.000  
G27  24393231.529   128187295.5640      -1565.320          42.000    24393235.343    99886221.5450      -1219.666          42.000  
G18  21548186.301   113236481.5700      -2812.201          49.000    21548186.424    88236221.1440      -2191.321          48.000  
G10  22872469.568   120195640.0470        831.074          48.000    22872470.967    93658945.3960        647.709          44.000  
G24  21875886.163   114958556.7440      -1627.832          47.000    21875888.072    89578103.2840      -1268.334          44.000  
G32  23280845.071   122341665.1510       1401.260          48.000    23280849.233    95331186.4360       1091.776          44.000  
> 2026  7 21 18 45 30.0020000  0 7                            
G23  21320770.781   112041405.2470       -494.165          47.000    21320770.127    87304987.8380       -385.126          47.000  
G15  23673142.262   124403197.5620      -4011.984          42.000    23673143.086    96937562.5860      -3126.435          40.000  
G27  24393529.800   128188863.1050      -1570.209          42.000    24393533.640    99887443.0110      -1223.456          41.000  
G18  21548721.906   113239296.1370      -2817.236          49.000    21548722.031    88238414.3090      -2195.221          48.000  
G10  22872311.730   120194810.8530        826.725          48.000    22872313.309    93658299.2800        644.273          44.000  
G24  21876196.354   114960186.8800      -1632.784          47.000    21876198.211    89579373.5250      -1272.409          44.000  
G32  23280578.826   122340266.0330       1396.598          48.000    23280582.922    95330096.2110       1088.239          44.000  
> 2026  7 21 18 45 31.0020000  0 7                            
G23  21320865.231   112041901.6380       -498.468          47.000    21320864.619    87305374.6340       -388.422          47.000  
G15  23673906.206   124407211.8100      -4016.062          42.000    23673907.054    96940690.5830      -3129.808          40.000  
G27  24393829.011   128190435.6720      -1574.854          42.000    24393832.944    99888668.3920      -1227.521          41.000  
G18  21549258.488   113242115.7280      -2821.869          49.000    21549258.562    88240611.3920      -2198.950          48.000  
G10  22872154.781   120193986.1930        822.488          48.000    22872156.479    93657656.6870        640.907          44.000  
G24  21876507.602   114961822.2210      -1637.742          47.000    21876509.392    89580647.8130      -1276.083          44.000  
G32  23280313.447   122338871.7080       1392.145          48.000    23280317.536    95329009.7320       1084.731          44.000  
> 2026  7 21 18 45 32.0020000  0 7                            
G23  21320960.447   112042402.1500       -502.600          47.000    21320959.821    87305764.6480       -391.699          47.000  
G15  23674670.847   124411230.0380      -4020.223          42.000    23674671.706    96943821.6590      -3132.849          40.000  
G27  24394129.043   128192012.6780      -1579.425          42.000    24394133.012    99889897.2200      -1230.670          42.000  
G18  21549795.867   113244939.7770      -2826.184          49.000    21549795.993    88242811.9550      -2202.429          48.000  
G10  22871998.555   120193165.5120        818.661          48.000    22872000.364    93657017.2010        637.836          44.000  
G24  21876819.718   114963462.1970      -1642.422          47.000    21876821.499    89581925.7120      -1279.767          44.000  
G32  23280048.879   122337481.5980       1387.905          48.000    23280052.926    95327926.5340       1081.393          44.000  
> 2026  7 21 18 45 33.0020000  0 7                            
G23  21321056.589   112042906.9850       -506.763          47.000    21321055.920    87306158.0260       -394.934          47.000  
G15  23675436.216   124415252.4470      -4024.121          42.000    23675437.177    96946955.9900      -3135.451          40.000  
G27  24394429.986   128193594.3400      -1584.113          42.000    24394434.007    99891129.6780      -1234.174          42.000  
G18  21550334.129   113247768.5140      -2830.817          49.000    21550334.263    88245016.1560      -2205.872          48.000  
G10  22871843.188   120192349.0070        814.664          48.000    22871845.081    93656380.9590        634.940          45.000  
G24  21877132.723   114965107.0220      -1647.113          47.000    21877134.543    89583207.4010      -1283.404          44.000  
G32  23279785.260   122336095.9240       1383.745          48.000    23279789.300    95326846.7870       1078.168          44.000  
> 2026  7 21 18 45 34.0020000  0 7                            
G23  21321153.333   112043415.3330       -510.120          47.000    21321152.709    87306554.1390       -397.461          47.000  
G15  23676202.272   124419278.2310      -4027.343          42.000    23676203.295    96950092.9640      -3138.080          40.000  
G27  24394731.690   128195179.8500      -1587.421          42.000    24394735.711    99892365.1330      -1237.048          42.000  
G18  21550873.254   113250601.1120      -2834.436          49.000    21550873.331    88247223.3680      -2208.685          48.000  
G10  22871688.408   120191535.8820        811.367          48.000    22871690.268    93655747.3570        632.329          44.000  
G24  21877446.477   114966755.8730      -1650.894          46.000    21877448.320    89584492.2150      -1286.277          44.000  
G32  23279522.222   122334713.8820       1380.145          48.000    23279526.215    95325769.8650       1075.592          44.000  
> 2026  7 21 18 45 35.0020000  0 7                            
G23  21321250.758   112043926.7910       -512.915          47.000    21321250.056    87306952.6800       -399.677          47.000  
G15  23676968.893   124423306.9980      -4030.187          42.000    23676969.960    96953232.2590      -3140.350          40.000  
G27  24395034.023   128196768.8070      -1590.387          42.000    24395038.105    99893603.2930      -1239.526          42.000  
G18  21551412.934   113253437.1660      -2837.708          49.000    21551413.056    88249433.2770      -2211.169          48.000  
G10  22871534.317   120190725.7130        808.813          48.000    22871536.122    93655116.0670        630.118          45.000  
G24  21877760.812   114968408.3420      -1654.213          46.000    21877762.835    89585779.8700      -1289.021          44.000  
G32  23279259.886   122333335.0520       1377.278          48.000    23279263.880    95324695.4580       1073.274          44.000  
> 2026  7 21 18 45 36.0020000  0 7                            
G23  21321348.516   112044440.6600       -514.886          47.000    21321347.831    87307353.0900       -401.147          47.000  
G15  23677735.978   124427338.0220      -4032.048          42.000    23677737.027    96956373.3270      -3141.958          40.000  
G27  24395336.848   128198360.5010      -1592.706          42.000    24395340.943    99894843.5690      -1241.168          42.000  
G18  21551953.059   113256275.9740      -2839.941          49.000    21551953.356    88251645.3270      -2212.817          48.000  
G10  22871380.593   120189917.8140        806.911          48.000    22871382.453    93654486.5240        628.885          45.000  
G24  21878075.796   114970063.7520      -1656.748          46.000    21878077.821    89587069.7850      -1290.823          44.000  
G32  23278997.984   122331958.7450       1375.325          47.000    23279001.901    95323623.0190       1071.459          44.000  
> 2026  7 21 18 45 37.0020000  0 7                            
G23  21321446.603   112044956.1480       -516.040          47.000    21321445.862    87307754.7770       -402.112          47.000  
G15  23678503.336   124431370.5450      -4033.042          42.000    23678504.401    96959515.5490      -3142.756          40.000  
G27  24395640.095   128199954.1650      -1594.427          42.000    24395644.177    99896085.3730      -1242.206          42.000  
G18  21552493.603   113259116.7710      -2841.571          49.000    21552493.873    88253858.9350      -2214.178          48.000  
G10  22871227.124   120189111.4000        805.875          48.000    22871228.961    93653858.1550        628.117          45.000  
G24  21878391.144   114971721.2960      -1658.360          46.000    21878393.240    89588361.3870      -1292.309          44.000  
G32  23278736.413   122330584.1790       1373.873          47.000    23278740.333    95322551.9260       1070.656          44.000  
> 2026  7 21 18 45 38.0020000  0 7                            
G23  21321544.936   112045473.1440       -517.920          47.000    21321544.178    87308157.6180       -403.351          47.000  
G15  23679270.948   124435404.4070      -4034.447          42.000    23679272.012    96962658.8090      -3143.723          40.000  
G27  24395943.761   128201549.6670      -1596.405          42.000    24395947.887    99897328.6200      -1243.884          42.000  
G18  21553034.623   113261959.4030      -2843.555          49.000    21553034.764    88256073.9710      -2215.747          48.000  
G10  22871073.925   120188306.3250        804.417          48.000    22871075.769    93653230.8340        626.765          45.000  
G24  21878706.985   114973380.8720      -1660.686          46.000    21878709.133    89589654.5640      -1294.066          44.000  
G32  23278475.153   122329211.2050       1372.264          47.000    23278479.102    95321482.0860       1069.248          44.000  
> 2026  7 21 18 45 39.0020000  0 7                            
G23  21321643.785   112045992.4900       -520.270          47.000    21321643.072    87308562.3060       -405.292          47.000  
G15  23680038.945   124439440.4990      -4036.934          42.000    23680040.020    96965803.8170      -3145.813          40.000  
G27  24396247.915   128203147.8490      -1599.042          42.000    24396252.127    99898573.9660      -1246.204          42.000  
G18  21553576.008   113264804.7500      -2846.533          48.000    21553576.259    88258291.1170      -2218.011          48.000  
G10  22870921.113   120187503.4880        801.901          48.000    22870923.060    93652605.2480        624.677          45.000  
G24  21879023.294   114975043.3110      -1663.548          46.000    21879025.430    89590949.9780      -1296.565          44.000  
G32  23278214.335   122327840.7090       1369.551          47.000    23278218.319    95320414.1690       1067.147          44.000  
> 2026  7 21 18 45 40.0020000  0 7                            
G23  21321742.845   112046512.9210       -520.319          47.000    21321742.054    87308967.8360       -405.267          47.000  
G15  23680807.120   124443477.5290      -4036.684          42.000    23680808.296    96968949.5420      -3145.319          40.000  
G27  24396552.249   128204747.4510      -1599.414          42.000    24396556.515    99899820.4040      -1246.454          42.000  
G18  21554117.791   113267651.5150      -2846.613          48.000    21554117.862    88260509.3830      -2218.201          48.000  
G10  22870768.560   120186701.5750        802.167          48.000    22870770.404    93651980.3780        625.116          45.000  
G24  21879339.953   114976707.3610      -1664.081          46.000    21879342.024    89592246.6260      -1296.727          44.000  
G32  23277953.773   122326471.4070       1369.402          47.000    23277957.780    95319347.1780       1067.132          44.000  
> 2026  7 21 18 45 41.0020000  0 7                            
G23  21321841.837   112047033.1160       -520.844          47.000    21321840.901    87309373.1880       -405.768          47.000  
G15  23681575.237   124447514.1930      -4037.225          41.000    23681576.430    96972095.0030      -3145.907          40.000  
G27  24396856.657   128206347.1510      -1600.623          42.000    24396861.002    99901066.9100      -1246.881          42.000  
G18  21554659.581   113270498.4070      -2847.613          49.000    21554659.626    88262727.7360      -2218.933          48.000  
G10  22870615.880   120185899.3020        801.424          48.000    22870617.814    93651355.2230        624.726          45.000  
G24  21879656.676   114978371.6910      -1665.306          46.000    21879658.761    89593543.5140      -1297.641          44.000  
G32  23277693.141   122325101.9770       1368.785          47.000    23277697.285    95318280.0980       1066.423          44.000  
> 2026  7 21 18 45 42.0020000  0 7                            
G23  21321940.849   112047553.8180       -519.934          47.000    21321940.159    87309778.9350       -405.225          47.000  
G15  23682343.358   124451551.2230      -4036.520          41.000    23682344.569    96975240.7300      -3144.980          40.000  
G27  24397161.168   128207947.6950      -1599.908          42.000    24397165.666    99902314.0910      -1246.643          42.000  
G18  21555201.447   113273346.1490      -2847.119          49.000    21555201.642    88264946.7550      -2218.707          48.000  
G10  22870463.270   120185097.3650        802.771          48.000    22870465.067    93650730.3430        625.613          45.000  
G24  21879973.459   114980037.0420      -1664.821          46.000    21879975.635    89594841.1880      -1297.181          44.000  
G32  23277432.607   122323733.1530       1369.608          47.000    23277436.847    95317213.4870       1067.163          44.000  
> 2026  7 21 18 45 43.0020000  0 7                            
G23  21322039.565   112048072.8920       -517.847          47.000    21322038.992    87310183.4070       -403.510          47.000  
G15  23683111.219   124455586.4640      -4033.832          41.000    23683112.381    96978385.0990      -3143.538          40.000  
G27  24397465.451   128209546.9580      -1598.151          43.000    24397469.983    99903560.2700      -1245.172          42.000  
G18  21555743.160   113276192.6170      -2845.435          49.000    21555743.242    88267164.7740      -2217.133          48.000  
G10  22870310.284   120184293.6690        804.987          48.000    22870312.178    93650104.0970        627.141          44.000  
G24  21880290.087   114981701.2850      -1663.203          46.000    21880292.315    89596138.0010      -1295.836          44.000  
G32  23277171.864   122322362.8330       1371.443          47.000    23277176.020    95316145.7020       1068.670          44.000  
> 2026  7 21 18 45 44.0020000  0 7                            
G23  21322138.039   112048589.9980       -516.980          47.000    21322137.330    87310586.3460       -402.869          47.000  
G15  23683878.680   124459619.6230      -4033.274          41.000    23683879.856    96981527.8000      -3142.523          40.000  
G27  24397769.385   128211144.6080      -1597.687          43.000    24397774.119    99904805.1880      -1244.904          42.000  
G18  21556284.496   113279037.4500      -2844.806          49.000    21556284.527    88269381.5310      -2216.809          48.000  
G10  22870156.951   120183487.8540        806.107          48.000    22870158.825    93649476.1910        628.237          44.000  
G24  21880606.534   114983364.0830      -1662.779          46.000    21880608.653    89597433.6870      -1295.614          44.000  
G32  23276910.726   122320990.6410       1372.375          47.000    23276914.808    95315076.4760       1069.149          44.000  
> 2026  7 21 18 45 45.0020000  0 7                            
G23  21322236.457   112049107.6650       -518.262          47.000    21322235.850    87310989.7190       -403.705          47.000  
G15  23684646.233   124463653.1900      -4034.165          41.000    23684647.517    96984670.8470      -3143.290          40.000  
G27  24398073.562   128212743.1500      -1599.408          42.000    24398078.319    99906050.8060      -1246.069          42.000  
G18  21556825.997   113281883.1980      -2846.393          49.000    21556826.031    88271599.0030      -2218.011          48.000  
G10  22870003.743   120182682.4730        805.042          48.000    22870005.601    93648848.6150        627.405          44.000  
G24  21880923.174   114985027.9580      -1664.767          46.000    21880925.376    89598730.2120      -1297.042          44.000  
G32  23276649.701   122319619.1240       1371.026          47.000    23276653.833    95314007.7520       1068.503          44.000  
> 2026  7 21 18 45 46.0020000  0 7                            
G23  21322335.439   112049627.3480       -522.601          47.000    21322334.785    87311394.6700       -407.062          47.000  
G15  23685414.184   124467688.6490      -4038.358          41.000    23685415.446    96987815.3490      -3146.597          40.000  
G27  24398378.218   128214344.0320      -1603.870          42.000    24398382.934    99907298.2480      -1249.762          42.000  
G18  21557368.040   113284731.3140      -2851.044          49.000    21557368.096    88273818.3130      -2221.570          48.000  
G10  22869850.877   120181878.9630        800.591          48.000    22869852.783    93648222.5220        623.702          44.000  
G24  21881240.298   114986694.3720      -1669.704          47.000    21881242.448    89600028.7200      -1301.019          44.000  
G32  23276389.251   122318249.7410       1366.369          47.000    23276393.233    95312940.7020       1064.733          44.000  
> 2026  7 21 18 45 47.0020000  0 7                            
G23  21322434.015   112050145.4100       -518.494          47.000    21322433.442    87311798.3560       -404.108          47.000  
G15  23686181.767   124471722.3460      -4034.089          42.000    23686183.096    96990958.4880      -3143.366          40.000  
G27  24398682.606   128215943.6540      -1600.378          42.000    24398687.305    99908544.7020      -1246.997          42.000  
G18  21557909.675   113287578.1750      -2847.644          49.000    21557909.835    88276036.6380      -2218.909          48.000  
G10  22869697.598   120181073.6880        804.823          48.000    22869699.494    93647595.0360        627.069          44.000  
G24  21881557.272   114988359.6710      -1665.858          47.000    21881559.277    89601326.3490      -1298.032          44.000  
G32  23276128.384   122316878.8420       1370.331          47.000    23276132.186    95311872.4670       1067.865          44.000  
> 2026  7 21 18 45 48.0020000  0 7                            
G23  21322533.038   112050665.8390       -512.885          47.000    21322532.356    87312203.8780       -399.573          47.000  
G15  23686949.678   124475758.2640      -4028.272          42.000    23686951.138    96994103.3230      -3138.119          40.000  
G27  24398987.514   128217545.9580      -1594.647          42.000    24398992.234    99909793.2480      -1242.731          42.000  
G18  21558451.850   113290427.7220      -2842.090          49.000    21558451.978    88278257.0680      -2214.709          48.000  
G10  22869544.709   120180270.6090        811.136          48.000    22869546.521    93646969.2610        632.076          44.000  
G24  21881874.766   114990027.8310      -1659.967          47.000    21881876.639    89602626.1980      -1293.369          44.000  
G32  23275867.880   122315510.3900       1376.356          48.000    23275871.659    95310806.1390       1072.665          44.000  
> 2026  7 21 18 45 49.0020000  0 7                            
G23  21322631.082   112051180.8830       -515.955          47.000    21322630.369    87312605.2180       -402.209          47.000  
G15  23687716.650   124479788.6370      -4031.188          42.000    23687717.987    96997243.9130      -3141.316          40.000  
G27  24399291.537   128219143.2300      -1598.254          42.000    24399296.205    99911037.8670      -1245.398          42.000  
G18  21558993.211   113293272.2500      -2845.618          49.000    21558993.301    88280473.5860      -2217.542          48.000  
G10  22869390.845   120179462.0450        807.737          48.000    22869392.703    93646339.2020        629.472          44.000  
G24  21882191.361   114991691.1860      -1664.587          47.000    21882193.212    89603922.3460      -1297.339          44.000  
G32  23275606.433   122314136.7090       1372.666          48.000    23275610.253    95309735.7500       1069.640          44.000  
> 2026  7 21 18 45 50.0020000  0 7                            
G23  21322729.562   112051698.7500       -518.842          47.000    21322728.814    87313008.7430       -404.254          47.000  
G15  23688484.136   124483821.7070      -4033.793          42.000    23688485.567    97000386.5670      -3143.437          40.000  
G27  24399596.145   128220743.6380      -1601.410          42.000    24399600.767    99912284.9420      -1247.907          42.000  
G18  21559535.063   113296119.9400      -2848.804          48.000    21559535.269    88282692.5560      -2219.843          48.000  
G10  22869237.393   120178656.1360        805.027          48.000    22869239.354    93645711.2270        627.235          44.000  
G24  21882508.525   114993357.8520      -1667.855          47.000    21882510.326    89605221.0410      -1299.702          44.000  
G32  23275345.617   122312765.9280       1369.893          48.000    23275349.380    95308667.6130       1067.424          44.000  
> 2026  7 21 18 45 51.0020000  0 7                            
G23  21322828.550   112052218.8210       -521.899          47.000    21322827.832    87313413.9940       -406.586          47.000  
G15  23689251.951   124487856.8540      -4036.682          42.000    23689253.375    97003530.8320      -3145.682          40.000  
G27  24399901.227   128222346.5950      -1604.871          42.000    24399905.647    99913533.9940      -1250.800          42.000  
G18  21560077.440   113298970.1880      -2852.222          48.000    21560077.722    88284913.5270      -2222.516          48.000  
G10  22869084.421   120177852.3020        802.080          48.000    22869086.355    93645084.8720        624.986          44.000  
G24  21882826.199   114995027.2260      -1671.355          47.000    21882827.980    89606521.8520      -1302.321          44.000  
G32  23275085.210   122311397.4760       1366.675          48.000    23275088.984    95307601.2900       1064.855          44.000  
> 2026  7 21 18 45 52.0020000  0 7                            
G23  21322928.229   112052742.6810       -525.610          47.000    21322927.577    87313822.2100       -409.644          47.000  
G15  23690020.386   124491895.6520      -4040.485          42.000    23690021.857    97006677.9400      -3148.511          40.000  
G27  24400207.157   128223953.6690      -1609.198          42.000    24400211.600    99914786.2630      -1253.967          42.000  
G18  21560620.572   113301824.5740      -2856.317          48.000    21560620.921    88287137.7240      -2225.726          48.000  
G10  22868932.219   120177052.1150        798.488          48.000    22868934.086    93644461.3420        622.390          44.000  
G24  21883144.655   114996700.9270      -1675.702          47.000    21883146.473    89607826.0360      -1305.732          44.000  
G32  23274825.593   122310032.9310       1362.527          48.000    23274829.334    95306538.0100       1061.792          44.000  
> 2026  7 21 18 45 53.0020000  0 7                            
G23  21323029.100   112053272.0030       -526.440          47.000    21323028.241    87314234.6650       -410.248          47.000  
G15  23690789.973   124495939.7670      -4041.068          42.000    23690791.418    97009829.1840      -3148.892          40.000  
G27  24400514.110   128225566.5300      -1610.187          42.000    24400518.468    99916043.0330      -1254.712          42.000  
G18  21561164.902   113304684.7760      -2857.678          48.000    21561165.147    88289366.4490      -2226.691          48.000  
G10  22868780.880   120176257.2200        797.896          48.000    22868782.768    93643841.9650        621.447          44.000  
G24  21883464.302   114998380.5990      -1677.089          47.000    21883466.091    89609134.8750      -1306.908          44.000  
G32  23274567.042   122308673.9520       1361.688          48.000    23274570.685    95305479.0720       1061.030          44.000  
> 2026  7 21 18 45 54.0020000  0 7                            
G23  21323129.753   112053801.0360       -526.013          47.000    21323128.913    87314646.8960       -409.998          47.000  
G15  23691559.456   124499983.4510      -4040.787          41.000    23691560.818    97012980.0890      -3148.190          40.000  
G27  24400821.096   128227179.4340      -1609.772          42.000    24400825.343    99917299.8400      -1254.706          42.000  
G18  21561709.226   113307545.0290      -2857.446          48.000    21561709.441    88291595.2070      -2226.648          48.000  
G10  22868629.592   120175461.9160        798.423          48.000    22868631.287    93643222.2410        621.854          44.000  
G24  21883783.969   115000060.4820      -1676.729          47.000    21883785.792    89610443.8730      -1306.765          44.000  
G32  23274308.486   122307314.7860       1361.984          48.000    23274312.019    95304419.9690       1061.470          44.000  
> 2026  7 21 18 45 55.0020000  0 7                            
G23  21323230.726   112054331.3910       -532.672          47.000    21323229.890    87315060.1630       -415.057          47.000  
G15  23692329.240   124504028.3020      -4047.069          42.000    23692330.563    97016131.9500      -3153.735          40.000  
G27  24401128.442   128228794.0260      -1617.291          43.000    24401132.634    99918557.9510      -1260.071          42.000  
G18  21562253.904   113310406.9410      -2864.386          48.000    21562254.014    88293825.2730      -2231.976          48.000  
G10  22868478.641   120174667.7880        791.678          48.000    22868480.184    93642603.4370        616.790          44.000  
G24  21884104.071   115001742.2360      -1684.221          47.000    21884105.853    89611754.3270      -1312.326          44.000  
G32  23274050.135   122305957.0530       1355.435          48.000    23274053.667    95303362.0100       1056.164          44.000  
> 2026  7 21 18 45 56.0020000  0 7                            
G23  21323332.228   112054864.8960       -534.985          47.000    21323331.369    87315475.8750       -416.864          47.000  
G15  23693099.468   124508076.1680      -4049.165          42.000    23693100.869    97019286.1300      -3155.454          40.000  
G27  24401436.307   128230412.0700      -1619.623          43.000    24401440.474    99919818.7680      -1262.024          42.000  
G18  21562799.165   113313272.3640      -2866.913          48.000    21562799.258    88296058.0660      -2234.064          48.000  
G10  22868328.109   120173876.6520        789.722          48.000    22868329.529    93641986.9590        615.294          44.000  
G24  21884424.762   115003427.6310      -1686.996          47.000    21884426.632    89613067.6360      -1314.667          44.000  
G32  23273792.518   122304602.5750       1353.079          48.000    23273795.906    95302306.5860       1054.172          44.000  
> 2026  7 21 18 45 57.0020000  0 7                            
G23  21323433.030   112055394.7740       -526.947          47.000    21323432.156    87315888.7760       -410.571          47.000  
G15  23693869.045   124512120.2780      -4040.968          41.000    23693870.405    97022437.3490      -3148.593          40.000  
G27  24401743.542   128232026.8340      -1612.054          43.000    24401747.729    99921077.0250      -1256.091          42.000  
G18  21563343.861   113316134.5130      -2859.424          48.000    21563343.969    88298288.3080      -2228.125          49.000  
G10  22868176.925   120173081.7500        797.886          48.000    22868178.276    93641367.5550        621.981          44.000  
G24  21884744.794   115005109.9310      -1679.481          47.000    21884746.682    89614378.5020      -1308.614          44.000  
G32  23273534.103   122303244.5880       1360.842          48.000    23273537.664    95301248.4080       1060.440          44.000  
> 2026  7 21 18 45 58.0020000  0 7                            
G23  21323533.607   112055923.1160       -528.021          47.000    21323532.674    87316300.4750       -411.487          47.000  
G15  23694638.374   124516162.7050      -4041.985          41.000    23694639.759    97025587.2990      -3149.539          40.000  
G27  24402050.596   128233640.3900      -1613.586          43.000    24402054.849    99922334.3450      -1257.269          42.000  
G18  21563888.359   113318995.4600      -2860.815          48.000    21563888.424    88300517.6110      -2229.150          49.000  
G10  22868025.379   120172285.1720        796.999          48.000    22868026.666    93640746.8500        621.053          44.000  
G24  21885064.701   115006791.1950      -1681.106          47.000    21885066.704    89615688.5910      -1310.052          44.000  
G32  23273275.475   122301885.1770       1359.685          48.000    23273278.957    95300189.1230       1059.726          44.000  
> 2026  7 21 18 45 59.0020000  0 7                            
G23  21323634.164   112056451.7660       -529.681          47.000    21323633.275    87316712.3980       -412.482          47.000  
G15  23695407.621   124520205.3160      -4043.550          41.000    23695409.029    97028737.3860      -3150.734          40.000  
G27  24402357.794   128235254.5680      -1615.210          43.000    24402361.989    99923592.1530      -1258.789          42.000  
G18  21564432.915   113321857.0760      -2862.836          48.000    21564433.011    88302747.4340      -2230.701          49.000  
G10  22867873.885   120171488.7580        795.554          48.000    22867875.033    93640126.2640        620.088          44.000  
G24  21885384.846   115008473.2940      -1683.186          47.000    21885386.810    89616999.3190      -1311.630          44.000  
G32  23273016.705   122300526.1740       1357.980          48.000    23273020.418    95299130.1750       1058.100          44.000  
> 2026  7 21 18 46  0.0020000  0 7                            
G23  21323734.714   112056980.1240       -527.985          47.000    21323733.887    87317124.1230       -411.469          47.000  
G15  23696176.925   124524247.4840      -4041.632          41.000    23696178.145    97031887.1360      -3149.558          40.000  
G27  24402664.951   128236868.7990      -1614.044          43.000    24402669.178    99924849.9870      -1257.874          42.000  
G18  21564977.498   113324718.7290      -2861.426          48.000    21564977.520    88304977.2940      -2229.590          48.000  
G10  22867722.221   120170691.9180        797.308          48.000    22867723.318    93639505.3520        621.271          44.000  
G24  21885705.009   115010155.6290      -1682.230          47.000    21885706.906    89618310.2300      -1310.898          44.000  
G32  23272758.139   122299166.9960       1359.543          48.000    23272761.809    95298071.0650       1059.503          44.000  
> 2026  7 21 18 46  1.0020000  0 7                            
G23  21323835.314   112057508.6760       -526.929          47.000    21323834.440    87317535.9740       -410.596          47.000  
G15  23696946.123   124528289.7170      -4040.611          42.000    23696947.361    97035036.9000      -3148.279          40.000  
G27  24402972.247   128238483.5500      -1613.226          43.000    24402976.406    99926108.2100      -1256.744          42.000  
G18  21565522.168   113327580.9280      -2860.541          48.000    21565522.047    88307207.5780      -2229.041          48.000  
G10  22867570.623   120169895.1070        798.601          48.000    22867571.644    93638884.4600        622.466          44.000  
G24  21886025.274   115011838.6730      -1681.604          47.000    21886027.164    89619621.6880      -1310.262          44.000  
G32  23272499.576   122297808.1250       1360.525          48.000    23272503.272    95297012.2170       1059.944          44.000  
> 2026  7 21 18 46  2.0020000  0 7                            
G23  21323935.510   112058034.8610       -524.292          47.000    21323934.592    87317945.9860       -408.484          47.000  
G15  23697714.905   124532329.4300      -4037.804          42.000    23697716.044    97038184.7350      -3146.552          40.000  
G27  24403279.054   128240096.2640      -1610.895          43.000    24403283.276    99927364.8910      -1255.463          42.000  
G18  21566066.516   113330441.1180      -2858.441          49.000    21566066.285    88309436.2930      -2227.234          48.000  
G10  22867418.483   120169095.8150        801.327          48.000    22867419.610    93638261.6350        624.378          44.000  
G24  21886345.262   115013519.8700      -1679.441          47.000    21886347.101    89620931.7210      -1308.723          44.000  
G32  23272240.661   122296446.9810       1363.133          48.000    23272244.297    95295951.5860       1062.123          44.000  
> 2026  7 21 18 46  3.0020000  0 7                            
G23  21324035.080   112058558.1400       -522.644          47.000    21324034.213    87318353.7430       -407.324          47.000  
G15  23698483.125   124536366.0950      -4035.809          42.000    23698484.215    97041330.1940      -3144.917          40.000  
G27  24403585.488   128241706.4150      -1609.656          43.000    24403589.718    99928619.5450      -1254.211          42.000  
G18  21566610.399   113333298.7530      -2857.208          49.000    21566610.056    88311663.0210      -2226.355          48.000  
G10  22867265.849   120168293.4630        802.948          48.000    22867266.849    93637636.4250        625.715          44.000  
G24  21886664.639   115015198.6860      -1678.349          47.000    21886666.504    89622239.8930      -1308.064          43.000  
G32  23271981.173   122295083.0660       1364.537          48.000    23271984.741    95294888.7840       1063.346          44.000  
> 2026  7 21 18 46  4.0020000  0 7                            
G23  21324134.555   112059080.4030       -521.704          47.000    21324133.552    87318760.6910       -406.439          47.000  
G15  23699251.005   124540401.6230      -4035.003          42.000    23699252.142    97044474.7490      -3144.116          40.000  
G27  24403891.695   128243315.8810      -1609.180          43.000    24403896.021    99929873.6790      -1253.827          42.000  
G18  21567154.102   113336155.7030      -2856.555          49.000    21567153.731    88313889.2190      -2225.903          48.000  
G10  22867112.981   120167489.9470        803.998          48.000    22867113.970    93637010.3060        626.671          44.000  
G24  21886983.982   115016876.9970      -1678.077          47.000    21886985.851    89623547.6660      -1307.647          43.000  
G32  23271721.445   122293718.2270       1365.281          48.000    23271725.029    95293825.2870       1063.714          44.000  
> 2026  7 21 18 46  5.0020000  0 7                            
G23  21324233.760   112059601.5440       -520.856          47.000    21324232.843    87319166.7750       -405.872          47.000  
G15  23700018.677   124544435.8630      -4033.867          42.000    23700019.837    97047618.3040      -3143.155          40.000  
G27  24404197.797   128244924.5440      -1608.581          42.000    24404202.068    99931127.1810      -1253.436          42.000  
G18  21567697.516   113339011.8800      -2856.079          49.000    21567697.312    88316114.8090      -2225.543          48.000  
G10  22866959.745   120166685.1590        805.051          48.000    22866960.879    93636383.2020        627.261          44.000  
G24  21887303.265   115018554.6900      -1677.609          47.000    21887305.159    89624854.9540      -1307.347          43.000  
G32  23271461.561   122292352.3740       1365.984          48.000    23271465.016    95292760.9910       1064.218          44.000  
> 2026  7 21 18 46  6.0020000  0 7                            
G23  21324332.838   112060122.0700       -520.483          47.000    21324331.879    87319572.3860       -405.627          47.000  
G15  23700786.196   124548469.3700      -4033.439          42.000    23700787.405    97050761.2900      -3142.885          40.000  
G27  24404503.864   128246532.9480      -1608.649          42.000    24404508.080    99932380.4710      -1253.424          42.000  
G18  21568240.869   113341867.8050      -2856.152          49.000    21568240.748    88318340.2060      -2225.574          48.000  
G10  22866806.445   120165879.6270        805.600          48.000    22866807.524    93635755.5140        627.698          44.000  
G24  21887622.499   115020232.2940      -1677.867          47.000    21887624.401    89626162.1840      -1307.521          43.000  
G32  23271201.541   122290986.0140       1366.393          48.000    23271205.037    95291696.2850       1064.820          44.000  
> 2026  7 21 18 46  7.0020000  0 7                            
G23  21324431.939   112060643.1100       -520.996          47.000    21324431.054    87319978.3940       -406.152          47.000  
G15  23701553.864   124552503.2350      -4033.681          42.000    23701555.020    97053904.5640      -3143.188          40.000  
G27  24404810.040   128248142.1510      -1609.375          42.000    24404814.290    99933634.4110      -1254.285          42.000  
G18  21568784.440   113344724.5770      -2856.946          49.000    21568784.494    88320566.2580      -2226.105          48.000  
G10  22866653.211   120165074.4480        805.326          48.000    22866654.377    93635128.1100        627.341          44.000  
G24  21887941.890   115021910.9140      -1678.668          47.000    21887943.763    89627470.1990      -1308.145          43.000  
G32  23270941.770   122289620.2910       1365.564          48.000    23270945.185    95290632.0810       1064.300          44.000  
> 2026  7 21 18 46  8.0020000  0 7                            
G23  21324531.328   112061165.4400       -517.285          47.000    21324530.419    87320385.4000       -402.948          47.000  
G15  23702321.706   124556538.2340      -4029.653          42.000    23702322.852    97057048.7350      -3140.067          40.000  
G27  24405116.427   128249753.0030      -1605.719          42.000    24405120.776    99934889.6160      -1251.215          42.000  
G18  21569328.291   113347582.9890      -2853.528          49.000    21569328.437    88322793.5950      -2223.376          48.000  
G10  22866500.240   120164270.4180        809.299          48.000    22866501.363    93634501.5850        630.741          44.000  
G24  21888261.664   115023591.3640      -1675.735          47.000    21888263.473    89628779.6330      -1305.653          43.000  
G32  23270682.088   122288255.9630       1369.333          48.000    23270685.533    95289568.9880       1066.986          44.000  
> 2026  7 21 18 46  9.0020000  0 7                            
G23  21324630.113   112061684.5350       -518.500          47.000    21324629.192    87320789.8880       -403.967          47.000  
G15  23703088.884   124560569.8790      -4030.840          42.000    23703090.018    97060190.2610      -3140.884          40.000  
G27  24405422.349   128251360.9840      -1607.568          42.000    24405426.662    99936142.5720      -1252.563          42.000  
G18  21569871.635   113350438.5180      -2855.102          48.000    21569871.865    88325018.6800      -2224.713          48.000  
G10  22866346.624   120163463.0240        808.051          48.000    22866347.700    93633872.4560        629.632          44.000  
G24  21888581.015   115025269.0850      -1677.258          47.000    21888582.725    89630086.9500      -1307.076          43.000  
G32  23270421.834   122286888.5050       1368.039          47.000    23270425.299    95288503.4300       1066.105          44.000  
> 2026  7 21 18 46 10.0020000  0 7                            
G23  21324728.774   112062202.8400       -517.310          47.000    21324727.860    87321193.7670       -403.217          47.000  
G15  23703855.947   124564600.5890      -4029.716          42.000    23703857.069    97063331.0780      -3140.045          40.000  
G27  24405728.208   128252968.4890      -1606.708          42.000    24405732.542    99937395.1650      -1251.776          42.000  
G18  21570414.963   113353293.5970      -2854.297          48.000    21570415.155    88327243.4240      -2224.213          48.000  
G10  22866192.748   120162654.6910        809.378          48.000    22866193.890    93633242.5770        630.822          44.000  
G24  21888900.301   115026946.5350      -1676.824          47.000    21888901.888    89631394.0530      -1306.802          43.000  
G32  23270161.517   122285520.3630       1369.136          47.000    23270164.974    95287437.3550       1066.729          44.000  
> 2026  7 21 18 46 11.0020000  0 7                            
G23  21324827.075   112062719.7030       -516.241          47.000    21324826.210    87321596.5220       -402.350          47.000  
G15  23704622.753   124568629.7120      -4028.493          42.000    23704623.782    97066470.6500      -3139.073          40.000  
G27  24406033.889   128254574.8770      -1605.823          42.000    24406038.216    99938646.9160      -1251.697          42.000  
G18  21570957.936   113356147.5820      -2853.381          48.000    21570958.296    88329467.3070      -2223.645          48.000  
G10  22866038.594   120161844.7640        810.667          48.000    22866039.686    93632611.4850        631.577          44.000  
G24  21889219.337   115028623.0380      -1676.112          47.000    21889220.937    89632700.4220      -1306.180          43.000  
G32  23269900.933   122284150.8860       1370.107          47.000    23269904.314    95286370.2290       1067.795          44.000  
> 2026  7 21 18 46 12.0020000  0 7                            
G23  21324925.003   112063234.3540       -513.147          47.000    21324924.140    87321997.5470       -400.024          47.000  
G15  23705388.993   124572656.4990      -4025.463          42.000    23705390.018    97069608.3860      -3136.498          40.000  
G27  24406339.225   128256179.3960      -1603.198          42.000    24406343.526    99939897.1690      -1249.298          42.000  
G18  21571500.584   113358999.7000      -2850.818          48.000    21571500.941    88331689.7300      -2221.503          48.000  
G10  22865884.055   120161032.4930        813.767          48.000    22865885.047    93631978.5430        634.123          44.000  
G24  21889538.045   115030297.8760      -1673.746          47.000    21889539.628    89634005.4830      -1304.306          44.000  
G32  23269639.919   122282779.3150       1372.929          47.000    23269643.286    95285301.4870       1069.758          44.000  
> 2026  7 21 18 46 13.0020000  0 7                            
G23  21325022.524   112063746.8170       -512.170          47.000    21325021.501    87322396.8630       -399.023          47.000  
G15  23706154.741   124576680.9330      -4023.919          42.000    23706155.770    97072744.3190      -3135.428          40.000  
G27  24406644.196   128257782.0510      -1602.380          42.000    24406648.593    99941145.9910      -1248.846          42.000  
G18  21572043.047   113361849.9770      -2850.116          48.000    21572043.453    88333910.7220      -2220.892          48.000  
G10  22865728.967   120160217.8820        814.921          48.000    22865730.041    93631343.7880        634.849          44.000  
G24  21889856.457   115031971.0180      -1673.175          47.000    21889858.078    89635309.2420      -1303.906          43.000  
G32  23269378.422   122281405.6550       1373.929          47.000    23269381.885    95284231.1030       1070.568          44.000  
> 2026  7 21 18 46 14.0020000  0 7                            
G23  21325120.020   112064259.5750       -515.546          47.000    21325119.059    87322796.4120       -401.642          47.000  
G15  23706920.593   124580705.5390      -4027.394          42.000    23706921.655    97075880.3390      -3137.314          40.000  
G27  24406949.316   128259385.3710      -1606.488          42.000    24406953.648    99942395.3080      -1251.447          42.000  
G18  21572585.502   113364700.9060      -2853.943          48.000    21572585.974    88336132.2150      -2223.737          49.000  
G10  22865573.947   120159403.4010        812.189          48.000    22865575.117    93630709.1210        632.987          44.000  
G24  21890175.027   115033644.9570      -1676.229          47.000    21890176.597    89636613.6090      -1306.362          44.000  
G32  23269117.029   122280032.3960       1370.857          47.000    23269120.537    95283161.0290       1068.501          44.000  
> 2026  7 21 18 46 15.0020000  0 7                            
G23  21325217.563   112064772.3510       -508.435          47.000    21325216.643    87323195.9860       -396.088          47.000  
G15  23707686.378   124584730.0220      -4020.121          42.000    23707687.406    97079016.3440      -3132.644          40.000  
G27  24407254.450   128260989.0200      -1599.536          42.000    24407258.900    99943644.9080      -1246.021          42.000  
G18  21573128.153   113367552.1980      -2847.064          48.000    21573128.543    88338353.9990      -2218.372          49.000  
G10  22865418.966   120158588.8360        819.295          48.000    22865419.991    93630074.3980        638.522          44.000  
G24  21890493.650   115035319.4700      -1669.896          47.000    21890495.267    89637918.4120      -1301.075          44.000  
G32  23268855.712   122278659.2940       1377.566          47.000    23268859.250    95282091.0800       1073.704          44.000  
> 2026  7 21 18 46 16.0020000  0 7                            
G23  21325314.450   112065281.8260       -506.940          47.000    21325313.627    87323592.9760       -395.007          47.000  
G15  23708451.594   124588751.0620      -4018.759          42.000    23708452.533    97082149.6040      -3131.527          40.000  
G27  24407559.124   128262589.6900      -1598.260          42.000    24407563.521    99944892.2000      -1245.697          42.000  
G18  21573670.334   113370400.5250      -2846.210          48.000    21573670.622    88340573.4730      -2217.688          49.000  
G10  22865263.302   120157770.8310        820.277          48.000    22865264.337    93629437.0070        639.116          44.000  
G24  21890811.740   115036991.2320      -1670.162          47.000    21890813.426    89639221.0950      -1301.520          44.000  
G32  23268593.815   122277282.9890       1378.329          47.000    23268597.253    95281018.6430       1074.251          44.000  
> 2026  7 21 18 46 17.0020000  0 7                            
G23  21325410.854   112065788.5030       -504.108          47.000    21325410.029    87323987.7920       -392.828          47.000  
G15  23709216.165   124592769.1390      -4015.487          42.000    23709217.204    97085280.5720      -3128.901          40.000  
G27  24407863.245   128264187.8820      -1595.721          42.000    24407867.566    99946137.5420      -1243.597          42.000  
G18  21574211.775   113373246.4000      -2843.518          48.000    21574212.171    88342791.0420      -2215.833          49.000  
G10  22865106.980   120156949.8470        823.620          48.000    22865108.172    93628797.2900        641.463          44.000  
G24  21891129.374   115038660.6350      -1667.161          47.000    21891131.142    89640521.9330      -1299.219          44.000  
G32  23268331.401   122275903.9810       1381.438          47.000    23268334.852    95279944.1140       1076.111          44.000  
> 2026  7 21 18 46 18.0020000  0 7                            
G23  21325506.779   112066292.2000       -503.070          47.000    21325505.841    87324380.2830       -392.017          47.000  
G15  23709980.191   124596784.0990      -4014.042          42.000    23709981.200    97088409.1150      -3127.922          40.000  
G27  24408166.836   128265783.4320      -1595.135          42.000    24408171.229    99947380.8110      -1242.896          42.000  
G18  21574752.938   113376089.6400      -2842.737          48.000    21574753.237    88345006.5460      -2215.222          49.000  
G10  22864950.130   120156125.7600        824.820          48.000    22864951.358    93628155.1370        642.547          44.000  
G24  21891446.597   115040327.5960      -1666.431          47.000    21891448.364    89641820.8610      -1298.576          44.000  
G32  23268068.486   122274522.1070       1382.459          47.000    23268071.842    95278867.3170       1077.034          44.000  
> 2026  7 21 18 46 19.0020000  0 7                            
G23  21325602.467   112066795.0730       -502.130          47.000    21325601.527    87324772.1380       -391.443          47.000  
G15  23710744.001   124600798.1110      -4013.162          42.000    23710745.120    97091536.9120      -3127.147          40.000  
G27  24408470.440   128267378.4820      -1594.476          42.000    24408474.772    99948623.7120      -1242.304          42.000  
G18  21575293.895   113378932.4050      -2842.181          48.000    21575294.266    88347221.6800      -2214.697          49.000  
G10  22864793.133   120155300.7120        825.698          48.000    22864794.324    93627512.2420        643.318          44.000  
G24  21891763.837   115041994.2750      -1666.221          47.000    21891765.490    89643119.5660      -1298.339          44.000  
G32  23267805.351   122273139.5170       1383.239          47.000    23267808.681    95277789.9740       1077.898          44.000  
> 2026  7 21 18 46 20.0020000  0 7                            
G23  21325697.987   112067297.3070       -502.332          48.000    21325697.172    87325163.4830       -391.449          47.000  
G15  23711507.642   124604811.3280      -4013.091          42.000    23711508.844    97094664.1020      -3127.418          40.000  
G27  24408773.886   128268973.2260      -1594.788          42.000    24408778.183    99949866.3710      -1242.957          42.000  
G18  21575834.799   113381774.8780      -2842.706          49.000    21575835.196    88349436.5890      -2215.057          49.000  
G10  22864635.988   120154474.8650        825.905          48.000    22864637.242    93626868.7190        643.580          44.000  
G24  21892080.952   115043660.8110      -1666.780          47.000    21892082.710    89644418.1590      -1298.661          44.000  
G32  23267542.115   122271756.3920       1383.114          47.000    23267545.502    95276712.2180       1077.775          44.000  
> 2026  7 21 18 46 21.0020000  0 7                            
G23  21325793.535   112067799.9320       -502.948          47.000    21325792.887    87325555.1350       -391.791          47.000  
G15  23712271.457   124608824.8010      -4013.797          42.000    23712272.607    97097791.4620      -3127.491          40.000  
G27  24409077.458   128270568.6790      -1595.758          42.000    24409081.793    99951109.5820      -1243.597          42.000  
G18  21576375.801   113384618.0790      -2843.628          49.000    21576376.305    88351652.0760      -2215.906          49.000  
G10  22864478.859   120153649.2740        825.230          48.000    22864480.313    93626225.4090        642.982          44.000  
G24  21892398.284   115045328.2470      -1667.988          47.000    21892399.933    89645717.4630      -1299.608          44.000  
G32  23267278.943   122270373.7700       1382.323          47.000    23267282.435    95275634.8500       1077.051          44.000  
> 2026  7 21 18 46 22.0020000  0 7                            
G23  21325889.414   112068303.2400       -503.125          47.000    21325888.659    87325947.3230       -392.017          47.000  
G15  23713035.242   124612838.8140      -4013.899          42.000    23713036.465    97100919.2630      -3127.380          40.000  
G27  24409381.299   128272165.1650      -1596.484          42.000    24409385.519    99952353.5890      -1243.921          42.000  
G18  21576917.176   113387462.3170      -2844.037          49.000    21576917.444    88353868.3610      -2216.229          49.000  
G10  22864321.865   120152824.2120        825.277          48.000    22864323.354    93625582.5110        642.915          44.000  
G24  21892715.841   115046996.9010      -1668.668          47.000    21892717.386    89647017.7180      -1300.413          44.000  
G32  23267016.013   122268991.9510       1382.015          47.000    23267019.520    95274558.1200       1076.852          44.000  
> 2026  7 21 18 46 23.0020000  0 7                            
G23  21325985.077   112068806.2250       -503.088          47.000    21325984.320    87326339.2670       -391.998          47.000  
G15  23713799.034   124616852.3380      -4013.352          42.000    23713800.291    97104046.6980      -3127.656          40.000  
G27  24409685.059   128273761.6500      -1596.606          42.000    24409689.275    99953597.6250      -1244.330          42.000  
G18  21577458.475   113390306.5820      -2844.550          49.000    21577458.660    88356084.6650      -2216.608          49.000  
G10  22864164.663   120151998.6770        825.577          48.000    22864166.325    93624939.2420        643.174          44.000  
G24  21893033.374   115048665.7360      -1669.162          47.000    21893035.017    89648318.1160      -1300.704          44.000  
G32  23266753.012   122267609.9170       1381.918          47.000    23266756.556    95273481.2130       1076.739          44.000  
> 2026  7 21 18 46 24.0020000  0 7                            
G23  21326080.797   112069309.2860       -502.936          47.000    21326080.155    87326731.2630       -391.882          47.000  
G15  23714562.778   124620865.8260      -4013.212          42.000    23714563.941    97107174.0710      -3127.147          40.000  
G27  24409988.903   128275358.5410      -1596.942          42.000    24409993.145    99954841.9390      -1244.434          42.000  
G18  21577999.807   113393151.2600      -2844.739          49.000    21577999.973    88358301.2990      -2216.650          49.000  
G10  22864007.568   120151173.0920        825.819          48.000    22864009.278    93624295.9220        643.513          44.000  
G24  21893351.048   115050335.1640      -1669.642          47.000    21893352.700    89649618.9680      -1300.941          44.000  
G32  23266490.013   122266228.0710       1381.818          47.000    23266493.476    95272404.4460       1076.791          44.000  
> 2026  7 21 18 46 25.0020000  0 7                            
G23  21326176.662   112069812.9230       -504.169          47.000    21326176.079    87327123.7030       -392.877          47.000  
G15  23715326.590   124624879.7310      -4014.431          42.000    23715327.836    97110301.8000      -3128.108          40.000  
G27  24410292.839   128276956.3490      -1598.663          42.000    24410297.048    99956086.9790      -1245.667          42.000  
G18  21578541.288   113395996.8660      -2846.338          49.000    21578541.525    88360518.6520      -2217.999          49.000  
G10  22863850.564   120150347.9380        824.781          48.000    22863852.355    93623652.9560        642.620          44.000  
G24  21893668.935   115052005.6830      -1671.326          47.000    21893670.551    89650920.6760      -1302.544          44.000  
G32  23266227.237   122264846.9050       1380.479          47.000    23266230.705    95271328.2070       1075.865          43.000  
> 2026  7 21 18 46 26.0020000  0 7                            
G23  21326272.562   112070317.1540       -504.340          47.000    21326271.978    87327516.6120       -393.018          47.000  
G15  23716090.470   124628894.0840      -4014.437          42.000    23716091.778    97113429.8640      -3128.093          40.000  
G27  24410596.959   128278555.0770      -1599.127          42.000    24410601.368    99957332.7380      -1246.045          42.000  
G18  21579082.849   113398843.4070      -2846.838          48.000    21579083.223    88362736.7360      -2218.280          48.000  
G10  22863693.714   120149523.2370        824.749          48.000    22863695.491    93623010.3260        642.622          44.000  
G24  21893987.093   115053677.3120      -1672.075          47.000    21893988.707    89652223.2390      -1302.762          44.000  
G32  23265964.561   122263466.4390       1380.461          47.000    23265968.019    95270252.5450       1075.377          44.000  
> 2026  7 21 18 46 27.0020000  0 7                            
G23  21326368.599   112070821.6130       -504.797          47.000    21326367.984    87327909.7040       -393.353          47.000  
G15  23716854.369   124632908.5310      -4014.775          41.000    23716855.681    97116557.9980      -3128.434          40.000  
G27  24410901.363   128280154.3710      -1599.908          42.000    24410905.742    99958578.9370      -1246.600          41.000  
G18  21579624.601   113401690.5290      -2847.675          48.000    21579624.997    88364955.2760      -2218.988          48.000  
G10  22863536.842   120148698.6240        824.402          48.000    22863538.511    93622367.7760        642.312          44.000  
G24  21894305.259   115055349.6790      -1672.887          47.000    21894306.902    89653526.3800      -1303.571          44.000  
G32  23265701.946   122262086.3210       1379.737          47.000    23265705.425    95269177.1170       1075.212          44.000  
> 2026  7 21 18 46 28.0020000  0 7                            
G23  21326464.990   112071327.7940       -506.543          47.000    21326464.222    87328304.1270       -394.635          47.000  
G15  23717618.549   124636924.5580      -4016.366          42.000    23717619.890    97119687.3630      -3129.489          40.000  
G27  24411206.087   128281755.7100      -1601.660          42.000    24411210.453    99959826.7370      -1248.334          42.000  
G18  21580166.781   113404539.7150      -2849.762          48.000    21580167.154    88367175.4120      -2220.526          48.000  
G10  22863380.296   120147875.5880        822.738          48.000    22863381.902    93621726.4510        641.032          44.000  
G24  21894623.958   115057024.2990      -1675.248          47.000    21894625.627    89654831.2730      -1305.424          44.000  
G32  23265439.672   122260708.0370       1377.797          47.000    23265443.049    95268103.1290       1073.638          44.000  
> 2026  7 21 18 46 29.0020000  0 7                            
G23  21326561.127   112071832.8030       -504.230          47.000    21326560.307    87328697.6450       -392.944          47.000  
G15  23718382.534   124640939.2650      -4013.957          41.000    23718383.860    97122815.7140      -3128.079          40.000  
G27  24411510.724   128283356.2160      -1599.908          42.000    24411515.017    99961073.8860      -1246.759          42.000  
G18  21580708.701   113407388.0700      -2847.681          48.000    21580709.096    88369394.9130      -2219.049          48.000  
G10  22863223.435   120147051.2370        825.213          48.000    22863225.113    93621084.0860        643.111          44.000  
G24  21894942.498   115058698.2510      -1673.558          47.000    21894944.170    89656135.6610      -1304.105          44.000  
G32  23265177.149   122259328.6770       1380.113          47.000    23265180.592    95267028.3050       1075.414          44.000  
> 2026  7 21 18 46 30.0020000  0 7                            
G23  21326656.910   112072336.6000       -503.497          47.000    21326656.254    87329090.2150       -392.401          47.000  
G15  23719146.296   124644952.6270      -4013.121          41.000    23719147.571    97125942.9990      -3127.061          40.000  
G27  24411815.076   128284955.8470      -1599.561          42.000    24411819.394    99962320.3490      -1246.436          42.000  
G18  21581250.512   113410235.5660      -2847.485          48.000    21581250.960    88371613.7370      -2218.768          48.000  
G10  22863066.304   120146225.5260        825.891          48.000    22863067.955    93620440.6870        643.623          44.000  
G24  21895260.874   115060371.5190      -1673.472          47.000    21895262.662    89657439.4990      -1303.990          44.000  
G32  23264914.501   122257948.2170       1380.693          47.000    23264917.878    95265952.6280       1075.873          44.000  
> 2026  7 21 18 46 31.0020000  0 7                            
G23  21326752.132   112072837.0920       -499.139          47.000    21326751.530    87329480.2100       -389.063          47.000  
G15  23719909.287   124648962.5320      -4008.570          42.000    23719910.613    97129067.6030      -3123.598          40.000  
G27  24412118.930   128286552.4900      -1595.392          42.000    24412123.226    99963564.4870      -1243.134          42.000  
G18  21581791.810   113413080.0980      -2843.414          48.000    21581792.251    88373830.2590      -2215.771          48.000  
G10  22862908.490   120145396.3580        830.515          48.000    22862910.191    93619794.5880        647.028          44.000  
G24  21895578.715   115062041.9760      -1669.460          47.000    21895580.559    89658741.1560      -1300.947          44.000  
G32  23264651.261   122256564.5550       1385.179          48.000    23264654.658    95264874.4510       1079.264          44.000  
> 2026  7 21 18 46 32.0020000  0 7                            
G23  21326846.989   112073335.6980       -497.803          47.000    21326846.342    87329868.7320       -387.878          47.000  
G15  23720671.901   124652970.4060      -4007.117          41.000    23720673.282    97132190.6140      -3122.293          40.000  
G27  24412422.551   128288147.5760      -1594.342          42.000    24412426.865    99964807.4140      -1242.560          42.000  
G18  21582332.844   113415923.0860      -2842.377          48.000    21582333.254    88376045.5740      -2214.899          48.000  
G10  22862750.480   120144565.1760        831.984          48.000    22862751.973    93619146.9100        648.207          44.000  
G24  21895896.313   115063711.0790      -1668.624          47.000    21895898.230    89660041.7640      -1300.431          44.000  
G32  23264387.605   122255179.1340       1386.167          48.000    23264391.012    95263794.9060       1080.073          44.000  
> 2026  7 21 18 46 33.0020000  0 7                            
G23  21326941.543   112073832.7310       -497.430          47.000    21326940.920    87330256.0270       -387.567          47.000  
G15  23721434.345   124656976.5650      -4006.561          41.000    23721435.736    97135312.2930      -3122.003          40.000  
G27  24412725.912   128289741.4330      -1594.513          42.000    24412730.171    99966049.3530      -1242.206          42.000  
G18  21582873.556   113418764.8480      -2842.199          48.000    21582874.000    88378259.9230      -2214.624          48.000  
G10  22862592.087   120143732.2570        832.651          48.000    22862593.390    93618497.8830        648.852          44.000  
G24  21896213.726   115065379.1240      -1668.663          47.000    21896215.715    89661341.5280      -1300.183          44.000  
G32  23264123.753   122253792.2290       1386.466          48.000    23264127.055    95262714.2060       1080.365          44.000  
> 2026  7 21 18 46 34.0020000  0 7                            
G23  21327035.925   112074328.5520       -493.024          47.000    21327035.192    87330642.3870       -384.119          47.000  
G15  23722196.416   124660981.3830      -4002.034          41.000    23722197.788    97138432.9190      -3118.315          39.000  
G27  24413029.012   128291334.3830      -1590.179          42.000    24413033.208    99967290.6250      -1239.331          42.000  
G18  21583414.200   113421605.7490      -2838.220          48.000    21583414.650    88380473.6140      -2211.615          48.000  
G10  22862433.285   120142897.9930        837.257          49.000    22862434.574    93617847.8070        652.368          44.000  
G24  21896530.978   115067046.4630      -1664.514          47.000    21896533.028    89662640.7600      -1297.014          44.000  
G32  23263859.716   122252404.2360       1390.759          48.000    23263862.867    95261632.6480       1083.771          44.000  
> 2026  7 21 18 46 35.0020000  0 7                            
G23  21327129.539   112074820.2410       -489.038          47.000    21327128.812    87331025.5250       -381.091          47.000  
G15  23722957.607   124664981.8980      -3997.824          41.000    23722959.115    97141550.2140      -3114.983          39.000  
G27  24413331.371   128292923.5330      -1586.670          42.000    24413335.597    99968528.9200      -1236.194          42.000  
G18  21583954.127   113424442.8660      -2834.619          48.000    21583954.550    88382684.3530      -2208.832          48.000  
G10  22862273.764   120142059.4550        841.303          49.000    22862275.044    93617194.4170        655.258          44.000  
G24  21896847.654   115068710.2070      -1661.387          47.000    21896849.603    89663937.2010      -1294.918          44.000  
G32  23263594.822   122251012.2100       1394.633          47.000    23263598.009    95260547.9650       1086.625          44.000  
> 2026  7 21 18 46 36.0020000  0 7                            
G23  21327222.353   112075308.3100       -485.779          47.000    21327221.683    87331405.8350       -378.558          47.000  
G15  23723718.061   124668978.6590      -3994.468          41.000    23723719.699    97144664.5850      -3112.646          40.000  
G27  24413633.148   128294509.4020      -1583.746          42.000    24413637.366    99969764.6630      -1234.107          42.000  
G18  21584493.438   113427276.7070      -2831.787          48.000    21584493.693    88384892.5310      -2206.531          48.000  
G10  22862113.517   120141217.1520        844.909          49.000    22862114.646    93616538.0660        658.356          44.000  
G24  21897163.669   115070370.8170      -1658.035          47.000    21897165.579    89665231.1700      -1292.339          43.000  
G32  23263329.261   122249616.6840       1397.798          47.000    23263332.435    95259460.5310       1089.260          44.000  
> 2026  7 21 18 46 37.0020000  0 7                            
G23  21327314.387   112075791.7220       -480.316          47.000    21327313.678    87331782.5180       -374.365          47.000  
G15  23724477.635   124672970.6200      -3988.620          42.000    23724479.265    97147775.1880      -3107.868          39.000  
G27  24413934.074   128296090.9330      -1578.516          42.000    24413938.364    99970997.0190      -1230.072          42.000  
G18  21585031.845   113430106.2190      -2826.569          48.000    21585032.205    88387097.3390      -2202.478          48.000  
G10  22861952.273   120140370.0320        850.693          49.000    22861953.482    93615877.9680        662.833          44.000  
G24  21897478.798   115072027.2960      -1653.262          47.000    21897480.729    89666521.9270      -1288.402          43.000  
G32  23263062.734   122248216.5870       1403.336          47.000    23263066.049    95258369.5560       1093.417          44.000  
> 2026  7 21 18 46 38.0020000  0 7                            
G23  21327405.312   112076269.3280       -471.710          47.000    21327404.485    87332154.6760       -367.480          47.000  
G15  23725236.114   124676956.6340      -3979.885          42.000    23725237.717    97150881.1760      -3101.521          39.000  
G27  24414234.003   128297667.0090      -1570.288          42.000    24414238.311    99972225.1340      -1223.651          42.000  
G18  21585569.380   113432930.2900      -2818.471          48.000    21585569.563    88389297.9180      -2196.256          49.000  
G10  22861789.965   120139517.0000        858.982          49.000    22861791.280    93615213.2770        669.324          44.000  
G24  21897793.165   115073678.5140      -1645.918          47.000    21897794.939    89667808.5960      -1282.500          43.000  
G32  23262795.195   122246810.8120       1411.635          47.000    23262798.560    95257274.1570       1099.873          44.000  
> 2026  7 21 18 46 39.0020000  0 7                            
G23  21327494.871   112076739.8390       -476.001          47.000    21327493.973    87332521.3150       -371.057          47.000  
G15  23725993.261   124680935.4240      -3984.312          42.000    23725994.905    97153981.5150      -3104.621          39.000  
G27  24414532.668   128299236.3270      -1574.902          42.000    24414537.011    99973447.9810      -1227.374          42.000  
G18  21586105.588   113435747.6120      -2823.472          48.000    21586105.750    88391493.2320      -2200.108          49.000  
G10  22861626.388   120138656.7110        854.527          49.000    22861627.548    93614542.9230        665.856          44.000  
G24  21898106.172   115075323.1220      -1650.625          47.000    21898107.986    89669090.1200      -1286.366          43.000  
G32  23262526.317   122245398.0630       1406.958          47.000    23262529.857    95256173.3080       1096.516          44.000  
> 2026  7 21 18 46 40.0020000  0 7                            
G23  21327583.945   112077208.4520       -463.354          47.000    21327583.100    87332886.4610       -360.925          47.000  
G15  23726749.996   124684912.1590      -3971.477          42.000    23726751.750    97157080.2690      -3094.402          40.000  
G27  24414831.053   128300804.0610      -1562.689          42.000    24414835.276    99974669.5860      -1217.560          42.000  
G18  21586641.422   113438563.3550      -2810.976          48.000    21586641.454    88393687.3160      -2190.330          49.000  
G10  22861462.226   120137794.3680        867.417          49.000    22861463.310    93613870.9800        675.828          44.000  
G24  21898418.945   115076966.3430      -1638.534          47.000    21898420.580    89670370.5470      -1276.853          43.000  
G32  23262257.128   122243983.5080       1419.622          47.000    23262260.609    95255071.0670       1106.294          44.000  
> 2026  7 21 18 46 41.0020000  0 7                            
G23  21327671.214   112077667.1200       -461.102          47.000    21327670.335    87333243.8620       -359.229          47.000  
G15  23727504.848   124688878.7910      -3968.708          42.000    23727506.532    97160171.1580      -3092.737          39.000  
G27  24415127.441   128302362.1770      -1560.766          42.000    24415131.805    99975883.6930      -1216.174          42.000  
G18  21587175.449   113441369.4510      -2807.924          48.000    21587175.432    88395873.8830      -2187.979          49.000  
G10  22861296.109   120136921.9110        870.461          49.000    22861297.274    93613191.1390        678.165          44.000  
G24  21898729.805   115078600.1000      -1636.067          47.000    21898731.477    89671643.5950      -1274.725          43.000  
G32  23261986.002   122242559.0910       1422.238          47.000    23261989.466    95253961.1270       1108.429          44.000  
> 2026  7 21 18 46 42.0020000  0 7                            
G23  21327757.815   112078122.2080       -452.460          47.000    21327756.889    87333598.4750       -352.576          47.000  
G15  23728258.982   124692841.7300      -3960.169          42.000    23728260.562    97163259.1570      -3086.252          39.000  
G27  24415423.321   128303917.0430      -1552.533          42.000    24415427.667    99977095.2770      -1209.869          42.000  
G18  21587708.854   113444172.3950      -2800.414          48.000    21587708.779    88398057.9940      -2182.064          49.000  
G10  22861129.390   120136045.7720        878.929          49.000    22861130.567    93612508.4280        684.998          44.000  
G24  21899040.138   115080230.8510      -1628.369          47.000    21899041.797    89672914.3230      -1268.944          43.000  
G32  23261714.378   122241131.2360       1430.524          47.000    23261717.773    95252848.5230       1114.749          44.000  
> 2026  7 21 18 46 43.0020000  0 7                            
G23  21327843.972   112078575.1810       -452.606          47.000    21327843.189    87333951.4570       -352.820          47.000  
G15  23729012.589   124696802.4050      -3960.167          42.000    23729014.206    97166345.3870      -3085.904          39.000  
G27  24415718.923   128305470.1140      -1552.960          42.000    24415723.306    99978305.4650      -1210.217          42.000  
G18  21588241.801   113446973.5560      -2801.086          48.000    21588241.837    88400240.7190      -2182.791          49.000  
G10  22860962.352   120135167.3800        878.712          49.000    22860963.467    93611823.9800        684.690          44.000  
G24  21899350.191   115081859.9970      -1629.270          47.000    21899351.861    89674183.7870      -1269.529          43.000  
G32  23261442.280   122239701.3760       1430.176          47.000    23261445.675    95251734.3440       1114.371          44.000  
> 2026  7 21 18 46 44.0020000  0 7                            
G23  21327929.589   112079024.8450       -450.122          48.000    21327928.747    87334301.8460       -351.001          47.000  
G15  23729765.789   124700759.6300      -3957.907          42.000    23729767.308    97169428.9350      -3084.031          39.000  
G27  24416013.923   128307020.1980      -1550.610          42.000    24416018.295    99979513.3300      -1208.557          42.000  
G18  21588774.260   113449771.7590      -2799.552          48.000    21588774.405    88402421.1390      -2181.650          48.000  
G10  22860794.504   120134285.5350        881.083          49.000    22860795.663    93611136.8340        686.240          44.000  
G24  21899659.702   115083486.3400      -1627.605          48.000    21899661.280    89675451.0820      -1268.700          43.000  
G32  23261169.545   122238268.3170       1432.298          48.000    23261173.022    95250617.6960       1115.821          44.000  
> 2026  7 21 18 46 45.0020000  0 7                            
G23  21328014.587   112079471.1220       -445.099          47.000    21328013.654    87334649.5850       -346.838          47.000  
G15  23730518.141   124704713.3110      -3952.399          42.000    23730519.598    97172509.7190      -3079.950          39.000  
G27  24416308.280   128308567.2450      -1546.045          42.000    24416312.648    99980718.8040      -1204.663          42.000  
G18  21589306.138   113452566.8560      -2794.014          48.000    21589306.405    88404599.1270      -2177.124          48.000  
G10  22860626.012   120133400.1140        886.737          48.000    22860627.120    93610446.8880        690.960          44.000  
G24  21899968.658   115085109.7670      -1622.410          48.000    21899970.144    89676716.0780      -1264.305          43.000  
G32  23260896.186   122236831.9550       1437.521          48.000    23260899.559    95249498.4410       1120.127          44.000  
> 2026  7 21 18 46 46.0020000  0 7                            
G23  21328098.913   112079914.1180       -441.724          48.000    21328097.998    87334994.7720       -344.135          47.000  
G15  23731269.881   124708663.5820      -3948.953          42.000    23731271.348    97175587.8380      -3077.067          39.000  
G27  24416602.097   128310111.3490      -1543.060          42.000    24416606.572    99981921.9970      -1202.289          42.000  
G18  21589837.412   113455359.0600      -2791.009          48.000    21589837.809    88406774.8670      -2174.696          48.000  
G10  22860456.894   120132511.3010        890.231          48.000    22860457.895    93609754.3090        693.655          44.000  
G24  21900276.966   115086730.4600      -1619.460          48.000    21900278.650    89677978.9670      -1262.080          43.000  
G32  23260622.247   122235392.4330       1441.110          48.000    23260625.722    95248376.7400       1122.863          44.000  
> 2026  7 21 18 46 47.0020000  0 7                            
G23  21328182.800   112080354.9430       -440.802          48.000    21328181.910    87335338.2760       -343.524          47.000  
G15  23732021.265   124712611.5310      -3947.787          42.000    23732022.662    97178664.1720      -3076.368          39.000  
G27  24416895.672   128311653.5940      -1542.139          42.000    24416900.055    99983123.7630      -1201.984          42.000  
G18  21590368.385   113458149.4230      -2790.189          48.000    21590368.778    88408949.1820      -2174.250          48.000  
G10  22860287.296   120131620.1600        891.427          48.000    22860288.237    93609059.9030        694.596          44.000  
G24  21900584.959   115088349.4900      -1619.005          48.000    21900586.699    89679240.5400      -1261.560          43.000  
G32  23260347.864   122233950.8650       1441.664          48.000    23260351.358    95247253.4460       1123.341          44.000  
> 2026  7 21 18 46 48.0020000  0 7                            
G23  21328266.000   112080792.2920       -435.437          48.000    21328265.085    87335679.0700       -339.337          47.000  
G15  23732771.903   124716555.8690      -3942.458          42.000    23732773.256    97181737.6820      -3072.140          39.000  
G27  24417188.590   128313192.7010      -1537.488          42.000    24417192.911    99984323.0600      -1198.053          42.000  
G18  21590898.748   113460936.6800      -2785.665          48.000    21590899.160    88411121.0640      -2170.538          48.000  
G10  22860117.082   120130725.4220        896.591          48.000    22860117.898    93608362.7110        698.689          44.000  
G24  21900892.474   115089965.5800      -1614.482          48.000    21900894.214    89680499.8400      -1258.070          43.000  
G32  23260072.873   122232505.9200       1446.680          48.000    23260076.485    95246127.5170       1127.237          44.000  
> 2026  7 21 18 46 49.0020000  0 7                            
G23  21328348.486   112081226.1040       -432.098          48.000    21328347.724    87336017.1100       -336.774          47.000  
G15  23733521.886   124720496.5240      -3938.798          42.000    23733523.130    97184808.2990      -3069.047          39.000  
G27  24417480.941   128314728.6140      -1534.546          42.000    24417485.180    99985519.8660      -1195.770          42.000  
G18  21591428.569   113463720.7270      -2782.541          48.000    21591428.862    88413290.4490      -2168.055          48.000  
G10  22859946.145   120129826.9910        900.120          48.000    22859946.829    93607662.6440        701.229          44.000  
G24  21901199.429   115091578.6400      -1611.716          48.000    21901201.113    89681756.7620      -1255.950          43.000  
G32  23259797.222   122231057.5470       1450.059          48.000    23259800.790    95244998.9160       1129.783          44.000  
> 2026  7 21 18 46 50.0020000  0 7                            
G23  21328430.383   112081656.8420       -429.395          48.000    21328429.646    87336352.7420       -334.467          47.000  
G15  23734271.166   124724433.9470      -3935.909          42.000    23734272.365    97187876.4280      -3066.923          39.000  
G27  24417772.645   128316261.7620      -1531.946          42.000    24417776.936    99986714.5400      -1193.988          42.000  
G18  21591957.849   113466502.0420      -2780.103          48.000    21591958.091    88415457.7130      -2166.355          48.000  
G10  22859774.516   120128925.3310        903.148          48.000    22859775.326    93606960.0580        703.623          44.000  
G24  21901505.866   115093189.1230      -1609.309          48.000    21901507.522    89683011.6970      -1254.265          43.000  
G32  23259520.953   122229606.2040       1452.710          48.000    23259524.594    95243868.0050       1131.899          44.000  
> 2026  7 21 18 46 51.0020000  0 7                            
G23  21328511.895   112082084.7450       -427.399          48.000    21328511.067    87336686.1750       -332.867          47.000  
G15  23735019.872   124728368.3970      -3933.845          42.000    23735021.060    97190942.2280      -3065.039          39.000  
G27  24418063.960   128317792.4110      -1530.206          42.000    24418068.178    99987907.2460      -1192.499          42.000  
G18  21592486.586   113469280.8780      -2778.480          48.000    21592486.924    88417623.0340      -2165.148          48.000  
G10  22859602.298   120128020.7080        905.202          48.000    22859603.164    93606255.1430        705.464          44.000  
G24  21901811.842   115094797.2960      -1607.697          48.000    21901813.579    89684264.8180      -1253.071          43.000  
G32  23259244.301   122228152.1420       1454.574          48.000    23259247.870    95242734.9660       1133.438          44.000  
> 2026  7 21 18 46 52.0020000  0 7                            
G23  21328593.107   112082511.2800       -425.793          47.000    21328592.220    87337018.5420       -331.787          47.000  
G15  23735768.216   124732301.3240      -3931.840          42.000    23735769.474    97194006.8500      -3063.963          40.000  
G27  24418355.018   128319322.0320      -1528.809          42.000    24418359.428    99989099.1640      -1191.681          42.000  
G18  21593015.200   113472058.6870      -2777.487          48.000    21593015.503    88419787.5550      -2164.158          48.000  
G10  22859429.799   120127114.5640        907.074          48.000    22859430.650    93605549.0600        706.786          44.000  
G24  21902117.679   115096404.6360      -1607.060          48.000    21902119.410    89685517.2750      -1252.168          43.000  
G32  23258967.372   122226696.8210       1455.818          48.000    23258970.869    95241600.9550       1134.454          44.000  
> 2026  7 21 18 46 53.0020000  0 7                            
G23  21328673.925   112082935.7870       -423.260          48.000    21328673.044    87337349.3270       -329.761          47.000  
G15  23736516.308   124736232.0980      -3929.473          42.000    23736517.425    97197069.7860      -3062.140          40.000  
G27  24418645.794   128320849.9520      -1526.868          42.000    24418650.148    99990289.7520      -1189.874          42.000  
G18  21593543.532   113474834.7930      -2775.056          48.000    21593543.756    88421950.7540      -2162.210          48.000  
G10  22859256.998   120126206.2610        909.718          48.000    22859257.784    93604841.2910        708.900          44.000  
G24  21902423.223   115098010.4300      -1604.855          48.000    21902425.062    89686768.5570      -1250.660          43.000  
G32  23258690.148   122225239.5640       1458.473          47.000    23258693.565    95240465.4360       1136.387          44.000  
> 2026  7 21 18 46 54.0020000  0 7                            
G23  21328754.399   112083358.2230       -420.758          47.000    21328753.354    87337678.4980       -327.808          47.000  
G15  23737263.971   124740160.6320      -3926.848          42.000    23737264.932    97200130.9770      -3059.927          40.000  
G27  24418936.176   128322376.1140      -1524.664          42.000    24418940.626    99991478.9590      -1188.062          42.000  
G18  21594071.584   113477609.1860      -2772.891          48.000    21594071.742    88424112.6190      -2160.691          48.000  
G10  22859083.809   120125295.7410        912.064          48.000    22859084.586    93604131.8020        710.676          44.000  
G24  21902728.560   115099614.6840      -1602.881          48.000    21902730.339    89688018.6170      -1249.021          43.000  
G32  23258412.516   122223780.3690       1460.722          47.000    23258415.798    95239328.3990       1138.404          44.000  
> 2026  7 21 18 46 55.0020000  0 7                            
G23  21328834.388   112083778.8780       -420.825          47.000    21328833.387    87338006.2870       -327.960          47.000  
G15  23738011.193   124744087.2370      -3926.688          42.000    23738012.230    97203190.6510      -3059.513          40.000  
G27  24419226.364   128323900.8050      -1524.902          42.000    24419230.717    99992667.0230      -1188.153          42.000  
G18  21594599.344   113480382.1400      -2773.400          48.000    21594599.460    88426273.3690      -2161.183          48.000  
G10  22858910.137   120124383.2770        912.311          48.000    22858911.016    93603420.7940        711.027          44.000  
G24  21903033.600   115101217.6710      -1603.668          48.000    21903035.337    89689267.6950      -1249.599          43.000  
G32  23258134.534   122222319.4830       1460.568          47.000    23258137.851    95238190.0530       1138.110          44.000  
> 2026  7 21 18 46 56.0020000  0 7                            
G23  21328914.263   112084198.4140       -418.292          48.000    21328913.248    87338333.2030       -326.044          47.000  
G15  23738758.255   124748012.5800      -3923.875          42.000    23738759.102    97206249.3700      -3057.686          40.000  
G27  24419516.286   128325424.7240      -1522.797          42.000    24419520.709    99993854.5010      -1186.749          42.000  
G18  21595126.832   113483154.3150      -2771.099          48.000    21595126.995    88428433.4950      -2159.219          48.000  
G10  22858736.091   120123469.5510        915.066          48.000    22858737.199    93602708.7990        713.105          44.000  
G24  21903338.584   115102820.0410      -1601.288          48.000    21903340.207    89690516.3030      -1247.802          43.000  
G32  23257856.315   122220857.5840       1463.224          47.000    23257859.692    95237050.9170       1140.125          44.000  
> 2026  7 21 18 46 57.0020000  0 7                            
G23  21328994.015   112084617.2880       -418.774          48.000    21328993.059    87338659.6000       -326.343          47.000  
G15  23739505.078   124751937.1280      -3924.493          42.000    23739505.882    97209307.4560      -3058.149          40.000  
G27  24419806.226   128326948.3050      -1523.633          42.000    24419810.627    99995041.7050      -1187.341          42.000  
G18  21595654.206   113485926.1820      -2772.087          48.000    21595654.526    88430593.3930      -2160.072          49.000  
G10  22858562.008   120122555.0300        914.718          48.000    22858563.301    93601996.1950        712.639          44.000  
G24  21903643.406   115104422.2730      -1602.465          47.000    21903645.065    89691764.7930      -1248.688          43.000  
G32  23257578.126   122219395.1440       1462.384          47.000    23257581.327    95235911.3590       1139.518          44.000  
> 2026  7 21 18 46 58.0020000  0 7                            
G23  21329073.659   112085036.0660       -419.159          48.000    21329072.709    87338985.9190       -326.666          47.000  
G15  23740251.904   124755861.4160      -3924.558          42.000    23740252.668    97212365.3480      -3058.420          40.000  
G27  24420096.261   128328472.1090      -1524.499          42.000    24420100.462    99996229.0680      -1187.665          42.000  
G18  21596181.765   113488698.2750      -2772.691          48.000    21596182.036    88432753.4690      -2160.567          49.000  
G10  22858387.927   120121640.2630        914.400          48.000    22858389.329    93601283.3910        712.469          44.000  
G24  21903948.430   115106024.9190      -1603.343          47.000    21903950.057    89693013.6030      -1249.230          43.000  
G32  23257299.792   122217932.7030       1461.930          47.000    23257303.030    95234771.7910       1139.338          44.000  
> 2026  7 21 18 46 59.0020000  0 7                            
G23  21329153.507   112085456.0440       -421.130          48.000    21329152.600    87339313.1760       -328.125          47.000  
G15  23740998.875   124759786.7750      -3926.499          42.000    23740999.662    97215424.0680      -3059.882          40.000  
G27  24420386.514   128329997.4430      -1526.587          42.000    24420390.765    99997417.6540      -1189.679          42.000  
G18  21596709.503   113491471.9180      -2775.042          48.000    21596709.812    88434914.7480      -2162.321          49.000  
G10  22858214.020   120120726.5520        912.612          48.000    22858215.411    93600571.4080        711.135          44.000  
G24  21904253.718   115107629.2900      -1605.895          47.000    21904255.301    89694263.7620      -1251.350          43.000  
G32  23257021.712   122216471.5760       1459.920          47.000    23257025.001    95233633.2540       1137.735          44.000  
> 2026  7 21 18 47  0.0020000  0 7                            
G23  21329233.790   112085878.4160       -423.370          48.000    21329232.960    87339642.2980       -329.871          47.000  
G15  23741746.302   124763714.3550      -3928.242          42.000    23741747.105    97218484.5070      -3061.013          40.000  
G27  24420677.290   128331525.5180      -1529.218          42.000    24420681.549    99998608.3420      -1191.559          42.000  
G18  21597237.778   113494248.3010      -2777.599          48.000    21597238.093    88437078.1610      -2164.411          49.000  
G10  22858040.503   120119815.0990        910.637          48.000    22858041.863    93599861.2020        709.371          44.000  
G24  21904559.528   115109236.5490      -1608.451          47.000    21904561.261    89695516.1770      -1253.484          43.000  
G32  23256744.162   122215012.9550       1457.586          47.000    23256747.431    95232496.6720       1135.907          44.000  
> 2026  7 21 18 47  1.0020000  0 7                            
G23  21329314.557   112086302.6980       -425.018          48.000    21329313.645    87339972.9060       -331.256          47.000  
G15  23742494.099   124767643.7230      -3929.989          42.000    23742494.877    97221546.3610      -3062.352          40.000  
G27  24420968.449   128333055.8170      -1531.311          42.000    24420972.807    99999800.7800      -1193.048          42.000  
G18  21597766.619   113497026.9290      -2779.505          48.000    21597766.894    88439243.3270      -2165.922          49.000  
G10  22857867.334   120118905.4120        908.967          49.000    22857868.743    93599152.3510        708.117          44.000  
G24  21904865.807   115110846.2300      -1610.664          47.000    21904867.453    89696770.4910      -1255.321          43.000  
G32  23256467.010   122213556.3520       1455.662          47.000    23256470.249    95231361.6680       1134.311          44.000  
> 2026  7 21 18 47  2.0020000  0 7                            
G23  21329395.639   112086728.6320       -426.233          48.000    21329394.822    87340304.8050       -332.147          47.000  
G15  23743242.184   124771574.5980      -3931.296          42.000    23743242.936    97224609.3610      -3063.116          40.000  
G27  24421260.042   128334588.0980      -1532.745          42.000    24421264.391   100000994.7840      -1194.556          42.000  
G18  21598295.733   113499807.5620      -2781.120          48.000    21598296.014    88441410.0510      -2167.186          49.000  
G10  22857694.392   120117997.2270        907.847          49.000    22857695.874    93598444.6780        707.347          44.000  
G24  21905172.566   115112458.0970      -1612.562          47.000    21905174.298    89698026.4660      -1256.466          43.000  
G32  23256190.162   122212101.5100       1454.498          47.000    23256193.279    95230228.0210       1133.438          44.000  
> 2026  7 21 18 47  3.0020000  0 7                            
G23  21329476.898   112087155.1950       -426.752          48.000    21329476.026    87340637.1880       -332.532          47.000  
G15  23743990.229   124775505.9510      -3931.537          42.000    23743991.141    97227672.7500      -3063.182          40.000  
G27  24421551.828   128336121.3480      -1533.618          42.000    24421556.152   100002189.5090      -1194.928          42.000  
G18  21598825.096   113502589.1570      -2781.993          48.000    21598825.354    88443577.5210      -2167.638          49.000  
G10  22857521.696   120117089.5300        907.649          48.000    22857523.176    93597737.3830        707.205          44.000  
G24  21905479.490   115114071.0890      -1613.315          47.000    21905481.259    89699283.3550      -1257.274          43.000  
G32  23255913.368   122210647.4080       1453.776          48.000    23255916.522    95229094.9650       1132.774          44.000  
> 2026  7 21 18 47  4.0020000  0 7                            
G23  21329558.359   112087583.1200       -428.845          48.000    21329557.387    87340970.6320       -334.039          47.000  
G15  23744738.466   124779438.5100      -3933.298          42.000    23744739.502    97230737.0810      -3064.953          40.000  
G27  24421843.907   128337656.2770      -1536.035          42.000    24421848.244   100003385.5640      -1196.997          42.000  
G18  21599354.743   113505372.4570      -2784.424          48.000    21599355.016    88445746.3270      -2169.536          49.000  
G10  22857349.128   120116183.0470        905.817          48.000    22857350.708    93597031.0340        705.742          44.000  
G24  21905786.821   115115685.9570      -1615.995          47.000    21905788.648    89700541.6700      -1258.894          43.000  
G32  23255636.831   122209194.7640       1451.674          48.000    23255640.180    95227963.0340       1131.221          44.000  
> 2026  7 21 18 47  5.0020000  0 7                            
G23  21329640.049   112088012.6260       -430.322          48.000    21329639.174    87341305.3180       -335.364          48.000  
G15  23745487.051   124783372.5110      -3934.770          42.000    23745488.144    97233802.5500      -3066.117          40.000  
G27  24422136.333   128339193.1210      -1537.854          41.000    24422140.748   100004583.0900      -1198.114          42.000  
G18  21599884.716   113508157.6860      -2786.242          48.000    21599884.953    88447916.6370      -2171.087          49.000  
G10  22857176.943   120115278.0030        904.261          48.000    22857178.488    93596325.8050        704.670          44.000  
G24  21906094.592   115117302.9190      -1618.016          47.000    21906096.391    89701801.6690      -1260.945          43.000  
G32  23255360.701   122207743.8250       1449.963          48.000    23255364.023    95226832.4450       1129.550          44.000  
> 2026  7 21 18 47  6.0020000  0 7                            
G23  21329722.112   112088443.8640       -432.043          48.000    21329721.195    87341641.3450       -336.621          48.000  
G15  23746235.945   124787308.0940      -3936.238          42.000    23746237.020    97236869.2300      -3067.351          40.000  
G27  24422429.181   128340732.0150      -1539.892          41.000    24422433.679   100005782.2320      -1199.835          42.000  
G18  21600415.128   113510944.9820      -2788.199          48.000    21600415.438    88450088.5640      -2172.774          49.000  
G10  22857005.020   120114374.5570        902.632          48.000    22857006.505    93595621.8190        703.578          44.000  
G24  21906402.806   115118922.1360      -1620.343          47.000    21906404.622    89703063.3860      -1262.504          43.000  
G32  23255084.862   122206294.7180       1448.379          48.000    23255088.185    95225703.2630       1128.585          44.000  
> 2026  7 21 18 47  7.0020000  0 7                            
G23  21329804.557   112088876.7640       -433.734          48.000    21329803.605    87341978.6720       -338.031          48.000  
G15  23746985.163   124791245.1860      -3937.760          42.000    23746986.212    97239937.0900      -3068.337          40.000  
G27  24422722.293   128342272.9070      -1541.803          42.000    24422726.876   100006982.9180      -1201.380          42.000  
G18  21600945.895   113513734.2900      -2790.183          48.000    21600946.269    88452262.0380      -2174.256          49.000  
G10  22856833.411   120113472.6210        901.309          48.000    22856834.861    93594919.0190        702.121          44.000  
G24  21906711.330   115120543.5320      -1622.485          47.000    21906713.155    89704326.8040      -1264.193          43.000  
G32  23254809.460   122204847.3830       1446.556          48.000    23254812.731    95224575.4740       1127.155          43.000  
> 2026  7 21 18 47  8.0020000  0 7                            
G23  21329887.214   112089311.3000       -434.967          48.000    21329886.290    87342317.2710       -338.977          48.000  
G15  23747734.678   124795183.7780      -3939.086          42.000    23747735.661    97243006.1140      -3069.095          40.000  
G27  24423015.847   128343815.7570      -1543.445          42.000    24423020.417   100008185.1290      -1202.454          42.000  
G18  21601477.073   113516525.5820      -2791.957          48.000    21601477.412    88454437.0700      -2175.486          49.000  
G10  22856662.160   120112572.1770        900.053          48.000    22856663.478    93594217.3730        701.439          44.000  
G24  21907020.198   115122167.0750      -1624.213          47.000    21907022.109    89705591.9150      -1265.701          43.000  
G32  23254534.462   122203401.8110       1444.924          48.000    23254537.644    95223449.0430       1126.148          44.000  
> 2026  7 21 18 47  9.0020000  0 7                            
G23  21329970.154   112089746.9540       -436.572          48.000    21329969.163    87342656.7340       -340.167          48.000  
G15  23748484.294   124799123.3260      -3940.339          42.000    23748485.371    97246075.8960      -3070.245          40.000  
G27  24423309.727   128345360.0440      -1545.483          42.000    24423314.352   100009388.4670      -1204.065          42.000  
G18  21602008.519   113519318.3270      -2793.903          48.000    21602008.805    88456613.2270      -2176.966          49.000  
G10  22856491.035   120111672.6910        898.718          48.000    22856492.359    93593516.4770        700.359          44.000  
G24  21907329.497   115123792.2400      -1626.354          47.000    21907331.392    89706858.2740      -1267.322          43.000  
G32  23254259.607   122201957.4380       1443.440          48.000    23254262.785    95222323.5660       1124.822          44.000  
> 2026  7 21 18 47 10.0020000  0 7                            
G23  21330053.551   112090185.0000       -439.899          48.000    21330052.561    87342998.0790       -342.908          48.000  
G15  23749234.350   124803065.1540      -3943.625          42.000    23749235.432    97249147.4390      -3073.147          40.000  
G27  24423604.144   128346907.0460      -1549.091          42.000    24423608.634   100010593.9200      -1206.952          42.000  
G18  21602540.453   113522113.8110      -2797.592          48.000    21602540.849    88458791.5280      -2179.983          49.000  
G10  22856320.334   120110775.4770        895.471          48.000    22856321.590    93592817.3500        697.755          44.000  
G24  21907639.353   115125420.3250      -1630.269          47.000    21907641.205    89708126.9070      -1270.332          43.000  
G32  23253985.182   122200515.5780       1439.844          48.000    23253988.435    95221200.0360       1122.060          44.000  
> 2026  7 21 18 47 11.0020000  0 7                            
G23  21330137.383   112090626.1850       -442.413          48.000    21330136.555    87343341.8510       -344.708          48.000  
G15  23749984.916   124807009.9360      -3945.723          42.000    23749986.058    97252221.2900      -3074.631          40.000  
G27  24423899.143   128348457.5040      -1552.014          41.000    24423903.771   100011802.0840      -1209.406          42.000  
G18  21603072.958   113524912.7650      -2800.289          48.000    21603073.442    88460972.5310      -2182.093          49.000  
G10  22856150.238   120109881.2490        893.168          48.000    22856151.444    93592120.5480        695.985          44.000  
G24  21907949.844   115127052.0490      -1633.196          47.000    21907951.727    89709398.3770      -1272.433          43.000  
G32  23253711.370   122199076.9560       1437.297          48.000    23253714.666    95220079.0400       1119.862          43.000  
> 2026  7 21 18 47 12.0020000  0 7                            
G23  21330221.726   112091068.9630       -443.439          48.000    21330220.788    87343686.8780       -345.605          48.000  
G15  23750735.925   124810956.1950      -3946.964          42.000    23750737.019    97255296.3010      -3075.552          40.000  
G27  24424194.464   128350009.9170      -1553.369          42.000    24424199.131   100013011.7510      -1210.443          42.000  
G18  21603606.024   113527713.6740      -2801.848          48.000    21603606.458    88463155.0470      -2183.155          48.000  
G10  22855980.349   120108988.4680        892.262          48.000    22855981.533    93591424.8760        695.293          44.000  
G24  21908260.737   115128685.8800      -1634.767          47.000    21908262.539    89710671.5080      -1274.012          43.000  
G32  23253437.972   122197640.0450       1436.167          48.000    23253441.235    95218959.3680       1119.136          43.000  
> 2026  7 21 18 47 13.0020000  0 7                            
G23  21330306.306   112091513.5940       -445.477          48.000    21330305.431    87344033.3460       -347.217          48.000  
G15  23751487.164   124814904.1510      -3948.686          42.000    23751488.342    97258372.6200      -3076.798          40.000  
G27  24424490.351   128351564.5150      -1555.927          42.000    24424495.004   100014223.1170      -1212.354          42.000  
G18  21604139.446   113530516.7680      -2804.259          48.000    21604139.801    88465339.2750      -2184.985          48.000  
G10  22855810.808   120108097.3990        890.144          48.000    22855811.954    93590730.5350        693.705          44.000  
G24  21908572.014   115130322.0840      -1637.396          47.000    21908573.872    89711946.4660      -1275.808          43.000  
G32  23253164.920   122196205.0890       1433.992          48.000    23253168.169    95217841.2370       1117.170          43.000  
> 2026  7 21 18 47 14.0020000  0 7                            
G23  21330391.237   112091960.1820       -447.510          48.000    21330390.332    87344381.3310       -348.743          48.000  
G15  23752238.717   124818853.9050      -3950.633          42.000    23752239.985    97261450.3420      -3078.242          40.000  
G27  24424786.581   128353121.3530      -1558.093          42.000    24424791.271   100015436.2290      -1213.757          42.000  
G18  21604673.346   113533322.1460      -2806.417          48.000    21604673.604    88467525.2890      -2186.906          48.000  
G10  22855641.599   120107208.1290        888.436          48.000    22855642.710    93590037.6000        692.426          44.000  
G24  21908883.907   115131960.7480      -1639.971          48.000    21908885.767    89713223.3520      -1278.020          43.000  
G32  23252892.381   122194772.1940       1432.039          48.000    23252895.592    95216724.6960       1115.543          43.000  
> 2026  7 21 18 47 15.0020000  0 7                            
G23  21330476.691   112092409.1760       -450.537          48.000    21330475.776    87344731.1970       -351.086          48.000  
G15  23752990.801   124822805.9450      -3953.653          42.000    23752992.103    97264529.8500      -3080.837          40.000  
G27  24425083.356   128354680.9290      -1561.334          41.000    24425088.127   100016651.4790      -1216.272          42.000  
G18  21605207.765   113536130.2880      -2809.830          48.000    21605207.949    88469713.4480      -2189.521          48.000  
G10  22855472.753   120106321.1450        885.447          48.000    22855473.952    93589346.4400        690.104          44.000  
G24  21909196.206   115133602.3340      -1643.447          48.000    21909198.231    89714502.5060      -1280.654          43.000  
G32  23252620.109   122193341.8290       1428.758          47.000    23252623.290    95215610.1140       1113.475          43.000  
> 2026  7 21 18 47 16.0020000  0 7                            
G23  21330562.592   112092860.4940       -450.897          48.000    21330561.650    87345082.8680       -351.245          48.000  
G15  23753743.203   124826760.1380      -3953.504          42.000    23753744.507    97267611.0580      -3081.017          40.000  
G27  24425380.620   128356243.1650      -1561.731          41.000    24425385.370   100017868.8160      -1216.956          42.000  
G18  21605742.696   113538941.0810      -2810.504          48.000    21605742.912    88471903.6790      -2189.996          48.000  
G10  22855304.461   120105436.3220        885.303          48.000    22855305.658    93588656.9690        689.848          44.000  
G24  21909509.114   115135246.7340      -1644.076          47.000    21909511.146    89715783.8620      -1281.273          43.000  
G32  23252348.371   122191913.8900       1428.320          47.000    23252351.568    95214497.4420       1112.964          43.000  
> 2026  7 21 18 47 17.0020000  0 7                            
G23  21330648.614   112093312.3920       -452.911          48.000    21330647.752    87345435.0090       -353.009          48.000  
G15  23754495.816   124830714.7810      -3955.584          42.000    23754496.949    97270692.5730      -3082.268          40.000  
G27  24425678.055   128357806.3250      -1564.264          41.000    24425682.710   100019086.8660      -1219.067          42.000  
G18  21606277.837   113541752.8100      -2812.934          48.000    21606278.066    88474094.6340      -2191.886          48.000  
G10  22855136.109   120104551.9420        883.484          48.000    22855137.423    93587967.8490        688.376          44.000  
G24  21909822.217   115136892.2620      -1646.848          48.000    21909824.328    89717066.0840      -1283.076          43.000  
G32  23252076.705   122190486.6490       1425.997          47.000    23252079.778    95213385.3060       1111.205          43.000  
> 2026  7 21 18 47 18.0020000  0 7                            
G23  21330735.392   112093768.8140       -450.916          48.000    21330734.542    87345790.6630       -351.398          48.000  
G15  23755249.118   124834673.7940      -3953.411          42.000    23755250.395    97273777.5260      -3080.918          40.000  
G27  24425976.363   128359374.3110      -1562.671          41.000    24425981.053   100020308.6610      -1217.554          42.000  
G18  21606813.940   113544569.4100      -2811.582          49.000    21606814.210    88476289.3840      -2190.781          48.000  
G10  22854968.715   120103671.9450        885.628          49.000    22854969.931    93587282.1390        689.964          44.000  
G24  21910136.243   115138542.8280      -1645.531          48.000    21910138.507    89718352.2430      -1282.239          43.000  
G32  23251806.045   122189064.0260       1427.975          47.000    23251809.117    95212276.7670       1112.930          43.000  
> 2026  7 21 18 47 19.0020000  0 7                            
G23  21330821.880   112094225.5081       -454.443          48.000    21330820.957    87346144.6600       -363.007          48.000  
G15  23756002.044   124838632.5591      -3958.838          42.000    23756003.332    97276860.6690      -3091.640          40.000  
G27  24426274.304   128360936.9181      -1565.918          41.000    24426279.063   100021529.0800      -1229.529          42.000  
G18  21607349.567   113547387.6071      -2815.674          49.000    21607349.908    88478482.6790      -2201.313          48.000  
G10  22854800.867   120102788.6301        881.146          48.000    22854802.026    93586594.6320        679.152          44.000  
G24  21910450.001   115140191.1581      -1648.975          48.000    21910452.274    89719637.0760      -1293.026          43.000  
G32  23251534.890   122187639.8561       1422.748          47.000    23251538.022    95211166.6520       1101.332          43.000  
> 2026  7 21 18 47 20.0020000  0 7                            
G23  21330909.078   112094683.3071       -442.676          47.000    21330907.849    87346501.2251       -344.336          48.000  
G15  23756755.579   124842592.9671      -3942.285          41.000    23756756.817    97279947.2001      -3071.924          40.000  
G27  24426573.130   128362507.4451      -1556.671          41.000    24426577.583   100022751.7661      -1211.133          42.000  
G18  21607885.934   113550206.2021      -2804.639          48.000    21607885.977    88480679.9541      -2183.936          48.000  
G10  22854633.736   120101910.6391        892.731          48.000    22854634.631    93585907.8311        697.266          44.000  
G24  21910764.600   115141845.0721      -1638.867          48.000    21910766.608    89720926.2801      -1275.488          43.000  
G32  23251264.529   122186219.6541       1440.039          47.000    23251267.592    95210053.1231       1121.289          43.000  
> 2026  7 21 18 47 21.0020000  0 7                            
G23  21330994.355   112095131.6580       -444.983          48.000    21330992.939    87346849.7170       -346.545          48.000  
G15  23757507.339   124846543.5070      -3946.994          41.000    23757508.431    97283024.7420      -3075.508          40.000  
G27  24426870.169   128364068.8520      -1558.142          41.000    24426874.443   100023966.7380      -1213.788          42.000  
G18  21608420.435   113553015.7740      -2806.231          48.000    21608420.407    88482869.2890      -2186.527          48.000  
G10  22854464.508   120101020.6890        890.641          49.000    22854465.276    93585214.4190        695.205          44.000  
G24  21911077.446   115143489.1260      -1640.835          48.000    21911079.228    89722206.1680      -1278.518          43.000  
G32  23250992.280   122184788.3740       1433.792          47.000    23250995.084    95208937.7830       1117.216          43.000  
> 2026  7 21 18 47 22.0020000  0 7                            
G23  21331079.471   112095579.2230       -449.847          48.000    21331078.161    87347198.4810       -350.568          48.000  
G15  23758258.843   124850493.0630      -3951.724          41.000    23758260.065    97286102.3210      -3079.309          40.000  
G27  24427167.062   128365629.2650      -1562.775          41.000    24427171.432   100025182.6470      -1217.804          42.000  
G18  21608954.844   113555824.8770      -2811.687          48.000    21608955.024    88485058.2050      -2190.877          49.000  
G10  22854295.200   120100131.2150        887.186          48.000    22854295.972    93584521.3540        691.370          44.000  
G24  21911390.253   115145132.8730      -1646.404          48.000    21911392.168    89723487.0170      -1282.961          43.000  
G32  23250720.029   122183357.3370       1428.590          47.000    23250722.767    95207822.6850       1113.250          43.000  
> 2026  7 21 18 47 23.0020000  0 7                            
G23  21331165.455   112096031.4190       -454.474          48.000    21331164.147    87347550.8390       -354.150          48.000  
G15  23759011.265   124854447.1080      -3956.013          41.000    23759012.541    97289183.3770      -3082.581          40.000  
G27  24427464.977   128367194.6620      -1567.926          41.000    24427469.171   100026402.4480      -1221.790          42.000  
G18  21609490.238   113558638.9450      -2816.671          48.000    21609490.352    88487250.9820      -2194.708          49.000  
G10  22854126.743   120099246.2590        882.665          49.000    22854127.622    93583831.7880        687.895          44.000  
G24  21911704.009   115146781.7580      -1651.522          47.000    21911705.899    89724771.8670      -1286.971          43.000  
G32  23250448.643   122181931.0300       1423.932          47.000    23250451.361    95206711.2750       1109.692          43.000  
> 2026  7 21 18 47 24.0020000  0 7                            
G23  21331252.554   112096489.1920       -457.007          48.000    21331251.281    87347907.5440       -356.110          48.000  
G15  23759764.736   124858406.5790      -3958.601          41.000    23759765.954    97292268.6760      -3084.212          40.000  
G27  24427764.008   128368765.9730      -1570.685          41.000    24427768.144   100027626.8310      -1224.121          42.000  
G18  21610026.833   113561458.9270      -2819.460          48.000    21610027.055    88489448.3780      -2197.253          49.000  
G10  22853959.251   120098366.7540        880.276          49.000    22853960.246    93583146.4660        685.847          44.000  
G24  21912018.857   115148436.7340      -1654.642          47.000    21912020.827    89726061.4670      -1289.617          43.000  
G32  23250178.323   122180510.4020       1421.160          48.000    23250180.989    95205604.3030       1107.296          43.000  
> 2026  7 21 18 47 25.0020000  0 7                            
G23  21331339.661   112096947.4530       -460.406          48.000    21331338.489    87348264.6380       -358.691          48.000  
G15  23760518.198   124862366.3930      -3961.893          41.000    23760519.483    97295354.2310      -3086.783          40.000  
G27  24428063.179   128370338.0740      -1574.457          41.000    24428067.256   100028851.8280      -1226.605          42.000  
G18  21610563.564   113564279.7360      -2823.099          48.000    21610563.936    88491646.4020      -2199.851          49.000  
G10  22853791.850   120097487.5690        877.122          48.000    22853792.917    93582461.3900        683.510          44.000  
G24  21912333.949   115150092.7050      -1658.427          47.000    21912335.891    89727351.8230      -1292.220          43.000  
G32  23249908.026   122179090.3690       1418.047          48.000    23249910.823    95204497.7930       1104.779          43.000  
> 2026  7 21 18 47 26.0020000  0 7                            
G23  21331427.680   112097410.0940       -464.136          48.000    21331426.473    87348625.1330       -361.615          48.000  
G15  23761272.503   124866330.4320      -3965.463          41.000    23761273.811    97298443.0990      -3089.831          40.000  
G27  24428363.290   128371914.8850      -1578.680          41.000    24428367.290   100030080.5090      -1229.919          42.000  
G18  21611101.224   113567105.2620      -2827.115          48.000    21611101.597    88493848.1120      -2202.998          49.000  
G10  22853625.380   120096612.6290        873.619          48.000    22853626.434    93581779.6190        680.646          44.000  
G24  21912649.946   115151753.5630      -1662.566          47.000    21912651.866    89728646.0090      -1295.791          43.000  
G32  23249638.550   122177674.8250       1414.244          48.000    23249641.463    95203394.7740       1101.810          43.000  
> 2026  7 21 18 47 27.0020000  0 7                            
G23  21331516.336   112097875.9410       -467.401          48.000    21331515.127    87348988.1350       -364.240          48.000  
G15  23762027.433   124870297.5280      -3968.533          41.000    23762028.772    97301535.3590      -3092.643          40.000  
G27  24428663.973   128373495.2190      -1582.117          42.000    24428667.896   100031311.9420      -1232.623          41.000  
G18  21611639.553   113569934.3450      -2830.641          48.000    21611639.969    88496052.5790      -2205.738          49.000  
G10  22853459.456   120095740.7570        870.439          48.000    22853460.585    93581100.2440        678.215          44.000  
G24  21912966.664   115153418.1450      -1666.293          47.000    21912968.671    89729943.0890      -1298.572          43.000  
G32  23249369.869   122176262.6110       1410.518          48.000    23249372.758    95202294.3480       1099.064          43.000  
> 2026  7 21 18 47 28.0020000  0 7                            
G23  21331605.554   112098345.2160       -471.832          48.000    21331604.397    87349353.8000       -367.841          48.000  
G15  23762782.907   124874267.9210      -3972.827          41.000    23762784.245    97304629.1390      -3095.740          40.000  
G27  24428965.390   128375079.3180      -1586.688          42.000    24428969.382   100032546.2930      -1236.426          41.000  
G18  21612178.725   113572767.1980      -2835.631          48.000    21612179.009    88498259.9970      -2209.714          49.000  
G10  22853294.031   120094872.1700        866.077          48.000    22853295.330    93580423.4170        674.763          44.000  
G24  21913284.104   115155086.6860      -1671.466          47.000    21913286.212    89731243.2360      -1302.645          43.000  
G32  23249101.752   122174853.9190       1405.956          48.000    23249104.637    95201196.6590       1095.522          43.000  
> 2026  7 21 18 47 29.0020000  0 7                            
G23  21331695.424   112098817.4190       -462.323          48.000    21331694.125    87349721.7350       -360.187          48.000  
G15  23763538.925   124878241.0730      -3963.204          41.000    23763540.252    97307725.0900      -3087.843          40.000  
G27  24429267.457   128376666.6620      -1577.374          42.000    24429271.379   100033783.1750      -1229.089          41.000  
G18  21612718.437   113575603.2970      -2825.978          48.000    21612718.664    88500469.9220      -2201.894          49.000  
G10  22853129.378   120094006.3510        875.874          48.000    22853130.546    93579748.7510        682.450          44.000  
G24  21913602.131   115156758.6340      -1662.350          47.000    21913604.331    89732546.0230      -1294.656          43.000  
G32  23248834.172   122173448.2630       1415.492          48.000    23248837.058    95200101.3360       1103.179          43.000  
> 2026  7 21 18 47 30.0020000  0 8                            
G23  21331782.607   112099276.1620       -462.463          48.000    21331781.443    87350079.2130       -360.327          48.000  
G15  23764292.405   124882200.6310      -3963.034          41.000    23764293.717    97310810.4750      -3088.072          40.000  
G27  24429567.057   128378240.8860      -1577.923          42.000    24429570.910   100035009.8620      -1229.602          41.000  
G18  21613255.643   113578426.3290      -2827.188          48.000    21613255.891    88502669.6950      -2202.980          49.000  
G10  22852961.939   120093126.9630        875.512          48.000    22852963.130    93579063.5210        682.142          44.000  
G24  21913917.873   115158417.6740      -1663.485          47.000    21913920.071    89733838.8250      -1296.337          43.000  
G08  25760363.746   135371624.5711       -117.172          27.000                                                                  
G32  23248564.160   122172029.2720       1415.198          48.000    23248566.972    95198995.6470       1102.706          43.000  
> 2026  7 21 18 47 31.0020000  0 7                            
G23  21331869.162   112099731.4410       -457.574          48.000    21331868.018    87350433.9790       -356.677          48.000  
G15  23765045.252   124886156.5760      -3958.250          41.000    23765046.506    97313893.0270      -3084.283          40.000  
G27  24429866.038   128379811.9650      -1573.383          42.000    24429869.826   100036234.0840      -1226.282          41.000  
G18  21613792.207   113581246.1990      -2822.651          48.000    21613792.471    88504866.9950      -2199.506          49.000  
G10  22852793.840   120092243.9320        880.733          48.000    22852795.109    93578375.4610        686.004          44.000  
G24  21914232.924   115160073.7320      -1658.989          47.000    21914235.136    89735129.2420      -1292.548          43.000  
G32  23248293.386   122170606.9160       1419.679          48.000    23248296.266    95197887.3220       1106.163          44.000  
> 2026  7 21 18 47 32.0020000  0 7                            
G23  21331956.594   112100187.7760       -461.176          48.000    21331955.485    87350790.8821       -360.498          48.000  
G15  23765798.759   124890115.4060      -3961.861          41.000    23765800.054    97316977.6771      -3091.260          40.000  
G27  24430165.793   128381386.9110      -1577.466          42.000    24430169.560   100037459.7311      -1229.590          41.000  
G18  21614329.572   113584068.5141      -2827.625          48.000    21614329.833    88507066.7801      -2203.955          49.000  
G10  22852626.545   120091362.8851        876.310          48.000    22852627.827    93577690.2731        681.836          44.000  
G24  21914548.970   115161731.4211      -1664.160          47.000    21914551.227    89736423.4181      -1298.096          43.000  
G32  23248023.559   122169187.7290       1415.912          48.000    23248026.564    95196782.4281       1099.805          43.000  
> 2026  7 21 18 47 33.0020000  0 7                            
G23  21332042.713   112100640.3360       -445.905          48.000    21332041.687    87351143.9130       -347.174          48.000  
G15  23766550.977   124894068.3300      -3946.467          41.000    23766552.278    97320058.1870      -3074.997          40.000  
G27  24430464.391   128382955.8980      -1562.317          42.000    24430468.099   100038682.6440      -1216.925          41.000  
G18  21614865.845   113586886.3310      -2812.439          48.000    21614866.102    88509262.8250      -2191.086          49.000  
G10  22852457.920   120090476.8150        892.173          48.000    22852459.218    93576999.4090        695.490          44.000  
G24  21914863.805   115163385.7650      -1649.052          47.000    21914866.058    89737712.7650      -1284.697          43.000  
G32  23247752.310   122167762.8640       1430.864          48.000    23247755.434    95195671.3340       1115.259          44.000  
> 2026  7 21 18 47 34.0020000  0 7                            
G23  21332127.142   112101084.5450       -448.462          48.000    21332126.129    87351489.5140       -349.542          48.000  
G15  23767301.292   124898010.7530      -3948.681          41.000    23767302.810    97323131.2160      -3076.856          40.000  
G27  24430761.227   128384515.8780      -1565.399          42.000    24430765.083   100039898.4590      -1219.806          41.000  
G18  21615400.399   113589695.1180      -2814.220          48.000    21615400.621    88511451.7230      -2192.976          49.000  
G10  22852287.456   120089580.2710        890.423          48.000    22852288.897    93576302.8240        693.701          44.000  
G24  21915177.043   115165032.2540      -1651.060          47.000    21915179.193    89738995.1930      -1286.418          43.000  
G32  23247479.442   122166328.7400       1428.882          48.000    23247482.497    95194554.0770       1113.439          44.000  
> 2026  7 21 18 47 35.0020000  0 7                            
G23  21332213.251   112101536.7730       -454.272          48.000    21332212.135    87351841.8970       -354.053          48.000  
G15  23768053.312   124901963.0340      -3954.173          41.000    23768054.991    97326210.9210      -3081.262          40.000  
G27  24431059.868   128386085.1910      -1571.033          42.000    24431063.720   100041121.3080      -1224.634          41.000  
G18  21615936.669   113592513.2890      -2820.370          48.000    21615936.771    88513647.7070      -2197.735          49.000  
G10  22852118.675   120088693.6210        884.657          48.000    22852120.146    93575611.9310        689.198          44.000  
G24  21915492.000   115166687.3020      -1657.329          47.000    21915494.110    89740284.8430      -1291.299          43.000  
G32  23247208.263   122164903.7620       1422.793          48.000    23247211.241    95193443.7050       1108.749          44.000  
> 2026  7 21 18 47 36.0020000  0 7                            
G23  21332299.955   112101992.4620       -456.873          48.000    21332298.843    87352196.9730       -356.049          48.000  
G15  23768806.043   124905918.6410      -3956.556          41.000    23768807.705    97329293.2010      -3083.222          40.000  
G27  24431359.166   128387658.2910      -1574.164          42.000    24431363.142   100042347.0980      -1226.703          41.000  
G18  21616473.693   113595335.2620      -2823.175          48.000    21616473.801    88515846.6470      -2199.945          49.000  
G10  22851950.546   120087810.2870        882.259          48.000    22851951.977    93574923.6110        687.437          44.000  
G24  21915807.632   115168346.3310      -1660.443          47.000    21915809.704    89741577.5980      -1293.785          43.000  
G32  23246937.793   122163482.3480       1420.099          48.000    23246940.716    95192336.1070       1106.602          44.000  
> 2026  7 21 18 47 37.0020000  0 7                            
G23  21332386.980   112102449.5230       -454.761          48.000    21332385.927    87352553.5170       -354.248          48.000  
G15  23769559.082   124909875.4610      -3954.337          41.000    23769560.695    97332376.8390      -3081.360          40.000  
G27  24431658.925   128389233.6190      -1572.809          42.000    24431662.934   100043574.6250      -1225.433          42.000  
G18  21617011.084   113598158.9620      -2821.473          49.000    21617011.120    88518047.3270      -2198.605          49.000  
G10  22851782.800   120086928.1920        884.447          48.000    22851784.185    93574236.6520        689.303          44.000  
G24  21916123.777   115170007.2420      -1658.672          47.000    21916125.785    89742872.1970      -1292.509          43.000  
G32  23246667.764   122162062.4230       1422.150          48.000    23246670.630    95191230.0590       1108.372          44.000  
> 2026  7 21 18 47 38.0020000  0 7                            
G23  21332474.509   112102909.4900       -470.471          48.000    21332473.415    87352911.9160       -366.290          48.000  
G15  23770312.583   124913835.0460      -3969.949          41.000    23770314.180    97335462.2040      -3093.281          40.000  
G27  24431959.204   128390811.6450      -1588.593          42.000    24431963.275   100044804.2340      -1237.683          42.000  
G18  21617549.043   113600985.8890      -2837.342          48.000    21617549.135    88520250.1170      -2210.917          48.000  
G10  22851615.480   120086048.8430        869.054          48.000    22851616.808    93573551.4300        677.550          44.000  
G24  21916440.507   115171671.5720      -1675.041          47.000    21916442.358    89744169.0760      -1305.132          43.000  
G32  23246398.219   122160645.4990       1406.476          48.000    23246401.038    95190125.9700       1095.832          44.000  
> 2026  7 21 18 47 39.0020000  0 7                            
G23  21332560.066   112103359.3851       -442.334          48.000    21332559.021    87353262.6411       -345.215          48.000  
G15  23771064.158   124917784.9501      -3945.166          41.000    23771065.672    97338539.8811      -3073.682          40.000  
G27  24432257.698   128392380.4731      -1560.986          42.000    24432261.730   100046027.4361      -1216.797          42.000  
G18  21618085.164   113603803.9051      -2810.547          48.000    21618085.100    88522444.4761      -2190.283          48.000  
G10  22851446.212   120085160.0951        896.680          48.000    22851447.503    93572857.3791        699.170          44.000  
G24  21916755.528   115173327.5581      -1650.439          47.000    21916757.284    89745456.8421      -1284.814          43.000  
G32  23246126.731   122159219.7491       1435.059          48.000    23246129.441    95189013.1781       1117.188          44.000  
> 2026  7 21 18 47 40.0020000  0 7                            
G23  21332645.874   112103810.0871       -457.080          48.000    21332644.793    87353614.0101       -356.055          48.000  
G15  23771815.940   124921735.5211      -3956.348          41.000    23771817.292    97341616.9561      -3084.277          40.000  
G27  24432556.631   128393951.2011      -1574.805          40.000    24432560.250   100047249.4791      -1227.490          42.000  
G18  21618621.442   113606621.9031      -2825.537          48.000    21618621.356    88524639.8411      -2203.564          48.000  
G10  22851277.152   120084271.9311        883.447          48.000    22851278.433    93572165.1511        687.256          44.000  
G24  21917070.980   115174985.3021      -1665.771          46.000    21917072.501    89746747.6011      -1296.631          43.000  
G32  23245855.339   122157793.7091       1419.141          48.000    23245857.969    95187902.3421       1105.908          43.000  
> 2026  7 21 18 47 41.0020000  0 7                            
G23  21332729.812   112104251.0871       -422.162          47.000    21332728.665    87353957.0121       -330.176          48.000  
G15  23772565.803   124925675.6071      -3921.624          41.000    23772567.144    97344687.5271      -3055.307          39.000  
G27  24432853.515   128395511.6541      -1551.562          41.000    24432857.189   100048465.4691      -1200.830          42.000  
G18  21619155.992   113609431.4871      -2791.531          48.000    21619155.853    88526828.9781      -2174.854          48.000  
G10  22851106.257   120083373.1591        915.960          48.000    22851107.204    93571464.0171        713.910          44.000  
G24  21917384.156   115176630.9421      -1633.887          47.000    21917385.745    89748029.9371      -1268.506          43.000  
G32  23245582.147   122156358.5751       1452.940          47.000    23245584.715    95186783.0391       1132.611          43.000  
> 2026  7 21 18 47 42.0020000  0 7                            
G23  21332811.722   112104681.5100       -420.245          48.000    21332810.536    87354292.5990       -327.338          48.000  
G15  23773313.494   124929605.5390      -3919.067          41.000    23773314.866    97347749.5920      -3053.411          39.000  
G27  24433148.354   128397060.6310      -1539.526          42.000    24433152.130   100049673.2950      -1199.872          42.000  
G18  21619688.420   113612229.1520      -2787.824          48.000    21619688.277    88529008.9800      -2172.054          48.000  
G10  22850933.397   120082464.6530        920.643          48.000    22850934.350    93570755.5160        717.224          44.000  
G24  21917695.375   115178265.6190      -1626.212          47.000    21917697.212    89749305.5700      -1267.009          43.000  
G32  23245307.077   122154913.0330       1456.446          48.000    23245309.594    95185656.4430       1135.131          44.000  
> 2026  7 21 18 47 43.0020000  0 7                            
G23  21332891.610   112105101.4770       -449.170          48.000    21332890.373    87354619.8580       -350.128          48.000  
G15  23774059.425   124933525.3700      -3947.766          41.000    23774060.572    97350803.2510      -3076.418          39.000  
G27  24433441.481   128398601.2790      -1569.055          41.000    24433445.113   100050873.0090      -1222.424          42.000  
G18  21620219.161   113615017.8690      -2819.000          48.000    21620218.875    88531182.0110      -2196.628          48.000  
G10  22850758.687   120081547.1310        890.372          48.000    22850759.314    93570038.6250        693.574          44.000  
G24  21918005.055   115179893.5700      -1657.268          47.000    21918006.749    89750573.3400      -1291.559          42.000  
G32  23245029.881   122153456.1840       1426.475          47.000    23245032.396    95184521.6360       1111.710          43.000  
> 2026  7 21 18 47 44.0020000  0 7                            
G23  21332972.418   112105527.5390       -398.193          48.000    21332971.239    87354951.8510       -310.327          48.000  
G15  23774806.091   124937450.1640      -3896.972          41.000    23774807.242    97353861.5290      -3036.968          40.000  
G27  24433735.569   128400147.3660      -1518.542          41.000    24433739.060   100052077.7520      -1183.222          42.000  
G18  21620750.826   113617812.9380      -2768.221          48.000    21620750.564    88533359.9760      -2156.930          48.000  
G10  22850584.438   120080633.0100        941.644          48.000    22850585.061    93569326.3120        733.745          44.000  
G24  21918315.673   115181527.0530      -1606.521          47.000    21918317.330    89751846.1790      -1251.899          42.000  
G32  23244753.660   122152005.9960       1477.772          48.000    23244756.323    95183391.6230       1151.536          43.000  
> 2026  7 21 18 47 45.0020000  0 7                            
G23  21333051.732   112105942.7660       -417.438          48.000    21333050.946    87355277.1420       -325.336          48.000  
G15  23775551.268   124941364.9610      -3915.577          42.000    23775552.684    97356912.9850      -3052.241          39.000  
G27  24434028.130   128401683.9130      -1538.013          41.000    24434031.869   100053275.0210      -1198.383          42.000  
G18  21621281.115   113620598.9540      -2786.341          48.000    21621281.075    88535531.4620      -2171.034          48.000  
G10  22850408.782   120079708.3710        923.383          48.000    22850409.588    93568607.1660        719.396          44.000  
G24  21918624.973   115183151.6560      -1624.834          47.000    21918626.841    89753112.6930      -1267.539          42.000  
G32  23244476.041   122150545.5760       1458.768          48.000    23244478.822    95182254.9880       1136.381          43.000  
> 2026  7 21 18 47 46.0020000  0 7                            
G23  21333130.884   112106359.1230       -412.378          48.000    21333129.992    87355601.5720       -321.344          48.000  
G15  23776296.224   124945279.7440      -3910.516          42.000    23776297.623    97359963.4190      -3046.745          39.000  
G27  24434320.484   128403220.9600      -1533.679          41.000    24434324.296   100054472.7030      -1194.733          42.000  
G18  21621811.125   113623384.9710      -2780.995          48.000    21621811.178    88537702.3730      -2166.784          48.000  
G10  22850232.796   120078784.2460        928.912          48.000    22850233.691    93567887.0650        723.845          44.000  
G24  21918934.052   115184776.4430      -1620.100          47.000    21918935.961    89754378.7200      -1262.090          42.000  
G32  23244198.160   122149085.8880       1464.159          48.000    23244200.989    95181117.5640       1140.904          43.000  
> 2026  7 21 18 47 47.0020000  0 7                            
G23  21333208.923   112106769.2140       -404.913          48.000    21333207.985    87355920.7420       -315.662          48.000  
G15  23777039.862   124949187.6200      -3902.935          42.000    23777041.171    97363008.5370      -3041.527          39.000  
G27  24434611.649   128404750.5390      -1526.318          42.000    24434615.550   100055665.3610      -1189.264          42.000  
G18  21622340.017   113626163.6270      -2774.719          48.000    21622340.146    88539868.3540      -2162.265          48.000  
G10  22850055.481   120077851.2500        935.813          48.000    22850056.467    93567161.6240        728.947          44.000  
G24  21919242.007   115186393.5250      -1613.943          48.000    21919243.904    89755639.9780      -1257.879          42.000  
G32  23243919.107   122147618.5900       1470.942          48.000    23243921.938    95179974.9980       1146.221          43.000  
> 2026  7 21 18 47 48.0020000  0 7                            
G23  21333287.104   112107180.1471       -400.146          48.000    21333285.792    87356239.5350       -309.711          48.000  
G15  23777783.702   124953095.8850      -3895.478          42.000    23777784.913    97366054.1280      -3035.243          39.000  
G27  24434903.272   128406282.5831      -1520.508          41.000    24434907.008   100056858.9190      -1183.624          42.000  
G18  21622869.282   113628944.3531      -2771.240          48.000    21622869.083    88542034.2030      -2157.048          48.000  
G10  22849878.504   120076921.2331        939.844          48.000    22849879.063    93566435.6710        735.181          44.000  
G24  21919550.355   115188013.7671      -1608.789          47.000    21919551.868    89756901.2190      -1252.400          42.000  
G32  23243640.439   122146154.5451       1474.805          48.000    23243642.879    95178832.1210       1152.037          43.000  
> 2026  7 21 18 47 49.0020000  0 7                            
G23  21333363.847   112107583.6510       -414.380          48.000    21333362.513    87356553.7950       -322.742          48.000  
G15  23778526.113   124956997.1630      -3912.172          42.000    23778527.250    97369094.0820      -3048.235          39.000  
G27  24435193.456   128407807.4110      -1536.206          41.000    24435197.124   100058047.1610      -1196.521          42.000  
G18  21623397.064   113631717.6490      -2785.182          48.000    21623396.886    88544195.7400      -2169.943          48.000  
G10  22849699.994   120075983.5280        926.755          48.000    22849700.612    93565705.0700        722.264          44.000  
G24  21919857.294   115189626.9070      -1624.243          47.000    21919858.951    89758158.3050      -1265.526          42.000  
G32  23243360.192   122144681.5110       1461.373          48.000    23243362.689    95177684.8180       1138.561          43.000  
> 2026  7 21 18 47 50.0020000  0 7                            
G23  21333441.168   112107989.9121       -404.395          48.000    21333439.668    87356870.0660       -314.624          48.000  
G15  23779268.948   124960901.4081      -3900.146          42.000    23779269.979    97372135.9200      -3040.012          39.000  
G27  24435484.185   128409335.5491      -1526.758          41.000    24435487.646   100059237.6870      -1188.941          42.000  
G18  21623925.580   113634495.8421      -2774.902          48.000    21623925.304    88546359.5730      -2162.017          48.000  
G10  22849521.905   120075047.4841        937.061          48.000    22849522.569    93564976.3610        730.640          44.000  
G24  21920164.892   115191243.7181      -1613.769          47.000    21920166.505    89759417.8240      -1258.011          42.000  
G32  23243080.381   122143211.2141       1472.021          48.000    23243082.942    95176539.5600       1147.150          43.000  
> 2026  7 21 18 47 51.0020000  0 7                            
G23  21333518.567   112108395.8450       -409.467          48.000    21333517.176    87357185.8460       -319.147          48.000  
G15  23780012.147   124964806.8620      -3907.119          42.000    23780013.088    97375178.1800      -3044.601          39.000  
G27  24435775.361   128410865.8310      -1531.744          41.000    24435778.730   100060428.9780      -1193.994          42.000  
G18  21624454.201   113637273.7620      -2780.881          48.000    21624454.178    88548524.1900      -2167.017          48.000  
G10  22849344.228   120074113.9720        931.839          48.000    22849344.905    93564247.0780        725.849          44.000  
G24  21920472.766   115192861.5990      -1620.695          48.000    21920474.554    89760678.2350      -1262.904          42.000  
G32  23242800.981   122141742.6300       1465.917          48.000    23242803.536    95175394.9490       1142.008          43.000  
> 2026  7 21 18 47 52.0020000  0 7                            
G23  21333596.073   112108803.2701       -403.845          48.000    21333594.763    87357503.7250       -315.118          48.000  
G15  23780755.193   124968711.8351      -3901.736          42.000    23780756.119    97378221.3880      -3040.329          39.000  
G27  24436066.399   128412394.8631      -1526.868          41.000    24436069.902   100061621.5750      -1190.009          41.000  
G18  21624982.978   113640051.9451      -2776.289          48.000    21624983.069    88550690.1560      -2163.285          48.000  
G10  22849166.362   120073179.0871        936.863          48.000    22849167.371    93563519.7530        730.015          44.000  
G24  21920780.726   115194479.5721      -1616.470          48.000    21920782.693    89761940.1470      -1259.242          42.000  
G32  23242521.564   122140274.6991       1470.855          48.000    23242524.364    95174251.4780       1146.268          43.000  
> 2026  7 21 18 47 53.0020000  0 7                            
G23  21333671.735   112109201.6410       -398.883          48.000    21333670.595    87357814.1290       -310.516          48.000  
G15  23781496.335   124972606.0380      -3895.905          42.000    23781497.380    97381257.0140      -3035.732          40.000  
G27  24436355.760   128413915.6280      -1521.887          41.000    24436359.381   100062806.9700      -1185.596          42.000  
G18  21625509.999   113642822.3100      -2770.397          48.000    21625510.112    88552848.8960      -2158.523          49.000  
G10  22848986.610   120072234.4470        942.963          48.000    22848987.775    93562784.8390        735.060          44.000  
G24  21921086.891   115196088.3910      -1610.397          47.000    21921089.149    89763194.9650      -1254.729          42.000  
G32  23242240.439   122138797.7590       1476.814          48.000    23242243.341    95173100.6410       1150.779          44.000  
> 2026  7 21 18 47 54.0020000  0 7                            
G23  21333748.195   112109603.3940       -397.577          48.000    21333747.006    87358127.1850       -309.827          48.000  
G15  23782238.247   124976505.0340      -3894.869          42.000    23782239.345    97384295.1760      -3034.676          40.000  
G27  24436645.901   128415440.6040      -1520.941          41.000    24436649.530   100063995.2690      -1185.059          42.000  
G18  21626037.853   113645596.4810      -2769.956          48.000    21626038.087    88555010.5880      -2158.541          49.000  
G10  22848807.768   120071294.5870        944.200          48.000    22848808.850    93562052.4860        735.644          44.000  
G24  21921394.057   115197702.7030      -1610.187          47.000    21921396.235    89764452.8620      -1254.614          42.000  
G32  23241960.047   122137324.3500       1477.668          48.000    23241962.964    95171952.5260       1151.293          44.000  
> 2026  7 21 18 47 55.0020000  0 7                            
G23  21333824.260   112110002.7640       -398.254          48.000    21333823.080    87358439.1640       -310.168          48.000  
G15  23782979.664   124980400.9670      -3895.241          42.000    23782980.779    97387330.1470      -3035.104          39.000  
G27  24436935.591   128416962.5270      -1521.960          42.000    24436939.387   100065181.7260      -1185.504          41.000  
G18  21626565.429   113648367.5540      -2770.315          48.000    21626565.702    88557170.4320      -2158.577          48.000  
G10  22848628.474   120070352.6460        944.497          48.000    22848629.602    93561317.9070        736.098          44.000  
G24  21921700.886   115199315.0820      -1610.773          47.000    21921703.184    89765709.0540      -1254.983          42.000  
G32  23241679.096   122135847.6470       1477.151          48.000    23241682.187    95170802.4110       1151.349          44.000  
> 2026  7 21 18 47 56.0020000  0 7                            
G23  21333899.128   112110395.9931       -375.049          48.000    21333898.058    87358745.5361       -293.555          48.000  
G15  23783720.010   124984291.8991      -3873.193          42.000    23783720.986    97390361.1821      -3019.434          39.000  
G27  24437224.493   128418481.3581      -1500.537          42.000    24437228.160   100066363.7681      -1171.875          42.000  
G18  21627092.085   113651135.0081      -2748.145          48.000    21627092.247    88559327.0151      -2142.627          49.000  
G10  22848448.026   120069403.8761        966.504          48.000    22848449.132    93560579.4651        752.930          44.000  
G24  21922006.906   115200922.9861      -1589.160          47.000    21922008.979    89766961.9351      -1239.795          42.000  
G32  23241397.305   122134366.8321       1498.389          48.000    23241400.384    95169648.7291       1166.846          44.000  
> 2026  7 21 18 47 57.0020000  0 7                            
G23  21333973.455   112110786.5910       -404.352          48.000    21333972.672    87359051.7050       -314.935          48.000  
G15  23784459.390   124988176.9890      -3901.409          42.000    23784460.995    97393391.3190      -3039.972          39.000  
G27  24437512.792   128419995.9340      -1528.845          42.000    24437516.630   100067545.0300      -1191.144          42.000  
G18  21627618.114   113653899.9520      -2779.328          48.000    21627618.398    88561481.5920      -2165.644          48.000  
G10  22848266.989   120068452.5710        936.856          48.000    22848268.276    93559839.0940        730.184          44.000  
G24  21922312.355   115202528.6140      -1619.974          47.000    21922314.512    89768212.3070      -1262.184          42.000  
G32  23241114.704   122132881.2110       1469.837          48.000    23241118.114    95168493.0700       1145.386          44.000  
> 2026  7 21 18 47 58.0020000  0 7                            
G23  21334048.008   112111179.0080       -386.316          48.000    21334047.280    87359357.4850       -300.787          48.000  
G15  23785199.381   124992066.0170      -3882.847          42.000    23785200.929    97396421.7230      -3025.136          40.000  
G27  24437801.351   128421512.8810      -1510.876          42.000    24437805.310   100068727.0790      -1177.332          42.000  
G18  21628144.392   113656666.0510      -2760.219          48.000    21628144.744    88563636.9980      -2150.574          49.000  
G10  22848086.160   120067502.7380        956.017          49.000    22848087.373    93559098.9720        744.990          44.000  
G24  21922618.023   115204135.5360      -1600.914          47.000    21922620.329    89769464.4450      -1247.108          43.000  
G32  23240832.631   122131398.8610       1488.386          48.000    23240835.990    95167338.0000       1159.928          44.000  
> 2026  7 21 18 47 59.0020000  0 7                            
G23  21334120.556   112111560.5340       -372.919          48.000    21334119.843    87359654.7840       -290.558          48.000  
G15  23785937.336   124995944.0110      -3869.158          42.000    23785938.888    97399443.5350      -3014.781          40.000  
G27  24438088.071   128423019.2650      -1497.736          42.000    24438091.946   100069900.8870      -1167.108          42.000  
G18  21628668.755   113659421.6330      -2746.526          48.000    21628669.153    88565784.2120      -2140.156          49.000  
G10  22847903.255   120066541.8970        970.004          48.000    22847904.538    93558350.2670        755.912          44.000  
G24  21922921.819   115205732.1410      -1587.787          47.000    21922924.210    89770708.5690      -1237.324          43.000  
G32  23240548.664   122129905.7460       1502.089          48.000    23240551.873    95166174.5260       1170.610          44.000  
> 2026  7 21 18 48  0.0020000  0 7                            
G23  21334193.376   112111942.9980       -386.450          48.000    21334192.575    87359952.8020       -301.050          48.000  
G15  23786675.491   124999822.7980      -3882.430          41.000    23786677.009    97402465.9710      -3025.628          39.000  
G27  24438375.050   128424526.9090      -1511.743          42.000    24438378.832   100071075.6500      -1177.844          42.000  
G18  21629193.347   113662178.5460      -2760.926          48.000    21629193.699    88567932.4330      -2151.085          48.000  
G10  22847720.660   120065581.8930        956.111          49.000    22847721.893    93557602.1980        745.370          44.000  
G24  21923225.999   115207330.2040      -1602.042          47.000    21923228.283    89771953.8040      -1248.131          43.000  
G32  23240264.981   122128413.7120       1488.133          48.000    23240267.927    95165011.9050       1159.711          44.000  
> 2026  7 21 18 48  1.0020000  0 7                            
G23  21334266.014   112112324.2530       -382.373          48.000    21334265.136    87360249.8880       -297.876          48.000  
G15  23787413.469   125003699.7230      -3878.297          41.000    23787414.867    97405487.3510      -3022.287          40.000  
G27  24438661.906   128426033.1470      -1507.642          42.000    24438665.598   100072249.7580      -1175.079          42.000  
G18  21629717.945   113664934.5810      -2757.650          48.000    21629718.136    88570080.0170      -2149.031          48.000  
G10  22847537.700   120064620.5120        960.200          48.000    22847539.029    93556853.0980        748.006          44.000  
G24  21923530.006   115208927.5820      -1599.032          47.000    21923532.328    89773198.5300      -1246.196          43.000  
G32  23239980.932   122126920.5570       1491.901          48.000    23239983.843    95163848.4260       1162.396          44.000  
> 2026  7 21 18 48  2.0020000  0 7                            
G23  21334336.625   112112695.0990       -366.547          48.000    21334335.751    87360538.8510       -285.461          48.000  
G15  23788149.296   125007566.5780      -3862.596          41.000    23788150.526    97408500.4640      -3009.421          40.000  
G27  24438946.702   128427529.8050      -1492.303          42.000    24438950.459   100073415.9830      -1163.153          42.000  
G18  21630240.525   113667680.5070      -2741.886          48.000    21630240.770    88572219.6900      -2136.446          48.000  
G10  22847352.792   120063648.5710        976.231          48.000    22847354.109    93556095.7400        760.660          44.000  
G24  21923832.127   115210515.0090      -1583.347          47.000    21923834.425    89774435.4980      -1233.939          43.000  
G32  23239694.957   122125417.0900       1507.800          48.000    23239697.717    95162676.8830       1174.994          44.000  
> 2026  7 21 18 48  3.0020000  0 7                            
G23  21334405.727   112113058.3410       -362.555          48.000    21334404.905    87360820.9080       -282.587          48.000  
G15  23788883.692   125011425.7000      -3858.650          41.000    23788884.892    97411506.5750      -3006.803          40.000  
G27  24439229.976   128429019.1740      -1488.593          42.000    24439233.772   100074576.5300      -1160.339          42.000  
G18  21630761.605   113670419.1940      -2738.230          48.000    21630762.026    88574353.7210      -2133.589          48.000  
G10  22847166.303   120062668.8860        980.461          49.000    22847167.667    93555332.3330        764.069          44.000  
G24  21924132.879   115212095.3790      -1580.027          48.000    21924135.163    89775667.9240      -1230.918          43.000  
G32  23239407.441   122123906.1320       1511.702          48.000    23239410.152    95161499.5270       1177.734          44.000  
> 2026  7 21 18 48  4.0020000  0 7                            
G23  21334475.290   112113424.0980       -365.918          48.000    21334474.550    87361105.9220       -285.327          48.000  
G15  23789618.574   125015287.1680      -3861.868          41.000    23789619.712    97414515.5080      -3009.130          40.000  
G27  24439513.963   128430511.3940      -1492.584          42.000    24439517.698   100075739.2950      -1163.318          42.000  
G18  21631283.356   113673160.7580      -2742.801          48.000    21631283.727    88576490.0200      -2137.421          48.000  
G10  22846980.314   120061691.5830        976.765          48.000    22846981.712    93554570.8320        760.747          44.000  
G24  21924434.237   115213678.7860      -1584.422          48.000    21924436.578    89776901.7740      -1234.922          43.000  
G32  23239120.530   122122397.8160       1507.627          48.000    23239123.199    95160324.2420       1174.329          44.000  
> 2026  7 21 18 48  5.0020000  0 7                            
G23  21334544.632   112113789.0400       -365.759          48.000    21334543.892    87361390.2760       -284.869          48.000  
G15  23790353.207   125019147.6640      -3861.373          41.000    23790354.335    97417523.6910      -3008.960          40.000  
G27  24439797.775   128432003.1060      -1492.719          43.000    24439801.551   100076901.6650      -1163.159          42.000  
G18  21631804.889   113675901.7780      -2742.166          48.000    21631805.400    88578625.8710      -2136.779          48.000  
G10  22846794.157   120060713.2790        977.631          48.000    22846795.539    93553808.4990        761.787          44.000  
G24  21924735.493   115215261.8480      -1584.302          48.000    21924737.850    89778135.3280      -1234.658          42.000  
G32  23238833.400   122120888.7560       1508.034          48.000    23238836.016    95159148.3270       1175.302          44.000  
> 2026  7 21 18 48  6.0020000  0 7                            
G23  21334614.253   112114154.3210       -364.160          48.000    21334613.273    87361674.9120       -283.679          48.000  
G15  23791087.987   125023008.3360      -3859.295          41.000    23791088.846    97420531.9980      -3007.161          40.000  
G27  24440081.694   128433495.4770      -1491.394          42.000    24440085.658   100078064.5460      -1162.195          42.000  
G18  21632326.588   113678643.4970      -2740.693          48.000    21632327.044    88580762.2650      -2135.516          48.000  
G10  22846608.059   120059735.1840        979.491          48.000    22846609.414    93553046.3500        763.283          44.000  
G24  21925036.943   115216845.7490      -1582.837          48.000    21925039.223    89779369.5300      -1233.317          42.000  
G32  23238546.244   122119380.1380       1509.789          48.000    23238548.884    95157972.7870       1176.552          44.000  
> 2026  7 21 18 48  7.0020000  0 7                            
G23  21334683.624   112114518.9560       -365.137          48.000    21334682.689    87361959.0400       -284.503          48.000  
G15  23791822.485   125026868.2210      -3860.083          41.000    23791823.351    97423539.7080      -3007.990          40.000  
G27  24440365.573   128434987.5130      -1492.505          43.000    24440369.646   100079227.1720      -1163.013          42.000  
G18  21632848.349   113681384.9190      -2741.991          48.000    21632848.764    88582898.4370      -2136.563          48.000  
G10  22846421.792   120058756.3130        978.518          48.000    22846423.228    93552283.6060        762.323          44.000  
G24  21925338.339   115218429.5460      -1584.430          48.000    21925340.587    89780603.6680      -1234.846          42.000  
G32  23238259.064   122117870.9980       1508.672          48.000    23238261.748    95156796.8380       1175.607          44.000  
> 2026  7 21 18 48  8.0020000  0 7                            
G23  21334753.076   112114883.9890       -363.434          47.000    21334752.184    87362243.4810       -283.105          48.000  
G15  23792557.072   125030728.3590      -3858.391          41.000    23792557.923    97426547.6020      -3006.465          40.000  
G27  24440649.536   128436480.3050      -1491.394          43.000    24440653.579   100080390.3730      -1161.908          42.000  
G18  21633370.083   113684127.0780      -2740.733          48.000    21633370.569    88585035.1830      -2135.597          48.000  
G10  22846235.613   120057777.6990        980.276          48.000    22846237.018    93551521.0340        764.040          44.000  
G24  21925639.916   115220014.2360      -1583.234          47.000    21925642.163    89781838.4740      -1233.485          42.000  
G32  23237971.927   122116362.3700       1510.058          48.000    23237974.611    95155621.2820       1176.801          44.000  
> 2026  7 21 18 48  9.0020000  0 7                            
G23  21334822.526   112115248.4990       -363.763          47.000    21334821.529    87362527.5200       -283.319          48.000  
G15  23793291.555   125034587.8210      -3858.574          41.000    23793292.290    97429554.9780      -3006.820          40.000  
G27  24440933.687   128437972.8630      -1491.998          42.000    24440937.559   100081553.4100      -1162.634          42.000  
G18  21633891.950   113686869.0660      -2741.632          48.000    21633892.337    88587171.7900      -2136.214          48.000  
G10  22846049.270   120056798.4260        980.072          49.000    22846050.640    93550757.9670        763.807          44.000  
G24  21925941.542   115221598.9400      -1584.394          47.000    21925943.717    89783073.3070      -1234.340          42.000  
G32  23237684.770   122114853.3310       1509.675          48.000    23237687.500    95154445.4180       1176.387          43.000  
> 2026  7 21 18 48 10.0020000  0 7                            
G23  21334891.738   112115612.1040       -363.959          48.000    21334890.807    87362810.8460       -283.630          48.000  
G15  23794025.700   125038446.2170      -3858.628          41.000    23794026.513    97432561.5130      -3006.492          40.000  
G27  24441217.592   128439464.8550      -1492.352          42.000    24441221.374   100082715.9850      -1162.762          42.000  
G18  21634413.706   113689610.4430      -2741.832          48.000    21634414.034    88589307.9330      -2136.534          48.000  
G10  22845862.645   120055818.0710        980.043          49.000    22845864.132    93549994.0620        763.586          44.000  
G24  21926242.931   115223183.2040      -1584.783          48.000    21926245.054    89784307.8010      -1234.793          42.000  
G32  23237397.394   122113343.4690       1509.552          48.000    23237400.175    95153268.9080       1176.235          43.000  
> 2026  7 21 18 48 11.0020000  0 7                            
G23  21334961.032   112115976.5690       -365.491          48.000    21334960.183    87363094.8530       -284.857          48.000  
G15  23794760.079   125042305.3320      -3859.958          42.000    23794760.896    97435568.6290      -3007.849          39.000  
G27  24441501.729   128440958.0260      -1494.598          42.000    24441505.479   100083879.4950      -1164.288          42.000  
G18  21634935.668   113692353.0420      -2743.741          48.000    21634935.926    88591445.0240      -2137.951          48.000  
G10  22845676.258   120054838.4530        978.690          48.000    22845677.840    93549230.7310        762.637          44.000  
G24  21926544.724   115224768.8630      -1587.007          48.000    21926546.669    89785543.3770      -1236.377          42.000  
G32  23237110.140   122111834.5940       1507.942          48.000    23237113.107    95152093.1530       1175.130          43.000  
> 2026  7 21 18 48 12.0020000  0 7                            
G23  21335030.732   112116343.1640       -367.450          48.000    21335029.966    87363380.5100       -286.407          48.000  
G15  23795494.684   125046166.4360      -3861.925          42.000    23795495.704    97438577.2600      -3009.127          39.000  
G27  24441786.321   128442453.6530      -1496.796          42.000    24441790.080   100085044.9300      -1166.315          42.000  
G18  21635457.994   113695098.1110      -2745.955          48.000    21635458.293    88593584.0370      -2139.878          48.000  
G10  22845490.201   120053860.8070        976.872          48.000    22845491.818    93548468.9260        761.194          44.000  
G24  21926847.011   115226357.1610      -1589.468          48.000    21926848.988    89786781.0300      -1238.619          42.000  
G32  23236823.456   122110327.9630       1505.619          48.000    23236826.278    95150919.1520       1173.310          43.000  
> 2026  7 21 18 48 13.0020000  0 7                            
G23  21335100.835   112116711.3680       -369.135          48.000    21335099.989    87363667.4200       -287.653          48.000  
G15  23796229.760   125050028.9630      -3863.385          42.000    23796230.666    97441587.0170      -3010.231          40.000  
G27  24442071.309   128443951.1980      -1498.560          42.000    24442075.094   100086211.8440      -1167.719          42.000  
G18  21635980.713   113697845.1180      -2748.069          48.000    21635980.968    88595724.5590      -2141.398          48.000  
G10  22845304.402   120052884.6260        975.429          48.000    22845306.016    93547708.2770        759.895          44.000  
G24  21927149.711   115227947.5620      -1591.582          48.000    21927151.610    89788020.2890      -1240.216          42.000  
G32  23236536.985   122108823.0270       1503.982          48.000    23236539.908    95149746.4810       1171.991          43.000  
> 2026  7 21 18 48 14.0020000  0 7                            
G23  21335171.207   112117081.3840       -371.106          48.000    21335170.371    87363955.7520       -289.166          48.000  
G15  23796965.188   125053893.1800      -3865.312          42.000    23796965.940    97444598.1000      -3011.598          39.000  
G27  24442356.667   128445450.8780      -1500.720          42.000    24442360.592   100087380.4220      -1169.397          42.000  
G18  21636503.759   113700594.2830      -2750.497          48.000    21636504.106    88597866.7660      -2143.242          48.000  
G10  22845118.922   120051910.1200        973.390          48.000    22845120.508    93546948.9160        758.457          44.000  
G24  21927452.830   115229540.2970      -1594.175          48.000    21927454.791    89789261.3850      -1242.107          42.000  
G32  23236251.016   122107320.0300       1501.736          48.000    23236253.930    95148575.3110       1170.477          43.000  
> 2026  7 21 18 48 15.0020000  0 7                            
G23  21335241.930   112117452.8900       -372.473          48.000    21335241.076    87364245.2320       -290.228          48.000  
G15  23797700.741   125057758.7160      -3866.434          42.000    23797701.571    97447610.2020      -3012.657          39.000  
G27  24442642.432   128446952.3580      -1502.429          42.000    24442646.340   100088550.4010      -1170.850          42.000  
G18  21637027.186   113703345.2520      -2751.948          48.000    21637027.542    88600010.3760      -2144.428          48.000  
G10  22844933.678   120050936.9480        972.340          48.000    22844935.271    93546190.6030        757.709          44.000  
G24  21927756.215   115231135.0100      -1595.929          48.000    21927758.251    89790504.0230      -1243.444          42.000  
G32  23235965.331   122105818.6100       1500.399          48.000    23235968.162    95147405.3740       1169.279          43.000  
> 2026  7 21 18 48 16.0020000  0 7                            
G23  21335312.837   112117826.1180       -374.274          48.000    21335312.085    87364536.0550       -291.565          48.000  
G15  23798436.630   125061625.8470      -3868.129          42.000    23798437.474    97450623.5530      -3014.176          39.000  
G27  24442928.486   128448455.9120      -1504.834          42.000    24442932.401   100089721.9820      -1172.394          42.000  
G18  21637551.056   113706098.3020      -2754.283          48.000    21637551.330    88602155.6010      -2146.034          48.000  
G10  22844748.779   120049965.3620        970.630          48.000    22844750.375    93545433.5220        756.309          44.000  
G24  21928060.089   115232731.9700      -1598.300          48.000    21928062.059    89791748.4060      -1245.254          42.000  
G32  23235679.890   122104319.0260       1498.584          48.000    23235682.795    95146236.8780       1167.611          43.000  
> 2026  7 21 18 48 17.0020000  0 7                            
G23  21335384.190   112118201.2320       -375.836          48.000    21335383.498    87364828.3560       -292.896          48.000  
G15  23799172.889   125065494.6990      -3869.568          42.000    23799173.733    97453638.2420      -3015.197          39.000  
G27  24443215.048   128449961.6480      -1506.439          42.000    24443218.997   100090895.2920      -1173.956          42.000  
G18  21638075.345   113708853.5630      -2756.138          48.000    21638075.622    88604302.5640      -2147.709          48.000  
G10  22844564.300   120048995.5140        969.371          48.000    22844565.882    93544677.8030        755.327          44.000  
G24  21928364.340   115234331.3320      -1600.491          48.000    21928366.377    89792994.6720      -1247.096          43.000  
G32  23235394.917   122102821.4370       1496.736          48.000    23235397.752    95145069.9250       1166.329          43.000  
> 2026  7 21 18 48 18.0020000  0 7                            
G23  21335455.902   112118578.1210       -377.838          48.000    21335455.175    87365122.0360       -294.476          48.000  
G15  23799909.424   125069365.1710      -3871.265          42.000    23799910.300    97456654.2060      -3016.881          39.000  
G27  24443501.932   128451469.4820      -1509.094          42.000    24443505.883   100092070.2290      -1175.885          42.000  
G18  21638599.994   113711610.9510      -2758.596          48.000    21638600.282    88606451.1710      -2149.510          48.000  
G10  22844380.034   120048027.3060        967.256          48.000    22844381.636    93543923.3550        753.774          44.000  
G24  21928669.101   115235932.9590      -1602.793          48.000    21928671.183    89794242.6990      -1249.076          42.000  
G32  23235110.210   122101325.7290       1494.772          48.000    23235113.048    95143904.4470       1164.699          43.000  
> 2026  7 21 18 48 19.0020000  0 7                            
G23  21335528.072   112118957.0070       -380.072          48.000    21335527.282    87365417.2730       -296.234          48.000  
G15  23800646.310   125073237.4850      -3873.333          42.000    23800647.170    97459671.5850      -3018.304          40.000  
G27  24443789.281   128452979.6320      -1511.560          42.000    24443793.305   100093246.9570      -1177.948          42.000  
G18  21639125.129   113714370.6550      -2761.110          48.000    21639125.346    88608601.5920      -2151.517          48.000  
G10  22844196.173   120047060.9480        965.201          48.000    22844197.722    93543170.3530        752.073          44.000  
G24  21928974.375   115237537.1140      -1605.721          48.000    21928976.506    89795492.6890      -1251.400          42.000  
G32  23234825.939   122099832.1270       1492.289          48.000    23234828.738    95142740.6140       1162.640          43.000  
> 2026  7 21 18 48 20.0020000  0 7                            
G23  21335600.593   112119337.9840       -382.037          48.000    21335599.803    87365714.1440       -297.797          48.000  
G15  23801383.596   125077111.7500      -3875.411          42.000    23801384.460    97462690.4930      -3019.704          39.000  
G27  24444077.108   128454492.1770      -1513.708          42.000    24444081.106   100094425.5770      -1179.602          42.000  
G18  21639650.771   113717132.7890      -2763.465          48.000    21639651.011    88610753.9100      -2153.364          48.000  
G10  22844012.639   120046096.5320        963.385          48.000    22844014.248    93542418.8660        750.539          44.000  
G24  21929280.100   115239143.8640      -1608.156          47.000    21929282.178    89796744.6920      -1253.015          42.000  
G32  23234542.144   122098340.7250       1490.312          48.000    23234545.029    95141578.4810       1161.038          43.000  
> 2026  7 21 18 48 21.0020000  0 7                            
G23  21335673.436   112119721.0640       -384.137          48.000    21335672.647    87366012.6450       -299.200          48.000  
G15  23802121.183   125080987.9550      -3877.062          42.000    23802122.087    97465710.8980      -3021.119          39.000  
G27  24444365.436   128456007.1350      -1515.735          42.000    24444369.330   100095606.0630      -1181.433          42.000  
G18  21640176.864   113719897.3610      -2765.696          48.000    21640177.036    88612908.1170      -2155.135          48.000  
G10  22843829.541   120045134.0740        961.351          48.000    22843831.092    93541668.8940        749.170          44.000  
G24  21929586.266   115240753.2170      -1610.581          47.000    21929588.459    89797998.7430      -1254.946          42.000  
G32  23234258.665   122096851.5350       1487.914          48.000    23234261.496    95140418.0510       1159.678          43.000  
> 2026  7 21 18 48 22.0020000  0 7                            
G23  21335746.681   112120105.8050       -385.443          48.000    21335745.841    87366312.4410       -300.317          48.000  
G15  23802859.082   125084865.6570      -3878.180          42.000    23802859.955    97468732.4730      -3021.912          39.000  
G27  24444654.078   128457524.1040      -1517.670          42.000    24444658.065   100096788.1010      -1182.709          42.000  
G18  21640703.328   113722663.9340      -2767.453          48.000    21640703.453    88615063.8870      -2156.434          48.000  
G10  22843646.545   120044173.1260        960.348          48.000    22843648.220    93540920.1020        748.363          44.000  
G24  21929892.946   115242364.7370      -1612.452          47.000    21929895.073    89799254.4810      -1256.751          42.000  
G32  23233975.647   122095364.1040       1486.580          48.000    23233978.398    95139259.0300       1158.523          43.000  
> 2026  7 21 18 48 23.0020000  0 7                            
G23  21335820.123   112120491.9770       -386.597          48.000    21335819.344    87366613.3570       -301.361          48.000  
G15  23803597.215   125088744.6520      -3879.438          42.000    23803598.210    97471755.0630      -3022.889          39.000  
G27  24444943.044   128459042.8200      -1519.373          42.000    24444947.184   100097971.5120      -1183.789          42.000  
G18  21641230.168   113725432.2790      -2769.114          48.000    21641230.302    88617221.0400      -2157.752          48.000  
G10  22843463.961   120043213.4730        959.258          48.000    22843465.558    93540172.3200        747.465          44.000  
G24  21930200.015   115243978.2010      -1614.172          47.000    21930202.100    89800511.7330      -1258.027          42.000  
G32  23233692.928   122093878.2180       1485.254          48.000    23233695.578    95138101.2010       1157.257          43.000  
> 2026  7 21 18 48 24.0020000  0 7                            
G23  21335893.822   112120878.9960       -386.853          48.000    21335892.954    87366914.9290       -301.538          48.000  
G15  23804335.567   125092624.3360      -3879.520          42.000    23804336.571    97474778.2130      -3023.386          39.000  
G27  24445232.249   128460562.6950      -1519.867          42.000    24445236.447   100099155.8360      -1184.448          42.000  
G18  21641757.263   113728201.7940      -2769.577          48.000    21641757.401    88619379.1000      -2158.117          48.000  
G10  22843281.489   120042254.5170        959.114          48.000    22843283.008    93539425.0660        747.632          44.000  
G24  21930507.338   115245593.0160      -1615.039          47.000    21930509.342    89801770.0230      -1258.518          42.000  
G32  23233410.348   122092393.2860       1484.867          47.000    23233413.038    95136944.1160       1156.920          43.000  
> 2026  7 21 18 48 25.0020000  0 7                            
G23  21335967.445   112121266.2150       -386.731          48.000    21335966.677    87367216.6570       -301.447          48.000  
G15  23805073.882   125096504.0520      -3879.031          42.000    23805074.753    97477801.3550      -3022.957          39.000  
G27  24445521.609   128462083.0930      -1519.904          42.000    24445525.774   100100340.5720      -1184.711          42.000  
G18  21642284.338   113730971.8620      -2769.885          48.000    21642284.544    88621537.5900      -2158.342          48.000  
G10  22843098.972   120041295.6250        959.270          48.000    22843100.550    93538677.8910        747.561          44.000  
G24  21930814.734   115247208.5420      -1615.355          47.000    21930816.709    89803028.8730      -1258.655          42.000  
G32  23233127.790   122090908.6500       1485.052          47.000    23233130.504    95135787.2560       1157.239          43.000  
> 2026  7 21 18 48 26.0020000  0 7                            
G23  21336041.102   112121653.2700       -386.707          48.000    21336040.377    87367518.2580       -301.416          48.000  
G15  23805812.004   125100383.4540      -3879.012          42.000    23805812.921    97480824.2520      -3022.396          39.000  
G27  24445811.012   128463603.6650      -1520.343          42.000    24445815.087   100101525.4100      -1184.497          42.000  
G18  21642811.436   113733742.0870      -2770.033          48.000    21642811.634    88623696.2100      -2158.559          48.000  
G10  22842916.433   120040336.4060        959.788          48.000    22842917.885    93537930.4410        747.843          44.000  
G24  21931122.221   115248824.4000      -1615.784          47.000    21931124.125    89804287.9660      -1258.821          42.000  
G32  23232845.281   122089423.9520       1485.284          47.000    23232848.041    95134630.3580       1157.025          43.000  
> 2026  7 21 18 48 27.0020000  0 7                            
G23  21336114.668   112122039.8940       -386.768          48.000    21336113.925    87367819.5230       -301.434          48.000  
G15  23806550.180   125104262.2970      -3878.937          42.000    23806551.078    97483846.7270      -3022.690          39.000  
G27  24446100.267   128465124.1090      -1520.404          42.000    24446104.472   100102710.1860      -1184.918          42.000  
G18  21643338.603   113736512.2320      -2770.546          48.000    21643338.697    88625854.7550      -2158.796          48.000  
G10  22842733.813   120039376.6380        959.691          48.000    22842735.402    93537182.5780        747.816          44.000  
G24  21931429.752   115250440.3480      -1616.353          47.000    21931431.563    89805547.1520      -1259.260          42.000  
G32  23232562.741   122087938.9580       1484.612          47.000    23232565.334    95133473.2110       1156.770          43.000  
> 2026  7 21 18 48 28.0020000  0 7                            
G23  21336188.286   112122426.7610       -387.030          48.000    21336187.484    87368120.9770       -301.587          48.000  
G15  23807288.264   125108141.2160      -3879.073          42.000    23807289.229    97486869.2450      -3022.283          39.000  
G27  24446389.720   128466645.1530      -1521.387          42.000    24446393.812   100103895.3990      -1185.437          42.000  
G18  21643865.900   113739282.9470      -2771.155          48.000    21643865.955    88628013.7520      -2159.305          48.000  
G10  22842551.144   120038416.9530        959.720          48.000    22842552.675    93536434.7780        747.790          44.000  
G24  21931737.403   115252057.0500      -1617.186          47.000    21931739.147    89806806.9220      -1260.079          42.000  
G32  23232280.221   122086454.2910       1484.381          47.000    23232282.910    95132316.3300       1156.698          44.000  
> 2026  7 21 18 48 29.0020000  0 7                            
G23  21336261.998   112122813.6420       -386.877          48.000    21336261.109    87368422.4410       -301.483          48.000  
G15  23808026.349   125112019.9830      -3878.650          42.000    23808027.332    97489891.6690      -3022.509          39.000  
G27  24446679.089   128468166.4790      -1521.246          42.000    24446683.365   100105080.8580      -1185.583          42.000  
G18  21644393.201   113742054.0130      -2771.198          48.000    21644393.432    88630173.0220      -2159.372          48.000  
G10  22842368.492   120037457.1320        959.984          48.000    22842370.055    93535686.8560        748.158          44.000  
G24  21932045.078   115253674.2590      -1617.479          48.000    21932046.846    89808067.0840      -1260.265          42.000  
G32  23231997.743   122084969.7450       1484.601          47.000    23232000.408    95131159.5430       1156.857          44.000  
> 2026  7 21 18 48 30.0020000  0 7                            
G23  21336335.612   112123200.5090       -387.054          48.000    21336334.782    87368723.8940       -301.764          48.000  
G15  23808764.374   125115898.5890      -3878.674          42.000    23808765.441    97492913.9540      -3022.535          39.000  
G27  24446968.664   128469688.1060      -1521.710          42.000    24446972.871   100106266.5420      -1185.962          42.000  
G18  21644920.587   113744825.3930      -2771.701          48.000    21644920.686    88632332.5320      -2159.726          48.000  
G10  22842185.855   120036497.1460        959.796          48.000    22842187.386    93534938.8220        747.872          44.000  
G24  21932352.897   115255291.9670      -1618.218          48.000    21932354.640    89809327.6350      -1260.950          42.000  
G32  23231715.199   122083485.3030       1484.108          47.000    23231717.962    95130002.8360       1156.472          44.000  
> 2026  7 21 18 48 31.0020000  0 7                            
G23  21336409.298   112123587.8630       -387.799          48.000    21336408.394    87369025.7230       -302.258          48.000  
G15  23809502.534   125119777.5360      -3879.396          42.000    23809503.659    97495936.5040      -3022.949          39.000  
G27  24447258.368   128471210.5720      -1523.077          42.000    24447262.483   100107452.8670      -1186.884          42.000  
G18  21645448.190   113747597.5960      -2772.841          48.000    21645448.256    88634492.6930      -2160.653          48.000  
G10  22842003.257   120035537.5040        959.131          48.000    22842004.802    93534191.0580        747.256          44.000  
G24  21932660.906   115256910.6690      -1619.404          47.000    21932662.662    89810588.9620      -1261.973          42.000  
G32  23231432.774   122082001.4370       1483.378          47.000    23231435.619    95128846.5850       1155.863          44.000  
> 2026  7 21 18 48 32.0020000  0 7                            
G23  21336483.191   112123976.0820       -388.751          48.000    21336482.306    87369328.2330       -302.875          48.000  
G15  23810240.871   125123657.1700      -3880.196          42.000    23810241.940    97498959.5960      -3023.246          39.000  
G27  24447548.282   128472734.1900      -1523.981          42.000    24447552.445   100108640.1150      -1187.708          42.000  
G18  21645975.940   113750371.0050      -2774.058          48.000    21645976.091    88636653.7820      -2161.512          48.000  
G10  22841820.811   120034578.5950        958.547          48.000    22841822.286    93533443.8440        747.011          44.000  
G24  21932969.259   115258530.7440      -1620.852          48.000    21932970.942    89811851.3510      -1262.899          42.000  
G32  23231150.627   122080518.5510       1482.311          47.000    23231153.398    95127691.0880       1155.128          44.000  
> 2026  7 21 18 48 33.0020000  0 7                            
G23  21336557.228   112124365.1530       -389.709          48.000    21336556.440    87369631.3960       -303.516          48.000  
G15  23810979.267   125127537.5160      -3880.770          42.000    23810980.379    97501983.2520      -3024.359          39.000  
G27  24447838.507   128474259.0070      -1525.726          42.000    24447842.696   100109828.2740      -1189.026          42.000  
G18  21646503.903   113753145.6030      -2775.477          48.000    21646504.199    88638815.8110      -2162.801          48.000  
G10  22841638.546   120033620.3930        957.722          48.000    22841639.870    93532697.2000        746.135          44.000  
G24  21933277.769   115260152.1750      -1622.026          48.000    21933279.509    89813114.8210      -1264.078          42.000  
G32  23230868.579   122079036.6220       1481.384          48.000    23230871.466    95126536.3500       1154.220          44.000  
> 2026  7 21 18 48 34.0020000  0 7                            
G23  21336631.356   112124755.1140       -390.259          48.000    21336630.576    87369935.2660       -304.102          48.000  
G15  23811717.747   125131418.5920      -3881.272          42.000    23811718.829    97505007.4620      -3024.330          39.000  
G27  24448128.931   128475785.0170      -1526.385          42.000    24448133.009   100111017.3720      -1189.362          42.000  
G18  21647032.068   113755921.4230      -2776.450          48.000    21647032.392    88640978.7790      -2163.323          48.000  
G10  22841456.357   120032662.9250        957.247          48.000    22841457.615    93531951.1230        745.737          44.000  
G24  21933586.694   115261775.0190      -1623.414          48.000    21933588.282    89814379.3720      -1265.140          42.000  
G32  23230586.782   122077555.6940       1480.629          48.000    23230589.596    95125382.3850       1153.643          44.000  
> 2026  7 21 18 48 35.0020000  0 7                            
G23  21336705.714   112125145.6160       -390.759          48.000    21336704.940    87370239.5490       -304.358          48.000  
G15  23812456.441   125135300.0730      -3881.780          42.000    23812457.462    97508031.9820      -3024.771          39.000  
G27  24448419.531   128477311.8880      -1527.350          42.000    24448423.567   100112207.1320      -1189.911          42.000  
G18  21647560.382   113758698.1080      -2777.053          48.000    21647560.739    88643142.4300      -2163.928          48.000  
G10  22841274.237   120031705.8660        956.970          48.000    22841275.603    93531205.3600        745.609          44.000  
G24  21933895.572   115263398.8970      -1624.341          48.000    21933897.219    89815644.7280      -1265.726          41.000  
G32  23230304.992   122076075.4090       1480.104          47.000    23230307.907    95124228.9220       1153.224          44.000  
> 2026  7 21 18 48 36.0020000  0 7                            
G23  21336780.178   112125536.7480       -391.382          47.000    21336779.331    87370544.3370       -304.913          48.000  
G15  23813195.208   125139182.0330      -3882.378          42.000    23813196.127    97511056.8760      -3025.050          39.000  
G27  24448710.185   128478839.6920      -1528.223          42.000    24448714.294   100113397.6440      -1190.833          42.000  
G18  21648088.888   113761475.7720      -2778.047          48.000    21648089.320    88645306.8420      -2164.699          48.000  
G10  22841092.215   120030749.2850        956.245          48.000    22841093.538    93530459.9810        745.220          44.000  
G24  21934204.793   115265023.9220      -1625.570          48.000    21934206.447    89816910.9810      -1266.606          42.000  
G32  23230023.400   122074595.8720       1479.154          48.000    23230026.484    95123076.0410       1152.484          44.000  
> 2026  7 21 18 48 37.0020000  0 7                            
G23  21336854.789   112125928.2940       -391.736          47.000    21336853.840    87370849.4410       -305.322          49.000  
G15  23813934.029   125143064.2250      -3882.332          42.000    23813934.931    97514081.9590      -3024.985          39.000  
G27  24449001.075   128480368.2430      -1528.894          42.000    24449005.155   100114588.7090      -1191.211          42.000  
G18  21648617.564   113764254.1820      -2778.804          48.000    21648618.018    88647471.8370      -2165.305          48.000  
G10  22840910.265   120029792.9710        956.064          48.000    22840911.584    93529714.7990        744.965          44.000  
G24  21934514.210   115266649.8670      -1626.339          48.000    21934515.861    89818177.9650      -1267.449          42.000  
G32  23229741.835   122073116.8450       1478.673          48.000    23229745.138    95121923.5430       1152.504          44.000  
> 2026  7 21 18 48 38.0020000  0 7                            
G23  21336929.277   112126320.1090       -392.212          47.000    21336928.468    87371154.7470       -305.585          48.000  
G15  23814672.843   125146946.5310      -3882.448          41.000    23814673.677    97517107.1380      -3025.397          39.000  
G27  24449292.020   128481897.3720      -1529.663          42.000    24449296.174   100115780.2490      -1192.102          42.000  
G18  21649146.328   113767033.2000      -2779.632          48.000    21649146.840    88649637.2930      -2165.809          48.000  
G10  22840728.247   120028836.7740        955.872          48.000    22840729.667    93528969.7060        744.927          44.000  
G24  21934823.756   115268276.5930      -1627.374          48.000    21934825.387    89819445.5340      -1268.157          42.000  
G32  23229460.476   122071638.1890       1478.349          47.000    23229463.863    95120771.3660       1151.874          44.000  
> 2026  7 21 18 48 39.0020000  0 7                            
G23  21337003.952   112126712.5640       -393.018          47.000    21337003.123    87371460.5530       -306.152          49.000  
G15  23815411.748   125150829.3300      -3883.005          41.000    23815412.589    97520132.6880      -3025.826          39.000  
G27  24449583.243   128483427.4540      -1530.695          42.000    24449587.215   100116972.5290      -1192.920          42.000  
G18  21649675.292   113769813.1700      -2780.544          48.000    21649675.731    88651803.5120      -2166.598          48.000  
G10  22840546.320   120027881.0750        955.453          48.000    22840547.769    93528225.0080        744.536          44.000  
G24  21935133.429   115269904.4530      -1628.514          48.000    21935135.123    89820713.9940      -1269.038          42.000  
G32  23229179.193   122070160.2900       1477.317          47.000    23229182.700    95119619.7560       1151.207          44.000  
> 2026  7 21 18 48 40.0020000  0 7                            
G23  21337078.816   112127105.3100       -392.780          47.000    21337077.945    87371766.5920       -306.097          49.000  
G15  23816150.581   125154712.2630      -3882.823          41.000    23816151.510    97523158.3460      -3025.450          39.000  
G27  24449874.566   128484958.1420      -1530.804          42.000    24449878.588   100118165.2600      -1192.877          42.000  
G18  21650204.328   113772593.7930      -2780.943          48.000    21650204.900    88653970.2270      -2166.941          48.000  
G10  22840364.409   120026925.5220        955.646          48.000    22840365.898    93527480.4280        744.589          44.000  
G24  21935443.438   115271533.1120      -1628.955          48.000    21935445.153    89821983.0860      -1269.462          42.000  
G32  23228898.038   122068682.7970       1477.304          47.000    23228901.503    95118468.4650       1151.050          44.000  
> 2026  7 21 18 48 41.0020000  0 7                            
G23  21337153.571   112127498.0910       -393.323          47.000    21337152.795    87372072.6570       -306.439          49.000  
G15  23816889.418   125158595.0890      -3883.347          42.000    23816890.446    97526183.9310      -3025.849          39.000  
G27  24450165.964   128486489.2020      -1531.836          42.000    24450170.029   100119358.2720      -1193.408          42.000  
G18  21650733.592   113775374.7740      -2781.745          48.000    21650734.062    88656137.2240      -2167.543          48.000  
G10  22840182.623   120025969.8630        955.286          48.000    22840183.938    93526735.7520        744.313          44.000  
G24  21935753.489   115273162.3170      -1630.017          48.000    21935755.112    89823252.5930      -1270.209          42.000  
G32  23228616.863   122067205.4230       1476.812          48.000    23228620.351    95117317.2700       1150.684          44.000  
> 2026  7 21 18 48 42.0020000  0 7                            
G23  21337228.240   112127890.6680       -392.023          47.000    21337227.396    87372378.5650       -305.554          49.000  
G15  23817628.232   125162477.5360      -3881.627          42.000    23817629.208    97529209.2150      -3024.908          39.000  
G27  24450457.280   128488020.3460      -1530.640          42.000    24450461.333   100120551.3990      -1192.981          42.000  
G18  21651262.779   113778155.8840      -2780.761          48.000    21651263.272    88658304.3190      -2166.812          48.000  
G10  22840000.661   120025013.8580        956.654          48.000    22840001.996    93525990.8140        745.486          44.000  
G24  21936063.617   115274791.8320      -1629.342          47.000    21936065.151    89824522.3510      -1269.714          42.000  
G32  23228335.653   122065727.9680       1477.891          48.000    23228339.068    95116166.0100       1151.484          44.000  
> 2026  7 21 18 48 43.0020000  0 7                            
G23  21337302.821   112128282.5210       -391.718          47.000    21337301.944    87372683.9000       -305.249          49.000  
G15  23818366.838   125166359.1130      -3881.397          42.000    23818367.919    97532233.8230      -3024.898          39.000  
G27  24450748.496   128489551.0880      -1530.737          42.000    24450752.526   100121744.1710      -1192.834          42.000  
G18  21651791.893   113780936.6070      -2780.801          47.000    21651792.395    88660471.1160      -2166.840          48.000  
G10  22839818.635   120024056.9760        957.080          48.000    22839819.864    93525245.2010        745.741          44.000  
G24  21936373.704   115276421.1180      -1629.436          47.000    21936375.206    89825791.9190      -1269.683          42.000  
G32  23228054.459   122064249.8800       1478.176          48.000    23228057.902    95115014.2600       1151.756          44.000  
> 2026  7 21 18 48 44.0020000  0 7                            
G23  21337377.041   112128672.7600       -389.624          47.000    21337376.139    87372987.9960       -303.723          49.000  
G15  23819105.054   125170238.9200      -3879.048          42.000    23819106.218    97535257.0280      -3022.660          39.000  
G27  24451039.577   128491080.5610      -1529.108          42.000    24451043.629   100122935.9620      -1191.290          42.000  
G18  21652320.815   113783716.0520      -2778.934          47.000    21652321.352    88662636.9140      -2165.349          48.000  
G10  22839636.192   120023098.3450        959.310          48.000    22839637.289    93524498.2190        747.447          44.000  
G24  21936683.649   115278049.3020      -1627.776          47.000    21936684.931    89827060.6370      -1268.508          42.000  
G32  23227772.924   122062770.3030       1480.094          48.000    23227776.357    95113861.3500       1153.064          44.000  
> 2026  7 21 18 48 45.0020000  0 7                            
G23  21337451.014   112129062.0060       -389.655          47.000    21337450.198    87373291.3070       -303.754          49.000  
G15  23819843.082   125174117.5840      -3878.981          41.000    23819844.272    97538279.3650      -3022.400          39.000  
G27  24451330.451   128492609.3540      -1529.364          42.000    24451334.483   100124127.2300      -1191.638          42.000  
G18  21652849.666   113786494.8370      -2779.267          47.000    21652850.143    88664802.2010      -2165.682          48.000  
G10  22839453.505   120022138.5730        959.406          48.000    22839454.662    93523750.3440        747.494          44.000  
G24  21936993.361   115279676.9890      -1628.246          47.000    21936994.813    89828328.9560      -1268.679          42.000  
G32  23227491.275   122061289.8240       1480.076          48.000    23227494.607    95112707.7400       1153.174          44.000  
> 2026  7 21 18 48 46.0020000  0 7                            
G23  21337525.031   112129451.0070       -389.038          47.000    21337524.195    87373594.4100       -303.058          49.000  
G15  23820581.081   125177995.8410      -3878.130          41.000    23820582.334    97541301.3880      -3022.205          39.000  
G27  24451621.427   128494138.2070      -1528.845          42.000    24451625.538   100125318.5450      -1191.565          42.000  
G18  21653378.520   113789273.7190      -2779.151          47.000    21653378.971    88666967.5600      -2165.611          48.000  
G10  22839270.726   120021178.4000        960.161          48.000    22839272.000    93523002.1610        748.159          44.000  
G24  21937303.088   115281304.9580      -1628.386          47.000    21937304.593    89829597.5130      -1268.959          42.000  
G32  23227209.577   122059809.2140       1480.481          48.000    23227212.800    95111554.0080       1153.619          44.000  
> 2026  7 21 18 48 47.0020000  0 7                            
G23  21337598.530   112129837.6780       -385.742          47.000    21337597.831    87373895.7130       -300.507          49.000  
G15  23821318.655   125181871.6070      -3874.676          41.000    23821319.784    97544321.4450      -3019.085          39.000  
G27  24451912.032   128495665.0420      -1525.885          42.000    24451916.028   100126508.2700      -1188.794          42.000  
G18  21653907.026   113792050.5900      -2776.076          47.000    21653907.433    88669131.3560      -2163.246          48.000  
G10  22839087.516   120020215.7500        963.688          48.000    22839088.894    93522252.0470        750.948          44.000  
G24  21937612.538   115282931.0750      -1625.323          47.000    21937613.955    89830864.6100      -1266.526          42.000  
G32  23226927.403   122058326.3680       1483.769          48.000    23226930.625    95110398.5560       1156.094          44.000  
> 2026  7 21 18 48 48.0020000  0 7                            
G23  21337671.917   112130223.3360       -384.509          47.000    21337671.237    87374196.2330       -299.725          49.000  
G15  23822055.901   125185746.2100      -3873.261          41.000    23822057.146    97547340.6270      -3018.303          39.000  
G27  24452202.520   128497191.1920      -1525.079          42.000    24452206.377   100127697.4820      -1188.300          42.000  
G18  21654435.339   113794826.7890      -2775.026          47.000    21654435.694    88671294.6260      -2162.442          48.000  
G10  22838904.109   120019251.9680        964.834          48.000    22838905.424    93521501.0480        751.913          44.000  
G24  21937921.870   115284556.7200      -1624.990          47.000    21937923.276    89832131.3490      -1266.212          42.000  
G32  23226645.030   122056842.6410       1484.822          48.000    23226648.267    95109242.3980       1157.070          44.000  
> 2026  7 21 18 48 49.0020000  0 7                            
G23  21337745.082   112130607.8480       -385.345          47.000    21337744.460    87374495.8510       -300.256          49.000  
G15  23822792.926   125189619.5050      -3873.802          42.000    23822794.193    97550358.7750      -3018.602          39.000  
G27  24452492.704   128498716.5020      -1526.202          42.000    24452496.602   100128886.0360      -1189.209          42.000  
G18  21654963.525   113797602.1840      -2776.442          48.000    21654963.808    88673457.2630      -2163.361          48.000  
G10  22838720.447   120018286.8690        964.287          48.000    22838721.937    93520749.0250        751.451          44.000  
G24  21938231.145   115286181.7040      -1626.124          47.000    21938232.502    89833397.5680      -1267.079          41.000  
G32  23226362.420   122055357.8480       1484.014          48.000    23226365.688    95108085.4150       1156.453          44.000  
> 2026  7 21 18 48 50.0020000  0 7                            
G23  21337818.056   112130991.4530       -382.214          48.000    21337817.394    87374794.7620       -297.900          49.000  
G15  23823529.742   125193491.7480      -3870.913          42.000    23823531.081    97553376.1090      -3016.406          39.000  
G27  24452782.916   128500241.2360      -1523.633          42.000    24452786.766   100130074.1290      -1187.244          41.000  
G18  21655491.581   113800376.9900      -2773.562          48.000    21655491.891    88675619.4520      -2161.245          48.000  
G10  22838536.565   120017320.7240        967.551          48.000    22838538.094    93519996.1790        754.032          44.000  
G24  21938540.280   115287806.2770      -1623.392          47.000    21938541.540    89834663.4800      -1265.079          41.000  
G32  23226079.743   122053872.2660       1487.037          48.000    23226083.124    95106927.8260       1158.647          44.000  
> 2026  7 21 18 48 51.0020000  0 7                            
G23  21337890.901   112131374.2040       -379.388          48.000    21337890.227    87375093.0020       -295.667          49.000  
G15  23824266.401   125197362.9590      -3867.444          41.000    23824267.688    97556392.6200      -3013.545          39.000  
G27  24453073.009   128501765.4060      -1520.801          42.000    24453076.784   100131261.7870      -1184.851          41.000  
G18  21656019.470   113803151.2590      -2770.637          48.000    21656019.832    88677781.2090      -2158.844          48.000  
G10  22838352.470   120016353.5660        970.856          48.000    22838354.054    93519242.5540        756.533          44.000  
G24  21938849.345   115289430.5070      -1620.792          47.000    21938850.623    89835929.0950      -1262.679          41.000  
G32  23225796.931   122052385.9340       1489.799          48.000    23225800.208    95105769.6440       1160.955          44.000  
> 2026  7 21 18 48 52.0020000  0 7                            
G23  21337962.884   112131752.3410       -377.271          48.000    21337962.115    87375387.6620       -294.122          49.000  
G15  23825002.181   125201229.4510      -3865.891          41.000    23825003.423    97559405.4650      -3012.007          39.000  
G27  24453362.246   128503285.2940      -1519.214          42.000    24453366.082   100132446.1270      -1183.679          41.000  
G18  21656546.621   113805921.2890      -2769.340          48.000    21656546.996    88679939.6740      -2157.803          48.000  
G10  22838167.436   120015381.6680        972.974          48.000    22838169.197    93518485.2390        758.051          44.000  
G24  21939157.489   115291050.6510      -1619.468          47.000    21939158.937    89837191.5720      -1262.191          41.000  
G32  23225513.203   122050895.0960       1491.615          48.000    23225516.442    95104607.9710       1162.093          43.000  
> 2026  7 21 18 48 53.0020000  0 7                            
G23  21338034.859   112132130.4620       -379.022          48.000    21338034.184    87375682.2970       -295.447          48.000  
G15  23825737.995   125205095.7250      -3867.138          41.000    23825739.084    97562418.1400      -3013.199          39.000  
G27  24453651.702   128504805.4660      -1521.204          42.000    24453655.333   100133630.6690      -1185.394          41.000  
G18  21657073.774   113808691.6060      -2771.199          48.000    21657074.137    88682098.3700      -2159.415          48.000  
G10  22837982.466   120014409.5990        971.299          48.000    22837984.109    93517727.7820        756.876          44.000  
G24  21939465.928   115292671.2640      -1621.507          47.000    21939467.288    89838454.3850      -1263.682          41.000  
G32  23225229.516   122049404.3470       1489.896          48.000    23225232.698    95103446.3340       1161.076          43.000  
> 2026  7 21 18 48 54.0020000  0 7                            
G23  21338106.973   112132509.4000       -366.907          48.000    21338106.226    87375977.5760       -286.072          48.000  
G15  23826473.966   125208964.9741      -3859.570          41.000    23826474.925    97565431.3490      -3003.667          39.000  
G27  24453941.166   128506326.7760      -1509.265          42.000    24453944.717   100134816.1060      -1176.111          41.000  
G18  21657601.184   113811463.0440      -2758.403          48.000    21657601.600    88684257.9320      -2149.529          48.000  
G10  22837797.543   120013438.1890        984.052          48.000    22837799.251    93516970.8380        766.815          44.000  
G24  21939774.699   115294293.9361      -1615.967          47.000    21939775.910    89839718.1990      -1253.801          41.000  
G32  23224946.174   122047915.2361       1495.947          48.000    23224949.084    95102285.4250       1170.669          43.000  
> 2026  7 21 18 48 55.0020000  0 7                            
G23  21338178.559   112132885.2760       -377.686          48.000    21338177.774    87376270.4630       -294.385          48.000  
G15  23827209.107   125212828.4170      -3865.863          41.000    23827210.114    97568442.0500      -3012.193          39.000  
G27  24454230.155   128507845.3540      -1520.618          42.000    24454233.724   100135999.4210      -1185.333          41.000  
G18  21658128.212   113814231.8660      -2771.207          48.000    21658128.638    88686415.4530      -2159.510          48.000  
G10  22837612.156   120012463.6120        972.719          48.000    22837613.933    93516211.4330        757.943          44.000  
G24  21940082.821   115295913.1150      -1621.571          47.000    21940084.163    89840980.1250      -1264.058          41.000  
G32  23224662.145   122046423.2670       1490.536          48.000    23224665.020    95101122.2540       1161.338          43.000  
> 2026  7 21 18 48 56.0020000  0 7                            
G23  21338249.697   112133259.5640       -374.341          48.000    21338249.029    87376562.1130       -291.705          48.000  
G15  23827943.904   125216690.3680      -3861.832          41.000    23827945.029    97571451.3780      -3009.347          39.000  
G27  24454518.880   128509362.6520      -1517.419          42.000    24454522.449   100137181.7240      -1182.458          41.000  
G18  21658654.856   113816999.3350      -2767.572          48.000    21658655.094    88688571.9180      -2156.628          48.000  
G10  22837426.240   120011487.2630        976.414          48.000    22837428.106    93515450.6420        760.924          44.000  
G24  21940390.685   115297531.4090      -1618.544          47.000    21940392.232    89842241.1170      -1261.246          42.000  
G32  23224377.815   122044928.9850       1494.321          48.000    23224380.615    95099957.8730       1164.510          43.000  
> 2026  7 21 18 48 57.0020000  0 7                            
G23  21338320.956   112133634.1850       -373.895          48.000    21338320.213    87376854.0240       -291.443          48.000  
G15  23828678.816   125220552.5290      -3861.421          41.000    23828679.933    97574460.8450      -3008.809          39.000  
G27  24454807.723   128510880.6000      -1517.456          42.000    24454811.223   100138364.5270      -1182.422          41.000  
G18  21659181.654   113819767.5020      -2767.660          48.000    21659181.791    88690728.9230      -2156.615          48.000  
G10  22837240.534   120010511.1170        977.003          48.000    22837242.357    93514690.0110        761.288          44.000  
G24  21940698.771   115299150.5480      -1618.589          47.000    21940700.317    89843502.7870      -1261.180          42.000  
G32  23224093.492   122043435.1590       1494.556          48.000    23224096.295    95098793.8550       1164.631          44.000  
> 2026  7 21 18 48 58.0020000  0 7                            
G23  21338392.077   112134007.4930       -373.315          48.000    21338391.249    87377144.9100       -290.863          48.000  
G15  23829413.511   125224413.2230      -3860.723          41.000    23829414.688    97577469.1700      -3008.185          39.000  
G27  24455096.336   128512397.5440      -1516.986          42.000    24455099.947   100139546.5630      -1182.031          41.000  
G18  21659708.280   113822534.6710      -2767.394          48.000    21659708.464    88692885.1630      -2156.386          48.000  
G10  22837054.477   120009533.5100        977.636          48.000    22837056.252    93513928.2430        761.808          44.000  
G24  21941006.621   115300768.8840      -1618.586          47.000    21941008.328    89844763.8190      -1261.002          42.000  
G32  23223808.982   122041940.1370       1494.889          48.000    23223811.731    95097628.9060       1164.903          44.000  
> 2026  7 21 18 48 59.0020000  0 7                            
G23  21338463.223   112134381.3410       -375.220          48.000    21338462.441    87377436.2160       -292.291          48.000  
G15  23830148.216   125228274.2870      -3862.351          41.000    23830149.452    97580477.8020      -3009.795          39.000  
G27  24455385.133   128513915.3520      -1519.006          42.000    24455388.773   100140729.2850      -1183.966          41.000  
G18  21660235.082   113825302.7320      -2769.744          48.000    21660235.237    88695042.0890      -2158.254          48.000  
G10  22836868.534   120008556.3080        975.835          48.000    22836870.248    93513166.7880        760.342          44.000  
G24  21941314.758   115302388.2690      -1621.218          47.000    21941316.562    89846025.6990      -1263.302          42.000  
G32  23223524.598   122040445.7430       1492.828          48.000    23223527.469    95096464.4420       1163.368          44.000  
> 2026  7 21 18 49  0.0020000  0 7                            
G23  21338534.585   112134756.2420       -376.233          48.000    21338533.773    87377728.3440       -293.079          48.000  
G15  23830883.184   125232136.2560      -3863.042          41.000    23830884.392    97583487.1270      -3010.483          39.000  
G27  24455674.249   128515434.5420      -1520.666          42.000    24455677.874   100141913.0470      -1184.790          42.000  
G18  21660762.027   113828072.1560      -2770.911          48.000    21660762.208    88697200.0760      -2159.017          48.000  
G10  22836682.801   120007579.9970        975.084          48.000    22836684.447    93512406.0180        759.807          44.000  
G24  21941623.219   115304009.1980      -1622.489          47.000    21941625.098    89847288.7570      -1264.420          42.000  
G32  23223240.446   122038952.5030       1491.935          48.000    23223243.436    95095300.8820       1162.506          44.000  
> 2026  7 21 18 49  1.0020000  0 7                            
G23  21338606.139   112135132.4450       -376.349          48.000    21338605.361    87378021.4930       -293.195          48.000  
G15  23831618.325   125235999.3770      -3863.018          41.000    23831619.546    97586497.3570      -3010.451          39.000  
G27  24455963.637   128516955.3530      -1521.112          42.000    24455967.209   100143098.0960      -1185.242          42.000  
G18  21661289.344   113830843.2350      -2771.412          48.000    21661289.495    88699359.3560      -2159.483          48.000  
G10  22836497.238   120006604.8520        975.139          48.000    22836498.949    93511646.1720        759.691          44.000  
G24  21941932.002   115305631.4570      -1623.225          47.000    21941934.015    89848553.2430      -1264.871          42.000  
G32  23222956.521   122037460.1900       1491.567          48.000    23222959.684    95094138.4320       1162.275          44.000  
> 2026  7 21 18 49  2.0020000  0 7                            
G23  21338677.798   112135508.8730       -376.910          48.000    21338677.050    87378314.8090       -293.695          48.000  
G15  23832353.497   125239862.5670      -3863.530          41.000    23832354.682    97589507.6080      -3010.510          39.000  
G27  24456253.083   128518476.6910      -1522.028          42.000    24456256.743   100144283.5530      -1185.944          42.000  
G18  21661816.696   113833614.8590      -2772.167          48.000    21661816.918    88701519.0610      -2160.170          48.000  
G10  22836311.638   120005629.7870        974.830          48.000    22836313.511    93510886.3740        759.649          44.000  
G24  21942240.899   115307254.9250      -1624.084          47.000    21942242.938    89849818.2800      -1265.612          42.000  
G32  23222672.690   122035968.6950       1491.027          48.000    23222675.984    95092976.2370       1161.757          44.000  
> 2026  7 21 18 49  3.0020000  0 7                            
G23  21338749.593   112135885.9020       -377.081          47.000    21338748.794    87378608.6000       -293.750          48.000  
G15  23833088.772   125243726.2160      -3863.621          41.000    23833089.912    97592518.2460      -3010.671          39.000  
G27  24456542.752   128519998.9410      -1522.412          42.000    24456546.470   100145469.7220      -1186.285          42.000  
G18  21662344.294   113836387.4300      -2772.787          48.000    21662344.453    88703679.5080      -2160.641          48.000  
G10  22836126.158   120004655.1850        974.673          48.000    22836128.098    93510126.9480        759.381          44.000  
G24  21942550.045   115308879.5150      -1624.908          47.000    21942552.145    89851084.2030      -1266.205          42.000  
G32  23222388.991   122034477.9150       1490.708          48.000    23222392.440    95091814.5960       1161.507          44.000  
> 2026  7 21 18 49  4.0020000  0 7                            
G23  21338821.433   112136263.6590       -378.381          47.000    21338820.679    87378902.9660       -294.971          48.000  
G15  23833824.073   125247590.4120      -3864.674          41.000    23833825.195    97595529.3120      -3011.483          39.000  
G27  24456832.764   128521522.2660      -1524.316          42.000    24456836.382   100146656.7180      -1187.592          42.000  
G18  21662872.041   113839161.0560      -2774.332          48.000    21662872.230    88705840.7730      -2161.960          48.000  
G10  22835940.940   120003681.1470        973.537          48.000    22835942.624    93509367.9630        758.556          44.000  
G24  21942859.424   115310505.3250      -1626.665          47.000    21942861.542    89852351.0590      -1267.521          42.000  
G32  23222105.497   122032987.9740       1489.191          48.000    23222109.081    95090653.6050       1160.341          44.000  
> 2026  7 21 18 49  5.0020000  0 7                            
G23  21338893.684   112136642.9830       -379.279          47.000    21338892.787    87379198.5420       -295.538          48.000  
G15  23834559.711   125251456.0430      -3865.604          41.000    23834560.812    97598541.4900      -3012.277          39.000  
G27  24457123.001   128523047.4450      -1525.397          42.000    24457126.623   100147845.1750      -1188.617          42.000  
G18  21663400.171   113841936.5790      -2775.677          48.000    21663400.407    88708003.5180      -2162.861          48.000  
G10  22835755.887   120002708.5610        972.533          48.000    22835757.550    93508610.0950        757.892          44.000  
G24  21943169.332   115312133.2160      -1628.248          47.000    21943171.277    89853619.5280      -1268.298          42.000  
G32  23221822.227   122031499.6970       1488.164          48.000    23221825.975    95089493.9150       1159.513          44.000  
> 2026  7 21 18 49  6.0020000  0 7                            
G23  21338966.379   112137024.7750       -390.601          47.000    21338965.476    87379496.0310       -304.175          48.000  
G15  23835295.749   125255323.9670      -3876.687          41.000    23835296.771    97601555.4280      -3020.230          39.000  
G27  24457413.725   128524575.4230      -1537.146          42.000    24457417.464   100149035.8050      -1197.333          42.000  
G18  21663928.989   113844714.8850      -2786.840          48.000    21663929.075    88710168.4090      -2171.193          48.000  
G10  22835571.271   120001738.2650        961.754          48.000    22835572.868    93507854.0140        749.578          44.000  
G24  21943479.736   115313764.0650      -1639.821          47.000    21943481.591    89854890.3190      -1277.120          42.000  
G32  23221539.544   122030013.9930       1476.849          48.000    23221543.211    95088336.1900       1151.415          44.000  
> 2026  7 21 18 49  7.0020000  0 7                            
G23  21339038.560   112137403.8710       -379.510          47.000    21339037.597    87379791.0560       -295.789          48.000  
G15  23836031.270   125259189.0500      -3865.607          41.000    23836032.148    97604566.8170      -3012.348          39.000  
G27  24457704.040   128526101.5400      -1526.184          42.000    24457707.631   100150224.1980      -1189.026          42.000  
G18  21664457.263   113847490.9170      -2777.651          48.000    21664457.361    88712331.1820      -2164.612          48.000  
G10  22835385.989   120000764.6700        972.275          48.000    22835387.685    93507095.3980        757.224          44.000  
G24  21943789.682   115315392.2890      -1630.138          47.000    21943791.486    89856159.0820      -1270.415          41.000  
G32  23221256.247   122028524.2310       1487.327          48.000    23221259.817    95087176.1570       1158.737          44.000  
> 2026  7 21 18 49  8.0020000  0 7                            
G23  21339110.435   112137781.7740       -378.656          47.000    21339109.511    87380085.5320       -295.227          48.000  
G15  23836766.512   125263052.7710      -3864.667          41.000    23836767.315    97607577.5070      -3011.348          39.000  
G27  24457994.236   128527626.2710      -1525.842          42.000    24457997.708   100151412.3050      -1188.873          42.000  
G18  21664985.319   113850265.9760      -2776.198          48.000    21664985.384    88714493.5630      -2163.334          48.000  
G10  22835200.632   119999790.1900        973.685          48.000    22835202.138    93506336.0410        758.832          44.000  
G24  21944099.419   115317020.2430      -1629.110          47.000    21944101.264    89857427.6360      -1269.642          41.000  
G32  23220972.831   122027034.8410       1488.253          48.000    23220976.366    95086015.5900       1159.816          44.000  
> 2026  7 21 18 49  9.0020000  0 7                            
G23  21339182.485   112138160.3560       -379.291          47.000    21339181.521    87380380.5230       -295.544          48.000  
G15  23837501.843   125266917.0040      -3864.781          41.000    23837502.676    97610588.5920      -3011.364          39.000  
G27  24458284.489   128529151.9720      -1526.434          42.000    24458287.988   100152601.1630      -1189.563          42.000  
G18  21665513.578   113853042.0840      -2776.946          48.000    21665513.664    88716656.7610      -2164.005          48.000  
G10  22835015.360   119998816.2520        973.334          48.000    22835016.814    93505577.1310        758.447          44.000  
G24  21944409.453   115318649.4030      -1629.908          47.000    21944411.277    89858697.0900      -1269.781          41.000  
G32  23220689.659   122025546.2330       1487.920          48.000    23220693.128    95084855.6370       1159.528          44.000  
> 2026  7 21 18 49 10.0020000  0 7                            
G23  21339254.792   112138540.3990       -380.548          47.000    21339253.822    87380676.6610       -296.497          49.000  
G15  23838237.440   125270782.5640      -3865.864          41.000    23838238.217    97613600.7110      -3012.421          39.000  
G27  24458575.144   128530679.4550      -1528.174          42.000    24458578.679   100153791.3930      -1190.656          42.000  
G18  21666042.220   113855819.9930      -2778.532          48.000    21666042.349    88718821.3480      -2164.887          48.000  
G10  22834830.282   119997843.6400        972.302          48.000    22834831.800    93504819.2600        757.623          44.000  
G24  21944719.935   115320280.5330      -1631.638          47.000    21944721.602    89859968.1070      -1271.467          41.000  
G32  23220406.598   122024059.2170       1486.568          48.000    23220410.094    95083696.9240       1158.338          44.000  
> 2026  7 21 18 49 11.0020000  0 7                            
G23  21339326.926   112138919.7760       -379.297          47.000    21339326.093    87380972.2810       -295.624          49.000  
G15  23838972.879   125274647.2850      -3864.622          41.000    23838973.658    97616612.1940      -3011.681          39.000  
G27  24458865.794   128532206.5670      -1527.240          42.000    24458869.325   100154981.3580      -1189.966          41.000  
G18  21666570.774   113858597.5570      -2777.638          48.000    21666570.928    88720985.6970      -2164.394          48.000  
G10  22834645.044   119996870.2140        973.576          48.000    22834646.602    93504060.7510        758.580          44.000  
G24  21945030.320   115321911.5160      -1631.088          47.000    21945031.963    89861239.0030      -1270.958          41.000  
G32  23220123.553   122022571.6320       1487.660          48.000    23220127.044    95082537.7760       1159.200          44.000  
> 2026  7 21 18 49 12.0020000  0 7                            
G23  21339399.169   112139299.6120       -380.243          47.000    21339398.435    87381268.2500       -296.240          49.000  
G15  23839708.373   125278512.3110      -3865.418          41.000    23839709.137    97619623.8720      -3011.586          39.000  
G27  24459156.558   128533734.4380      -1528.381          42.000    24459160.001   100156171.9070      -1190.991          41.000  
G18  21667099.422   113861375.9180      -2779.105          48.000    21667099.636    88723150.6490      -2165.499          48.000  
G10  22834459.870   119995897.1060        972.530          48.000    22834461.482    93503302.4800        757.890          44.000  
G24  21945340.857   115323543.4520      -1632.877          47.000    21945342.463    89862510.6480      -1272.386          41.000  
G32  23219840.533   122021084.6100       1486.476          48.000    23219844.035    95081379.0590       1158.389          44.000  
> 2026  7 21 18 49 13.0020000  0 7                            
G23  21339471.443   112139678.5160       -381.079          47.000    21339470.613    87381563.8930       -297.064          49.000  
G15  23840443.814   125282376.2460      -3866.127          41.000    23840444.533    97622635.1420      -3012.690          39.000  
G27  24459447.308   128535262.2190      -1529.626          42.000    24459450.776   100157362.3770      -1191.864          41.000  
G18  21667628.128   113864153.6790      -2780.315          48.000    21667628.444    88725315.5290      -2166.460          48.000  
G10  22834274.550   119994923.4110        972.050          48.000    22834276.136    93502543.7740        757.137          44.000  
G24  21945651.478   115325175.4590      -1634.042          47.000    21945653.018    89863782.3300      -1273.080          41.000  
G32  23219557.508   122019597.2620       1485.519          48.000    23219561.069    95080220.0940       1157.595          44.000  
> 2026  7 21 18 49 14.0020000  0 7                            
G23  21339543.547   112140058.1010       -380.182          47.000    21339542.889    87381859.6790       -296.423          49.000  
G15  23841179.182   125286240.7050      -3865.119          41.000    23841179.912    97625646.4120      -3011.917          39.000  
G27  24459738.092   128536790.4880      -1528.931          42.000    24459741.580   100158553.2580      -1191.632          41.000  
G18  21668156.868   113866932.4500      -2779.797          48.000    21668157.263    88727480.8030      -2165.937          48.000  
G10  22834089.338   119993949.7420        973.128          48.000    22834090.774    93501785.0690        758.056          44.000  
G24  21945962.145   115326808.1420      -1633.473          47.000    21945963.673    89865054.5760      -1273.108          41.000  
G32  23219274.529   122018110.1970       1486.438          48.000    23219278.135    95079061.3570       1157.971          44.000  
> 2026  7 21 18 49 15.0020000  0 7                            
G23  21339615.353   112140435.1890       -374.524          48.000    21339614.545    87382153.5120       -291.846          49.000  
G15  23841914.001   125290102.5130      -3859.250          41.000    23841914.749    97628655.5970      -3006.911          39.000  
G27  24460028.457   128538316.5700      -1523.535          42.000    24460032.008   100159742.4150      -1187.134          41.000  
G18  21668685.232   113869709.0710      -2774.756          48.000    21668685.620    88729644.4040      -2162.039          48.000  
G10  22833903.494   119992973.4490        978.818          48.000    22833904.949    93501024.3070        762.928          44.000  
G24  21946272.499   115328438.8600      -1628.671          47.000    21946273.941    89866325.2510      -1269.219          41.000  
G32  23218991.070   122016620.7460       1491.858          48.000    23218994.758    95077900.7410       1162.697          44.000  
> 2026  7 21 18 49 16.0020000  0 7                            
G23  21339686.270   112140808.4010       -372.510          48.000    21339685.595    87382444.3230       -290.479          49.000  
G15  23842648.082   125293960.2990      -3857.435          41.000    23842648.863    97631661.6510      -3005.452          39.000  
G27  24460318.223   128539839.0900      -1521.509          42.000    24460321.726   100160928.7850      -1185.730          41.000  
G18  21669212.907   113872482.1470      -2773.406          48.000    21669213.434    88731805.2620      -2161.554          48.000  
G10  22833716.963   119991993.1440        980.636          48.000    22833718.345    93500260.4560        763.695          44.000  
G24  21946582.205   115330066.2040      -1627.612          47.000    21946583.603    89867593.3220      -1268.490          41.000  
G32  23218706.903   122015127.5480       1492.892          48.000    23218710.593    95076737.2230       1163.146          44.000  
> 2026  7 21 18 49 17.0020000  0 7                            
G23  21339757.324   112141181.7670       -371.606          48.000    21339756.701    87382735.2430       -289.484          49.000  
G15  23843382.143   125297818.0520      -3855.862          41.000    23843383.054    97634667.7140      -3004.816          39.000  
G27  24460608.107   128541362.1130      -1521.210          42.000    24460611.605   100162115.5550      -1185.535          41.000  
G18  21669740.698   113875255.6660      -2772.133          48.000    21669741.179    88733966.4260      -2160.056          48.000  
G10  22833530.454   119991012.8090        982.190          48.000    22833531.942    93499496.5450        765.319          44.000  
G24  21946891.862   115331694.1720      -1626.666          47.000    21946893.325    89868861.8670      -1267.728          41.000  
G32  23218422.720   122013634.5590       1494.495          48.000    23218426.446    95075573.8430       1164.515          44.000  
> 2026  7 21 18 49 18.0020000  0 7                            
G23  21339827.277   112141549.2270       -370.337          48.000    21339826.598    87383021.5740       -288.593          49.000  
G15  23844115.017   125301669.7620      -3854.781          42.000    23844116.043    97637669.0260      -3003.584          39.000  
G27  24460896.846   128542879.5410      -1520.825          42.000    24460900.377   100163297.9540      -1185.077          41.000  
G18  21670267.354   113878023.6060      -2770.644          48.000    21670267.842    88736123.2610      -2158.942          48.000  
G10  22833342.782   119990026.4390        983.698          48.000    22833344.190    93498727.9410        766.469          44.000  
G24  21947200.637   115333316.7370      -1625.439          47.000    21947202.015    89870126.1830      -1266.478          41.000  
G32  23218137.529   122012135.7740       1495.983          48.000    23218141.238    95074405.9570       1165.879          44.000  
> 2026  7 21 18 49 19.0020000  0 7                            
G23  21339897.872   112141919.6911       -368.066          47.000    21339897.392    87383311.5300       -290.320          49.000  
G15  23844848.809   125305525.4350      -3855.957          42.000    23844849.849    97640673.8410      -3004.727          39.000  
G27  24461186.336   128544401.2731      -1518.164          42.000    24461190.126   100164484.2070      -1186.841          41.000  
G18  21670795.061   113880796.1171      -2770.068          48.000    21670795.527    88738284.9910      -2160.682          48.000  
G10  22833155.922   119989043.6791        983.984          48.000    22833157.238    93497961.8460        765.073          44.000  
G24  21947510.439   115334944.9460      -1627.137          47.000    21947511.850    89871391.5340      -1268.293          41.000  
G32  23217852.913   122010640.5431       1499.512          48.000    23217857.002    95073242.7960       1163.943          44.000  
> 2026  7 21 18 49 20.0020000  0 7                            
G23  21339967.529   112142285.5980       -356.506          48.000    21339967.005    87383596.9290       -277.716          49.000  
G15  23845581.483   125309375.6390      -3840.443          42.000    23845582.566    97643673.9990      -2992.254          39.000  
G27  24461474.925   128545917.7250      -1507.135          42.000    24461478.825   100165666.1530      -1174.390          41.000  
G18  21671321.530   113883562.5250      -2758.039          48.000    21671322.110    88740441.4650      -2148.910          48.000  
G10  22832967.907   119988055.7310        997.502          48.000    22832969.213    93497192.1110        777.273          44.000  
G24  21947819.138   115336567.3970      -1613.298          47.000    21947820.562    89872655.7750      -1256.918          41.000  
G32  23217567.464   122009139.5210       1509.340          48.000    23217571.588    95072074.1790       1176.263          44.000  
> 2026  7 21 18 49 21.0020000  0 7                            
G23  21340036.210   112142646.4260       -362.183          47.000    21340035.732    87383878.0910       -282.092          48.000  
G15  23846312.968   125313220.2410      -3845.971          42.000    23846314.184    97646669.7800      -2996.442          39.000  
G27  24461762.559   128547429.4580      -1513.312          42.000    24461766.484   100166844.1320      -1179.413          42.000  
G18  21671847.250   113886324.8200      -2763.186          48.000    21671847.778    88742593.9030      -2153.062          48.000  
G10  22832778.886   119987062.2740        992.551          48.000    22832780.147    93496417.9920        773.264          44.000  
G24  21948126.859   115338184.8170      -1618.458          47.000    21948128.422    89873916.1130      -1261.240          41.000  
G32  23217281.057   122007634.4160       1504.092          48.000    23217285.106    95070901.3740       1172.173          44.000  
> 2026  7 21 18 49 22.0020000  0 7                            
G23  21340105.425   112143009.8000       -359.973          47.000    21340104.853    87384161.2410       -280.511          48.000  
G15  23847045.026   125317067.2280      -3843.548          42.000    23847046.173    97649667.4370      -2994.846          39.000  
G27  24462050.765   128548944.0650      -1511.664          42.000    24462054.633   100168024.3330      -1177.905          42.000  
G18  21672373.376   113889090.0620      -2761.793          48.000    21672374.008    88744748.6190      -2151.864          48.000  
G10  22832590.353   119986071.2540        994.472          48.000    22832591.633    93495645.7600        775.043          44.000  
G24  21948435.235   115339805.3450      -1617.048          47.000    21948436.711    89875178.8480      -1259.854          41.000  
G32  23216995.156   122006132.0090       1505.685          47.000    23216999.252    95069730.6690       1173.283          44.000  
> 2026  7 21 18 49 23.0020000  0 7                            
G23  21340174.012   112143369.8830       -361.908          48.000    21340173.358    87384441.8350       -282.135          48.000  
G15  23847776.508   125320910.7700      -3845.564          42.000    23847777.598    97652662.4010      -2996.391          40.000  
G27  24462338.405   128550455.6600      -1513.568          42.000    24462342.317   100169202.2110      -1179.663          42.000  
G18  21672899.031   113891852.3390      -2764.816          48.000    21672899.716    88746901.0720      -2154.686          48.000  
G10  22832401.015   119985076.8020        992.380          48.000    22832402.442    93494870.8820        773.024          44.000  
G24  21948743.110   115341423.1190      -1620.557          47.000    21948744.556    89876439.4560      -1262.443          41.000  
G32  23216708.711   122004626.4090       1503.264          48.000    23216712.788    95068557.4760       1171.595          44.000  
> 2026  7 21 18 49 24.0020000  0 7                            
G23  21340243.262   112143733.7090       -369.879          48.000    21340242.684    87384725.3250       -288.281          48.000  
G15  23848508.594   125324757.8640      -3852.625          42.000    23848509.667    97655660.1360      -3002.026          40.000  
G27  24462626.885   128551971.3270      -1521.759          42.000    24462630.717   100170383.2470      -1186.060          42.000  
G18  21673425.403   113894618.5680      -2770.679          48.000    21673426.109    88749056.5620      -2159.244          48.000  
G10  22832212.418   119984085.8760        985.869          48.000    22832213.896    93494098.7200        768.084          44.000  
G24  21949051.707   115343045.0010      -1626.592          47.000    21949053.154    89877703.2670      -1267.734          41.000  
G32  23216422.932   122003124.5910       1496.580          48.000    23216427.066    95067387.2430       1165.885          44.000  
> 2026  7 21 18 49 25.0020000  0 7                            
G23  21340312.886   112144099.4310       -358.557          47.000    21340312.277    87385010.3050       -279.449          48.000  
G15  23849241.026   125328606.7360      -3841.577          42.000    23849242.101    97658659.2540      -2993.533          39.000  
G27  24462915.763   128553489.2170      -1511.005          42.000    24462919.618   100171565.9990      -1177.362          42.000  
G18  21673952.240   113897387.2050      -2761.670          48.000    21673952.907    88751213.9350      -2152.098          48.000  
G10  22832024.155   119983096.7940        996.483          48.000    22832025.616    93493328.0060        776.444          44.000  
G24  21949360.840   115344669.4620      -1617.593          47.000    21949362.276    89878969.0760      -1260.620          41.000  
G32  23216137.534   122001624.8630       1506.870          48.000    23216141.568    95066218.6190       1174.068          44.000  
> 2026  7 21 18 49 26.0020000  0 7                            
G23  21340381.436   112144459.3500       -366.040          47.000    21340380.804    87385290.7580       -285.327          48.000  
G15  23849972.319   125332449.6290      -3848.758          42.000    23849973.362    97661653.7380      -2999.542          39.000  
G27  24463203.607   128555001.6090      -1518.658          42.000    24463207.407   100172744.4890      -1183.368          42.000  
G18  21674478.035   113900150.3020      -2769.765          48.000    21674478.708    88753366.9780      -2158.254          48.000  
G10  22831834.809   119982101.7460        988.615          48.000    22831836.319    93492552.6360        770.702          44.000  
G24  21949668.982   115346288.5560      -1625.836          47.000    21949670.333    89880230.6990      -1266.964          41.000  
G32  23215851.097   122000119.4070       1499.086          48.000    23215855.021    95065045.5250       1168.187          44.000  
> 2026  7 21 18 49 27.0020000  0 7                            
G23  21340451.133   112144827.3020       -374.023          47.000    21340450.314    87385575.5430       -292.139          48.000  
G15  23850704.851   125336299.9060      -3856.781          42.000    23850705.877    97664653.3570      -3004.848          40.000  
G27  24463492.765   128556521.3430      -1527.087          42.000    24463496.366   100173927.5300      -1190.332          42.000  
G18  21675005.256   113902921.2390      -2777.927          48.000    21675005.693    88755524.6130      -2165.392          48.000  
G10  22831646.692   119981113.0500        980.968          48.000    22831648.001    93491781.4890        763.570          44.000  
G24  21949978.500   115347915.1730      -1634.324          47.000    21949979.513    89881496.0550      -1274.177          41.000  
G32  23215565.942   121998621.5770       1491.168          48.000    23215569.646    95063876.8650       1161.149          44.000  
> 2026  7 21 18 49 28.0020000  0 7                            
G23  21340520.008   112145189.2050       -356.726          47.000    21340519.031    87385857.9880       -278.400          48.000  
G15  23851436.395   125340143.9610      -3839.263          42.000    23851437.288    97667647.5910      -2992.003          40.000  
G27  24463780.941   128558036.3340      -1510.211          42.000    24463784.496   100175107.4970      -1176.947          42.000  
G18  21675531.590   113905686.4510      -2760.969          48.000    21675531.766    88757678.1560      -2151.550          48.000  
G10  22831457.517   119980118.6820        997.862          48.000    22831458.826    93491006.8420        778.331          44.000  
G24  21950287.073   115349536.6880      -1616.383          47.000    21950288.187    89882760.4140      -1260.022          41.000  
G32  23215279.917   121997118.8110       1508.115          48.000    23215283.484    95062704.9130       1175.358          44.000  
> 2026  7 21 18 49 29.0020000  0 7                            
G23  21340588.474   112145548.8840       -358.826          47.000    21340587.440    87386138.2360       -279.608          48.000  
G15  23852167.533   125343986.1290      -3840.993          42.000    23852168.358    97670641.4560      -2992.897          40.000  
G27  24464068.800   128559549.4150      -1512.299          42.000    24464072.381   100176286.4940      -1178.210          42.000  
G18  21676057.535   113908450.2800      -2762.969          48.000    21676057.617    88759831.7620      -2152.985          48.000  
G10  22831268.023   119979122.9220        996.680          48.000    22831269.375    93490230.9350        776.632          44.000  
G24  21950595.265   115351157.0830      -1619.625          47.000    21950596.562    89884023.0150      -1262.117          41.000  
G32  23214993.495   121995613.4160       1506.301          48.000    23214997.062    95061531.8640       1173.831          44.000  
> 2026  7 21 18 49 30.0020000  0 7                            
G23  21340657.031   112145909.8290       -361.530          47.000    21340656.125    87386419.4940       -281.580          49.000  
G15  23852898.836   125347829.4260      -3843.898          42.000    23852899.784    97673636.2220      -2994.978          39.000  
G27  24464356.887   128561064.0770      -1515.277          42.000    24464360.625   100177466.7550      -1180.664          42.000  
G18  21676583.712   113911215.6950      -2765.750          48.000    21676583.734    88761986.6350      -2155.159          48.000  
G10  22831078.789   119978128.2910        994.279          48.000    22831080.037    93489455.9010        774.622          44.000  
G24  21950903.943   115352779.1880      -1622.683          47.000    21950905.226    89885286.9970      -1264.524          41.000  
G32  23214707.210   121994109.4010       1503.459          48.000    23214710.804    95060359.9100       1171.788          44.000  
> 2026  7 21 18 49 31.0020000  0 7                            
G23  21340725.950   112146271.8920       -365.179          47.000    21340725.070    87386702.0150       -284.631          48.000  
G15  23853630.436   125351674.1770      -3847.454          41.000    23853631.380    97676632.1340      -2997.913          40.000  
G27  24464645.467   128562580.1780      -1519.513          42.000    24464649.171   100178648.5240      -1183.923          42.000  
G18  21677110.240   113913983.0850      -2770.106          48.000    21677110.271    88764143.0410      -2158.477          48.000  
G10  22830889.772   119977135.1350        990.719          48.000    22830890.885    93488682.0140        772.083          44.000  
G24  21951212.920   115354402.9380      -1627.292          47.000    21951214.282    89886552.6620      -1268.196          41.000  
G32  23214421.273   121992607.1120       1499.666          48.000    23214424.915    95059189.3090       1168.593          44.000  
> 2026  7 21 18 49 32.0020000  0 7                            
G23  21340795.530   112146638.4130       -367.590          47.000    21340794.718    87386987.6130       -286.487          48.000  
G15  23854362.742   125355522.6940      -3849.589          41.000    23854363.709    97679630.9810      -2999.824          39.000  
G27  24464934.759   128564101.0430      -1522.235          42.000    24464938.603   100179833.6080      -1186.029          42.000  
G18  21677637.617   113916754.7500      -2773.000          48.000    21677637.664    88766302.7880      -2160.816          48.000  
G10  22830701.437   119976145.8020        988.290          48.000    22830702.700    93487911.1060        770.067          44.000  
G24  21951522.835   115356031.6310      -1630.039          47.000    21951524.142    89887821.7740      -1270.266          41.000  
G32  23214136.188   121991108.8880       1497.028          48.000    23214139.626    95058021.8630       1166.406          44.000  
> 2026  7 21 18 49 33.0020000  0 7                            
G23  21340865.765   112147007.9450       -372.217          47.000    21340864.959    87387275.5560       -290.033          49.000  
G15  23855095.572   125359374.0830      -3854.063          41.000    23855096.666    97682632.0620      -3003.077          39.000  
G27  24465224.833   128565625.2300      -1526.965          42.000    24465228.623   100181021.2790      -1189.722          42.000  
G18  21678165.606   113919529.7470      -2777.814          48.000    21678165.743    88768465.1140      -2164.393          48.000  
G10  22830513.660   119975159.3200        983.731          48.000    22830514.925    93487142.4230        766.617          44.000  
G24  21951833.397   115357663.8240      -1634.872          47.000    21951834.765    89889093.6110      -1274.042          41.000  
G32  23213851.561   121989613.7650       1492.518          48.000    23213854.984    95056856.8450       1162.960          44.000  
> 2026  7 21 18 49 34.0020000  0 7                            
G23  21340937.086   112147383.1240       -377.948          47.000    21340936.335    87387567.9030       -294.489          49.000  
G15  23855829.444   125363230.9450      -3859.457          41.000    23855830.590    97685637.4110      -3007.361          39.000  
G27  24465515.930   128567155.3870      -1533.337          42.000    24465519.820   100182213.6130      -1194.678          42.000  
G18  21678694.753   113922310.7290      -2783.976          48.000    21678694.915    88770632.1080      -2169.087          48.000  
G10  22830326.916   119974178.3440        978.111          48.000    22830328.303    93486378.0180        762.301          44.000  
G24  21952145.145   115359302.1980      -1641.390          47.000    21952146.542    89890370.2490      -1278.951          41.000  
G32  23213568.114   121988124.4030       1486.528          48.000    23213571.557    95055696.2920       1158.403          44.000  
> 2026  7 21 18 49 35.0020000  0 7                            
G23  21341009.601   112147764.0260       -383.502          47.000    21341008.742    87387864.7050       -298.712          49.000  
G15  23856564.381   125367093.3990      -3865.297          41.000    23856565.576    97688647.0960      -3011.602          39.000  
G27  24465808.153   128568691.5520      -1539.056          42.000    24465812.231   100183410.6350      -1199.280          42.000  
G18  21679224.998   113925097.7600      -2789.831          48.000    21679225.279    88772803.8320      -2173.892          48.000  
G10  22830141.227   119973202.9370        972.902          48.000    22830142.660    93485617.9700        758.090          44.000  
G24  21952458.028   115360946.7850      -1647.545          47.000    21952459.498    89891651.7470      -1283.619          41.000  
G32  23213285.890   121986640.8670       1480.765          48.000    23213289.203    95054540.2960       1153.947          44.000  
> 2026  7 21 18 49 36.0020000  0 7                            
G23  21341083.009   112148149.9050       -388.507          47.000    21341082.166    87388165.3890       -302.667          49.000  
G15  23857300.342   125370960.6420      -3869.789          41.000    23857301.514    97691660.5410      -3015.456          39.000  
G27  24466101.496   128570233.0100      -1544.134          42.000    24466105.526   100184611.7670      -1203.162          42.000  
G18  21679756.405   113927890.0910      -2794.923          48.000    21679756.678    88774979.6730      -2177.863          48.000  
G10  22829956.481   119972232.3660        968.025          48.000    22829957.808    93484861.6720        754.482          44.000  
G24  21952772.067   115362596.8510      -1652.867          47.000    21952773.555    89892937.5310      -1287.942          41.000  
G32  23213004.527   121985162.4090       1475.785          48.000    23213007.864    95053388.2600       1149.944          44.000  
> 2026  7 21 18 49 37.0020000  0 7                            
G23  21341157.394   112148540.9310       -393.445          47.000    21341156.564    87388470.0870       -306.616          49.000  
G15  23858037.142   125374832.8860      -3874.544          41.000    23858038.424    97694677.8760      -3019.165          39.000  
G27  24466395.859   128571779.9390      -1549.585          42.000    24466399.879   100185817.1710      -1207.568          42.000  
G18  21680288.685   113930687.9070      -2800.317          48.000    21680289.213    88777159.7930      -2182.214          48.000  
G10  22829772.681   119971266.7850        963.305          48.000    22829774.083    93484109.2870        750.590          44.000  
G24  21953087.080   115364252.5720      -1658.430          47.000    21953088.601    89894227.6990      -1292.327          41.000  
G32  23212724.225   121983689.2150       1470.729          48.000    23212727.595    95052240.3140       1145.999          44.000  
> 2026  7 21 18 49 38.0020000  0 7                            
G23  21341232.837   112148937.3180       -399.603          47.000    21341232.073    87388778.9590       -311.371          49.000  
G15  23858775.008   125378710.3190      -3880.494          41.000    23858776.254    97697699.2480      -3023.872          39.000  
G27  24466691.325   128573332.5380      -1555.939          42.000    24466695.286   100187026.9880      -1212.500          42.000  
G18  21680822.138   113933491.4210      -2806.790          48.000    21680822.618    88779344.3400      -2187.091          48.000  
G10  22829589.785   119970306.4340        957.381          48.000    22829591.306    93483360.9700        745.785          44.000  
G24  21953403.189   115365914.1540      -1665.029          47.000    21953404.702    89895522.4460      -1297.538          41.000  
G32  23212444.842   121982221.4850       1464.525          48.000    23212448.232    95051096.6340       1141.092          44.000  
> 2026  7 21 18 49 39.0020000  0 7                            
G23  21341309.608   112149340.1010       -405.634          47.000    21341308.686    87389092.8170       -316.095          49.000  
G15  23859513.970   125382593.9980      -3886.458          41.000    23859515.273    97700725.4870      -3028.035          39.000  
G27  24466988.033   128574891.8430      -1562.317          42.000    24466992.026   100188242.0220      -1217.328          42.000  
G18  21681356.848   113936301.6510      -2813.170          48.000    21681357.430    88781534.1370      -2192.302          48.000  
G10  22829408.248   119969352.3390        951.284          48.000    22829409.699    93482617.5210        741.242          44.000  
G24  21953720.640   115367582.6390      -1671.542          47.000    21953722.181    89896822.5660      -1302.775          41.000  
G32  23212166.676   121980760.2500       1458.412          47.000    23212170.111    95049958.0160       1136.447          44.000  
> 2026  7 21 18 49 40.0020000  0 7                            
G23  21341387.236   112149748.1740       -410.822          47.000    21341386.327    87389410.7940       -320.032          49.000  
G15  23860253.965   125386482.8200      -3891.487          41.000    23860255.317    97703755.7350      -3032.204          39.000  
G27  24467285.779   128576456.7380      -1567.767          42.000    24467289.886   100189461.4340      -1221.771          42.000  
G18  21681892.692   113939117.5070      -2818.727          48.000    21681893.245    88783728.3020      -2196.488          48.000  
G10  22829227.724   119968403.3860        946.383          48.000    22829229.110    93481878.0740        737.300          44.000  
G24  21954039.172   115369256.9200      -1677.303          47.000    21954040.875    89898127.1870      -1306.765          41.000  
G32  23211889.612   121979304.4200       1452.950          48.000    23211893.119    95048823.6170       1131.902          44.000  
> 2026  7 21 18 49 41.0020000  0 7                            
G23  21341465.846   112150161.1790       -415.497          47.000    21341464.904    87389732.6200       -323.828          49.000  
G15  23860994.838   125390376.3920      -3895.807          41.000    23860996.245    97706789.6970      -3035.891          39.000  
G27  24467584.643   128578026.8780      -1572.717          42.000    24467588.654   100190684.9080      -1225.513          42.000  
G18  21682429.502   113941938.6320      -2823.792          47.000    21682430.181    88785926.5720      -2200.432          48.000  
G10  22829047.975   119967459.2180        941.655          48.000    22829049.429    93481142.3470        733.633          44.000  
G24  21954358.790   115370936.6250      -1682.529          47.000    21954360.598    89899436.0560      -1311.104          41.000  
G32  23211613.499   121977853.6160       1448.263          48.000    23211616.944    95047693.1110       1128.531          44.000  
> 2026  7 21 18 49 42.0020000  0 7                            
G23  21341545.273   112150578.4830       -418.744          47.000    21341544.319    87390057.7920       -326.355          49.000  
G15  23861736.521   125394274.1250      -3899.362          41.000    23861738.031    97709826.8720      -3038.249          39.000  
G27  24467884.427   128579601.6400      -1576.477          42.000    24467888.338   100191911.9890      -1228.168          42.000  
G18  21682967.312   113944764.3720      -2827.455          47.000    21682967.992    88788128.4440      -2203.151          48.000  
G10  22828869.152   119966519.1840        938.705          48.000    22828870.582    93480409.8650        731.378          44.000  
G24  21954679.411   115372621.1320      -1686.158          47.000    21954681.077    89900748.6630      -1313.967          41.000  
G32  23211338.200   121976407.2120       1445.077          48.000    23211341.709    95046566.0550       1125.944          44.000  
> 2026  7 21 18 49 43.0020000  0 7                            
G23  21341625.410   112150999.8400       -423.761          47.000    21341624.569    87390386.1220       -330.115          49.000  
G15  23862479.028   125398175.7210      -3903.696          41.000    23862480.489    97712867.0910      -3041.976          39.000  
G27  24468184.914   128581180.7660      -1581.702          42.000    24468188.767   100193142.4840      -1232.465          42.000  
G18  21683505.815   113947594.4970      -2832.574          47.000    21683506.479    88790333.7320      -2207.248          48.000  
G10  22828691.052   119965583.0820        933.764          48.000    22828692.382    93479680.4350        727.563          44.000  
G24  21955000.805   115374310.2000      -1691.638          47.000    21955002.549    89902064.8130      -1318.010          41.000  
G32  23211063.713   121974964.9860       1439.715          48.000    23211067.266    95045442.2470       1121.724          44.000  
> 2026  7 21 18 49 44.0020000  0 7                            
G23  21341706.554   112151425.9390       -428.485          47.000    21341705.637    87390718.1460       -333.905          49.000  
G15  23863222.327   125402081.8950      -3908.130          42.000    23863223.812    97715910.8680      -3045.654          39.000  
G27  24468486.309   128582764.9240      -1586.432          42.000    24468490.270   100194376.8920      -1236.273          42.000  
G18  21684045.335   113950429.6920      -2837.625          47.000    21684045.925    88792542.9640      -2211.059          48.000  
G10  22828513.761   119964651.5560        929.268          48.000    22828515.175    93478954.5700        723.997          44.000  
G24  21955323.232   115376004.5010      -1696.820          47.000    21955325.032    89903385.0620      -1322.367          41.000  
G32  23210790.188   121973527.5780       1435.082          48.000    23210793.712    95044322.1840       1118.309          44.000  
> 2026  7 21 18 49 45.0020000  0 7                            
G23  21341788.445   112151856.1800       -433.508          47.000    21341787.570    87391053.4010       -337.726          48.000  
G15  23863966.401   125405992.0930      -3913.385          42.000    23863967.945    97718957.7580      -3049.353          39.000  
G27  24468788.589   128584353.5590      -1592.230          42.000    24468792.544   100195614.7750      -1240.546          42.000  
G18  21684585.861   113953269.3710      -2843.038          48.000    21684586.422    88794755.7050      -2215.445          48.000  
G10  22828337.240   119963724.0510        924.148          48.000    22828338.838    93478231.8410        720.126          44.000  
G24  21955646.539   115377703.4700      -1702.399          47.000    21955648.323    89904708.9280      -1326.372          41.000  
G32  23210517.548   121972094.4360       1429.884          48.000    23210521.060    95043205.4680       1113.900          44.000  
> 2026  7 21 18 49 46.0020000  0 7                            
G23  21341871.140   112152290.8200       -436.908          47.000    21341870.244    87391392.0790       -340.442          48.000  
G15  23864711.366   125409906.5190      -3916.705          42.000    23864712.852    97722007.9470      -3051.850          39.000  
G27  24469091.730   128585946.9010      -1595.764          42.000    24469095.687   100196856.3400      -1243.524          42.000  
G18  21685127.182   113956113.7680      -2846.834          48.000    21685127.705    88796972.1080      -2218.206          48.000  
G10  22828161.609   119962800.7690        921.101          49.000    22828163.143    93477512.4010        717.720          44.000  
G24  21955970.785   115379407.3240      -1706.313          47.000    21955972.512    89906036.6050      -1329.572          41.000  
G32  23210245.608   121970665.8060       1426.280          48.000    23210249.245    95042092.2370       1111.361          44.000  
> 2026  7 21 18 49 47.0020000  0 7                            
G23  21341954.838   112152730.5640       -442.731          47.000    21341953.961    87391734.7390       -344.977          48.000  
G15  23865457.187   125413825.8760      -3922.360          42.000    23865458.727    97725061.9950      -3056.267          39.000  
G27  24469395.848   128587545.6460      -1601.648          42.000    24469399.849   100198102.1350      -1248.285          42.000  
G18  21685669.536   113958963.5940      -2852.934          48.000    21685670.069    88799192.7570      -2223.111          48.000  
G10  22827986.840   119961882.4580        915.486          49.000    22827988.313    93476796.8380        713.159          44.000  
G24  21956295.926   115381116.7850      -1712.539          47.000    21956297.777    89907368.6700      -1334.656          41.000  
G32  23209974.709   121969242.3750       1420.285          48.000    23209978.428    95040983.0650       1106.948          44.000  
> 2026  7 21 18 49 48.0020000  0 7                            
G23  21342039.534   112153175.8710       -447.687          47.000    21342038.817    87392081.7350       -348.920          48.000  
G15  23866204.025   125417750.6360      -3927.079          42.000    23866205.566    97728120.2540      -3060.293          39.000  
G27  24469701.239   128589150.3100      -1607.367          42.000    24469705.298   100199352.5020      -1252.374          42.000  
G18  21686212.994   113961819.3220      -2858.403          48.000    21686213.492    88801417.9940      -2227.341          48.000  
G10  22827813.023   119960969.5730        910.507          49.000    22827814.416    93476085.4930        709.536          44.000  
G24  21956622.417   115382832.3310      -1718.186          47.000    21956624.353    89908705.4470      -1338.944          41.000  
G32  23209704.985   121967824.6100       1415.232          48.000    23209708.589    95039878.3280       1102.621          44.000  
> 2026  7 21 18 49 49.0020000  0 7                            
G23  21342125.171   112153625.5800       -452.148          47.000    21342124.325    87392432.1490       -352.222          48.000  
G15  23866951.733   125421679.6170      -3931.122          42.000    23866953.238    97731181.8100      -3063.479          39.000  
G27  24470007.475   128590759.6390      -1611.664          42.000    24470011.502   100200606.5290      -1255.914          42.000  
G18  21686757.304   113964679.7650      -2863.045          48.000    21686757.732    88803646.9010      -2230.848          48.000  
G10  22827640.070   119960060.9180        906.624          49.000    22827641.443    93475377.4490        706.503          44.000  
G24  21956949.723   115384552.7570      -1723.005          47.000    21956951.706    89910046.0160      -1342.571          41.000  
G32  23209436.069   121966411.3510       1410.952          48.000    23209439.676    95038777.0870       1099.274          44.000  
> 2026  7 21 18 49 50.0020000  0 7                            
G23  21342211.660   112154079.8720       -456.500          47.000    21342210.854    87392786.1480       -355.707          49.000  
G15  23867700.348   125425613.0640      -3935.605          42.000    23867701.750    97734246.8040      -3066.608          39.000  
G27  24470314.651   128592373.8760      -1616.626          42.000    24470318.627   100201864.3770      -1259.827          42.000  
G18  21687302.656   113967545.1230      -2867.734          48.000    21687303.067    88805879.6560      -2234.694          48.000  
G10  22827468.097   119959156.7470        901.868          49.000    22827469.369    93474672.8970        702.894          44.000  
G24  21957278.067   115386278.2840      -1728.080          47.000    21957280.028    89911390.5820      -1346.311          41.000  
G32  23209168.109   121965002.7910       1406.249          48.000    23209171.724    95037679.5070       1095.651          44.000  
> 2026  7 21 18 49 51.0020000  0 7                            
G23  21342298.989   112154538.7650       -462.866          47.000    21342298.124    87393143.7160       -360.590          49.000  
G15  23868449.673   125429550.9180      -3941.743          42.000    23868451.139    97737315.2820      -3071.713          39.000  
G27  24470622.804   128593993.0200      -1623.309          42.000    24470626.731   100203126.0370      -1264.752          42.000  
G18  21687848.883   113970415.4020      -2874.269          49.000    21687849.261    88808116.2350      -2239.667          48.000  
G10  22827296.946   119958256.9780        896.028          49.000    22827298.084    93473971.7840        698.213          44.000  
G24  21957607.459   115388008.8880      -1734.776          47.000    21957609.353    89912739.1130      -1351.633          41.000  
G32  23208900.960   121963598.9160       1400.038          48.000    23208904.563    95036585.5790       1090.967          44.000  
> 2026  7 21 18 49 52.0020000  0 7                            
G23  21342387.147   112155002.2260       -463.513          47.000    21342386.222    87393504.8590       -361.212          49.000  
G15  23869199.876   125433493.1960      -3942.340          42.000    23869201.384    97740387.1730      -3072.158          39.000  
G27  24470931.893   128595617.0490      -1624.286          42.000    24470935.777   100204391.5080      -1265.393          42.000  
G18  21688396.045   113973290.5830      -2875.210          49.000    21688396.356    88810356.6310      -2240.355          48.000  
G10  22827126.671   119957361.6590        895.365          49.000    22827127.734    93473274.1360        697.646          44.000  
G24  21957937.757   115389744.5810      -1735.848          47.000    21957939.637    89914091.6060      -1352.665          41.000  
G32  23208634.733   121962199.7320       1399.001          48.000    23208638.186    95035495.3130       1090.073          44.000  
> 2026  7 21 18 49 53.0020000  0 7                            
G23  21342475.760   112155468.0910       -466.901          47.000    21342474.874    87393867.8690       -363.843          49.000  
G15  23869950.499   125437437.7090      -3945.567          42.000    23869952.029    97743460.8020      -3074.234          39.000  
G27  24471241.557   128597243.7910      -1627.826          42.000    24471245.314   100205659.1070      -1268.445          42.000  
G18  21688943.576   113976168.5060      -2879.121          49.000    21688943.967    88812599.1690      -2243.395          48.000  
G10  22826956.727   119956468.5960        892.112          49.000    22826957.786    93472578.2390        695.157          44.000  
G24  21958268.669   115391483.1750      -1739.958          47.000    21958270.428    89915446.3620      -1355.742          41.000  
G32  23208369.048   121960803.0470       1395.608          48.000    23208372.383    95034406.9840       1087.425          44.000  
> 2026  7 21 18 49 54.0020000  0 7                            
G23  21342564.971   112155937.1710       -473.285          47.000    21342564.176    87394233.3990       -369.189          49.000  
G15  23870701.707   125441385.2830      -3952.066          42.000    23870703.088    97746536.8560      -3079.980          39.000  
G27  24471551.751   128598874.0530      -1634.589          42.000    24471555.470   100206929.4630      -1274.249          42.000  
G18  21689491.878   113979050.0100      -2886.762          49.000    21689492.285    88814844.5090      -2249.750          48.000  
G10  22826787.362   119955578.6180        885.295          49.000    22826788.367    93471884.7690        689.429          44.000  
G24  21958600.225   115393225.5270      -1747.826          47.000    21958601.862    89916804.0260      -1361.729          41.000  
G32  23208103.939   121959409.6920       1388.796          48.000    23208107.353    95033321.2660       1081.811          44.000  
> 2026  7 21 18 49 55.0020000  0 7                            
G23  21342654.674   112156408.6340       -476.538          47.000    21342653.876    87394600.7570       -371.454          49.000  
G15  23871453.297   125445335.0470      -3954.886          42.000    23871454.703    97749614.5920      -3081.880          39.000  
G27  24471862.479   128600507.0120      -1638.208          42.000    24471866.220   100208201.8740      -1276.526          42.000  
G18  21690040.695   113981934.1550      -2889.915          49.000    21690041.216    88817091.8890      -2251.924          48.000  
G10  22826618.477   119954690.8530        882.285          49.000    22826619.487    93471192.9940        687.506          44.000  
G24  21958932.325   115394970.6900      -1750.718          47.000    21958933.940    89918163.9140      -1364.709          41.000  
G32  23207839.343   121958018.8090       1385.612          48.000    23207842.657    95032237.4630       1079.344          44.000  
> 2026  7 21 18 49 56.0020000  0 7                            
G23  21342744.651   112156881.0730       -478.131          47.000    21342743.807    87394968.8960       -372.650          49.000  
G15  23872205.129   125449285.6480      -3956.406          42.000    23872206.383    97752692.9880      -3083.417          39.000  
G27  24472173.444   128602141.2680      -1640.222          43.000    24472177.201   100209475.3320      -1278.149          42.000  
G18  21690589.754   113984819.6090      -2891.289          48.000    21690590.395    88819340.2950      -2252.901          48.000  
G10  22826449.712   119953803.9030        881.211          49.000    22826450.743    93470501.8610        686.754          44.000  
G24  21959264.704   115396717.3470      -1752.466          47.000    21959266.313    89919524.9400      -1365.647          41.000  
G32  23207574.868   121956629.0050       1383.985          48.000    23207578.102    95031154.4920       1078.382          44.000  
> 2026  7 21 18 49 57.0020000  0 7                            
G23  21342833.713   112157349.4480       -457.733          47.000    21342832.884    87395333.8660       -356.732          49.000  
G15  23872956.080   125453232.0160      -3935.573          42.000    23872957.348    97755768.0640      -3066.909          39.000  
G27  24472483.733   128603771.7820      -1620.233          43.000    24472487.476   100210745.8430      -1262.280          42.000  
G18  21691138.148   113987701.3420      -2871.079          48.000    21691138.813    88821585.8010      -2237.182          48.000  
G10  22826280.220   119952912.7590        901.902          49.000    22826281.199    93469807.4660        702.985          44.000  
G24  21959596.424   115398460.4590      -1732.527          47.000    21959597.882    89920883.2170      -1350.186          41.000  
G32  23207309.630   121955235.2410       1404.431          48.000    23207312.781    95030068.4520       1094.129          44.000  
> 2026  7 21 18 49 58.0020000  0 7                            
G23  21342921.441   112157810.3240       -463.550          47.000    21342920.564    87395692.9690       -361.108          49.000  
G15  23873705.651   125457170.7270      -3941.227          42.000    23873706.953    97758837.1730      -3071.148          39.000  
G27  24472792.631   128605395.0810      -1626.190          43.000    24472796.377   100212010.7640      -1267.181          42.000  
G18  21691685.083   113990575.9200      -2877.384          48.000    21691685.733    88823825.7280      -2242.089          48.000  
G10  22826109.241   119952013.9750        896.189          49.000    22826110.114    93469107.1120        698.304          44.000  
G24  21959926.793   115400196.5850      -1739.141          47.000    21959928.159    89922236.0380      -1355.277          41.000  
G32  23207042.998   121953834.0960       1398.483          48.000    23207046.231    95028976.6420       1089.645          44.000  
> 2026  7 21 18 49 59.0020000  0 7                            
G23  21343010.175   112158276.2690       -470.154          47.000    21343009.295    87396056.0460       -366.376          49.000  
G15  23874456.143   125461114.3410      -3947.503          42.000    23874457.405    97761910.1440      -3076.344          39.000  
G27  24473102.550   128607023.7780      -1632.947          43.000    24473106.483   100213279.8760      -1272.321          42.000  
G18  21692233.122   113993455.8960      -2884.549          48.000    21692233.764    88826069.8640      -2247.616          48.000  
G10  22825939.134   119951120.1180        889.703          48.000    22825939.971    93468410.6070        693.303          44.000  
G24  21960258.259   115401938.2630      -1746.179          47.000    21960259.661    89923593.1880      -1360.627          41.000  
G32  23206777.400   121952438.1180       1391.715          48.000    23206780.577    95027888.8800       1084.377          44.000  
> 2026  7 21 18 50  0.0020000  0 7                            
G23  21343099.611   112158746.1720       -471.320          47.000    21343098.849    87396422.2130       -367.407          49.000  
G15  23875207.359   125465061.7680      -3948.739          42.000    23875208.536    97764986.0570      -3077.189          39.000  
G27  24473413.313   128608656.7650      -1634.833          42.000    24473417.193   100214552.3370      -1273.853          42.000  
G18  21692781.958   113996340.1520      -2885.924          48.000    21692782.558    88828317.3330      -2248.831          48.000  
G10  22825769.769   119950230.0740        888.694          48.000    22825770.633    93467717.0760        692.210          44.000  
G24  21960590.494   115403684.4100      -1747.952          47.000    21960591.915    89924953.8170      -1361.995          41.000  
G32  23206512.577   121951046.2130       1390.347          48.000    23206515.814    95026804.2760       1083.350          44.000  
> 2026  7 21 18 50  1.0020000  0 7                            
G23  21343189.582   112159218.8740       -474.371          47.000    21343188.736    87396790.5430       -369.702          49.000  
G15  23875959.065   125469011.8020      -3951.382          42.000    23875960.187    97768063.9980      -3079.321          39.000  
G27  24473724.598   128610292.8190      -1637.817          43.000    24473728.600   100215827.1780      -1276.196          42.000  
G18  21693331.311   113999227.5300      -2889.266          48.000    21693331.983    88830567.2390      -2251.464          48.000  
G10  22825600.917   119949342.6700        885.717          48.000    22825601.867    93467025.5890        690.299          44.000  
G24  21960923.336   115405433.8460      -1751.301          47.000    21960924.866    89926317.0280      -1364.953          41.000  
G32  23206248.281   121949657.2040       1387.203          48.000    23206251.390    95025721.9330       1081.037          44.000  
> 2026  7 21 18 50  2.0020000  0 7                            
G23  21343280.022   112159694.3790       -476.691          47.000    21343279.198    87397161.0680       -371.533          49.000  
G15  23876711.216   125472964.5010      -3953.827          42.000    23876712.436    97771144.0090      -3081.032          39.000  
G27  24474036.505   128611932.0050      -1640.619          43.000    24474040.644   100217104.4670      -1278.418          42.000  
G18  21693881.345   114002118.0470      -2892.023          48.000    21693882.005    88832819.5770      -2253.340          48.000  
G10  22825432.583   119948457.9290        883.663          48.000    22825433.503    93466336.1870        688.619          44.000  
G24  21961256.941   115407186.6100      -1754.263          47.000    21961258.414    89927682.7890      -1366.772          41.000  
G32  23205984.508   121948271.0940       1384.879          48.000    23205987.619    95024641.8500       1079.128          44.000  
> 2026  7 21 18 50  3.0020000  0 7                            
G23  21343370.924   112160172.0540       -478.650          47.000    21343370.066    87397533.2810       -373.035          49.000  
G15  23877463.760   125476919.2020      -3955.648          42.000    23877464.917    97774225.5950      -3082.552          39.000  
G27  24474348.852   128613573.6450      -1642.517          42.000    24474352.992   100218383.6720      -1280.145          42.000  
G18  21694431.844   114005011.0540      -2894.174          48.000    21694432.516    88835073.8770      -2255.327          48.000  
G10  22825264.539   119947575.2240        881.724          48.000    22825265.514    93465648.3540        687.189          44.000  
G24  21961591.004   115408942.0310      -1756.810          47.000    21961592.378    89929050.6640      -1368.848          40.000  
G32  23205721.221   121946887.2710       1382.687          48.000    23205724.223    95023563.5560       1077.400          44.000  
> 2026  7 21 18 50  4.0020000  0 7                            
G23  21343462.303   112160651.9420       -482.629          47.000    21343461.435    87397907.2100       -375.928          48.000  
G15  23878216.653   125480875.9590      -3959.621          42.000    23878217.916    97777308.7600      -3085.211          39.000  
G27  24474661.711   128615217.8250      -1647.015          42.000    24474665.892   100219664.8370      -1283.411          42.000  
G18  21694982.935   114007906.6000      -2898.347          48.000    21694983.542    88837330.1330      -2258.404          48.000  
G10  22825097.038   119946694.5600        878.057          48.000    22825098.005    93464962.1400        684.120          44.000  
G24  21961925.606   115410700.1550      -1761.142          47.000    21961926.859    89930420.6350      -1372.172          40.000  
G32  23205458.365   121945505.7550       1378.627          48.000    23205461.302    95022487.0420       1074.402          44.000  
> 2026  7 21 18 50  5.0020000  0 7                            
G23  21343554.149   112161134.4970       -484.216          47.000    21343553.290    87398283.2280       -377.118          48.000  
G15  23878970.047   125484835.1860      -3960.569          41.000    23878971.350    97780393.8970      -3086.307          39.000  
G27  24474975.118   128616864.9680      -1648.700          42.000    24474979.377   100220948.3340      -1284.613          42.000  
G18  21695534.552   114010805.1210      -2899.712          48.000    21695535.148    88839588.7400      -2259.818          48.000  
G10  22824929.927   119945816.4220        876.754          48.000    22824930.895    93464277.8750        683.275          44.000  
G24  21962260.816   115412461.4410      -1762.703          47.000    21962262.113    89931793.0750      -1373.712          40.000  
G32  23205196.019   121944127.0040       1377.317          48.000    23205199.000    95021412.7080       1073.115          44.000  
> 2026  7 21 18 50  6.0020000  0 7                            
G23  21343645.745   112161615.8620       -482.397          47.000    21343644.768    87398658.3230       -375.946          48.000  
G15  23879723.214   125488793.1010      -3958.885          41.000    23879724.450    97783477.9600      -3084.654          39.000  
G27  24475288.351   128618511.2490      -1647.241          42.000    24475292.701   100222231.1350      -1283.521          42.000  
G18  21696086.016   114013702.8400      -2899.049          48.000    21696086.606    88841846.6810      -2259.031          48.000  
G10  22824762.567   119944936.9680        878.496          48.000    22824763.674    93463592.5690        684.817          44.000  
G24  21962595.897   115414222.0860      -1761.996          47.000    21962597.275    89933165.0080      -1373.116          40.000  
G32  23204933.390   121942747.1970       1378.785          48.000    23204936.423    95020337.5230       1074.404          44.000  
> 2026  7 21 18 50  7.0020000  0 7                            
G23  21343737.483   112162098.0330       -481.433          47.000    21343736.671    87399034.0430       -375.104          48.000  
G15  23880476.620   125492751.6420      -3957.630          41.000    23880477.790    97786562.5450      -3083.940          39.000  
G27  24475601.885   128620158.6400      -1646.942          42.000    24475606.082   100223514.8100      -1283.032          42.000  
G18  21696637.625   114016601.6480      -2898.156          48.000    21696638.283    88844105.4960      -2258.425          48.000  
G10  22824595.306   119944058.1600        879.652          48.000    22824596.499    93462907.8090        685.341          44.000  
G24  21962931.208   115415983.9990      -1761.357          47.000    21962932.652    89934537.9120      -1372.493          40.000  
G32  23204670.897   121941368.2810       1379.675          48.000    23204674.072    95019263.0560       1074.982          44.000  
> 2026  7 21 18 50  8.0020000  0 7                            
G23  21343829.566   112162581.8150       -483.185          47.000    21343828.572    87399411.0140       -376.428          48.000  
G15  23881230.287   125496711.6160      -3959.249          41.000    23881231.273    97789648.2410      -3085.154          39.000  
G27  24475915.752   128621807.9530      -1648.675          42.000    24475919.944   100224799.9930      -1284.796          42.000  
G18  21697189.670   114019502.3980      -2900.215          48.000    21697190.347    88846365.8110      -2259.754          48.000  
G10  22824428.284   119943180.8160        878.122          48.000    22824429.545    93462224.1540        684.377          44.000  
G24  21963266.881   115417748.0260      -1763.472          47.000    21963268.251    89935912.4930      -1374.268          40.000  
G32  23204408.807   121939991.0850       1377.784          48.000    23204411.959    95018189.9160       1073.690          44.000  
> 2026  7 21 18 50  9.0020000  0 7                            
G23  21343921.874   112163066.8630       -486.829          47.000    21343920.887    87399788.9690       -379.327          48.000  
G15  23881984.058   125500672.7200      -3963.027          41.000    23881985.101    97792734.8000      -3088.027          39.000  
G27  24476229.903   128623458.8150      -1652.734          42.000    24476234.123   100226086.3780      -1287.842          42.000  
G18  21697742.016   114022404.7440      -2904.421          48.000    21697742.672    88848627.3790      -2263.141          48.000  
G10  22824261.522   119942304.6000        874.464          48.000    22824262.836    93461541.3920        681.397          44.000  
G24  21963602.919   115419513.8360      -1767.948          47.000    21963604.263    89937288.4320      -1377.480          41.000  
G32  23204147.025   121938615.2710       1373.908          48.000    23204150.180    95017117.8540       1070.504          44.000  
> 2026  7 21 18 50 10.0020000  0 7                            
G23  21344014.596   112163554.4830       -486.957          47.000    21344013.740    87400168.9310       -379.443          48.000  
G15  23882738.205   125504636.2220      -3963.069          41.000    23882739.283    97795823.2280      -3087.896          39.000  
G27  24476544.576   128625112.5820      -1653.168          42.000    24476548.728   100227375.0090      -1288.251          42.000  
G18  21698294.799   114025309.9720      -2904.597          48.000    21698295.353    88850891.1890      -2263.268          48.000  
G10  22824095.172   119941430.8050        874.626          48.000    22824096.476    93460860.5090        681.521          44.000  
G24  21963939.417   115421282.7020      -1768.362          46.000    21963940.897    89938666.7640      -1377.837          41.000  
G32  23203885.664   121937242.1100       1373.901          48.000    23203888.844    95016047.8470       1070.688          44.000  
> 2026  7 21 18 50 11.0020000  0 7                            
G23  21344107.447   112164042.2120       -489.056          47.000    21344106.544    87400548.9930       -381.220          48.000  
G15  23883492.414   125508599.6480      -3964.616          41.000    23883493.470    97798911.6310      -3089.441          39.000  
G27  24476859.392   128626766.7690      -1655.652          42.000    24476863.510   100228663.9940      -1289.954          42.000  
G18  21698847.763   114028215.6600      -2907.137          48.000    21698848.314    88853155.3660      -2265.458          48.000  
G10  22823928.855   119940556.9700        872.658          48.000    22823930.087    93460179.6140        679.728          44.000  
G24  21964276.207   115423052.1870      -1771.071          46.000    21964277.500    89940045.5930      -1380.094          41.000  
G32  23203624.375   121935869.1810       1371.503          48.000    23203627.641    95014978.0500       1068.564          44.000  
> 2026  7 21 18 50 12.0020000  0 7                            
G23  21344200.409   112164530.8100       -489.471          47.000    21344199.517    87400929.7140       -381.433          48.000  
G15  23884246.784   125512563.8110      -3965.000          41.000    23884247.906    97802000.5650      -3089.782          39.000  
G27  24477174.381   128628422.1300      -1656.354          42.000    24477178.536   100229953.8930      -1290.826          42.000  
G18  21699400.893   114031122.5390      -2908.075          48.000    21699401.568    88855420.4570      -2265.893          48.000  
G10  22823762.739   119939683.8640        872.276          48.000    22823763.890    93459499.2550        679.874          44.000  
G24  21964613.253   115424823.0310      -1771.907          46.000    21964614.454    89941425.4630      -1380.758          41.000  
G32  23203363.296   121934497.2150       1370.865          48.000    23203366.553    95013908.9950       1068.008          44.000  
> 2026  7 21 18 50 13.0020000  0 7                            
G23  21344293.797   112165021.4710       -491.907          47.000    21344292.857    87401312.0460       -383.282          48.000  
G15  23885001.510   125516529.8450      -3967.079          41.000    23885002.595    97805091.0020      -3091.346          39.000  
G27  24477489.951   128630079.8650      -1659.204          42.000    24477493.920   100231245.6290      -1292.719          42.000  
G18  21699954.465   114034031.7990      -2910.796          48.000    21699955.161    88857687.4120      -2268.037          48.000  
G10  22823596.861   119938812.6710        869.976          48.000    22823598.169    93458820.4150        678.116          44.000  
G24  21964950.773   115426596.4480      -1774.803          47.000    21964951.945    89942807.3510      -1383.086          41.000  
G32  23203102.640   121933127.4060       1368.703          48.000    23203105.915    95012841.6080       1066.504          44.000  
> 2026  7 21 18 50 14.0020000  0 7                            
G23  21344387.486   112165514.0260       -490.698          47.000    21344386.523    87401695.8400       -382.141          48.000  
G15  23885756.406   125520497.6280      -3965.452          41.000    23885757.632    97808182.7790      -3090.195          39.000  
G27  24477805.864   128631739.8050      -1658.069          42.000    24477809.902   100232539.0740      -1291.846          42.000  
G18  21700508.416   114036943.2620      -2909.393          48.000    21700509.117    88859956.0840      -2266.905          48.000  
G10  22823431.306   119937943.2070        871.740          48.000    22823432.609    93458142.9150        679.285          44.000  
G24  21965288.711   115428372.2520      -1773.801          47.000    21965289.803    89944191.0730      -1381.943          41.000  
G32  23202842.222   121931759.6060       1369.836          48.000    23202845.519    95011775.7860       1067.609          44.000  
> 2026  7 21 18 50 15.0020000  0 7                            
G23  21344481.245   112166007.0930       -493.994          47.000    21344480.285    87402080.0540       -384.906          48.000  
G15  23886511.527   125524465.7770      -3969.062          41.000    23886512.713    97811274.8180      -3092.611          39.000  
G27  24478121.926   128633400.5610      -1661.835          42.000    24478125.914   100233833.1790      -1294.934          42.000  
G18  21701062.541   114039855.5980      -2913.447          48.000    21701063.262    88862225.4340      -2270.168          48.000  
G10  22823265.935   119937074.1450        868.223          48.000    22823267.182    93457465.7290        676.382          44.000  
G24  21965626.823   115430149.0870      -1778.030          47.000    21965627.901    89945575.6290      -1385.391          41.000  
G32  23202581.956   121930392.4230       1366.252          48.000    23202585.397    95010710.4590       1064.505          44.000  
> 2026  7 21 18 50 16.0020000  0 7                            
G23  21344575.439   112166502.3240       -496.008          47.000    21344574.589    87402465.9420       -386.420          48.000  
G15  23887267.016   125528435.9050      -3971.058          41.000    23887268.113    97814368.4290      -3094.072          39.000  
G27  24478438.528   128635063.7740      -1664.142          42.000    24478442.506   100235129.1900      -1296.655          42.000  
G18  21701617.230   114042770.3980      -2915.641          48.000    21701617.909    88864496.7140      -2272.032          48.000  
G10  22823100.915   119936207.0690        866.434          48.000    22823102.158    93456790.0860        675.101          44.000  
G24  21965965.420   115431928.5560      -1780.422          47.000    21965966.544    89946962.2310      -1387.288          41.000  
G32  23202322.207   121929027.4950       1364.157          48.000    23202325.625    95009646.8840       1063.051          44.000  
> 2026  7 21 18 50 17.0020000  0 7                            
G23  21344670.172   112166999.4630       -497.736          46.000    21344669.248    87402853.3250       -387.787          48.000  
G15  23888022.756   125532407.7690      -3972.334          41.000    23888023.850    97817463.4030      -3095.234          39.000  
G27  24478755.489   128636729.2250      -1666.058          42.000    24478759.424   100236426.9410      -1298.303          42.000  
G18  21702172.399   114045687.4510      -2917.831          48.000    21702173.107    88866769.7400      -2273.660          48.000  
G10  22822936.224   119935341.7790        864.662          48.000    22822937.511    93456115.8310        673.841          44.000  
G24  21966304.533   115433710.4560      -1782.767          47.000    21966305.621    89948350.7300      -1389.108          41.000  
G32  23202062.975   121927664.5930       1362.288          48.000    23202066.201    95008584.8770       1061.690          44.000  
> 2026  7 21 18 50 18.0020000  0 7                            
G23  21344765.060   112167498.0480       -500.879          46.000    21344764.047    87403241.8350       -390.247          49.000  
G15  23888778.821   125536380.9340      -3975.168          41.000    23888779.935    97820559.3680      -3097.784          39.000  
G27  24479072.642   128638396.4200      -1669.556          42.000    24479076.611   100237726.0530      -1301.129          42.000  
G18  21702727.748   114048606.2630      -2921.166          48.000    21702728.552    88869044.1420      -2276.417          48.000  
G10  22822771.728   119934477.7780        861.784          48.000    22822773.134    93455442.5820        671.502          44.000  
G24  21966644.001   115435494.3000      -1786.440          47.000    21966645.182    89949740.7310      -1391.919          41.000  
G32  23201803.827   121926303.2390       1359.100          48.000    23201807.170    95007524.0980       1058.968          44.000  
> 2026  7 21 18 50 19.0020000  0 7                            
G23  21344860.477   112167999.7480       -504.932          46.000    21344859.531    87403632.7670       -393.372          48.000  
G15  23889535.360   125540357.0620      -3979.374          41.000    23889536.607    97823657.6370      -3100.672          39.000  
G27  24479390.554   128640067.0260      -1673.914          42.000    24479394.571   100239027.8210      -1304.462          42.000  
G18  21703283.933   114051528.5660      -2926.576          48.000    21703284.685    88871321.2540      -2280.466          48.000  
G10  22822607.958   119933616.7740        857.384          48.000    22822609.225    93454771.6780        667.963          44.000  
G24  21966984.112   115437281.7790      -1791.675          47.000    21966985.318    89951133.5970      -1396.447          41.000  
G32  23201545.333   121924945.1270       1354.329          48.000    23201548.735    95006465.8350       1055.458          44.000  
> 2026  7 21 18 50 20.0020000  0 7                            
G23  21344954.813   112168495.7500       -498.206          46.000    21344953.822    87404019.2670       -388.373          48.000  
G15  23890290.954   125544327.3100      -3972.629          41.000    23890292.114    97826751.3390      -3095.586          39.000  
G27  24479707.332   128641732.2580      -1667.828          42.000    24479711.488   100240325.3880      -1299.493          42.000  
G18  21703838.989   114054445.4230      -2919.440          48.000    21703839.767    88873594.1240      -2274.833          48.000  
G10  22822442.993   119932749.8810        864.541          48.000    22822444.291    93454096.1790        673.569          44.000  
G24  21967323.183   115439064.0110      -1784.896          47.000    21967324.483    89952522.3220      -1390.729          41.000  
G32  23201285.769   121923581.3810       1361.342          48.000    23201289.115    95005403.1740       1060.898          44.000  
> 2026  7 21 18 50 21.0020000  0 7                            
G23  21345050.106   112168996.5770       -499.811          47.000    21345049.159    87404409.5230       -389.545          49.000  
G15  23891047.351   125548302.2290      -3974.022          41.000    23891048.449    97829848.6680      -3096.328          39.000  
G27  24480025.244   128643402.6270      -1669.659          42.000    24480029.178   100241626.9740      -1300.928          42.000  
G18  21704394.996   114057367.4590      -2921.144          48.000    21704395.864    88875871.0310      -2276.290          48.000  
G10  22822278.973   119931887.6870        863.232          48.000    22822280.214    93453424.3300        672.682          44.000  
G24  21967663.367   115440851.5780      -1786.732          47.000    21967664.583    89953915.2400      -1392.139          41.000  
G32  23201027.079   121922222.5860       1359.672          48.000    23201030.593    95004344.3870       1059.410          44.000  
> 2026  7 21 18 50 22.0020000  0 7                            
G23  21345145.757   112169499.1410       -503.821          47.000    21345144.844    87404801.1290       -392.584          48.000  
G15  23891804.018   125552278.6940      -3977.543          41.000    23891804.996    97832947.2310      -3099.620          39.000  
G27  24480343.560   128645075.0230      -1673.712          43.000    24480347.475   100242930.1380      -1304.169          42.000  
G18  21704951.486   114060291.5590      -2925.479          48.000    21704952.398    88878149.5520      -2279.643          48.000  
G10  22822115.219   119931027.0690        859.620          48.000    22822116.448    93452753.7310        669.614          44.000  
G24  21968003.965   115442641.3850      -1791.039          47.000    21968005.309    89955309.9100      -1395.869          41.000  
G32  23200768.830   121920865.6180       1355.800          48.000    23200772.394    95003287.0030       1056.619          44.000  
> 2026  7 21 18 50 23.0020000  0 7                            
G23  21345241.768   112170003.6170       -505.743          47.000    21345240.839    87405194.2200       -393.964          48.000  
G15  23892561.019   125556256.9290      -3979.459          41.000    23892562.024    97836047.1470      -3101.076          39.000  
G27  24480662.317   128646749.6640      -1676.184          42.000    24480666.116   100244235.0500      -1306.061          42.000  
G18  21705508.436   114063217.8980      -2927.696          48.000    21705509.190    88880429.8160      -2281.444          48.000  
G10  22821951.811   119930168.2290        857.806          48.000    22821953.013    93452084.5100        668.053          44.000  
G24  21968344.980   115444433.6250      -1793.807          47.000    21968346.439    89956706.4550      -1397.957          41.000  
G32  23200510.953   121919510.6780       1353.701          48.000    23200514.688    95002231.2160       1054.916          44.000  
> 2026  7 21 18 50 24.0020000  0 7                            
G23  21345338.083   112170509.4320       -506.555          47.000    21345337.057    87405588.3660       -394.678          48.000  
G15  23893318.224   125560236.3320      -3980.163          41.000    23893319.280    97839147.9680      -3101.154          39.000  
G27  24480981.346   128648425.9320      -1677.154          42.000    24480985.047   100245541.2370      -1306.659          42.000  
G18  21706065.602   114066145.9120      -2928.930          48.000    21706066.404    88882711.3780      -2282.319          48.000  
G10  22821788.671   119929310.5930        857.025          48.000    22821789.823    93451416.2180        667.605          44.000  
G24  21968686.315   115446227.6980      -1795.118          46.000    21968687.905    89958104.4420      -1398.949          41.000  
G32  23200253.443   121918157.1860       1352.623          48.000    23200257.012    95001176.5560       1053.937          44.000  
> 2026  7 21 18 50 25.0020000  0 7                            
G23  21345434.705   112171016.9990       -508.466          47.000    21345433.688    87405983.8690       -396.155          48.000  
G15  23894075.719   125564217.3220      -3981.561          41.000    23894076.816    97842250.0300      -3102.651          39.000  
G27  24481300.701   128650104.2610      -1679.163          42.000    24481304.396   100246849.0280      -1308.508          42.000  
G18  21706623.139   114069075.9880      -2931.016          48.000    21706623.905    88884994.5530      -2283.929          48.000  
G10  22821625.744   119928454.5460        855.250          48.000    22821626.912    93450749.1640        666.324          44.000  
G24  21969028.116   115448024.0060      -1797.272          46.000    21969029.706    89959504.1590      -1400.455          41.000  
G32  23199996.212   121916805.5460       1350.781          48.000    23199999.829    95000123.3310       1052.634          44.000  
> 2026  7 21 18 50 26.0020000  0 7                            
G23  21345531.521   112171525.8500       -509.454          47.000    21345530.603    87406380.3780       -396.930          48.000  
G15  23894833.445   125568199.4190      -3982.572          41.000    23894834.606    97845352.9660      -3103.261          39.000  
G27  24481620.296   128651784.1970      -1680.762          42.000    24481624.170   100248158.0500      -1309.577          42.000  
G18  21707181.162   114072007.6850      -2932.459          48.000    21707181.807    88887278.9920      -2285.174          48.000  
G10  22821463.076   119927599.6540        854.245          48.000    22821464.259    93450083.0060        665.703          44.000  
G24  21969370.214   115449822.1100      -1798.944          46.000    21969371.961    89960905.2820      -1401.841          41.000  
G32  23199739.231   121915455.3000       1349.719          48.000    23199742.787    94999071.1890       1051.770          44.000  
> 2026  7 21 18 50 27.0020000  0 7                            
G23  21345628.656   112172035.9730       -510.889          47.000    21345627.625    87406777.8810       -398.083          48.000  
G15  23895591.516   125572182.6500      -3984.028          42.000    23895592.586    97848456.7810      -3104.507          39.000  
G27  24481940.243   128653465.6800      -1682.477          42.000    24481944.135   100249468.2970      -1310.840          42.000  
G18  21707739.449   114074940.9700      -2934.169          48.000    21707740.008    88889564.6610      -2286.320          48.000  
G10  22821300.579   119926745.8620        853.091          48.000    22821301.696    93449417.7210        664.722          44.000  
G24  21969712.680   115451621.9880      -1801.046          47.000    21969714.450    89962307.7820      -1403.267          41.000  
G32  23199482.569   121914106.4240       1347.989          48.000    23199486.058    94998020.1170       1050.534          44.000  
> 2026  7 21 18 50 28.0020000  0 7                            
G23  21345726.062   112172548.0220       -513.440          47.000    21345725.085    87407176.8780       -400.079          48.000  
G15  23896349.824   125576167.6230      -3986.149          42.000    23896350.920    97851561.9480      -3106.277          39.000  
G27  24482260.606   128655149.4080      -1685.150          42.000    24482264.600   100250780.2980      -1312.970          42.000  
G18  21708298.084   114077876.5120      -2937.010          49.000    21708298.682    88891852.1000      -2288.739          48.000  
G10  22821138.434   119925893.8590        850.719          48.000    22821139.622    93448753.8250        662.855          44.000  
G24  21970055.638   115453424.2880      -1803.893          47.000    21970057.487    89963712.1730      -1405.723          41.000  
G32  23199226.346   121912759.5790       1345.386          48.000    23199229.830    94996970.6400       1048.324          44.000  
> 2026  7 21 18 50 29.0020000  0 7                            
G23  21345823.970   112173063.0730       -516.101          47.000    21345823.098    87407578.2080       -402.118          48.000  
G15  23897108.689   125580155.4420      -3988.936          42.000    23897109.806    97854669.3390      -3108.208          39.000  
G27  24482581.641   128656836.4440      -1688.306          42.000    24482585.549   100252094.8730      -1315.302          42.000  
G18  21708857.309   114080815.3800      -2940.220          49.000    21708857.849    88894142.1170      -2290.985          48.000  
G10  22820976.960   119925044.7130        848.185          48.000    22820978.016    93448092.1540        660.860          44.000  
G24  21970399.298   115455230.0790      -1807.134          47.000    21970401.015    89965119.2810      -1408.267          41.000  
G32  23198970.681   121911415.8310       1342.756          49.000    23198974.063    94995923.5680       1046.310          44.000  
> 2026  7 21 18 50 30.0020000  0 7                            
G23  21345922.389   112173580.2470       -518.817          47.000    21345921.530    87407981.1940       -404.041          48.000  
G15  23897868.009   125584145.2060      -3991.128          42.000    23897869.021    97857778.2440      -3109.899          39.000  
G27  24482903.115   128658525.9170      -1691.101          42.000    24482906.943   100253411.3510      -1317.834          42.000  
G18  21709417.096   114083756.6750      -2942.959          49.000    21709417.497    88896434.0450      -2293.298          48.000  
G10  22820815.848   119924197.5350        845.778          48.000    22820816.836    93447432.0210        658.983          44.000  
G24  21970743.408   115457038.4910      -1810.052          47.000    21970745.153    89966528.4310      -1410.465          41.000  
G32  23198715.506   121910074.3110       1340.071          49.000    23198718.853    94994878.2400       1043.946          44.000  
> 2026  7 21 18 50 31.0020000  0 7                            
G23  21346021.332   112174100.5700       -521.735          47.000    21346020.456    87408386.6550       -406.592          48.000  
G15  23898627.787   125588137.9750      -3994.082          42.000    23898628.862    97860889.5040      -3112.157          39.000  
G27  24483225.264   128660218.8500      -1694.446          42.000    24483229.227   100254730.5280      -1320.618          42.000  
G18  21709977.427   114086701.4740      -2946.387          49.000    21709977.835    88898728.6850      -2295.758          48.000  
G10  22820655.202   119923353.3800        842.806          48.000    22820656.112    93446774.2380        656.609          44.000  
G24  21971088.330   115458850.5700      -1813.706          47.000    21971089.963    89967940.4430      -1413.237          41.000  
G32  23198460.846   121908736.0610       1336.799          49.000    23198464.213    94993835.4290       1041.878          44.000  
> 2026  7 21 18 50 32.0020000  0 7                            
G23  21346120.913   112174623.8700       -524.640          47.000    21346120.058    87408794.4140       -408.783          48.000  
G15  23899388.151   125592133.5350      -3996.849          42.000    23899389.241    97864002.9260      -3114.566          39.000  
G27  24483548.107   128661915.0560      -1697.662          42.000    24483552.046   100256052.2430      -1322.900          42.000  
G18  21710538.417   114089649.5610      -2949.637          49.000    21710538.835    88901025.8980      -2298.443          48.000  
G10  22820495.149   119922512.0460        839.963          48.000    22820496.044    93446118.6500        654.477          44.000  
G24  21971433.757   115460666.1030      -1816.985          47.000    21971435.432    89969355.1400      -1415.949          41.000  
G32  23198206.752   121907400.8700       1333.800          48.000    23198210.218    94992795.0340       1039.303          44.000  
> 2026  7 21 18 50 33.0020000  0 7                            
G23  21346220.930   112175149.4520       -526.862          47.000    21346220.043    87409203.9520       -410.449          48.000  
G15  23900148.801   125596131.2240      -3998.802          42.000    23900149.950    97867118.0060      -3116.074          39.000  
G27  24483871.348   128663613.8660      -1700.134          42.000    24483875.299   100257375.9710      -1324.622          42.000  
G18  21711099.867   114092600.2510      -2952.049          49.000    21711100.282    88903325.1330      -2300.191          48.000  
G10  22820335.362   119921672.8300        838.239          48.000    22820336.389    93445464.7250        652.982          44.000  
G24  21971779.802   115462484.4250      -1819.726          47.000    21971781.502    89970772.0220      -1418.116          41.000  
G32  23197953.241   121906068.0740       1331.504          48.000    23197956.690    94991756.4920       1037.673          44.000  
> 2026  7 21 18 50 34.0020000  0 7                            
G23  21346321.421   112175677.3590       -529.242          47.000    21346320.508    87409615.3070       -412.445          48.000  
G15  23900909.959   125600131.0920      -4001.489          42.000    23900911.146    97870234.7540      -3117.736          39.000  
G27  24484195.090   128665315.3170      -1703.271          42.000    24484199.066   100258701.7750      -1326.923          42.000  
G18  21711661.773   114095553.5970      -2954.872          48.000    21711662.262    88905626.4410      -2302.456          48.000  
G10  22820176.088   119920835.8250        835.679          48.000    22820177.039    93444812.5060        651.124          44.000  
G24  21972126.372   115464305.5870      -1822.751          47.000    21972128.009    89972191.1080      -1420.556          41.000  
G32  23197700.052   121904737.7020       1329.055          48.000    23197703.481    94990719.8510       1035.306          44.000  
> 2026  7 21 18 50 35.0020000  0 7                            
G23  21346422.373   112176208.3190       -532.513          47.000    21346421.493    87410029.0430       -414.771          48.000  
G15  23901671.704   125604133.7980      -4003.953          42.000    23901672.848    97873353.7560      -3119.764          39.000  
G27  24484519.517   128667020.1160      -1706.384          42.000    24484523.519   100260030.1910      -1329.559          42.000  
G18  21712224.428   114098510.3230      -2958.359          48.000    21712224.862    88907930.3840      -2305.188          48.000  
G10  22820017.325   119920001.6940        832.763          48.000    22820018.293    93444162.5320        648.946          44.000  
G24  21972473.625   115466130.2940      -1826.436          47.000    21972475.259    89973612.9460      -1423.119          41.000  
G32  23197447.469   121903410.4920       1325.724          48.000    23197450.886    94989685.6540       1033.127          44.000  
> 2026  7 21 18 50 36.0020000  0 7                            
G23  21346524.059   112176742.2300       -536.060          47.000    21346523.147    87410445.0790       -417.700          48.000  
G15  23902433.821   125608139.3250      -4007.537          42.000    23902435.062    97876474.9550      -3122.851          39.000  
G27  24484844.535   128668728.1740      -1710.242          42.000    24484848.547   100261361.1560      -1332.739          42.000  
G18  21712787.677   114101470.3250      -2962.277          48.000    21712788.050    88910236.8730      -2308.246          48.000  
G10  22819859.149   119919170.3870        829.128          48.000    22819860.150    93443514.7670        646.030          44.000  
G24  21972821.504   115467958.4480      -1830.491          47.000    21972823.099    89975037.4820      -1426.315          41.000  
G32  23197195.515   121902086.3420       1321.990          48.000    23197198.849    94988653.8580       1030.071          44.000  
> 2026  7 21 18 50 37.0020000  0 7                            
G23  21346626.160   112177278.7600       -537.439          47.000    21346625.355    87410863.1560       -418.799          48.000  
G15  23903196.511   125612147.3050      -4008.818          42.000    23903197.772    97879598.0550      -3123.735          39.000  
G27  24485170.075   128670439.1620      -1712.128          42.000    24485174.176   100262694.3810      -1334.058          42.000  
G18  21713351.513   114104433.2690      -2963.951          48.000    21713351.967    88912545.6590      -2309.535          48.000  
G10  22819701.353   119918341.5520        827.908          48.000    22819702.524    93442868.9130        645.331          44.000  
G24  21973169.909   115469789.7280      -1832.393          46.000    21973171.618    89976464.4570      -1427.926          41.000  
G32  23196944.007   121900764.9010       1320.579          48.000    23196947.281    94987624.1610       1029.058          44.000  
> 2026  7 21 18 50 38.0020000  0 7                            
G23  21346728.780   112177818.0020       -540.234          47.000    21346727.869    87411283.3360       -420.905          48.000  
G15  23903959.733   125616157.8060      -4011.407          42.000    23903960.885    97882723.1090      -3125.795          39.000  
G27  24485496.240   128672153.1430      -1715.082          42.000    24485500.454   100264029.9650      -1336.774          42.000  
G18  21713915.986   114107399.2550      -2967.292          48.000    21713916.253    88914856.8180      -2312.264          48.000  
G10  22819544.012   119917515.2780        825.258          48.000    22819545.441    93442225.0700        643.059          44.000  
G24  21973518.942   115471624.2100      -1835.854          46.000    21973520.709    89977893.9320      -1430.536          41.000  
G32  23196693.052   121899446.2880       1317.563          48.000    23196696.375    94986596.6740       1026.672          44.000  
> 2026  7 21 18 50 39.0020000  0 7                            
G23  21346831.734   112178358.9870       -538.879          47.000    21346830.750    87411704.8860       -419.910          48.000  
G15  23904723.135   125620169.8930      -4009.823          42.000    23904724.313    97885849.4250      -3124.684          39.000  
G27  24485822.816   128673869.1700      -1713.989          42.000    24485826.978   100265367.1230      -1335.675          42.000  
G18  21714480.775   114110367.3020      -2966.220          48.000    21714481.100    88917169.5740      -2311.314          48.000  
G10  22819387.052   119916690.5990        826.839          48.000    22819388.523    93441582.4610        644.494          44.000  
G24  21973868.549   115473460.9290      -1834.882          46.000    21973870.160    89979325.1250      -1429.717          41.000  
G32  23196442.489   121898129.5150       1318.829          48.000    23196445.787    94985570.6190       1027.610          44.000  
> 2026  7 21 18 50 40.0020000  0 7                            
G23  21346934.640   112178899.7240       -540.619          47.000    21346933.660    87412126.2400       -421.301          48.000  
G15  23905486.599   125624181.5710      -4011.537          42.000    23905487.617    97888975.4010      -3125.858          39.000  
G27  24486149.304   128675585.2450      -1716.077          42.000    24486153.682   100266704.3240      -1337.366          42.000  
G18  21715045.603   114113335.4200      -2968.204          48.000    21715045.844    88919482.3900      -2312.834          48.000  
G10  22819230.078   119915865.5220        825.316          48.000    22819231.519    93440939.5620        642.980          44.000  
G24  21974218.062   115475297.8910      -1836.931          46.000    21974219.723    89980756.5400      -1431.486          41.000  
G32  23196191.818   121896812.5900       1317.031          48.000    23196195.131    94984544.4440       1026.222          44.000  
> 2026  7 21 18 50 41.0020000  0 8                            
G23  21347037.762   112179441.5040       -542.334          47.000    21347036.849    87412548.4130       -422.736          48.000  
G15  23906250.197   125628194.1390      -4013.165          42.000    23906251.156    97892102.0690      -3126.998          39.000  
G27  24486476.000   128677302.6810      -1718.213          42.000    24486480.487   100268042.5800      -1338.855          42.000  
G18  21715610.710   114116304.9170      -2970.242          48.000    21715610.849    88921796.2870      -2314.540          48.000  
G10  22819073.191   119915041.3590        823.519          48.000    22819074.711    93440297.3530        641.619          44.000  
G24  21974567.969   115477136.4160      -1839.517          46.000    21974569.553    89982189.1500      -1433.394          41.000  
G32  23195941.448   121895496.8340       1315.047          48.000    23195944.865    94983519.1810       1024.781          44.000  
G08                                                                  25761732.057   105489985.9161       -147.583          25.000  
> 2026  7 21 18 50 42.0020000  0 8                            
G23  21347141.072   112179985.2790       -545.221          47.000    21347140.334    87412972.1230       -424.750          48.000  
G15  23907014.068   125632208.5080      -4015.442          42.000    23907015.131    97895230.1530      -3128.875          39.000  
G27  24486803.240   128679022.4240      -1721.558          42.000    24486807.724   100269382.6190      -1341.065          42.000  
G18  21716176.275   114119276.7280      -2973.488          48.000    21716176.343    88924111.9780      -2316.928          48.000  
G10  22818916.642   119914219.0250        820.987          48.000    22818918.239    93439656.5710        639.702          44.000  
G24  21974918.370   115478977.4040      -1842.554          46.000    21974919.945    89983623.6920      -1435.973          41.000  
G32  23195691.372   121894183.1590       1312.158          48.000    23195694.787    94982495.5400       1022.618          44.000  
G08                                                                  25761765.313   105490121.7781       -149.486          26.000  
> 2026  7 21 18 50 43.0020000  0 8                            
G23  21347245.069   112180531.6530       -547.760          47.000    21347244.299    87413397.8680       -426.794          48.000  
G15  23907778.456   125636225.3310      -4017.934          42.000    23907779.556    97898360.1370      -3130.796          38.000  
G27  24487131.006   128680745.0520      -1724.109          42.000    24487135.525   100270724.9480      -1343.579          42.000  
G18  21716742.239   114122251.4580      -2976.307          48.000    21716742.386    88926429.9500      -2319.270          48.000  
G10  22818760.617   119913399.1550        818.355          48.000    22818762.192    93439017.7150        637.753          44.000  
G24  21975269.158   115480821.5050      -1845.696          46.000    21975270.922    89985060.6570      -1438.301          41.000  
G32  23195441.879   121892872.1760       1309.650          48.000    23195445.387    94981474.0010       1020.404          44.000  
G08                                                                  25761799.877   105490263.0491       -151.711          26.000  
> 2026  7 21 18 50 44.0020000  0 8                            
G23  21347349.586   112181080.7630       -550.800          47.000    21347348.821    87413825.7450       -429.169          48.000  
G15  23908543.283   125640244.7210      -4020.888          42.000    23908544.437    97901492.1360      -3133.178          39.000  
G27  24487459.431   128682470.7390      -1727.509          42.000    24487463.936   100272069.6250      -1346.002          42.000  
G18  21717308.849   114125229.2460      -2979.499          48.000    21717309.112    88928750.3010      -2321.721          48.000  
G10  22818605.105   119912581.8680        815.531          48.000    22818606.640    93438380.8730        635.491          44.000  
G24  21975620.732   115482668.8460      -1849.185          46.000    21975622.435    89986500.1240      -1441.088          41.000  
G32  23195192.964   121891564.0520       1306.463          48.000    23195196.408    94980454.6880       1017.870          44.000  
G08                                                                  25761833.880   105490402.3990       -154.259          26.000  
> 2026  7 21 18 50 45.0020000  0 8                            
G23  21347454.632   112181632.5870       -552.545          47.000    21347453.832    87414255.7410       -430.530          48.000  
G15  23909308.660   125644266.6700      -4022.664          42.000    23909309.799    97904626.1020      -3133.996          39.000  
G27  24487788.373   128684199.4420      -1729.614          42.000    24487792.873   100273416.6620      -1347.620          42.000  
G18  21717876.131   114128210.0770      -2981.662          48.000    21717876.338    88931073.0260      -2323.421          48.000  
G10  22818450.070   119911767.1480        814.070          48.000    22818451.525    93437746.0240        634.430          44.000  
G24  21975972.832   115484519.3940      -1851.616          46.000    21975974.586    89987942.1210      -1442.803          41.000  
G32  23194944.574   121890258.7450       1304.467          48.000    23194947.950    94979437.5740       1016.305          44.000  
G08                                                                  25761870.978   105490557.3970       -155.665          26.000  
> 2026  7 21 18 50 46.0020000  0 8                            
G23  21347559.885   112182185.6240       -554.370          47.000    21347559.070    87414686.6800       -432.025          48.000  
G15  23910074.243   125648289.6500      -4024.356          42.000    23910075.397    97907760.9100      -3135.778          39.000  
G27  24488117.664   128685929.6710      -1731.647          42.000    24488122.118   100274764.8970      -1349.438          42.000  
G18  21718443.703   114131192.4520      -2983.878          48.000    21718443.940    88933396.9510      -2325.248          48.000  
G10  22818295.223   119910953.4980        812.259          48.000    22818296.595    93437112.0220        632.837          44.000  
G24  21976325.355   115486371.6590      -1853.956          46.000    21976327.045    89989385.4430      -1444.468          41.000  
G32  23194696.451   121888954.7470       1302.646          48.000    23194699.733    94978421.4670       1015.029          44.000  
G08                                                                  25761907.011   105490713.5710       -156.962          26.000  
> 2026  7 21 18 50 47.0020000  0 8                            
G23  21347665.611   112182741.4310       -556.549          47.000    21347664.795    87415119.7780       -433.734          48.000  
G15  23910840.294   125652315.2340      -4026.255          42.000    23910841.501    97910897.7150      -3136.794          39.000  
G27  24488447.445   128687662.9680      -1734.235          42.000    24488451.934   100276115.5260      -1351.447          42.000  
G18  21719011.728   114134177.9050      -2986.406          48.000    21719012.152    88935723.2820      -2327.075          48.000  
G10  22818140.779   119910142.4690        810.312          48.000    22818142.343    93436480.0490        631.572          44.000  
G24  21976678.429   115488227.1920      -1856.616          46.000    21976680.142    89990831.3130      -1446.556          41.000  
G32  23194448.878   121887653.6230       1300.366          48.000    23194452.223    94977407.6080       1013.293          44.000  
G08                                                                  25761943.699   105490872.2330       -158.794          25.000  
> 2026  7 21 18 50 48.0020000  0 8                            
G23  21347771.730   112183299.1430       -558.588          47.000    21347770.934    87415554.3590       -435.321          48.000  
G15  23911606.689   125656342.5690      -4028.099          42.000    23911607.984    97914035.9070      -3138.653          38.000  
G27  24488777.675   128689398.4730      -1736.346          42.000    24488782.302   100277467.8630      -1353.259          42.000  
G18  21719580.214   114137165.5980      -2988.765          48.000    21719580.673    88938051.3560      -2329.042          48.000  
G10  22817986.753   119909333.2140        808.342          48.000    22817988.380    93435849.4570        629.893          44.000  
G24  21977031.919   115490085.1260      -1859.099          46.000    21977033.664    89992279.0530      -1448.512          41.000  
G32  23194201.633   121886354.5220       1298.056          48.000    23194204.862    94976395.3200       1011.488          44.000  
G08                                                                  25761980.276   105491001.8771       -163.112          24.000  
> 2026  7 21 18 50 49.0020000  0 8                            
G23  21347878.151   112183858.4530       -560.522          47.000    21347877.334    87415990.1840       -436.810          48.000  
G15  23912373.317   125660371.3160      -4029.755          42.000    23912374.693    97917175.1870      -3139.947          39.000  
G27  24489108.314   128691135.8830      -1738.769          42.000    24489113.001   100278821.6870      -1354.797          42.000  
G18  21720149.140   114140155.2030      -2990.873          48.000    21720149.569    88940380.9130      -2330.583          48.000  
G10  22817833.065   119908525.3970        806.513          48.000    22817834.608    93435219.9900        628.596          44.000  
G24  21977385.810   115491945.1520      -1861.539          46.000    21977387.669    89993728.4380      -1450.595          41.000  
G32  23193954.751   121885057.1090       1296.230          48.000    23193958.067    94975384.3580       1010.051          44.000  
G08                                                                  25762017.605   105491154.6041       -161.999          22.000  
> 2026  7 21 18 50 50.0020000  0 7                            
G23  21347984.930   112184419.7730       -562.030          47.000    21347984.078    87416427.5720       -437.946          48.000  
G15  23913140.314   125664401.9270      -4031.402          41.000    23913141.771    97920315.9240      -3141.007          39.000  
G27  24489439.383   128692875.6140      -1740.613          42.000    24489444.108   100280177.3160      -1356.421          42.000  
G18  21720718.448   114143147.1410      -2992.714          48.000    21720718.821    88942712.2890      -2331.957          48.000  
G10  22817679.640   119907719.4250        805.571          48.000    22817681.315    93434591.9770        627.621          44.000  
G24  21977740.241   115493807.6780      -1863.275          46.000    21977742.047    89995179.7540      -1452.061          41.000  
G32  23193708.275   121883761.8070       1294.722          48.000    23193711.512    94974375.0310       1008.784          44.000  
> 2026  7 21 18 50 51.0020000  0 8                            
G23  21348091.892   112184981.7710       -562.500          47.000    21348091.071    87416865.4940       -438.428          48.000  
G15  23913907.481   125668433.0540      -4031.850          41.000    23913908.906    97923457.0660      -3141.714          39.000  
G27  24489770.673   128694616.3180      -1741.498          42.000    24489775.290   100281533.6950      -1356.812          42.000  
G18  21721288.009   114146140.0990      -2993.707          48.000    21721288.324    88945044.4640      -2332.768          48.000  
G10  22817526.447   119906914.0220        804.901          48.000    22817528.029    93433964.3810        627.135          44.000  
G24  21978094.958   115495671.3980      -1864.558          46.000    21978096.692    89996631.9960      -1452.943          41.000  
G32  23193461.947   121882467.3060       1293.671          48.000    23193465.174    94973366.3350       1008.152          44.000  
G08                                                                  25762094.528   105491469.8071       -170.635          20.000  
> 2026  7 21 18 50 52.0020000  0 8                            
G23  21348199.219   112185545.9980       -565.173          47.000    21348198.440    87417305.1490       -440.436          48.000  
G15  23914674.909   125672466.2210      -4034.254          41.000    23914676.365    97926599.7920      -3143.250          39.000  
G27  24490102.390   128696359.5420      -1744.507          42.000    24490106.942   100282892.0580      -1359.271          42.000  
G18  21721857.954   114149135.5900      -2996.701          48.000    21721858.343    88947378.6150      -2335.020          48.000  
G10  22817373.593   119906110.6680        802.286          48.000    22817375.193    93433338.3870        625.236          44.000  
G24  21978450.059   115497537.8290      -1867.606          46.000    21978451.855    89998086.3580      -1455.336          41.000  
G32  23193216.068   121881175.1050       1291.074          48.000    23193219.187    94972359.4340       1005.942          44.000  
G08                                                                  25762133.170   105491628.0261       -165.017          19.000  
> 2026  7 21 18 50 53.0020000  0 8                            
G23  21348306.955   112186111.8870       -566.882          47.000    21348306.090    87417746.1040       -441.772          48.000  
G15  23915442.601   125676500.8980      -4035.550          41.000    23915444.121    97929743.6910      -3144.504          39.000  
G27  24490434.449   128698104.7390      -1746.191          42.000    24490438.937   100284251.9530      -1360.822          42.000  
G18  21722428.302   114152133.0660      -2998.612          48.000    21722428.859    88949714.3140      -2336.596          48.000  
G10  22817221.011   119905308.8530        800.718          48.000    22817222.488    93432713.5890        624.177          44.000  
G24  21978805.603   115499406.4330      -1869.811          46.000    21978807.483    89999542.4020      -1456.906          41.000  
G32  23192970.538   121879884.6780       1289.474          48.000    23192973.649    94971353.9070       1004.780          44.000  
G08                                                                  25762172.007   105491787.2891       -163.015          18.000  
> 2026  7 21 18 50 54.0020000  0 7                            
G23  21348414.893   112186679.2550       -567.676          47.000    21348414.069    87418188.2080       -442.511          48.000  
G15  23916210.684   125680536.8950      -4036.409          41.000    23916212.180    97932888.6020      -3144.792          39.000  
G27  24490766.932   128699851.7330      -1747.369          42.000    24490771.398   100285613.2410      -1361.462          42.000  
G18  21722999.094   114155132.3530      -2999.793          48.000    21722999.639    88952051.4100      -2337.456          48.000  
G10  22817068.625   119904508.3610        800.191          48.000    22817070.115    93432089.8290        623.660          44.000  
G24  21979161.533   115501276.9990      -1871.027          46.000    21979163.447    90001000.0030      -1458.275          41.000  
G32  23192725.317   121878595.8430       1288.490          48.000    23192728.386    94970349.6140       1004.140          44.000  
> 2026  7 21 18 50 55.0020000  0 8                            
G23  21348523.099   112187247.7390       -569.672          47.000    21348522.232    87418631.1770       -443.835          48.000  
G15  23916978.878   125684573.8200      -4038.057          41.000    23916980.379    97936034.2840      -3146.618          39.000  
G27  24491099.648   128701600.1660      -1749.713          42.000    24491104.179   100286975.6380      -1363.177          42.000  
G18  21723570.072   114158133.0760      -3002.037          48.000    21723570.667    88954389.6370      -2339.248          48.000  
G10  22816916.540   119903708.8230        798.465          48.000    22816917.888    93431466.8250        622.135          44.000  
G24  21979517.794   115503149.1940      -1873.652          46.000    21979519.667    90002458.8450      -1460.051          41.000  
G32  23192480.332   121877308.2230       1286.307          48.000    23192483.296    94969346.2800       1002.369          44.000  
G08                                                                  25762249.523   105492104.7421       -173.591          17.000  
> 2026  7 21 18 50 56.0020000  0 8                            
G23  21348631.480   112187817.3600       -569.501          47.000    21348630.595    87419075.0300       -443.585          48.000  
G15  23917747.264   125688611.7160      -4037.492          41.000    23917748.704    97939180.6950      -3146.184          39.000  
G27  24491432.635   128703350.0150      -1749.640          42.000    24491437.143   100288339.1710      -1363.550          42.000  
G18  21724141.348   114161135.2570      -3002.152          48.000    21724142.015    88956728.9980      -2339.349          48.000  
G10  22816764.506   119902910.2970        798.708          48.000    22816765.930    93430844.5920        622.319          44.000  
G24  21979874.366   115505023.0250      -1874.039          46.000    21979876.219    90003918.9670      -1460.173          41.000  
G32  23192235.517   121876021.8320       1286.466          48.000    23192238.450    94968343.9070       1002.419          44.000  
G08                                                                  25762292.060   105492278.7551       -189.719          16.000  
> 2026  7 21 18 50 57.0020000  0 8                            
G23  21348739.872   112188386.6300       -569.586          47.000    21348738.849    87419518.6220       -443.896          48.000  
G15  23918515.507   125692649.1170      -4037.773          41.000    23918517.069    97942326.7150      -3146.318          39.000  
G27  24491765.575   128705099.8240      -1750.299          42.000    24491770.135   100289702.6570      -1363.953          42.000  
G18  21724712.735   114164137.4160      -3002.753          48.000    21724713.266    88959068.3330      -2339.704          48.000  
G10  22816612.492   119902111.2620        798.767          48.000    22816613.861    93430221.9560        622.598          44.000  
G24  21980230.923   115506896.9830      -1874.680          46.000    21980232.884    90005379.1870      -1460.519          41.000  
G32  23191990.545   121874735.2070       1286.142          48.000    23191993.574    94967341.3480       1002.210          44.000  
G08                                                                  25762337.468   105492464.4761       -189.719          13.000  
> 2026  7 21 18 50 58.0030000  0 7                            
G23  21348848.412   112188957.1750       -570.087          47.000    21348847.341    87419963.2020       -444.295          48.000  
G15  23919284.657   125696691.0830      -4038.150          41.000    23919286.253    97945476.3040      -3146.727          39.000  
G27  24492099.187   128706852.4070      -1751.131          42.000    24492103.694   100291068.3050      -1364.638          42.000  
G18  21725284.752   114167143.6040      -3003.546          48.000    21725285.207    88961410.8090      -2340.314          48.000  
G10  22816460.393   119901312.0030        798.250          48.000    22816461.824    93429599.1590        622.035          44.000  
G24  21980588.141   115508774.0280      -1875.619          46.000    21980590.071    90006841.8260      -1461.478          41.000  
G32  23191745.500   121873448.1000       1285.596          48.000    23191748.755    94966338.4050       1001.829          44.000  
> 2026  7 21 18 50 59.0030000  0 7                            
G23  21348956.932   112189527.2510       -570.112          47.000    21348955.846    87420407.4130       -444.252          48.000  
G15  23920052.967   125700728.9340      -4037.492          41.000    23920054.600    97948622.6700      -3146.388          39.000  
G27  24492432.405   128708603.6260      -1751.189          42.000    24492436.977   100292432.8930      -1364.766          42.000  
G18  21725856.337   114170147.2070      -3003.778          48.000    21725856.885    88963751.2790      -2340.558          48.000  
G10  22816308.498   119900513.4760        798.577          48.000    22816309.820    93428976.9330        622.361          44.000  
G24  21980945.104   115510649.7870      -1875.950          46.000    21980946.968    90008303.4650      -1461.890          41.000  
G32  23191500.910   121872162.4770       1285.825          48.000    23191504.070    94965336.6390       1001.732          44.000  
> 2026  7 21 18 51  0.0030000  0 7                            
G23  21349065.687   112190098.5710       -572.750          47.000    21349064.563    87420852.6010       -446.322          48.000  
G15  23920821.479   125704767.8790      -4040.309          41.000    23920823.141    97951769.9090      -3148.357          39.000  
G27  24492765.906   128710356.4090      -1754.460          42.000    24492770.419   100293798.6900      -1366.919          42.000  
G18  21726428.225   114173152.3920      -3006.781          48.000    21726428.652    88966092.9730      -2342.957          48.000  
G10  22816156.835   119899716.0580        795.822          48.000    22816158.055    93428355.5810        619.875          44.000  
G24  21981302.430   115512527.3000      -1879.233          46.000    21981304.274    90009766.4640      -1464.438          41.000  
G32  23191256.409   121870878.2140       1282.631          48.000    23191259.562    94964335.9020        999.586          44.000  
> 2026  7 21 18 51  1.0030000  0 7                            
G23  21349175.054   112190672.9890       -576.537          47.000    21349173.889    87421300.1940       -449.195          47.000  
G15  23921590.690   125708809.7470      -4043.988          41.000    23921592.249    97954919.3880      -3150.695          39.000  
G27  24493100.132   128712112.5700      -1758.404          42.000    24493104.571   100295167.1160      -1370.069          42.000  
G18  21727000.733   114176160.9770      -3010.706          48.000    21727001.144    88968437.3320      -2346.136          48.000  
G10  22816005.723   119898921.5820        792.659          48.000    22816006.820    93427736.4880        617.865          44.000  
G24  21981660.484   115514408.3950      -1883.456          46.000    21981662.292    90011232.2480      -1467.654          41.000  
G32  23191012.598   121869597.1380       1279.086          48.000    23191015.806    94963337.6810        996.522          44.000  
> 2026  7 21 18 51  2.0030000  0 7                            
G23  21349284.495   112191248.0870       -575.078          47.000    21349283.413    87421748.3310       -448.175          47.000  
G15  23922359.919   125712852.1150      -4042.291          41.000    23922361.516    97958069.3260      -3150.140          39.000  
G27  24493434.560   128713869.7280      -1757.317          42.000    24493438.977   100296536.3510      -1369.415          42.000  
G18  21727573.447   114179170.5820      -3009.802          48.000    21727573.773    88970782.4710      -2345.209          48.000  
G10  22815854.805   119898127.6520        794.108          48.000    22815855.690    93427117.8480        618.786          44.000  
G24  21982018.680   115516290.6790      -1882.488          46.000    21982020.454    90012698.9750      -1466.996          41.000  
G32  23190768.971   121868316.8600       1280.224          48.000    23190772.097    94962340.0560        997.536          44.000  
> 2026  7 21 18 51  3.0030000  0 7                            
G23  21349394.227   112191824.6150       -575.337          47.000    21349393.058    87422197.5600       -448.101          48.000  
G15  23923129.421   125716895.7520      -4042.386          41.000    23923130.996    97961220.1940      -3150.216          39.000  
G27  24493769.212   128715628.6240      -1757.758          42.000    24493773.674   100297906.9090      -1369.870          42.000  
G18  21728146.521   114182181.9250      -3010.175          48.000    21728146.845    88973128.9690      -2345.697          48.000  
G10  22815703.995   119897334.9980        793.898          48.000    22815704.896    93426500.2080        618.461          44.000  
G24  21982377.250   115518174.8790      -1883.267          46.000    21982379.011    90014167.1750      -1467.751          41.000  
G32  23190525.624   121867038.1080       1279.896          48.000    23190528.713    94961343.6310        997.268          44.000  
> 2026  7 21 18 51  4.0030000  0 7                            
G23  21349503.263   112192397.4100       -570.800          47.000    21349502.025    87422643.9050       -444.763          48.000  
G15  23923898.193   125720935.5240      -4038.131          41.000    23923899.790    97964368.0390      -3146.282          39.000  
G27  24494103.227   128717380.8051      -1749.267          42.000    24494107.646   100299274.7940      -1366.388          42.000  
G18  21728719.050   114185189.8650      -3006.055          48.000    21728719.198    88975472.8120      -2342.383          48.000  
G10  22815552.528   119896538.5000        797.784          48.000    22815553.377    93425879.5540        621.630          44.000  
G24  21982735.252   115520055.9150      -1880.786          46.000    21982737.041    90015632.9130      -1465.554          41.000  
G32  23190281.624   121865755.7520       1283.670          48.000    23190284.735    94960344.3970       1000.124          44.000  
> 2026  7 21 18 51  5.0030000  0 7                            
G23  21349612.010   112192967.4090       -568.085          47.000    21349610.862    87423086.6100       -442.464          48.000  
G15  23924666.606   125724971.2970      -4035.035          41.000    23924668.276    97967515.1390      -3144.078          39.000  
G27  24494437.017   128719134.5430      -1751.204          42.000    24494441.546   100300642.2950      -1364.418          42.000  
G18  21729291.188   114188195.3240      -3003.571          48.000    21729291.459    88977816.2840      -2340.295          48.000  
G10  22815400.714   119895739.0160        800.914          48.000    22815401.598    93425255.1330        624.218          44.000  
G24  21983092.992   115521933.0830      -1878.248          46.000    21983094.920    90017098.3460      -1463.055          41.000  
G32  23190037.319   121864467.6860       1286.190          48.000    23190040.629    94959339.5800       1002.900          44.000  
> 2026  7 21 18 51  6.0030000  0 7                            
G23  21349718.917   112193529.2340       -567.928          47.000    21349717.817    87423524.7940       -442.690          48.000  
G15  23925433.153   125728999.7350      -4034.829          41.000    23925434.917    97970654.5940      -3144.281          39.000  
G27  24494769.032   128720879.6230      -1751.130          42.000    24494773.774   100302003.5170      -1365.266          42.000  
G18  21729861.642   114191192.9380      -3003.894          48.000    21729861.965    88980152.4850      -2340.735          48.000  
G10  22815247.068   119894932.2160        801.045          48.000    22815248.049    93424626.0740        624.318          44.000  
G24  21983449.026   115523804.0630      -1878.232          46.000    21983451.236    90018556.6730      -1463.667          41.000  
G32  23189791.260   121863175.5390       1286.423          48.000    23189794.743    94958332.3620       1002.115          44.000  
> 2026  7 21 18 51  7.0030000  0 7                            
G23  21349824.950   112194086.3800       -559.242          47.000    21349823.835    87423958.5460       -435.908          48.000  
G15  23926198.803   125733023.3170      -4025.476          41.000    23926200.504    97973789.4350      -3136.771          39.000  
G27  24495100.204   128722619.8470      -1742.946          42.000    24495104.932   100303359.5090      -1358.136          42.000  
G18  21730431.327   114194187.1990      -2995.526          48.000    21730431.426    88982484.5080      -2334.418          48.000  
G10  22815092.392   119894119.5900        810.186          48.000    22815093.340    93423992.4710        631.400          44.000  
G24  21983804.296   115525670.3590      -1869.692          46.000    21983806.368    90020010.9330      -1456.987          41.000  
G32  23189544.345   121861877.8040       1295.309          48.000    23189547.647    94957320.7550       1009.193          44.000  
> 2026  7 21 18 51  8.0030000  0 7                            
G23  21349929.350   112194635.2810       -542.550          47.000    21349928.334    87424386.2630       -422.727          48.000  
G15  23926962.877   125737038.4890      -4008.757          41.000    23926964.576    97976918.1560      -3123.710          39.000  
G27  24495429.940   128724352.6190      -1726.657          42.000    24495434.505   100304709.7260      -1345.482          42.000  
G18  21730999.452   114197172.5270      -2979.156          48.000    21730999.483    88984810.7400      -2321.344          48.000  
G10  22814936.094   119893298.5610        827.427          48.000    22814937.151    93423352.7130        644.981          44.000  
G24  21984158.154   115527529.4130      -1853.070          46.000    21984160.117    90021459.5320      -1443.759          41.000  
G32  23189295.911   121860571.9370       1312.064          48.000    23189299.183    94956303.1950       1022.474          44.000  
> 2026  7 21 18 51  9.0030000  0 7                            
G23  21350031.572   112195172.1950       -535.817          47.000    21350030.541    87424804.6260       -417.629          48.000  
G15  23927724.608   125741041.4920      -4001.742          41.000    23927726.425    97980037.3760      -3118.509          39.000  
G27  24495757.484   128726073.6790      -1719.972          42.000    24495761.945   100306050.8140      -1340.659          42.000  
G18  21731565.359   114200146.1890      -2972.754          48.000    21731565.325    88987127.8730      -2316.608          48.000  
G10  22814777.486   119892465.4080        834.328          48.000    22814778.635    93422703.4980        650.225          44.000  
G24  21984509.752   115529376.9800      -1846.890          46.000    21984511.671    90022899.1900      -1439.220          41.000  
G32  23189045.184   121859254.1850       1318.708          48.000    23189048.497    94955276.3650       1027.711          44.000  
> 2026  7 21 18 51 10.0030000  0 7                            
G23  21350133.204   112195706.2660       -527.277          47.000    21350132.309    87425220.7790       -410.564          48.000  
G15  23928485.814   125745041.4940      -3992.698          41.000    23928487.565    97983154.2430      -3111.092          39.000  
G27  24496084.545   128727792.2210      -1711.903          42.000    24496089.033   100307389.9120      -1333.456          42.000  
G18  21732130.795   114203117.3320      -2964.526          48.000    21732130.658    88989443.0340      -2309.644          48.000  
G10  22814618.392   119891629.2640        843.342          48.000    22814619.539    93422051.9580        657.376          44.000  
G24  21984860.842   115531222.1740      -1838.020          46.000    21984862.797    90024337.0040      -1431.964          41.000  
G32  23188793.867   121857933.6840       1327.556          48.000    23188797.295    94954247.4170       1034.579          44.000  
> 2026  7 21 18 51 11.0030000  0 7                            
G23  21350234.208   112196237.2960       -523.383          47.000    21350233.410    87425634.5810       -408.019          48.000  
G15  23929246.277   125749038.3140      -3989.155          41.000    23929248.253    97986268.6300      -3108.345          39.000  
G27  24496411.111   128729508.0200      -1708.172          42.000    24496415.559   100308726.9130      -1331.291          42.000  
G18  21732695.614   114206085.7600      -2960.962          48.000    21732695.428    88991756.1090      -2307.404          48.000  
G10  22814458.583   119890789.9570        846.917          48.000    22814459.875    93421397.9560        660.038          44.000  
G24  21985211.453   115533064.8890      -1835.325          46.000    21985213.480    90025772.8920      -1430.153          41.000  
G32  23188542.020   121856610.2800       1330.966          48.000    23188545.559    94953216.2010       1037.010          44.000  
> 2026  7 21 18 51 12.0030000  0 7                            
G23  21350335.314   112196768.5330       -535.782          47.000    21350334.473    87426048.5250       -417.413          48.000  
G15  23930006.914   125753035.1470      -4001.060          41.000    23930008.856    97989383.0730      -3118.379          39.000  
G27  24496737.801   128731224.3310      -1721.192          42.000    24496742.165   100310064.2780      -1340.609          42.000  
G18  21733260.646   114209054.7070      -2973.724          48.000    21733260.431    88994069.5710      -2317.145          48.000  
G10  22814298.893   119889950.6920        834.646          48.000    22814300.245    93420743.9950        650.393          44.000  
G24  21985562.344   115534908.2790      -1848.509          46.000    21985564.317    90027209.2990      -1440.311          42.000  
G32  23188290.234   121855287.1640       1318.348          48.000    23188293.688    94952185.1930       1027.449          44.000  
> 2026  7 21 18 51 13.0030000  0 7                            
G23  21350437.215   112197304.2830       -536.304          47.000    21350436.447    87426465.9910       -417.914          48.000  
G15  23930768.386   125757036.3350      -4001.679          41.000    23930770.305    97992500.8650      -3118.334          39.000  
G27  24497065.354   128732945.4500      -1721.753          42.000    24497069.660   100311405.4190      -1341.663          42.000  
G18  21733826.419   114212028.4860      -2974.420          48.000    21733826.361    88996386.8010      -2317.877          48.000  
G10  22814139.970   119889115.7890        834.392          48.000    22814141.362    93420093.4250        649.979          44.000  
G24  21985914.117   115536756.6520      -1849.148          46.000    21985916.119    90028649.5890      -1440.884          42.000  
G32  23188039.338   121853968.6510       1317.979          48.000    23188042.670    94951157.7790       1027.157          44.000  
> 2026  7 21 18 51 14.0030000  0 7                            
G23  21350539.113   112197840.3130       -535.613          47.000    21350538.369    87426883.6780       -417.400          48.000  
G15  23931529.908   125761037.6340      -4001.123          41.000    23931531.730    97995618.7350      -3117.454          39.000  
G27  24497392.996   128734667.1670      -1721.428          42.000    24497397.120   100312747.0120      -1341.455          42.000  
G18  21734392.422   114215002.8760      -2974.194          48.000    21734392.362    88998704.5050      -2317.566          48.000  
G10  22813981.046   119888281.0140        835.314          48.000    22813982.552    93419442.9480        650.967          44.000  
G24  21986266.065   115538605.8260      -1849.116          46.000    21986268.133    90030090.4910      -1440.573          42.000  
G32  23187788.632   121852650.5370       1318.382          48.000    23187791.879    94950130.6860       1027.449          44.000  
> 2026  7 21 18 51 15.0030000  0 7                            
G23  21350641.141   112198376.1900       -535.693          47.000    21350640.296    87427301.2450       -417.326          48.000  
G15  23932291.279   125765038.6060      -4000.775          41.000    23932293.026    97998736.3840      -3117.349          39.000  
G27  24497720.671   128736389.0080      -1721.839          42.000    24497724.782   100314088.7050      -1341.490          42.000  
G18  21734958.564   114217977.4340      -2974.481          48.000    21734958.472    89001022.3420      -2317.786          48.000  
G10  22813822.185   119887445.9640        835.312          48.000    22813823.546    93418792.2600        650.907          44.000  
G24  21986617.971   115540455.3380      -1849.594          46.000    21986620.076    90031531.6790      -1441.150          42.000  
G32  23187537.791   121851332.3790       1318.251          48.000    23187541.013    94949103.5550       1027.156          44.000  
> 2026  7 21 18 51 16.0030000  0 7                            
G23  21350743.188   112198911.9550       -536.019          47.000    21350742.250    87427718.7190       -417.659          48.000  
G15  23933052.541   125769039.2740      -4000.387          41.000    23933054.416    98001853.7890      -3117.430          39.000  
G27  24498048.392   128738111.0330      -1722.383          42.000    24498052.509   100315430.5510      -1342.264          42.000  
G18  21735524.548   114220952.1910      -2975.219          48.000    21735524.673    89003340.3310      -2318.268          48.000  
G10  22813663.311   119886610.6240        835.046          48.000    22813664.698    93418141.3520        650.673          44.000  
G24  21986969.870   115542305.2150      -1850.350          46.000    21986972.100    90032973.1560      -1441.969          42.000  
G32  23187286.974   121850014.1860       1317.846          48.000    23187290.075    94948076.3890       1027.017          44.000  
> 2026  7 21 18 51 17.0030000  0 7                            
G23  21350845.445   112199448.8550       -537.280          47.000    21350844.514    87428137.0830       -418.640          48.000  
G15  23933814.024   125773040.9470      -4002.158          41.000    23933815.899    98004971.9720      -3118.455          39.000  
G27  24498376.489   128739834.5040      -1723.974          43.000    24498380.518   100316773.5080      -1343.384          42.000  
G18  21736090.860   114223928.4150      -2976.880          48.000    21736091.093    89005659.4670      -2319.550          48.000  
G10  22813504.498   119885776.2920        833.897          48.000    22813505.975    93417491.2180        649.842          44.000  
G24  21987322.197   115544156.7420      -1852.140          46.000    21987324.542    90034415.8920      -1443.222          42.000  
G32  23187036.311   121848697.2390       1316.551          48.000    23187039.638    94947050.2140       1025.733          44.000  
> 2026  7 21 18 51 18.0030000  0 7                            
G23  21350947.703   112199986.2470       -537.973          47.000    21350946.816    87428555.8380       -419.291          48.000  
G15  23934575.590   125777042.9170      -4002.305          41.000    23934577.452    98008090.4020      -3119.215          39.000  
G27  24498704.609   128741558.7720      -1724.905          43.000    24498708.776   100318117.1040      -1344.292          42.000  
G18  21736657.319   114226905.4520      -2977.838          48.000    21736657.758    89007979.2340      -2320.392          48.000  
G10  22813345.726   119884942.2910        833.520          48.000    22813347.316    93416841.3580        649.411          44.000  
G24  21987674.740   115546009.2610      -1853.467          46.000    21987677.069    90035859.4210      -1444.089          42.000  
G32  23186785.906   121847380.9080       1315.564          48.000    23186789.114    94946024.4970       1025.205          44.000  
> 2026  7 21 18 51 19.0030000  0 7                            
G23  21351050.283   112200525.3450       -538.980          47.000    21351049.430    87428975.9010       -419.777          48.000  
G15  23935337.410   125781046.4350      -4003.295          41.000    23935339.257    98011210.0010      -3119.442          39.000  
G27  24499033.159   128743285.0580      -1726.291          43.000    24499037.333   100319462.2590      -1345.324          42.000  
G18  21737224.149   114229884.5080      -2979.230          48.000    21737224.627    89010300.5730      -2321.387          48.000  
G10  22813187.269   119884109.8540        832.725          48.000    22813188.852    93416192.7020        648.837          44.000  
G24  21988027.760   115547863.9690      -1854.859          46.000    21988029.978    90037304.6450      -1445.314          42.000  
G32  23186535.717   121846066.3610       1314.712          48.000    23186538.936    94945000.1760       1024.467          44.000  
> 2026  7 21 18 51 20.0030000  0 7                            
G23  21351153.007   112201064.9500       -539.874          47.000    21351152.123    87429396.3740       -420.684          48.000  
G15  23936099.351   125785050.2940      -4004.138          41.000    23936101.174    98014329.8860      -3120.035          39.000  
G27  24499361.812   128745012.1440      -1727.472          43.000    24499366.011   100320808.0360      -1346.295          42.000  
G18  21737791.267   114232864.3890      -2980.359          48.000    21737791.755    89012622.5530      -2322.205          48.000  
G10  22813028.985   119883277.7750        831.877          48.000    22813030.552    93415544.3320        648.074          44.000  
G24  21988380.980   115549719.6790      -1856.219          46.000    21988383.082    90038750.6550      -1446.372          42.000  
G32  23186285.809   121844752.4300       1313.669          48.000    23186288.933    94943976.3460       1023.444          44.000  
> 2026  7 21 18 51 21.0030000  0 7                            
G23  21351255.812   112201605.1830       -540.389          47.000    21351254.944    87429817.3330       -421.083          48.000  
G15  23936861.308   125789054.5940      -4004.229          41.000    23936863.141    98017450.1120      -3119.969          39.000  
G27  24499690.656   128746740.1570      -1728.130          43.000    24499694.921   100322154.5380      -1346.773          42.000  
G18  21738358.531   114235845.2310      -2981.165          48.000    21738358.952    89014945.2830      -2323.004          48.000  
G10  22812870.699   119882446.1800        831.623          48.000    22812872.270    93414896.3380        647.942          44.000  
G24  21988734.347   115551576.5210      -1857.386          46.000    21988736.443    90040197.5380      -1447.109          42.000  
G32  23186035.972   121843439.2310       1313.087          48.000    23186038.874    94942953.0680       1023.233          44.000  
> 2026  7 21 18 51 22.0030000  0 7                            
G23  21351358.827   112202146.6770       -542.819          48.000    21351358.028    87430239.2810       -422.981          48.000  
G15  23937623.476   125793060.0170      -4006.678          40.000    23937625.281    98020571.2100      -3121.906          39.000  
G27  24500019.862   128748469.7400      -1731.020          42.000    24500024.146   100323502.2630      -1348.885          42.000  
G18  21738926.136   114238827.6460      -2984.009          48.000    21738926.525    89017269.2430      -2325.104          48.000  
G10  22812712.615   119881615.7120        829.178          48.000    22812714.272    93414249.2090        646.033          44.000  
G24  21989087.960   115553435.1020      -1860.199          46.000    21989090.159    90041645.7990      -1449.484          42.000  
G32  23185786.269   121842127.4130       1310.139          48.000    23185789.215    94941930.8650       1021.027          44.000  
> 2026  7 21 18 51 23.0030000  0 7                            
G23  21351462.286   112202690.3130       -544.574          48.000    21351461.429    87430662.8860       -424.308          48.000  
G15  23938386.072   125797067.3900      -4008.288          41.000    23938387.815    98023693.8480      -3123.278          39.000  
G27  24500349.518   128750201.7480      -1733.080          43.000    24500353.773   100324851.8780      -1350.462          42.000  
G18  21739494.081   114241812.5310      -2986.084          48.000    21739494.557    89019595.1210      -2326.831          48.000  
G10  22812554.994   119880787.2180        827.543          48.000    22812556.633    93413603.6270        644.987          44.000  
G24  21989442.244   115555296.3360      -1862.409          46.000    21989444.355    90043096.1110      -1451.426          42.000  
G32  23185537.076   121840817.8110       1308.564          48.000    23185539.887    94940910.4100       1019.633          44.000  
> 2026  7 21 18 51 24.0030000  0 7                            
G23  21351566.025   112203235.6590       -546.671          47.000    21351565.114    87431087.8320       -425.949          48.000  
G15  23939148.943   125801076.3160      -4010.056          41.000    23939150.695    98026817.6970      -3125.021          39.000  
G27  24500679.613   128751935.7900      -1735.686          43.000    24500683.817   100326203.0710      -1352.458          42.000  
G18  21740062.593   114244799.4440      -2988.458          48.000    21740062.931    89021922.5820      -2328.687          48.000  
G10  22812397.633   119879960.2930        825.668          48.000    22812399.242    93412959.2810        643.267          44.000  
G24  21989796.793   115557159.7790      -1865.088          46.000    21989798.890    90044548.1440      -1453.211          42.000  
G32  23185288.260   121839510.0310       1306.483          48.000    23185290.969    94939891.3660       1018.008          44.000  
> 2026  7 21 18 51 25.0030000  0 7                            
G23  21351670.080   112203782.3210       -546.845          47.000    21351669.066    87431513.8060       -426.143          48.000  
G15  23939912.039   125805086.3880      -4010.141          41.000    23939913.753    98029942.4120      -3124.655          39.000  
G27  24501009.836   128753671.4370      -1736.185          42.000    24501014.161   100327555.5140      -1352.483          43.000  
G18  21740631.325   114247787.9970      -2988.904          48.000    21740631.608    89024251.3190      -2329.022          48.000  
G10  22812240.439   119879134.5400        825.684          48.000    22812242.099    93412315.8400        643.365          44.000  
G24  21990151.731   115559025.0310      -1865.709          46.000    21990153.871    90046001.5850      -1453.852          42.000  
G32  23185039.686   121838203.6790       1306.168          48.000    23185042.317    94938873.4250       1017.776          44.000  
> 2026  7 21 18 51 26.0030000  0 7                            
G23  21351774.213   112204329.2940       -547.457          47.000    21351773.089    87431940.0190       -426.682          48.000  
G15  23940675.278   125809096.5930      -4010.557          41.000    23940676.828    98033067.2420      -3125.235          38.000  
G27  24501340.278   128755407.6840      -1736.732          42.000    24501344.593   100328908.4430      -1353.391          42.000  
G18  21741200.232   114250777.1690      -2989.770          48.000    21741200.416    89026580.5490      -2329.871          48.000  
G10  22812083.351   119878308.9460        825.199          48.000    22812084.958    93411672.5100        643.179          44.000  
G24  21990506.686   115560891.0910      -1866.793          45.000    21990509.104    90047455.6500      -1454.600          42.000  
G32  23184791.277   121836897.7360       1305.394          48.000    23184793.790    94937855.8080       1017.128          44.000  
> 2026  7 21 18 51 27.0030000  0 7                            
G23  21351878.377   112204876.8830       -547.840          47.000    21351877.224    87432366.7080       -426.906          48.000  
G15  23941438.422   125813107.2540      -4010.921          41.000    23941440.028    98036192.4390      -3125.461          38.000  
G27  24501670.844   128757144.8710      -1737.524          42.000    24501675.083   100330262.0880      -1353.746          43.000  
G18  21741769.250   114253767.2890      -2990.485          48.000    21741769.300    89028910.5020      -2330.158          48.000  
G10  22811926.332   119877483.8300        824.852          48.000    22811927.917    93411029.5700        642.803          44.000  
G24  21990862.037   115562758.2540      -1867.732          45.000    21990864.440    90048910.6000      -1455.434          42.000  
G32  23184542.916   121835592.5210       1304.886          48.000    23184545.455    94936838.7470       1017.002          44.000  
> 2026  7 21 18 51 28.0030000  0 7                            
G23  21351982.714   112205424.8350       -548.806          47.000    21351981.547    87432793.6830       -427.527          48.000  
G15  23942201.724   125817118.0790      -4011.485          41.000    23942203.353    98039317.7590      -3126.039          38.000  
G27  24502001.585   128758882.7160      -1738.784          42.000    24502005.765   100331616.2670      -1355.026          43.000  
G18  21742338.388   114256758.0830      -2991.772          48.000    21742338.486    89031240.9910      -2331.201          48.000  
G10  22811769.306   119876658.9250        824.127          48.000    22811770.907    93410386.7880        642.054          44.000  
G24  21991217.534   115564626.2800      -1869.030          45.000    21991219.872    90050366.1920      -1456.444          42.000  
G32  23184294.615   121834287.7590       1303.907          48.000    23184297.070    94935822.0660       1015.952          44.000  
> 2026  7 21 18 51 29.0030000  0 7                            
G23  21352087.429   112205974.7250       -550.440          47.000    21352086.123    87433222.1810       -429.024          47.000  
G15  23942965.309   125821130.7050      -4013.101          41.000    23942966.891    98042444.4740      -3127.291          38.000  
G27  24502332.621   128760622.8250      -1740.933          42.000    24502336.919   100332972.1820      -1356.681          43.000  
G18  21742907.956   114259751.1410      -2993.738          48.000    21742908.109    89033573.2500      -2332.758          48.000  
G10  22811612.693   119875835.8170        822.591          48.000    22811614.261    93409745.4080        640.886          44.000  
G24  21991573.475   115566496.7490      -1871.333          45.000    21991575.767    90051823.7000      -1458.294          42.000  
G32  23184046.774   121832985.0410       1302.177          48.000    23184049.159    94934806.9640       1014.598          44.000  
> 2026  7 21 18 51 30.0030000  0 7                            
G23  21352192.219   112206525.9790       -552.028          47.000    21352191.052    87433651.7220       -430.146          47.000  
G15  23943729.177   125825144.4900      -4014.406          41.000    23943730.697    98045572.1060      -3128.425          38.000  
G27  24502664.035   128762364.5670      -1742.733          42.000    24502668.254   100334329.3840      -1357.942          43.000  
G18  21743477.842   114262745.8760      -2995.575          48.000    21743477.956    89035906.8110      -2334.167          48.000  
G10  22811456.352   119875013.9090        821.343          48.000    22811457.785    93409104.9580        639.932          44.000  
G24  21991929.708   115568369.0580      -1873.276          45.000    21991932.015    90053282.6420      -1459.733          42.000  
G32  23183799.056   121831683.7950       1300.373          48.000    23183801.574    94933793.0080       1013.302          44.000  
> 2026  7 21 18 51 31.0030000  0 7                            
G23  21352297.397   112207078.8590       -553.761          47.000    21352296.274    87434082.5380       -431.366          47.000  
G15  23944493.284   125829159.7470      -4015.935          41.000    23944494.844    98048700.8800      -3129.659          38.000  
G27  24502995.769   128764108.2410      -1744.568          42.000    24503000.011   100335688.0800      -1359.537          43.000  
G18  21744048.096   114265742.5690      -2997.705          48.000    21744048.235    89038241.8920      -2335.968          48.000  
G10  22811300.335   119874193.4980        819.562          48.000    22811301.602    93408465.6700        638.806          44.000  
G24  21992286.531   115570243.5020      -1875.615          45.000    21992288.775    90054743.2500      -1461.702          41.000  
G32  23183551.711   121830384.2580       1298.617          48.000    23183554.360    94932780.4010       1011.686          44.000  
> 2026  7 21 18 51 32.0030000  0 7                            
G23  21352402.913   112207633.7080       -555.625          47.000    21352401.904    87434514.8890       -432.950          47.000  
G15  23945257.757   125833176.8130      -4017.911          41.000    23945259.216    98051831.0150      -3130.461          38.000  
G27  24503328.008   128765854.1870      -1746.867          42.000    24503332.234   100337048.5650      -1361.438          43.000  
G18  21744618.762   114268741.5420      -2999.908          48.000    21744618.876    89040578.7500      -2337.604          48.000  
G10  22811144.574   119873374.8950        817.934          48.000    22811145.922    93407827.8070        637.414          44.000  
G24  21992643.698   115572120.3930      -1877.771          45.000    21992645.873    90056205.7620      -1463.285          42.000  
G32  23183304.756   121829086.8110       1296.480          48.000    23183307.383    94931769.4000       1010.095          44.000  
> 2026  7 21 18 51 33.0030000  0 7                            
G23  21352509.082   112208192.1230       -554.967          47.000    21352507.956    87434950.4450       -432.017          47.000  
G15  23946022.738   125837198.7180      -4015.755          41.000    23946024.204    98054965.2630      -3128.924          38.000  
G27  24503660.900   128767607.0000      -1746.808          42.000    24503665.095   100338411.4610      -1359.684          43.000  
G18  21745190.164   114271744.9070      -2999.774          48.000    21745190.080    89042918.0490      -2336.499          48.000  
G10  22810989.435   119872558.2110        819.096          48.000    22810990.744    93407193.0170        639.229          44.000  
G24  21993001.676   115574002.8820      -1878.426          45.000    21993003.695    90057672.8500      -1461.491          42.000  
G32  23183058.417   121827793.4950       1297.837          48.000    23183060.981    94930758.6370       1012.453          44.000  
> 2026  7 21 18 51 34.0030000  0 7                            
G23  21352614.413   112208745.3000       -555.066          47.000    21352613.300    87435382.2850       -432.489          47.000  
G15  23946786.932   125841213.7850      -4016.666          41.000    23946788.430    98058094.6710      -3130.111          38.000  
G27  24503993.078   128769352.8650      -1746.733          42.000    24503997.306   100339771.9170      -1361.360          43.000  
G18  21745760.791   114274743.8450      -3000.031          48.000    21745760.812    89045254.9210      -2337.677          48.000  
G10  22810833.417   119871738.6670        818.669          48.000    22810834.683    93406554.4410        637.742          44.000  
G24  21993358.896   115575880.0900      -1878.583          46.000    21993360.831    90059135.6610      -1463.893          42.000  
G32  23182811.402   121826495.5990       1296.978          48.000    23182814.075    94929747.3310       1010.432          44.000  
> 2026  7 21 18 51 35.0030000  0 7                            
G23  21352719.970   112209300.1610       -554.432          47.000    21352718.841    87435814.6430       -432.056          47.000  
G15  23947551.321   125845230.3440      -4015.955          41.000    23947552.664    98061224.4530      -3129.585          38.000  
G27  24504325.441   128771099.7460      -1746.651          42.000    24504329.655   100341133.1120      -1361.092          43.000  
G18  21746331.537   114277743.7850      -2999.597          48.000    21746331.697    89047592.5300      -2337.305          48.000  
G10  22810677.539   119870919.6370        819.565          48.000    22810678.723    93405916.2330        638.675          44.000  
G24  21993716.336   115577758.4660      -1878.078          46.000    21993718.245    90060599.3370      -1463.635          42.000  
G32  23182564.533   121825198.4560       1297.559          48.000    23182567.337    94928736.5640       1011.029          44.000  
> 2026  7 21 18 51 36.0030000  0 7                            
G23  21352825.518   112209854.6470       -555.482          47.000    21352824.319    87436246.7050       -432.812          47.000  
G15  23948315.496   125849246.3750      -4017.271          41.000    23948316.797    98064353.7790      -3129.907          38.000  
G27  24504657.853   128772846.5360      -1747.833          42.000    24504662.088   100342494.2460      -1362.012          43.000  
G18  21746902.284   114280743.6690      -3000.952          48.000    21746902.567    89049930.1040      -2338.452          48.000  
G10  22810521.494   119870100.0780        818.754          48.000    22810522.700    93405277.6180        637.972          44.000  
G24  21994073.740   115579636.9840      -1879.675          46.000    21994075.621    90062063.1210      -1464.798          42.000  
G32  23182317.530   121823901.0400       1296.394          48.000    23182320.386    94927725.5890       1010.390          44.000  
> 2026  7 21 18 51 37.0030000  0 7                            
G23  21352930.808   112210408.3090       -553.166          47.000    21352929.668    87436678.1300       -430.937          47.000  
G15  23949079.513   125853260.8730      -4014.335          42.000    23949080.665    98067482.3710      -3128.040          38.000  
G27  24504990.018   128774592.8140      -1745.910          42.000    24504994.387   100343854.9870      -1360.523          43.000  
G18  21747472.984   114283742.5570      -2999.103          48.000    21747473.227    89052267.2890      -2337.000          48.000  
G10  22810365.370   119869279.0600        821.134          48.000    22810366.636    93404638.2630        639.671          44.000  
G24  21994431.142   115581514.6680      -1878.123          46.000    21994432.999    90063526.6410      -1463.630          42.000  
G32  23182070.533   121822602.4130       1298.638          48.000    23182073.458    94926714.0860       1011.688          44.000  
> 2026  7 21 18 51 38.0030000  0 7                            
G23  21353036.207   112210962.3430       -554.030          47.000    21353035.015    87437109.8440       -431.736          47.000  
G15  23949843.579   125857276.0670      -4015.169          42.000    23949844.728    98070611.1140      -3128.804          38.000  
G27  24505322.414   128776339.7640      -1747.299          42.000    24505326.821   100345216.2280      -1361.381          43.000  
G18  21748043.889   114286742.6300      -3000.238          48.000    21748044.141    89054605.0050      -2337.812          48.000  
G10  22810209.172   119868458.7760        820.050          48.000    22810210.513    93403999.0820        638.949          44.000  
G24  21994788.556   115583393.7020      -1879.179          46.000    21994790.525    90064990.8210      -1464.481          41.000  
G32  23181823.501   121821304.7620       1297.576          48.000    23181826.569    94925702.9300       1010.915          44.000  
> 2026  7 21 18 51 39.0030000  0 7                            
G23  21353141.803   112211517.2260       -556.591          48.000    21353140.580    87437542.2280       -433.774          47.000  
G15  23950607.795   125861291.9660      -4017.458          42.000    23950608.927    98073739.3790      -3130.936          38.000  
G27  24505655.025   128778087.8460      -1750.080          42.000    24505659.491   100346578.3770      -1363.552          43.000  
G18  21748615.062   114289743.8810      -3003.247          48.000    21748615.213    89056943.6360      -2340.143          48.000  
G10  22810053.310   119867639.1770        817.893          48.000    22810054.578    93403359.4350        637.245          44.000  
G24  21995146.329   115585274.0820      -1882.155          46.000    21995148.328    90066456.0540      -1466.886          41.000  
G32  23181576.803   121820008.0580       1294.781          48.000    23181579.826    94924693.5110       1008.912          44.000  
> 2026  7 21 18 51 40.0030000  0 7                            
G23  21353247.351   112212071.4160       -552.797          48.000    21353246.003    87437974.0640       -430.793          47.000  
G15  23951371.857   125865306.9910      -4013.468          42.000    23951372.812    98076867.9540      -3127.554          38.000  
G27  24505987.534   128779835.5550      -1746.572          42.000    24505992.054   100347940.2280      -1361.013          43.000  
G18  21749186.113   114292744.7390      -2999.579          48.000    21749186.199    89059281.9710      -2337.348          48.000  
G10  22809897.133   119866818.7400        821.972          48.000    22809898.398    93402720.1280        640.444          44.000  
G24  21995504.079   115587154.2830      -1878.954          46.000    21995506.034    90067921.1260      -1464.150          41.000  
G32  23181329.863   121818710.7520       1298.657          48.000    23181333.009    94923682.6240       1011.993          44.000  
> 2026  7 21 18 51 41.0030000  0 7                            
G23  21353352.054   112212621.8990       -548.261          48.000    21353350.843    87438403.0180       -427.303          47.000  
G15  23952135.190   125869318.1450      -4008.823          42.000    23952136.048    98079993.5300      -3123.645          38.000  
G27  24506319.367   128781579.8370      -1742.139          42.000    24506323.883   100349299.4160      -1357.718          43.000  
G18  21749756.448   114295742.2280      -2995.520          48.000    21749756.610    89061617.6730      -2334.180          48.000  
G10  22809740.274   119865994.4600        826.607          48.000    22809741.461    93402077.8290        644.174          44.000  
G24  21995861.256   115589031.2620      -1874.950          46.000    21995863.196    90069383.7150      -1461.229          41.000  
G32  23181082.237   121817409.8470       1303.165          48.000    23181085.342    94922668.9450       1015.269          44.000  
> 2026  7 21 18 51 42.0030000  0 7                            
G23  21353456.306   112213170.0650       -541.401          48.000    21353455.129    87438830.1490       -421.845          47.000  
G15  23952898.031   125873326.7880      -4001.643          42.000    23952898.843    98083117.1460      -3118.167          38.000  
G27  24506650.823   128783322.1150      -1735.731          42.000    24506655.344   100350657.0210      -1352.417          43.000  
G18  21750326.358   114298737.7170      -2989.093          48.000    21750326.558    89063951.8120      -2329.132          48.000  
G10  22809582.971   119865167.6880        833.989          48.000    22809584.059    93401433.5760        650.137          44.000  
G24  21996217.987   115590906.3920      -1867.874          46.000    21996219.878    90070844.8370      -1455.305          41.000  
G32  23180834.207   121816106.7070       1310.406          48.000    23180837.396    94921653.5070       1021.083          44.000  
> 2026  7 21 18 51 43.0030000  0 7                            
G23  21353559.330   112213711.3720       -539.006          48.000    21353558.229    87439251.9520       -419.960          47.000  
G15  23953659.448   125877328.9280      -3999.254          42.000    23953660.346    98086235.3010      -3116.089          38.000  
G27  24506980.997   128785057.8120      -1733.446          42.000    24506985.661   100352009.5150      -1350.659          43.000  
G18  21750895.128   114301727.1450      -2986.719          48.000    21750895.267    89066280.8510      -2327.332          48.000  
G10  22809424.349   119864334.4570        835.958          48.000    22809425.447    93400783.9350        651.307          44.000  
G24  21996573.647   115592775.7400      -1866.948          46.000    21996575.491    90072301.0970      -1454.917          41.000  
G32  23180584.952   121814797.3540       1312.131          48.000    23180588.012    94920632.8540       1022.355          44.000  
> 2026  7 21 18 51 44.0030000  0 7                            
G23  21353662.158   112214251.6100       -546.037          48.000    21353660.943    87439672.9170       -425.419          47.000  
G15  23954420.748   125881329.3230      -4006.242          42.000    23954421.659    98089352.4930      -3121.688          38.000  
G27  24507311.266   128786792.7440      -1740.893          42.000    24507315.866   100353361.4110      -1356.480          43.000  
G18  21751463.790   114304715.3450      -2994.110          48.000    21751463.908    89068609.3180      -2333.173          48.000  
G10  22809265.414   119863499.4750        829.361          49.000    22809266.588    93400133.2990        646.217          44.000  
G24  21996929.204   115594643.9350      -1874.104          46.000    21996931.046    90073756.8290      -1460.295          41.000  
G32  23180335.490   121813486.5050       1305.083          48.000    23180338.506    94919611.4130       1017.001          43.000  
> 2026  7 21 18 51 45.0030000  0 7                            
G23  21353763.616   112214784.7490       -523.744          48.000    21353762.414    87440088.3540       -408.217          47.000  
G15  23955180.536   125885322.4210      -3983.478          42.000    23955181.423    98092464.0230      -3104.343          38.000  
G27  24507640.068   128788520.8770      -1718.929          42.000    24507644.498   100354707.9960      -1339.566          43.000  
G18  21752031.118   114307696.7520      -2972.119          48.000    21752031.231    89070932.4850      -2316.016          48.000  
G10  22809105.127   119862657.2510        851.656          49.000    22809106.241    93399477.0200        663.498          44.000  
G24  21997283.422   115596505.5570      -1852.645          45.000    21997285.266    90075207.4590      -1443.711          41.000  
G32  23180084.671   121812168.6650       1327.196          48.000    23180087.623    94918584.5370       1033.964          43.000  
> 2026  7 21 18 51 46.0030000  0 7                            
G23  21353864.007   112215312.0550       -526.580          48.000    21353862.892    87440499.2330       -410.309          47.000  
G15  23955939.271   125889309.5530      -3986.180          42.000    23955940.217    98095570.8550      -3106.124          38.000  
G27  24507967.912   128790243.4610      -1721.898          42.000    24507972.282   100356050.2780      -1341.994          43.000  
G18  21752597.551   114310672.6570      -2975.287          48.000    21752597.526    89073251.3620      -2318.415          48.000  
G10  22808943.739   119861809.0520        849.094          49.000    22808944.844    93398816.0870        661.567          44.000  
G24  21997636.750   115598361.8200      -1855.771          46.000    21997638.455    90076653.8920      -1446.030          42.000  
G32  23179832.728   121810845.1010       1324.391          48.000    23179835.759    94917553.1770       1032.046          43.000  
> 2026  7 21 18 51 47.0030000  0 7                            
G23  21353964.368   112215839.9110       -521.432          48.000    21353963.359    87440910.5490       -406.103          47.000  
G15  23956698.116   125893297.0530      -3980.979          42.000    23956698.988    98098677.9990      -3101.960          38.000  
G27  24508295.844   128791966.8980      -1717.228          42.000    24508300.289   100357393.2050      -1337.940          43.000  
G18  21753164.038   114313649.4250      -2970.599          48.000    21753163.984    89075570.9230      -2314.697          48.000  
G10  22808782.384   119860961.2490        854.497          48.000    22808783.448    93398155.4550        665.939          44.000  
G24  21997990.144   115600219.1300      -1851.015          46.000    21997991.913    90078101.1400      -1442.004          42.000  
G32  23179580.940   121809522.1870       1329.300          48.000    23179583.943    94916522.3400       1036.050          43.000  
> 2026  7 21 18 51 48.0030000  0 7                            
G23  21354064.242   112216365.2720       -524.929          48.000    21354063.348    87441319.9380       -409.197          47.000  
G15  23957456.493   125897281.8770      -3984.132          42.000    23957457.250    98101783.0650      -3104.770          38.000  
G27  24508623.391   128793688.1360      -1720.951          43.000    24508627.845   100358734.4250      -1341.025          43.000  
G18  21753730.013   114316624.0150      -2974.298          48.000    21753730.073    89077888.7860      -2317.627          48.000  
G10  22808620.462   119860110.8230        850.938          48.000    22808621.632    93397492.7940        663.044          44.000  
G24  21998343.177   115602074.4580      -1855.162          46.000    21998344.987    90079546.8510      -1445.461          42.000  
G32  23179328.623   121808196.8840       1325.631          48.000    23179331.716    94915489.6500       1032.821          43.000  
> 2026  7 21 18 51 49.0030000  0 7                            
G23  21354164.291   112216891.1500       -525.859          48.000    21354163.351    87441729.7000       -409.738          47.000  
G15  23958214.946   125901266.5450      -3984.946          42.000    23958215.585    98104888.3660      -3105.063          38.000  
G27  24508951.042   128795410.2010      -1722.093          43.000    24508955.663   100360076.2970      -1341.990          43.000  
G18  21754296.215   114319598.9420      -2975.598          48.000    21754296.194    89080207.2930      -2318.701          48.000  
G10  22808458.696   119859260.2460        850.234          48.000    22808460.012    93396830.4030        662.343          44.000  
G24  21998696.382   115603930.2800      -1856.622          46.000    21998698.287    90080993.3480      -1446.726          42.000  
G32  23179076.581   121806871.6940       1324.560          48.000    23179079.577    94914457.4150       1032.207          43.000  
> 2026  7 21 18 51 50.0030000  0 7                            
G23  21354264.378   112217417.1580       -522.999          48.000    21354263.480    87442139.5750       -407.421          47.000  
G15  23958973.339   125905251.6800      -3981.952          42.000    23958973.953    98107993.6720      -3102.674          38.000  
G27  24509278.850   128797132.7210      -1719.728          43.000    24509283.450   100361418.5070      -1339.996          43.000  
G18  21754862.500   114322574.8190      -2973.248          48.000    21754862.569    89082526.1590      -2316.742          48.000  
G10  22808296.897   119858410.1590        853.237          48.000    22808298.199    93396167.9800        665.125          44.000  
G24  21999049.684   115605787.2140      -1854.095          45.000    21999051.581    90082440.3150      -1444.974          42.000  
G32  23178824.612   121805547.2250       1327.439          48.000    23178827.555    94913425.3580       1034.496          43.000  
> 2026  7 21 18 51 51.0030000  0 7                            
G23  21354364.546   112217943.6970       -525.824          47.000    21354363.607    87442549.8840       -409.997          47.000  
G15  23959731.751   125909237.1480      -3984.246          42.000    23959732.366    98111099.2650      -3105.196          38.000  
G27  24509606.784   128798856.0250      -1722.656          43.000    24509611.347   100362761.3720      -1342.847          43.000  
G18  21755428.884   114325551.5370      -2976.337          48.000    21755428.995    89084845.6890      -2319.458          48.000  
G10  22808135.155   119857560.4280        851.202          48.000    22808136.501    93395505.8750        663.040          44.000  
G24  21999403.208   115607645.1260      -1856.191          45.000    21999405.020    90083888.0290      -1446.554          42.000  
G32  23178572.742   121804223.3730       1325.087          48.000    23178575.595    94912393.8080       1032.374          43.000  
> 2026  7 21 18 51 52.0030000  0 7                            
G23  21354463.536   112218463.1080       -521.422          48.000    21354462.806    87442954.7730       -406.065          47.000  
G15  23960489.028   125913219.3460      -3979.810          42.000    23960489.698    98114199.3000      -3101.116          38.000  
G27  24509933.690   128800570.0390      -1718.811          43.000    24509938.234   100364100.0390      -1339.037          43.000  
G18  21755994.160   114328520.9420      -2972.040          48.000    21755994.466    89087160.0600      -2315.851          48.000  
G10  22807972.297   119856702.4760        855.133          48.000    22807973.771    93394839.2790        666.667          44.000  
G24  21999755.734   115609495.9950      -1852.987          45.000    21999757.638    90085329.8260      -1443.831          42.000  
G32  23178319.740   121802891.5440       1328.862          48.000    23178322.654    94911355.9490       1035.825          43.000  
> 2026  7 21 18 51 53.0030000  0 7                            
G23  21354561.834   112218978.9490       -515.878          47.000    21354560.947    87443356.7310       -401.910          47.000  
G15  23961245.503   125917194.8060      -3974.349          42.000    23961245.950    98117296.2640      -3096.830          38.000  
G27  24510259.882   128802284.2590      -1713.654          43.000    24510264.218   100365435.0120      -1334.980          43.000  
G18  21756558.852   114331487.6000      -2966.852          48.000    21756559.029    89089471.7370      -2311.627          48.000  
G10  22807808.595   119855842.2900        860.701          48.000    22807810.086    93394168.6180        670.741          44.000  
G24  22000107.505   115611344.7800      -1848.530          45.000    22000109.331    90086769.0340      -1440.316          42.000  
G32  23178065.947   121801557.7320       1334.221          48.000    23178068.633    94910316.2290       1039.877          43.000  
> 2026  7 21 18 51 54.0030000  0 7                            
G23  21354658.860   112219488.5980       -511.487          47.000    21354657.988    87443753.8580       -398.382          47.000  
G15  23962000.467   125921162.8830      -3969.747          41.000    23962001.031    98120388.3110      -3093.757          38.000  
G27  24510584.773   128803991.5630      -1709.049          43.000    24510589.177   100366765.3960      -1331.682          43.000  
G18  21757122.195   114334448.3790      -2962.756          48.000    21757122.462    89091778.8400      -2308.569          48.000  
G10  22807643.600   119854975.2460        865.478          48.000    22807645.073    93393493.0000        674.368          44.000  
G24  22000458.030   115613187.3430      -1844.592          45.000    22000459.869    90088204.8080      -1437.376          42.000  
G32  23177810.935   121800217.3150       1338.635          48.000    23177813.452    94909271.7630       1042.965          43.000  
> 2026  7 21 18 51 55.0030000  0 7                            
G23  21354756.523   112220001.1090       -520.219          48.000    21354755.660    87444153.6070       -405.319          47.000  
G15  23962756.156   125925133.6670      -3978.638          41.000    23962756.830    98123482.7820      -3100.023          38.000  
G27  24510910.446   128805702.5590      -1718.525          43.000    24510914.887   100368098.6280      -1338.684          43.000  
G18  21757686.346   114337412.8280      -2971.613          48.000    21757686.599    89094088.8020      -2315.497          48.000  
G10  22807479.262   119854111.4410        856.252          48.000    22807480.801    93392819.9090        667.257          44.000  
G24  22000809.412   115615033.2840      -1854.600          45.000    22000811.186    90089643.5830      -1444.999          42.000  
G32  23177556.585   121798880.3820       1329.405          48.000    23177558.977    94908229.9900       1035.924          43.000  
> 2026  7 21 18 51 56.0030000  0 7                            
G23  21354852.150   112220504.1670       -494.175          47.000    21354851.357    87444545.5970       -384.936          47.000  
G15  23963509.882   125929094.8110      -3952.253          41.000    23963510.509    98126569.3880      -3079.347          38.000  
G27  24511234.211   128807403.8830      -1692.768          43.000    24511238.606   100369424.3520      -1319.002          43.000  
G18  21758248.579   114340367.6700      -2946.283          48.000    21758248.863    89096391.2790      -2295.752          48.000  
G10  22807312.848   119853237.4920        883.381          48.000    22807314.327    93392138.9030        688.414          44.000  
G24  22001158.879   115616870.1790      -1827.694          45.000    22001160.716    90091074.9390      -1424.275          42.000  
G32  23177300.112   121797533.5480       1355.923          48.000    23177302.542    94907180.5070       1056.769          43.000  
> 2026  7 21 18 51 57.0030000  0 7                            
G23  21354947.043   112221003.0750       -490.625          47.000    21354946.279    87444934.3620       -382.531          47.000  
G15  23964262.781   125933051.6100      -3947.722          41.000    23964263.464    98129652.6300      -3077.090          38.000  
G27  24511557.305   128809101.3730      -1689.609          43.000    24511561.661   100370747.0740      -1316.817          43.000  
G18  21758810.115   114343318.6770      -2943.243          48.000    21758810.477    89098690.7610      -2293.433          48.000  
G10  22807145.794   119852359.2830        886.670          48.000    22807147.093    93391454.5910        690.889          44.000  
G24  22001507.832   115618703.4990      -1825.174          45.000    22001509.626    90092503.5050      -1422.305          42.000  
G32  23177043.032   121796182.7230       1359.139          48.000    23177045.561    94906127.9260       1058.852          44.000  
> 2026  7 21 18 51 58.0030000  0 7                            
G23  21355042.581   112221506.0460       -482.714          47.000    21355041.671    87445325.3380       -376.283          47.000  
G15  23965016.113   125937009.3500      -3940.461          41.000    23965016.742    98132736.9700      -3070.793          38.000  
G27  24511880.853   128810802.7000      -1681.750          43.000    24511885.260   100372072.2160      -1310.386          43.000  
G18  21759372.147   114346271.5470      -2935.394          48.000    21759372.468    89100992.7010      -2287.457          48.000  
G10  22806979.122   119851483.9780        894.877          48.000    22806980.254    93390771.3590        697.348          44.000  
G24  22001857.263   115620539.3570      -1817.531          45.000    22001858.940    90093933.6470      -1416.346          42.000  
G32  23176786.615   121794835.0400       1367.048          48.000    23176788.887    94905075.6100       1065.289          44.000  
> 2026  7 21 18 51 59.0030000  0 7                            
G23  21355136.769   112222001.2230       -481.502          48.000    21355135.834    87445711.1850       -375.283          47.000  
G15  23965768.205   125940962.0760      -3938.396          41.000    23965768.942    98135817.0080      -3069.068          38.000  
G27  24512203.285   128812497.0370      -1680.781          43.000    24512207.674   100373392.4760      -1309.731          43.000  
G18  21759933.101   114349219.4480      -2934.534          48.000    21759933.407    89103289.7490      -2286.444          48.000  
G10  22806811.228   119850601.7420        895.906          48.000    22806812.419    93390083.8970        698.343          44.000  
G24  22002205.640   115622369.9170      -1817.192          45.000    22002207.374    90095360.0480      -1415.794          42.000  
G32  23176528.780   121793480.6660       1368.000          48.000    23176531.179    94904020.2680       1065.831          44.000  
> 2026  7 21 18 52  0.0030000  0 7                            
G23  21355229.042   112222486.0820       -490.007          47.000    21355228.026    87446088.9980       -381.941          47.000  
G15  23966518.385   125944904.3540      -3947.056          41.000    23966519.240    98138888.9150      -3075.879          38.000  
G27  24512523.768   128814181.3670      -1689.624          43.000    24512528.185   100374704.9430      -1316.694          43.000  
G18  21760492.095   114352157.3360      -2943.182          48.000    21760492.547    89105579.0180      -2293.408          48.000  
G10  22806641.333   119849709.0280        887.662          48.000    22806642.509    93389388.2780        691.873          44.000  
G24  22002552.093   115624190.6290      -1826.067          45.000    22002553.814    90096778.8030      -1422.919          42.000  
G32  23176269.068   121792116.0760       1359.328          48.000    23176271.495    94902956.9420       1059.203          44.000  
> 2026  7 21 18 52  1.0030000  0 7                            
G23  21355323.067   112222979.1641       -482.910          48.000    21355322.052    87446473.3951       -375.382          47.000  
G15  23967270.264   125948854.6921      -3940.820          41.000    23967271.226    98141968.0620      -3073.398          38.000  
G27  24512846.124   128815875.7151      -1683.057          43.000    24512850.544   100376025.2161      -1309.974          43.000  
G18  21761053.058   114355104.7731      -2935.742          48.000    21761053.497    89107876.1361      -2287.659          48.000  
G10  22806473.123   119848824.4071        892.139          48.000    22806474.444    93388699.9900        693.369          44.000  
G24  22002900.443   115626022.1221      -1825.476          45.000    22002902.130    90098205.3940      -1422.400          42.000  
G32  23176011.135   121790759.8231       1364.171          48.000    23176013.671    94901901.3251       1063.459          44.000  
> 2026  7 21 18 52  2.0030000  0 7                            
G23  21355414.866   112223462.2771       -478.662          48.000    21355413.616    87446848.2720       -372.891          47.000  
G15  23968019.908   125952794.3601      -3936.182          40.000    23968020.676    98145037.9480      -3066.863          38.000  
G27  24513165.911   128817555.8550      -1677.089          43.000    24513170.608   100377335.2090      -1307.930          43.000  
G18  21761611.870   114358041.5681      -2932.422          48.000    21761612.080    89110162.9480      -2284.827          48.000  
G10  22806302.804   119847929.1551        899.457          48.000    22806303.784    93388001.3500        700.931          44.000  
G24  22003246.709   115627841.0491      -1816.895          45.000    22003248.089    90099622.0900      -1414.461          42.000  
G32  23175751.016   121789393.1961       1370.062          48.000    23175753.350    94900835.2040       1068.241          44.000  
> 2026  7 21 18 52  3.0030000  0 7                            
G23  21355506.999   112223946.7140       -469.671          47.000    21355505.854    87447225.7620       -365.868          47.000  
G15  23968769.767   125956735.1670      -3926.178          40.000    23968770.695    98148109.1150      -3060.009          38.000  
G27  24513486.505   128819240.6930      -1670.018          43.000    24513491.142   100378648.0410      -1301.311          43.000  
G18  21762170.923   114360979.9970      -2923.456          48.000    21762171.247    89112452.6440      -2278.229          48.000  
G10  22806132.771   119847036.5570        908.497          48.000    22806133.833    93387305.0680        708.035          44.000  
G24  22003593.254   115629662.8280      -1807.060          45.000    22003594.791    90101041.6910      -1408.382          42.000  
G32  23175491.249   121788028.4660       1379.141          48.000    23175493.669    94899771.8130       1074.896          44.000  
> 2026  7 21 18 52  4.0030000  0 7                            
G23  21355598.343   112224426.9520       -479.078          48.000    21355597.315    87447599.9730       -373.402          47.000  
G15  23969518.854   125960672.0830      -3935.439          40.000    23969519.912    98151176.8360      -3066.567          38.000  
G27  24513806.333   128820921.5760      -1679.878          43.000    24513811.001   100379957.8380      -1309.312          43.000  
G18  21762729.384   114363914.5450      -2933.636          48.000    21762729.710    89114739.3050      -2286.103          48.000  
G10  22805961.830   119846138.6210        899.763          48.000    22805962.942    93386605.3770        701.011          44.000  
G24  22003939.206   115631480.8670      -1816.166          45.000    22003940.814    90102458.3370      -1415.477          42.000  
G32  23175230.778   121786659.6370       1370.331          48.000    23175233.190    94898705.1980       1067.565          44.000  
> 2026  7 21 18 52  5.0030000  0 7                            
G23  21355688.961   112224903.5050       -480.995          48.000    21355687.995    87447971.3120       -374.754          47.000  
G15  23970267.345   125964605.1940      -3937.190          40.000    23970268.390    98154241.5910      -3068.158          38.000  
G27  24514125.552   128822599.0820      -1682.204          43.000    24514130.275   100381264.9700      -1310.821          43.000  
G18  21763287.207   114366845.7270      -2935.840          48.000    21763287.478    89117023.3370      -2287.720          48.000  
G10  22805790.251   119845236.8570        898.212          48.000    22805791.321    93385902.6980        700.162          44.000  
G24  22004284.461   115633295.7320      -1818.198          45.000    22004286.134    90103872.5090      -1416.679          42.000  
G32  23174969.652   121785287.2350       1368.539          48.000    23174972.155    94897635.7940       1066.484          44.000  
> 2026  7 21 18 52  6.0030000  0 7                            
G23  21355780.261   112225382.2851       -485.596          48.000    21355779.194    87448344.8971       -374.854          47.000  
G15  23971016.254   125968539.8771      -3941.211          40.000    23971017.492    98157308.5461      -3069.043          38.000  
G27  24514445.546   128824279.9271      -1684.766          43.000    24514449.960   100382574.2760      -1311.139          43.000  
G18  21763845.696   114369780.4051      -2940.088          48.000    21763845.840    89119309.5360      -2287.781          48.000  
G10  22805619.208   119844337.1491        892.969          48.000    22805620.271    93385202.2581        697.510          44.000  
G24  22004630.577   115635113.3061      -1823.974          45.000    22004632.146    90105289.4681      -1420.361          42.000  
G32  23174709.052   121783917.7061       1363.770          48.000    23174711.560    94896569.7621       1065.381          44.000  
> 2026  7 21 18 52  7.0030000  0 7                            
G23  21355872.056   112225864.3471       -479.961          48.000    21355871.033    87448720.9560       -371.133          47.000  
G15  23971765.694   125972478.7760      -3931.940          40.000    23971766.993    98160377.6080      -3063.800          38.000  
G27  24514766.153   128825964.7221      -1681.621          43.000    24514770.429   100383886.9060      -1307.455          43.000  
G18  21764404.784   114372718.7581      -2935.365          48.000    21764404.945    89121599.1010      -2284.680          48.000  
G10  22805448.719   119843441.8300        903.482          49.000    22805449.808    93384503.9900        703.871          44.000  
G24  22004977.349   115636935.8870      -1814.147          45.000    22004978.837    90106708.9920      -1413.492          42.000  
G32  23174449.098   121782551.6740       1373.360          48.000    23174451.653    94895505.2060       1070.021          44.000  
> 2026  7 21 18 52  8.0030000  0 7                            
G23  21355962.981   112226341.9550       -479.591          48.000    21355961.817    87449092.9480       -373.369          47.000  
G15  23972514.320   125976412.6960      -3935.234          40.000    23972515.450    98163442.5930      -3065.891          39.000  
G27  24515085.772   128827645.1460      -1681.236          43.000    24515089.942   100385195.3890      -1309.819          43.000  
G18  21764962.869   114375650.9300      -2935.089          48.000    21764963.110    89123884.5170      -2286.896          48.000  
G10  22805277.210   119842540.5190        899.627          49.000    22805278.236    93383801.6520        701.339          44.000  
G24  22005323.195   115638753.6450      -1819.153          46.000    22005324.705    90108125.0330      -1417.279          42.000  
G32  23174188.187   121781180.4580       1369.466          48.000    23174190.776    94894436.7110       1067.320          44.000  
> 2026  7 21 18 52  9.0030000  0 7                            
G23  21356054.196   112226821.5090       -481.292          48.000    21356053.019    87449466.6460       -375.010          47.000  
G15  23973263.186   125980348.1050      -3937.289          40.000    23973264.334    98166509.1560      -3067.614          39.000  
G27  24515405.790   128829326.8420      -1683.624          43.000    24515410.000   100386505.8040      -1311.814          43.000  
G18  21765521.493   114378586.3860      -2937.439          48.000    21765521.656    89126171.8940      -2288.922          48.000  
G10  22805106.062   119841641.1980        897.774          49.000    22805107.024    93383100.8920        699.642          45.000  
G24  22005669.529   115640573.5100      -1821.849          46.000    22005671.027    90109543.1270      -1419.750          42.000  
G32  23173927.566   121779811.4950       1367.251          48.000    23173930.257    94893370.0030       1065.342          44.000  
> 2026  7 21 18 52 10.0030000  0 7                            
G23  21356146.522   112227306.6010       -482.525          48.000    21356145.333    87449844.6390       -376.175          47.000  
G15  23974013.045   125984288.8610      -3938.262          40.000    23974014.271    98169579.8970      -3069.233          39.000  
G27  24515726.985   128831014.3650      -1685.727          43.000    24515731.114   100387820.7530      -1313.336          43.000  
G18  21766081.125   114381527.6910      -2939.124          48.000    21766081.276    89128463.8150      -2290.369          48.000  
G10  22804935.921   119840747.2490        896.436          49.000    22804936.886    93382404.3180        698.378          45.000  
G24  22006017.028   115642399.3980      -1824.001          46.000    22006018.517    90110965.8900      -1421.375          42.000  
G32  23173668.178   121778448.1710       1365.498          48.000    23173670.884    94892307.6690       1064.040          44.000  
> 2026  7 21 18 52 11.0030000  0 7                            
G23  21356238.949   112227792.6250       -487.043          48.000    21356237.721    87450223.3470       -379.367          47.000  
G15  23974763.001   125988230.3580      -3942.021          39.000    23974764.373    98172651.2100      -3072.378          39.000  
G27  24516048.324   128832703.0780      -1689.732          43.000    24516052.511   100389136.6400      -1316.801          43.000  
G18  21766641.080   114384470.2240      -2943.634          48.000    21766641.177    89130756.6990      -2293.768          48.000  
G10  22804765.945   119839854.0790        892.244          49.000    22804766.857    93381708.3410        695.158          45.000  
G24  22006364.738   115644226.6870      -1828.510          46.000    22006366.263    90112389.7600      -1424.931          42.000  
G32  23173408.827   121777085.8410       1361.262          48.000    23173411.540    94891246.1310       1060.451          44.000  
> 2026  7 21 18 52 12.0030000  0 7                            
G23  21356331.529   112228279.6940       -486.139          48.000    21356330.522    87450602.8880       -378.815          47.000  
G15  23975513.116   125992172.7670      -3941.628          39.000    23975514.510    98175723.1970      -3071.427          39.000  
G27  24516369.930   128834393.1600      -1689.486          43.000    24516374.120   100390453.5820      -1316.291          43.000  
G18  21767201.188   114387414.1360      -2943.188          48.000    21767201.376    89133050.6550      -2293.396          48.000  
G10  22804596.108   119838961.8050        893.260          49.000    22804597.049    93381013.0700        695.982          45.000  
G24  22006712.742   115646055.5150      -1828.114          46.000    22006714.258    90113814.8240      -1424.505          41.000  
G32  23173149.813   121775724.6710       1362.083          48.000    23173152.521    94890185.4770       1061.221          44.000  
> 2026  7 21 18 52 13.0030000  0 7                            
G23  21356424.547   112228768.2980       -487.841          48.000    21356423.459    87450983.6210       -380.137          47.000  
G15  23976263.557   125996116.0230      -3943.090          39.000    23976265.081    98178796.2510      -3072.794          38.000  
G27  24516691.832   128836085.0680      -1691.296          43.000    24516696.117   100391771.9600      -1317.912          43.000  
G18  21767761.734   114390359.3960      -2945.111          48.000    21767761.950    89135346.0540      -2294.989          48.000  
G10  22804426.552   119838070.4160        891.680          49.000    22804427.620    93380318.8740        694.735          45.000  
G24  22007061.049   115647885.8790      -1830.358          45.000    22007062.715    90115241.4740      -1426.345          41.000  
G32  23172891.154   121774364.6440       1360.155          48.000    23172893.860    94889126.1080       1059.808          44.000  
> 2026  7 21 18 52 14.0030000  0 7                            
G23  21356518.071   112229259.6030       -493.881          48.000    21356516.950    87451366.4540       -385.009          47.000  
G15  23977014.450   126000062.3000      -3948.714          39.000    23977016.092    98181871.2680      -3077.068          38.000  
G27  24517014.380   128837779.9840      -1697.604          43.000    24517018.576   100393092.6670      -1322.831          43.000  
G18  21768322.797   114393308.1720      -2951.513          48.000    21768323.059    89137643.7880      -2299.878          48.000  
G10  22804257.455   119837182.1020        885.721          49.000    22804258.601    93379626.6790        690.129          45.000  
G24  22007410.044   115649719.9240      -1836.845          45.000    22007411.778    90116670.5910      -1431.255          41.000  
G32  23172632.948   121773007.9140       1354.020          48.000    23172635.697    94888068.9180       1055.099          44.000  
> 2026  7 21 18 52 15.0030000  0 7                            
G23  21356611.674   112229751.0610       -489.970          48.000    21356610.362    87451749.4050       -381.769          47.000  
G15  23977765.438   126004008.5500      -3944.239          40.000    23977766.972    98184946.2630      -3073.740          39.000  
G27  24517337.059   128839475.3860      -1694.263          43.000    24517341.113   100394413.7520      -1320.057          43.000  
G18  21768884.056   114396257.4220      -2947.913          48.000    21768884.141    89139941.9030      -2297.137          48.000  
G10  22804088.429   119836293.7690        889.984          49.000    22804089.597    93378934.4760        693.294          45.000  
G24  22007759.155   115651554.6440      -1833.472          45.000    22007760.875    90118100.2400      -1428.541          41.000  
G32  23172374.827   121771651.4490       1357.687          48.000    23172377.555    94887011.9180       1058.256          44.000  
> 2026  7 21 18 52 16.0030000  0 7                            
G23  21356705.546   112230243.7030       -495.312          48.000    21356704.244    87452133.2880       -386.089          47.000  
G15  23978516.461   126007955.8310      -3949.931          40.000    23978518.056    98188022.0440      -3077.758          39.000  
G27  24517660.026   128841172.2270      -1699.596          43.000    24517664.008   100395735.9730      -1324.548          43.000  
G18  21769445.605   114399208.1600      -2953.583          48.000    21769445.681    89142241.1890      -2301.550          48.000  
G10  22803919.505   119835406.4960        884.592          49.000    22803920.727    93378243.0810        689.297          44.000  
G24  22008108.561   115653391.0250      -1839.591          45.000    22008110.296    90119531.2030      -1433.484          41.000  
G32  23172116.912   121770296.2660       1352.196          48.000    23172119.752    94885955.9470       1053.647          44.000  
> 2026  7 21 18 52 17.0030000  0 7                            
G23  21356799.810   112230739.4120       -495.684          47.000    21356798.509    87452519.5470       -386.078          47.000  
G15  23979268.205   126011905.9950      -3949.896          40.000    23979269.785    98191100.0910      -3077.993          39.000  
G27  24517983.606   128842872.4360      -1700.366          43.000    24517987.587   100397060.8050      -1324.836          43.000  
G18  21770007.859   114402162.2910      -2954.297          48.000    21770007.871    89144543.1030      -2301.984          48.000  
G10  22803751.182   119834522.1210        884.440          49.000    22803752.401    93377553.9700        689.093          45.000  
G24  22008458.594   115655230.9610      -1840.213          45.000    22008460.343    90120964.9150      -1434.257          41.000  
G32  23171859.645   121768944.2380       1352.025          48.000    23171862.425    94884902.4190       1053.548          44.000  
> 2026  7 21 18 52 18.0030000  0 7                            
G23  21356894.441   112231236.8340       -496.836          48.000    21356893.308    87452907.1530       -387.192          47.000  
G15  23980020.188   126015857.6910      -3950.958          40.000    23980021.800    98194179.3310      -3078.739          39.000  
G27  24518307.573   128844574.6490      -1701.762          43.000    24518311.454   100398387.2020      -1326.220          43.000  
G18  21770570.382   114405118.4440      -2955.798          48.000    21770570.509    89146846.6010      -2303.278          48.000  
G10  22803583.235   119833639.3210        883.430          49.000    22803584.426    93376866.0680        688.141          44.000  
G24  22008809.125   115657073.0840      -1841.853          45.000    22008810.796    90122400.3210      -1435.013          41.000  
G32  23171602.710   121767594.0310       1350.736          48.000    23171605.443    94883850.3260       1052.253          43.000  
> 2026  7 21 18 52 19.0030000  0 7                            
G23  21356989.215   112231734.8760       -498.935          48.000    21356988.057    87453295.2360       -388.813          47.000  
G15  23980772.247   126019809.8340      -3952.740          40.000    23980773.816    98197258.9270      -3080.081          39.000  
G27  24518631.715   128846277.7640      -1704.086          42.000    24518635.575   100399714.3180      -1328.135          43.000  
G18  21771133.047   114408075.5350      -2958.136          48.000    21771133.159    89149150.8200      -2305.029          48.000  
G10  22803415.342   119832756.9930        881.505          49.000    22803416.466    93376178.5380        686.769          44.000  
G24  22009159.895   115658916.3300      -1844.234          45.000    22009161.496    90123836.6250      -1437.208          41.000  
G32  23171345.944   121766244.5500       1348.504          48.000    23171348.634    94882798.7670       1050.950          43.000  
> 2026  7 21 18 52 20.0030000  0 7                            
G23  21357084.624   112232236.2900       -505.004          48.000    21357083.502    87453685.9390       -393.375          47.000  
G15  23981524.966   126023765.1690      -3958.778          40.000    23981526.534    98200341.0010      -3084.599          39.000  
G27  24518956.541   128847984.5550      -1710.281          43.000    24518960.348   100401044.2810      -1332.928          43.000  
G18  21771696.481   114411036.3100      -2964.410          48.000    21771696.594    89151457.9160      -2309.851          48.000  
G10  22803248.065   119831877.8770        875.758          49.000    22803249.233    93375493.5170        682.153          44.000  
G24  22009511.385   115660763.4550      -1851.145          45.000    22009512.839    90125275.9410      -1442.358          41.000  
G32  23171089.761   121764898.5340       1342.411          48.000    23171092.578    94881749.9350       1045.872          44.000  
> 2026  7 21 18 52 21.0030000  0 7                            
G23  21357180.456   112232739.9600       -505.193          48.000    21357179.366    87454078.4170       -393.713          47.000  
G15  23982277.962   126027722.5970      -3958.836          40.000    23982279.636    98203424.6880      -3084.612          39.000  
G27  24519281.878   128849693.9130      -1711.097          42.000    24519285.627   100402376.2400      -1333.406          43.000  
G18  21772260.428   114413999.6650      -2965.082          48.000    21772260.524    89153767.0240      -2310.443          48.000  
G10  22803081.298   119831000.8790        875.438          49.000    22803082.347    93374810.1330        682.148          44.000  
G24  22009863.408   115662613.3020      -1851.585          45.000    22009864.861    90126717.3640      -1442.638          41.000  
G32  23170834.102   121763554.8790       1342.026          48.000    23170836.958    94880702.9250       1045.802          44.000  
> 2026  7 21 18 52 22.0030000  0 7                            
G23  21357276.697   112233245.6630       -508.471          48.000    21357275.651    87454472.4780       -396.447          47.000  
G15  23983031.431   126031681.8580      -3961.649          40.000    23983033.059    98206509.8490      -3087.229          39.000  
G27  24519607.667   128851405.5820      -1714.674          43.000    24519611.370   100403710.0240      -1336.372          43.000  
G18  21772824.725   114416965.3580      -2968.683          48.000    21772824.928    89156077.9510      -2313.226          48.000  
G10  22802914.720   119830125.7720        872.388          49.000    22802915.910    93374128.2360        679.733          44.000  
G24  22010215.898   115664465.7060      -1855.709          45.000    22010217.391    90128160.8120      -1446.173          42.000  
G32  23170578.844   121762213.3580       1338.509          48.000    23170581.607    94879657.5940       1042.968          44.000  
> 2026  7 21 18 52 23.0030000  0 7                            
G23  21357372.960   112233751.0950       -504.596          48.000    21357371.813    87454866.3190       -393.272          47.000  
G15  23983784.746   126035640.6930      -3957.810          40.000    23983786.478    98209594.6440      -3083.746          39.000  
G27  24519933.383   128853117.2910      -1711.117          43.000    24519937.055   100405043.8050      -1333.261          43.000  
G18  21773389.085   114419931.1150      -2965.131          48.000    21773389.274    89158388.9290      -2310.583          48.000  
G10  22802748.159   119829250.2440        876.258          49.000    22802749.252    93373446.0030        682.913          44.000  
G24  22010568.442   115666318.3020      -1852.098          45.000    22010569.900    90129604.3930      -1443.313          42.000  
G32  23170323.442   121760871.6720       1342.388          48.000    23170326.191    94878612.1320       1045.991          44.000  
> 2026  7 21 18 52 24.0030000  0 7                            
G23  21357469.081   112234256.3790       -506.247          48.000    21357467.968    87455260.0390       -394.468          47.000  
G15  23984538.087   126039599.2230      -3959.365          40.000    23984539.710    98212679.2010      -3085.226          39.000  
G27  24520259.114   128854829.1320      -1713.060          43.000    24520262.921   100406377.6910      -1334.740          43.000  
G18  21773953.476   114422897.0090      -2966.906          48.000    21773953.690    89160700.0130      -2311.865          48.000  
G10  22802581.538   119828374.4170        874.880          49.000    22802582.490    93372763.5510        681.621          44.000  
G24  22010921.045   115668171.2510      -1854.158          45.000    22010922.569    90131048.2340      -1444.842          42.000  
G32  23170068.120   121759529.9220       1340.726          48.000    23170070.826    94877566.6190       1044.707          44.000  
> 2026  7 21 18 52 25.0030000  0 7                            
G23  21357565.948   112234765.4290       -511.251          47.000    21357564.751    87455656.7070       -398.500          47.000  
G15  23985292.055   126043561.3210      -3964.415          41.000    23985293.710    98215766.5620      -3089.079          39.000  
G27  24520585.649   128856545.0230      -1718.264          43.000    24520589.394   100407714.7660      -1338.991          43.000  
G18  21774518.630   114425867.0000      -2972.302          48.000    21774518.977    89163014.2980      -2316.126          48.000  
G10  22802415.513   119827502.2100        869.986          49.000    22802416.572    93372083.9190        677.773          44.000  
G24  22011274.483   115670028.4570      -1859.958          45.000    22011275.977    90132495.4200      -1449.294          42.000  
G32  23169813.503   121758192.0490       1335.659          48.000    23169816.310    94876524.1260       1040.639          44.000  
> 2026  7 21 18 52 26.0030000  0 7                            
G23  21357662.984   112235275.4520       -514.234          47.000    21357661.806    87456054.1100       -400.682          47.000  
G15  23986046.182   126047524.2100      -3966.896          41.000    23986047.849    98218854.5190      -3091.195          38.000  
G27  24520912.438   128858262.1810      -1721.509          43.000    24520916.153   100409052.7950      -1341.342          43.000  
G18  21775084.129   114428838.2860      -2975.830          48.000    21775084.366    89165329.5620      -2318.640          48.000  
G10  22802249.732   119826630.8000        867.636          49.000    22802250.637    93371404.8870        675.862          44.000  
G24  22011628.167   115671887.0730      -1862.240          45.000    22011629.524    90133943.6850      -1451.125          42.000  
G32  23169559.044   121756855.2360       1332.889          48.000    23169561.915    94875482.4450       1038.579          44.000  
> 2026  7 21 18 52 27.0030000  0 7                            
G23  21357759.988   112235785.2730       -511.827          47.000    21357758.952    87456451.3840       -398.837          47.000  
G15  23986800.201   126051486.7520      -3964.605          41.000    23986801.862    98221942.2060      -3089.035          38.000  
G27  24521239.201   128859979.4250      -1719.241          43.000    24521242.941   100410390.9210      -1339.892          43.000  
G18  21775649.562   114431809.6600      -2973.425          48.000    21775649.734    89167644.9300      -2316.931          48.000  
G10  22802083.848   119825759.1120        869.378          48.000    22802084.685    93370725.6530        677.469          44.000  
G24  22011981.929   115673746.0840      -1861.665          45.000    22011983.242    90135392.2560      -1450.661          42.000  
G32  23169304.621   121755518.3590       1334.563          48.000    23169307.531    94874440.7260       1040.181          44.000  
> 2026  7 21 18 52 28.0030000  0 7                            
G23  21357855.588   112236288.0610       -502.765          47.000    21357854.505    87456843.1680       -391.675          47.000  
G15  23987552.844   126055442.0700      -3955.314          41.000    23987554.456    98225024.2920      -3082.000          38.000  
G27  24521564.597   128861689.9470      -1710.547          43.000    24521568.421   100411723.8100      -1333.164          43.000  
G18  21776213.739   114434774.3290      -2964.685          48.000    21776213.852    89169955.0720      -2310.187          48.000  
G10  22801916.499   119824880.1750        879.134          49.000    22801917.349    93370040.7690        685.133          44.000  
G24  22012334.400   115675598.4790      -1852.717          45.000    22012335.605    90136835.6930      -1443.686          42.000  
G32  23169048.819   121754174.5090       1343.903          48.000    23169051.795    94873393.5820       1047.350          44.000  
> 2026  7 21 18 52 29.0030000  0 7                            
G23  21357952.360   112236796.2980       -509.792          47.000    21357951.231    87457239.1930       -397.217          47.000  
G15  23988306.561   126059402.6700      -3962.383          41.000    23988308.157    98228110.4560      -3087.346          38.000  
G27  24521891.020   128863406.2260      -1718.175          43.000    24521895.067   100413061.1490      -1338.697          43.000  
G18  21776778.987   114437744.7730      -2972.253          48.000    21776779.118    89172269.6880      -2315.875          48.000  
G10  22801750.162   119824006.5670        871.978          49.000    22801751.131    93369360.0370        679.404          44.000  
G24  22012688.119   115677456.8280      -1860.412          45.000    22012689.204    90138283.7480      -1449.481          42.000  
G32  23168794.154   121752836.2330       1336.653          48.000    23168797.163    94872350.7660       1041.624          44.000  
> 2026  7 21 18 52 30.0030000  0 7                            
G23  21358049.632   112237307.8260       -512.337          47.000    21358048.673    87457637.7850       -399.238          47.000  
G15  23989060.840   126063366.3730      -3964.287          41.000    23989062.447    98231199.0590      -3089.150          38.000  
G27  24522218.282   128865126.0760      -1720.821          43.000    24522222.379   100414401.2920      -1340.919          43.000  
G18  21777344.918   114440718.8100      -2974.982          49.000    21777345.106    89174587.1220      -2318.152          48.000  
G10  22801584.373   119823136.1070        869.738          49.000    22801585.543    93368681.7560        677.664          44.000  
G24  22013042.480   115679318.9500      -1863.146          45.000    22013043.531    90139734.7600      -1451.873          42.000  
G32  23168540.013   121751501.3360       1334.102          48.000    23168543.077    94871310.6060       1039.310          44.000  
> 2026  7 21 18 52 31.0030000  0 7                            
G23  21358147.399   112237821.5520       -524.830          48.000    21358146.469    87458038.0990       -409.067          47.000  
G15  23989815.453   126067332.1080      -3976.641          41.000    23989817.008    98234289.2160      -3098.044          38.000  
G27  24522545.963   128866848.4060      -1733.211          43.000    24522550.104   100415743.3870      -1351.103          43.000  
G18  21777911.304   114443695.3600      -2987.659          48.000    21777911.622    89176906.5230      -2328.302          49.000  
G10  22801419.224   119822267.6590        857.954          49.000    22801420.301    93368005.0600        668.238          44.000  
G24  22013397.321   115681183.7270      -1875.251          45.000    22013398.400    90141187.8400      -1461.126          42.000  
G32  23168286.443   121750168.7290       1321.857          48.000    23168289.485    94870272.2160       1029.699          44.000  
> 2026  7 21 18 52 32.0030000  0 7                            
G23  21358245.147   112238335.5100       -510.258          47.000    21358244.128    87458438.1960       -397.844          47.000  
G15  23990570.126   126071296.9180      -3962.199          41.000    23990571.611    98237379.0830      -3087.450          38.000  
G27  24522873.726   128868570.2820      -1719.322          42.000    24522877.821   100417085.4770      -1339.841          43.000  
G18  21778477.807   114446672.9670      -2973.492          48.000    21778478.114    89179225.9480      -2317.181          49.000  
G10  22801253.876   119821397.3540        872.191          49.000    22801254.983    93367328.0570        679.436          44.000  
G24  22013752.327   115683048.3090      -1861.926          45.000    22013753.270    90142641.1520      -1451.272          42.000  
G32  23168032.918   121748833.9950       1335.983          48.000    23168035.865    94869233.7170       1040.829          44.000  
> 2026  7 21 18 52 33.0030000  0 7                            
G23  21358342.582   112238847.7980       -511.446          47.000    21358341.623    87458837.3740       -398.470          47.000  
G15  23991324.448   126075260.8410      -3962.877          41.000    23991325.903    98240467.8580      -3088.280          38.000  
G27  24523201.283   128870291.7740      -1720.722          42.000    24523205.438   100418426.8920      -1340.792          43.000  
G18  21779044.074   114449648.7130      -2975.055          48.000    21779044.453    89181544.7030      -2318.183          49.000  
G10  22801088.337   119820527.2050        871.149          49.000    22801089.449    93366650.0150        678.876          44.000  
G24  22014107.061   115684912.6680      -1863.684          45.000    22014107.962    90144093.8810      -1452.076          42.000  
G32  23167779.093   121747500.1740       1334.593          48.000    23167782.057    94868194.3750       1040.043          44.000  
> 2026  7 21 18 52 34.0030000  0 7                            
G23  21358440.488   112239362.1580       -517.080          48.000    21358439.474    87459238.1810       -402.919          47.000  
G15  23992079.142   126079226.6950      -3968.579          41.000    23992080.554    98243558.1480      -3092.879          38.000  
G27  24523529.362   128872015.6460      -1726.779          42.000    24523533.520   100419770.1700      -1345.323          43.000  
G18  21779610.751   114452626.8410      -2981.006          48.000    21779611.122    89183865.3190      -2322.833          48.000  
G10  22800923.184   119819658.9920        865.374          49.000    22800924.277    93365973.4860        674.328          44.000  
G24  22014462.374   115686779.5970      -1870.118          45.000    22014463.192    90145548.6470      -1457.211          42.000  
G32  23167525.718   121746168.5310       1328.598          48.000    23167528.586    94867156.7330       1035.372          44.000  
> 2026  7 21 18 52 35.0030000  0 7                            
G23  21358538.921   112239879.5770       -516.454          48.000    21358537.920    87459641.3650       -402.458          47.000  
G15  23992834.348   126083195.4160      -3967.702          41.000    23992835.781    98246650.6140      -3091.224          38.000  
G27  24523857.987   128873742.8620      -1726.370          42.000    24523862.186   100421116.0350      -1345.060          43.000  
G18  21780178.102   114455608.3420      -2980.652          48.000    21780178.439    89186188.5580      -2322.479          48.000  
G10  22800758.510   119818793.6620        866.474          48.000    22800759.661    93365299.2150        674.938          44.000  
G24  22014818.326   115688650.0480      -1869.692          45.000    22014819.177    90147006.1370      -1457.035          42.000  
G32  23167272.910   121744840.0310       1329.380          48.000    23167275.925    94866121.5280       1035.899          44.000  
> 2026  7 21 18 52 36.0030000  0 7                            
G23  21358637.381   112240397.1680       -519.372          48.000    21358636.380    87460044.6820       -404.686          47.000  
G15  23993589.621   126087164.1290      -3970.278          41.000    23993591.045    98249743.1490      -3094.011          38.000  
G27  24524186.796   128875470.5390      -1729.577          42.000    24524190.823   100422462.2840      -1347.531          43.000  
G18  21780745.497   114458590.3260      -2983.868          48.000    21780745.923    89188512.1910      -2325.110          48.000  
G10  22800593.924   119817928.3700        863.616          49.000    22800594.998    93364624.9500        673.148          44.000  
G24  22015174.260   115690521.1780      -1873.147          45.000    22015175.304    90148464.1480      -1459.301          42.000  
G32  23167020.178   121743511.7970       1326.485          48.000    23167023.130    94865086.5550       1033.448          44.000  
> 2026  7 21 18 52 37.0030000  0 7                            
G23  21358736.543   112240918.1490       -525.375          48.000    21358735.661    87460451.0400       -409.458          47.000  
G15  23994345.590   126091136.0720      -3976.231          41.000    23994346.986    98252838.5510      -3098.513          38.000  
G27  24524516.335   128877201.9210      -1736.039          42.000    24524520.474   100423811.8100      -1352.577          42.000  
G18  21781313.686   114461576.5220      -2990.308          48.000    21781314.210    89190839.1050      -2330.182          48.000  
G10  22800430.026   119817066.3240        857.601          48.000    22800431.025    93363953.6260        668.315          44.000  
G24  22015531.148   115692396.2030      -1879.827          45.000    22015532.155    90149925.6030      -1464.709          42.000  
G32  23166768.201   121742187.5690       1320.146          48.000    23166771.073    94864054.7020       1028.564          44.000  
> 2026  7 21 18 52 38.0030000  0 7                            
G23  21358835.404   112241437.9740       -524.174          48.000    21358834.561    87460856.0880       -408.402          47.000  
G15  23995101.249   126095106.6600      -3975.036          41.000    23995102.560    98255932.4990      -3097.249          38.000  
G27  24524845.603   128878932.4230      -1734.984          42.000    24524849.733   100425160.2470      -1351.729          42.000  
G18  21781881.558   114464561.3600      -2989.209          48.000    21781882.124    89193164.9430      -2329.248          48.000  
G10  22800265.674   119816202.9610        859.110          48.000    22800266.736    93363280.8810        669.253          44.000  
G24  22015887.681   115694270.5420      -1879.158          45.000    22015888.919    90151386.1240      -1464.096          42.000  
G32  23166515.841   121740861.7780       1321.303          48.000    23166518.705    94863021.6120       1029.689          44.000  
> 2026  7 21 18 52 39.0030000  0 7                            
G23  21358934.716   112241959.8320       -521.516          48.000    21358933.942    87461262.7340       -406.288          47.000  
G15  23995857.199   126099079.1180      -3972.061          41.000    23995858.510    98259027.9210      -3094.891          38.000  
G27  24525175.341   128880665.2620      -1732.767          42.000    24525179.446   100426510.5100      -1350.026          43.000  
G18  21782450.045   114467548.5700      -2987.036          48.000    21782450.556    89195492.6320      -2327.375          48.000  
G10  22800101.693   119815341.4900        862.022          48.000    22800102.750    93362609.5950        671.905          44.000  
G24  22016244.829   115696147.4020      -1876.574          45.000    22016246.131    90152848.6130      -1462.131          42.000  
G32  23166263.953   121739538.1240       1323.865          48.000    23166266.818    94861990.1890       1031.677          43.000  
> 2026  7 21 18 52 40.0030000  0 7                            
G23  21359034.941   112242486.8510       -515.398          48.000    21359034.100    87461673.4030       -401.640          47.000  
G15  23996614.072   126103056.5440      -3965.612          41.000    23996615.372    98262127.2090      -3090.003          38.000  
G27  24525506.063   128882403.5550      -1726.742          42.000    24525510.146   100427865.0250      -1345.530          43.000  
G18  21783019.433   114470541.2450      -2981.238          48.000    21783019.940    89197824.5850      -2323.004          48.000  
G10  22799938.658   119814485.0460        868.259          48.000    22799939.796    93361942.2410        676.529          44.000  
G24  22016603.019   115698029.9240      -1871.090          45.000    22016604.405    90154315.5130      -1458.099          42.000  
G32  23166013.019   121738219.7260       1330.069          48.000    23166015.855    94860962.8760       1036.230          44.000  
> 2026  7 21 18 52 41.0030000  0 7                            
G23  21359133.265   112243003.3680       -515.398          48.000    21359132.402    87462075.8870       -401.767          47.000  
G15  23997369.003   126107023.3000      -3965.474          41.000    23997370.220    98265218.1990      -3090.124          38.000  
G27  24525834.901   128884131.6300      -1727.130          42.000    24525838.934   100429211.5800      -1345.877          43.000  
G18  21783587.001   114473523.7130      -2981.354          48.000    21783587.607    89200148.5970      -2323.370          48.000  
G10  22799773.661   119813617.9520        868.121          49.000    22799774.870    93361266.5870        676.216          44.000  
G24  22016959.402   115699902.4510      -1871.976          45.000    22016960.886    90155774.6270      -1458.787          42.000  
G32  23165760.142   121736890.9380       1329.790          48.000    23165762.946    94859927.4720       1035.784          44.000  
> 2026  7 21 18 52 42.0030000  0 7                            
G23  21359231.651   112243519.8430       -523.855          48.000    21359230.770    87462478.3460       -408.589          47.000  
G15  23998123.866   126110989.8400      -3973.959          41.000    23998124.991    98268309.0000      -3096.117          38.000  
G27  24526163.812   128885859.9610      -1736.147          42.000    24526167.885   100430558.3310      -1352.955          43.000  
G18  21784154.607   114476506.4720      -2990.155          48.000    21784155.169    89202472.8330      -2330.475          48.000  
G10  22799608.623   119812750.6710        859.502          49.000    22799609.896    93360590.7830        669.647          44.000  
G24  22017315.873   115701775.4190      -1881.367          45.000    22017317.423    90157234.0840      -1466.227          42.000  
G32  23165507.304   121735562.2210       1320.724          48.000    23165510.165    94858892.0950       1029.075          44.000  
> 2026  7 21 18 52 43.0030000  0 7                            
G23  21359329.923   112244036.6000       -514.106          48.000    21359329.034    87462880.9990       -400.555          47.000  
G15  23998878.708   126114956.4830      -3963.907          41.000    23998879.736    98271399.8890      -3088.879          38.000  
G27  24526492.709   128887588.8560      -1726.104          42.000    24526496.888   100431905.5180      -1345.080          43.000  
G18  21784722.317   114479489.8220      -2980.713          48.000    21784722.825    89204797.5040      -2322.906          48.000  
G10  22799443.482   119811883.4790        869.896          49.000    22799444.761    93359915.0430        677.939          44.000  
G24  22017672.381   115703649.1020      -1871.181          45.000    22017673.906    90158694.1000      -1458.271          42.000  
G32  23165254.554   121734233.8490       1330.845          48.000    23165257.469    94857857.0010       1037.118          44.000  
> 2026  7 21 18 52 44.0030000  0 7                            
G23  21359428.022   112244552.3570       -517.675          48.000    21359427.199    87463282.8870       -403.386          47.000  
G15  23999633.340   126118921.9440      -3967.276          41.000    23999634.328    98274489.8780      -3091.593          38.000  
G27  24526821.543   128889317.0640      -1730.316          42.000    24526825.753   100433252.1810      -1348.450          43.000  
G18  21785289.829   114482472.4890      -2984.662          48.000    21785290.347    89207121.6510      -2325.671          48.000  
G10  22799278.232   119811015.1680        866.603          49.000    22799279.485    93359238.4420        675.179          44.000  
G24  22018028.721   115705522.3200      -1875.442          45.000    22018030.338    90160153.7350      -1461.370          42.000  
G32  23165001.591   121732904.5920       1327.286          48.000    23165004.413    94856821.2270       1034.164          44.000  
> 2026  7 21 18 52 45.0030000  0 7                            
G23  21359526.813   112245071.8630       -518.446          48.000    21359526.166    87463687.6970       -403.761          47.000  
G15  24000388.610   126122890.9780      -3967.910          41.000    24000389.579    98277582.6280      -3091.920          38.000  
G27  24527151.114   128891049.2980      -1731.255          42.000    24527155.404   100434601.9550      -1348.867          43.000  
G18  21785858.317   114485459.2140      -2985.773          48.000    21785858.683    89209448.9740      -2326.556          48.000  
G10  22799113.797   119810150.4620        865.847          49.000    22799114.917    93358564.6410        674.871          44.000  
G24  22018385.988   115707399.7580      -1876.500          45.000    22018387.727    90161616.6960      -1462.136          42.000  
G32  23164749.384   121731579.1830       1326.521          48.000    23164752.191    94855788.4290       1033.990          44.000  
> 2026  7 21 18 52 46.0030000  0 7                            
G23  21359625.904   112245592.2790       -521.128          48.000    21359625.242    87464093.2140       -406.088          47.000  
G15  24001143.962   126126860.7550      -3970.386          41.000    24001144.981    98280675.9480      -3093.929          38.000  
G27  24527481.022   128892782.7380      -1734.312          42.000    24527485.249   100435952.6870      -1351.444          43.000  
G18  21786426.894   114488447.1580      -2988.763          48.000    21786427.405    89211777.2320      -2328.998          48.000  
G10  22798949.420   119809286.5090        863.287          49.000    22798950.580    93357891.4350        672.660          44.000  
G24  22018743.616   115709278.6120      -1879.887          45.000    22018745.276    90163080.7110      -1464.632          42.000  
G32  23164497.406   121730254.7900       1323.708          48.000    23164500.173    94854756.4470       1031.357          44.000  
> 2026  7 21 18 52 47.0030000  0 7                            
G23  21359725.538   112246115.4810       -526.149          48.000    21359724.890    87464500.8930       -409.918          47.000  
G15  24001899.969   126130833.1440      -3975.140          41.000    24001900.984    98283771.3020      -3097.609          38.000  
G27  24527811.426   128894519.2530      -1739.490          42.000    24527815.708   100437305.8060      -1355.314          43.000  
G18  21786996.117   114491438.2040      -2994.055          48.000    21786996.625    89214107.9150      -2333.093          48.000  
G10  22798785.584   119808425.2010        858.439          49.000    22798786.681    93357220.2840        668.936          44.000  
G24  22019101.765   115711160.7320      -1885.415          45.000    22019103.433    90164547.3100      -1469.163          42.000  
G32  23164246.038   121728933.2830       1318.472          48.000    23164248.756    94853726.7020       1027.404          44.000  
> 2026  7 21 18 52 48.0030000  0 7                            
G23  21359826.047   112246644.0630       -531.159          48.000    21359825.467    87464912.7770       -413.997          47.000  
G15  24002656.914   126134810.7280      -3980.144          41.000    24002657.782    98286870.7160      -3101.524          38.000  
G27  24528142.984   128896261.4370      -1745.121          42.000    24528147.326   100438663.3560      -1359.827          43.000  
G18  21787566.421   114494434.9390      -2999.554          48.000    21787566.993    89216443.0310      -2337.329          48.000  
G10  22798622.631   119807569.1260        853.616          49.000    22798623.836    93356553.2180        665.098          44.000  
G24  22019461.014   115713048.7110      -1890.716          45.000    22019462.700    90166018.4530      -1473.260          42.000  
G32  23163995.581   121727617.2550       1313.466          48.000    23163998.291    94852701.2280       1023.389          44.000  
> 2026  7 21 18 52 49.0030000  0 7                            
G23  21359927.602   112247177.3370       -535.119          48.000    21359926.939    87465328.3130       -416.941          47.000  
G15  24003414.745   126138792.8080      -3983.632          41.000    24003415.588    98289973.6520      -3104.336          38.000  
G27  24528475.416   128898008.6020      -1749.255          42.000    24528479.878   100440024.7770      -1363.154          43.000  
G18  21788137.661   114497436.6760      -3003.705          48.000    21788138.197    89218782.0490      -2340.668          48.000  
G10  22798460.503   119806717.6060        849.738          49.000    22798461.843    93355889.6870        662.276          44.000  
G24  22019821.303   115714941.8790      -1895.184          45.000    22019823.075    90167493.6700      -1476.997          42.000  
G32  23163745.980   121726306.0290       1309.286          48.000    23163748.811    94851679.4860       1020.307          44.000  
> 2026  7 21 18 52 50.0030000  0 7                            
G23  21360029.824   112247714.4250       -538.968          47.000    21360029.144    87465746.8300       -420.084          47.000  
G15  24004173.257   126142778.5510      -3987.652          41.000    24004174.087    98293079.4170      -3107.181          38.000  
G27  24528808.716   128899759.8730      -1753.497          42.000    24528813.121   100441389.3850      -1366.104          43.000  
G18  21788709.695   114500442.5490      -3008.032          48.000    21788710.221    89221124.2890      -2344.012          48.000  
G10  22798299.240   119805869.7440        845.900          49.000    22798300.396    93355229.0180        659.074          44.000  
G24  22020182.456   115716839.3590      -1899.609          45.000    22020184.084    90168972.2020      -1479.955          42.000  
G32  23163497.156   121724998.7010       1305.327          48.000    23163500.089    94850660.8030       1017.023          44.000  
> 2026  7 21 18 52 51.0030000  0 7                            
G23  21360132.824   112248255.9210       -544.104          47.000    21360132.083    87466168.7630       -423.979          47.000  
G15  24004932.559   126146768.5140      -3992.601          41.000    24004933.246    98296188.4620      -3110.864          38.000  
G27  24529142.917   128901515.8410      -1758.839          42.000    24529147.317   100442757.6810      -1370.464          43.000  
G18  21789282.541   114503453.1350      -3013.440          48.000    21789283.127    89223470.1950      -2348.193          48.000  
G10  22798138.739   119805026.1400        840.960          49.000    22798139.878    93354571.6680        655.244          44.000  
G24  22020544.587   115718741.7440      -1905.381          45.000    22020546.151    90170454.5810      -1484.722          42.000  
G32  23163249.302   121723695.8950       1300.004          48.000    23163252.258    94849645.6200       1012.994          44.000  
> 2026  7 21 18 52 52.0030000  0 7                            
G23  21360236.776   112248802.5870       -548.882          47.000    21360236.063    87466594.7420       -427.955          47.000  
G15  24005692.752   126150763.4770      -3997.186          41.000    24005693.501    98299301.4210      -3114.468          38.000  
G27  24529478.093   128903277.2810      -1763.644          42.000    24529482.385   100444130.2250      -1374.351          43.000  
G18  21789856.357   114506469.2110      -3018.494          48.000    21789857.010    89225820.3810      -2352.149          48.000  
G10  22797979.144   119804187.5640        836.326          49.000    22797980.360    93353918.2350        651.531          44.000  
G24  22020907.689   115720649.7790      -1910.570          45.000    22020909.264    90171941.3660      -1488.813          42.000  
G32  23163002.374   121722398.3520       1295.330          48.000    23163005.369    94848634.5520       1009.344          44.000  
> 2026  7 21 18 52 53.0030000  0 7                            
G23  21360341.711   112249353.7700       -553.553          48.000    21360340.868    87467024.2240       -431.224          47.000  
G15  24006453.745   126154762.7780      -4001.537          41.000    24006454.570    98302417.7620      -3118.251          38.000  
G27  24529814.206   128905043.5200      -1768.653          43.000    24529818.530   100445506.5150      -1378.124          43.000  
G18  21790431.314   114509490.1130      -3023.425          48.000    21790431.887    89228174.3240      -2355.878          48.000  
G10  22797820.484   119803353.3510        831.824          49.000    22797821.568    93353268.1860        648.281          44.000  
G24  22021271.740   115722562.8120      -1915.515          45.000    22021273.391    90173432.0510      -1492.836          42.000  
G32  23162756.311   121721105.4280       1290.550          48.000    23162759.224    94847627.0760       1005.675          44.000  
> 2026  7 21 18 52 54.0030000  0 7                            
G23  21360447.538   112249909.8910       -558.844          48.000    21360446.666    87467457.5750       -435.461          47.000  
G15  24007215.635   126158766.8320      -4006.578          41.000    24007216.500    98305537.8080      -3122.205          38.000  
G27  24530151.336   128906814.9880      -1774.256          42.000    24530155.649   100446886.8720      -1382.439          43.000  
G18  21791007.168   114512516.2720      -3028.967          48.000    21791007.766    89230532.3650      -2360.205          48.000  
G10  22797662.646   119802523.9290        826.668          49.000    22797663.704    93352621.8920        644.111          44.000  
G24  22021636.786   115724481.2860      -1921.397          45.000    22021638.378    90174926.9540      -1497.222          42.000  
G32  23162511.240   121719817.5490       1284.962          48.000    23162514.077    94846623.5380       1001.286          44.000  
> 2026  7 21 18 52 55.0030000  0 7                            
G23  21360554.440   112250471.6640       -564.828          48.000    21360553.600    87467895.3140       -440.095          47.000  
G15  24007978.572   126162776.3720      -4012.573          41.000    24007979.454    98308662.1160      -3126.723          38.000  
G27  24530489.551   128908592.3880      -1780.396          42.000    24530493.914   100448271.8660      -1387.446          43.000  
G18  21791584.189   114515548.3920      -3035.437          48.000    21791584.698    89232895.0560      -2365.192          48.000  
G10  22797505.869   119801700.0030        821.017          49.000    22797507.013    93351979.8750        639.821          44.000  
G24  22022003.078   115726405.9010      -1927.935          45.000    22022004.681    90176426.6440      -1502.185          42.000  
G32  23162267.271   121718535.4090       1279.085          48.000    23162270.020    94845624.4720        996.660          44.000  
> 2026  7 21 18 52 56.0030000  0 7                            
G23  21360662.364   112251038.4990       -568.795          48.000    21360661.383    87468337.0140       -443.332          47.000  
G15  24008742.455   126166790.7780      -4016.188          41.000    24008743.388    98311790.2260      -3129.707          38.000  
G27  24530828.861   128910375.1600      -1784.971          43.000    24530833.046   100449661.0340      -1390.798          43.000  
G18  21792162.185   114518585.8840      -3039.703          48.000    21792162.742    89235261.9350      -2368.555          48.000  
G10  22797349.990   119800881.0030        817.068          48.000    22797351.041    93351341.6860        636.750          44.000  
G24  22022370.403   115728336.0590      -1932.283          45.000    22022371.975    90177930.6660      -1505.715          43.000  
G32  23162024.254   121717258.4460       1275.002          48.000    23162027.057    94844629.4380        993.438          44.000  
> 2026  7 21 18 52 57.0030000  0 8                            
G23  21360770.972   112251609.2990       -572.789          48.000    21360770.093    87468781.7890       -446.453          47.000  
G15  24009507.068   126170808.9900      -4020.245          41.000    24009507.920    98314921.2930      -3132.964          37.000  
G27  24531168.951   128912162.1830      -1789.283          43.000    24531173.137   100451053.5070      -1394.065          43.000  
G18  21792740.920   114521627.6490      -3043.976          48.000    21792741.519    89237632.1440      -2372.052          48.000  
G10  22797194.871   119800065.8160        813.167          49.000    22797195.879    93350706.4780        633.696          44.000  
G24  22022738.562   115730270.6540      -1936.760          45.000    22022740.195    90179438.1450      -1509.218          43.000  
G32  23161782.117   121715985.5370       1270.815          48.000    23161784.797    94843637.5590        990.345          44.000  
G08  25766770.284   135405290.9411       -257.320          25.000                                                                  
> 2026  7 21 18 52 58.0030000  0 8                            
G23  21360880.219   112252183.4640       -575.510          48.000    21360879.335    87469229.1840       -448.434          47.000  
G15  24010272.329   126174830.3600      -4022.601          41.000    24010273.263    98318054.8320      -3134.814          37.000  
G27  24531509.719   128913952.8650      -1792.223          43.000    24531513.793   100452448.8640      -1396.524          43.000  
G18  21793320.444   114524673.0940      -3046.930          48.000    21793321.076    89240005.2130      -2374.231          48.000  
G10  22797040.308   119799253.8460        810.635          48.000    22797041.398    93350073.7740        631.791          44.000  
G24  22023107.408   115732209.1160      -1940.210          45.000    22023109.161    90180948.6410      -1511.948          42.000  
G32  23161540.597   121714716.0980       1268.007          48.000    23161543.202    94842648.3900        988.129          44.000  
G08  25766819.794   135405551.2631       -257.320          24.000                                                                  
> 2026  7 21 18 52 59.0030000  0 7                            
G23  21360990.028   112252760.4650       -578.851          48.000    21360989.194    87469678.7930       -450.949          47.000  
G15  24011038.103   126178854.4180      -4026.040          41.000    24011039.005    98321190.4410      -3136.608          38.000  
G27  24531851.167   128915746.6910      -1795.831          43.000    24531855.200   100453846.6470      -1399.308          43.000  
G18  21793900.555   114527721.6890      -3050.586          48.000    21793901.250    89242380.7410      -2377.051          48.000  
G10  22796886.240   119798444.5490        807.584          49.000    22796887.483    93349443.1570        629.262          44.000  
G24  22023476.948   115734150.8930      -1943.827          45.000    22023478.628    90182461.7130      -1514.698          42.000  
G32  23161299.575   121713449.5960       1264.657          48.000    23161302.203    94841661.5050        985.390          44.000  
> 2026  7 21 18 53  0.0030000  0 7                            
G23  21361100.381   112253340.5500       -581.584          48.000    21361099.456    87470130.8060       -453.202          47.000  
G15  24011804.307   126182881.3570      -4028.247          41.000    24011805.369    98324328.3270      -3139.378          37.000  
G27  24532193.056   128917543.8980      -1799.141          42.000    24532197.191   100455247.0420      -1401.634          43.000  
G18  21794481.338   114530773.6800      -3053.796          48.000    21794481.978    89244758.9160      -2379.614          48.000  
G10  22796732.710   119797638.2070        804.833          48.000    22796734.076    93348814.8470        627.036          44.000  
G24  22023847.129   115736096.2430      -1947.190          45.000    22023848.786    90183977.5720      -1517.342          42.000  
G32  23161059.134   121712186.2720       1261.660          48.000    23161061.703    94840677.1040        982.944          44.000  
> 2026  7 21 18 53  1.0030000  0 7                            
G23  21361211.367   112253923.6710       -584.598          48.000    21361210.458    87470585.1860       -455.545          47.000  
G15  24012571.164   126186911.1770      -4031.153          41.000    24012572.137    98327468.4290      -3141.083          37.000  
G27  24532535.628   128919344.3920      -1802.103          43.000    24532539.805   100456650.0480      -1404.380          43.000  
G18  21795062.789   114533829.0080      -3056.952          48.000    21795063.442    89247139.6870      -2382.019          48.000  
G10  22796579.830   119796834.7320        802.075          49.000    22796581.152    93348188.7550        625.052          44.000  
G24  22024218.019   115738045.1150      -1950.708          45.000    22024219.664    90185496.1720      -1519.912          43.000  
G32  23160819.334   121710926.0880       1258.391          48.000    23160821.904    94839695.1450        980.538          44.000  
> 2026  7 21 18 53  2.0030000  0 7                            
G23  21361323.035   112254510.3100       -589.019          48.000    21361322.072    87471042.3110       -459.057          47.000  
G15  24013338.689   126190944.3250      -4035.240          41.000    24013339.618    98330611.1610      -3144.733          37.000  
G27  24532879.002   128921148.7100      -1806.941          42.000    24532883.157   100458055.9960      -1407.903          43.000  
G18  21795644.923   114536888.1770      -3061.682          48.000    21795645.640    89249523.4540      -2385.791          48.000  
G10  22796427.555   119796034.6520        797.847          49.000    22796428.858    93347565.3160        621.810          44.000  
G24  22024589.694   115739997.9920      -1955.531          45.000    22024591.274    90187017.8860      -1523.592          43.000  
G32  23160580.227   121709669.5160       1254.086          48.000    23160582.779    94838715.9980        977.185          44.000  
> 2026  7 21 18 53  3.0030000  0 7                            
G23  21361435.555   112255101.4820       -593.248          48.000    21361434.559    87471502.9720       -462.302          47.000  
G15  24014107.019   126194981.8440      -4039.692          41.000    24014107.913    98333757.2670      -3147.820          37.000  
G27  24533223.329   128922957.8530      -1811.420          42.000    24533227.402   100459465.7300      -1411.472          43.000  
G18  21796228.009   114539952.1930      -3066.278          48.000    21796228.631    89251910.9930      -2389.307          48.000  
G10  22796276.075   119795238.9410        793.806          49.000    22796277.384    93346945.2900        618.422          44.000  
G24  22024962.324   115741955.8920      -1960.065          45.000    22024963.878    90188543.5360      -1527.322          42.000  
G32  23160341.970   121708417.5850       1249.740          48.000    23160344.545    94837740.4680        973.747          44.000  
> 2026  7 21 18 53  4.0030000  0 7                            
G23  21361548.869   112255696.8360       -597.349          48.000    21361547.826    87471966.8860       -465.445          47.000  
G15  24014876.078   126199023.3530      -4043.147          41.000    24014877.054    98336906.4940      -3150.761          37.000  
G27  24533568.533   128924771.4590      -1815.591          42.000    24533572.543   100460878.9280      -1414.890          43.000  
G18  21796811.903   114543020.6950      -3070.667          48.000    21796812.542    89254302.0330      -2392.609          48.000  
G10  22796125.346   119794447.2770        789.839          49.000    22796126.778    93346328.4080        615.533          44.000  
G24  22025335.811   115743918.4760      -1964.827          45.000    22025337.332    90190072.8220      -1531.078          43.000  
G32  23160104.423   121707169.9230       1245.631          48.000    23160107.187    94836768.2730        970.588          44.000  
> 2026  7 21 18 53  5.0030000  0 7                            
G23  21361662.833   112256295.8520       -600.945          48.000    21361661.821    87472433.6470       -468.285          47.000  
G15  24015645.786   126203068.3550      -4046.836          41.000    24015646.845    98340058.4390      -3153.514          37.000  
G27  24533914.404   128926589.0350      -1819.696          42.000    24533918.402   100462295.2030      -1417.776          43.000  
G18  21797396.553   114546093.1680      -3074.475          48.000    21797397.185    89256696.1640      -2395.679          48.000  
G10  22795975.348   119793659.1080        786.393          49.000    22795976.775    93345714.2590        612.802          44.000  
G24  22025710.051   115745885.1890      -1968.843          45.000    22025711.616    90191605.3180      -1534.107          43.000  
G32  23159867.759   121705926.0270       1242.043          48.000    23159870.469    94835799.0100        967.641          44.000  
> 2026  7 21 18 53  6.0030000  0 7                            
G23  21361777.546   112256898.8520       -605.021          48.000    21361776.641    87472903.5200       -471.618          47.000  
G15  24016416.164   126207117.1530      -4051.004          41.000    24016417.334    98343213.3400      -3156.700          37.000  
G27  24534261.070   128928410.8820      -1824.255          42.000    24534265.174   100463714.8230      -1421.465          43.000  
G18  21797981.985   114549169.9450      -3079.028          48.000    21797982.719    89259093.6500      -2399.194          48.000  
G10  22795826.162   119792874.7880        782.225          49.000    22795827.558    93345103.0990        609.539          44.000  
G24  22026085.146   115747856.3800      -1973.674          45.000    22026086.805    90193141.3220      -1537.923          43.000  
G32  23159631.852   121704686.2270       1237.636          48.000    23159634.576    94834832.9340        964.165          44.000  
> 2026  7 21 18 53  7.0030000  0 7                            
G23  21361893.086   112257506.0560       -609.258          48.000    21361892.154    87473376.6630       -474.865          47.000  
G15  24017187.421   126211169.9910      -4055.031          41.000    24017188.497    98346371.3840      -3159.470          37.000  
G27  24534608.738   128930237.2230      -1828.612          42.000    24534612.920   100465137.9440      -1424.883          43.000  
G18  21798568.427   114552251.2250      -3083.478          48.000    21798569.069    89261494.6460      -2402.588          48.000  
G10  22795677.621   119792094.5230        778.264          49.000    22795679.127    93344495.0970        606.490          44.000  
G24  22026461.006   115749832.2610      -1978.113          45.000    22026462.794    90194680.9690      -1541.287          43.000  
G32  23159396.763   121703450.7240       1233.158          48.000    23159399.582    94833870.2010        960.966          44.000  
> 2026  7 21 18 53  8.0030000  0 7                            
G23  21362009.321   112258117.0070       -612.741          48.000    21362008.511    87473852.7320       -477.481          47.000  
G15  24017959.260   126215226.3860      -4058.180          41.000    24017960.463    98349532.2200      -3162.282          37.000  
G27  24534957.025   128932067.5970      -1832.377          42.000    24534961.209   100466564.2020      -1427.576          43.000  
G18  21799155.505   114555336.5700      -3087.280          48.000    21799156.211    89263898.8100      -2405.640          48.000  
G10  22795529.789   119791317.8560        774.849          49.000    22795531.350    93343889.9040        603.892          44.000  
G24  22026837.779   115751812.3730      -1982.085          44.000    22026839.614    90196223.9290      -1544.671          43.000  
G32  23159162.410   121702219.0570       1229.825          48.000    23159165.178    94832910.4600        958.323          44.000  
> 2026  7 21 18 53  9.0030000  0 7                            
G23  21362126.321   112258731.6760       -616.023          48.000    21362125.359    87474331.6970       -480.110          47.000  
G15  24018731.891   126219286.3190      -4061.208          41.000    24018733.056    98352695.8040      -3164.646          37.000  
G27  24535306.166   128933901.9630      -1835.693          42.000    24535310.287   100467993.5930      -1430.648          43.000  
G18  21799743.371   114558425.9410      -3090.912          48.000    21799744.201    89266306.1150      -2408.484          48.000  
G10  22795382.722   119790544.7650        771.732          49.000    22795384.207    93343287.5020        601.308          44.000  
G24  22027215.325   115753796.6950      -1985.939          44.000    22027217.248    90197770.1520      -1547.646          42.000  
G32  23158928.698   121700991.2120       1226.433          48.000    23158931.560    94831953.7090        955.668          44.000  
> 2026  7 21 18 53 10.0030000  0 7                            
G23  21362243.747   112259348.9940       -618.299          48.000    21362242.800    87474812.7190       -481.769          47.000  
G15  24019504.830   126223348.7310      -4063.556          41.000    24019506.117    98355861.2900      -3166.086          37.000  
G27  24535655.768   128935739.3000      -1838.713          42.000    24535659.968   100469425.2670      -1432.687          43.000  
G18  21800331.872   114561518.2740      -3093.567          48.000    21800332.749    89268715.7270      -2410.590          48.000  
G10  22795236.170   119789774.1600        769.527          49.000    22795237.531    93342687.0260        599.752          44.000  
G24  22027593.333   115755784.1530      -1988.817          44.000    22027595.332    90199318.8100      -1549.797          42.000  
G32  23158695.571   121699766.1290       1224.016          48.000    23158698.416    94830999.1000        953.745          44.000  
> 2026  7 21 18 53 11.0030000  0 7                            
G23  21362361.747   112259969.1840       -621.860          48.000    21362360.828    87475295.9830       -484.623          47.000  
G15  24020278.459   126227413.8160      -4066.620          41.000    24020279.783    98359028.9220      -3169.318          37.000  
G27  24536006.027   128937579.7650      -1842.456          42.000    24536010.189   100470859.3940      -1435.427          43.000  
G18  21800920.971   114564613.7850      -3097.345          48.000    21800921.695    89271127.8050      -2413.507          48.000  
G10  22795089.927   119789006.2790        766.365          49.000    22795091.342    93342088.6840        597.023          44.000  
G24  22027972.214   115757774.9650      -1992.646          44.000    22027974.162    90200870.1030      -1552.916          42.000  
G32  23158463.063   121698544.0040       1220.306          48.000    23158465.765    94830046.7870        951.154          44.000  
> 2026  7 21 18 53 12.0030000  0 7                            
G23  21362480.414   112260592.7580       -625.304          48.000    21362479.648    87475781.8790       -487.230          47.000  
G15  24021052.595   126231482.1160      -4069.932          41.000    24021053.948    98362198.9960      -3171.126          37.000  
G27  24536357.058   128939423.9130      -1846.024          42.000    24536361.168   100472296.3880      -1438.314          43.000  
G18  21801510.792   114567712.9850      -3101.025          48.000    21801511.426    89273542.7780      -2416.431          48.000  
G10  22794944.487   119788241.6410        763.141          49.000    22794945.766    93341492.8500        594.754          44.000  
G24  22028351.841   115759769.6610      -1996.642          44.000    22028353.801    90202424.3910      -1555.753          42.000  
G32  23158231.221   121697325.3520       1217.018          48.000    23158233.745    94829097.1980        948.365          44.000  
> 2026  7 21 18 53 13.0030000  0 7                            
G23  21362599.709   112261219.4560       -628.245          48.000    21362598.879    87476270.2230       -489.554          47.000  
G15  24021827.321   126235553.3620      -4072.738          41.000    24021828.814    98365371.4030      -3173.518          38.000  
G27  24536708.623   128941271.4720      -1849.228          42.000    24536712.794   100473736.0430      -1440.792          43.000  
G18  21802101.224   114570815.6420      -3104.431          48.000    21802101.778    89275960.4160      -2418.884          48.000  
G10  22794799.567   119787479.9750        760.292          49.000    22794800.760    93340899.3510        592.545          44.000  
G24  22028732.134   115761767.9630      -2000.049          44.000    22028733.987    90203981.5240      -1558.750          42.000  
G32  23157999.895   121696109.9400       1213.967          48.000    23158002.440    94828150.1380        945.748          44.000  
> 2026  7 21 18 53 14.0030000  0 7                            
G23  21362719.658   112261849.4220       -631.307          48.000    21362718.676    87476761.1010       -491.978          47.000  
G15  24022602.725   126239627.6900      -4075.591          41.000    24022604.140    98368546.2060      -3175.606          37.000  
G27  24537060.928   128943122.5780      -1852.425          42.000    24537065.054   100475178.4730      -1443.496          43.000  
G18  21802692.226   114573921.8620      -3107.660          48.000    21802692.940    89278380.8530      -2421.667          48.000  
G10  22794655.213   119786721.4410        757.213          49.000    22794656.482    93340308.2920        589.809          44.000  
G24  22029113.139   115763770.0280      -2003.827          44.000    22029114.982    90205541.5560      -1561.329          42.000  
G32  23157769.231   121694897.9030       1210.448          48.000    23157771.841    94827205.6880        943.120          44.000  
> 2026  7 21 18 53 15.0030000  0 7                            
G23  21362839.958   112262482.0060       -634.766          48.000    21362839.027    87477254.0280       -494.688          47.000  
G15  24023378.436   126243704.4700      -4079.035          41.000    24023379.961    98371722.9090      -3178.500          37.000  
G27  24537413.713   128944976.6260      -1856.607          42.000    24537417.773   100476623.1790      -1446.704          43.000  
G18  21803283.962   114577031.0160      -3111.456          48.000    21803284.614    89280803.5660      -2424.640          48.000  
G10  22794511.428   119785965.3780        753.866          49.000    22794512.683    93339719.1510        587.365          44.000  
G24  22029494.661   115765775.1750      -2007.580          44.000    22029496.506    90207104.0090      -1564.349          42.000  
G32  23157539.049   121693688.5690       1207.124          48.000    23157541.834    94826263.3530        940.550          44.000  
> 2026  7 21 18 53 16.0030000  0 7                            
G23  21362960.927   112263117.1770       -636.693          48.000    21362959.923    87477748.9590       -496.202          47.000  
G15  24024154.681   126247783.6340      -4080.663          41.000    24024156.166    98374901.4690      -3179.860          37.000  
G27  24537767.070   128946833.5360      -1858.734          42.000    24537771.128   100478070.1210      -1448.381          43.000  
G18  21803876.216   114580143.0700      -3113.830          48.000    21803876.920    89283228.5320      -2426.331          48.000  
G10  22794367.976   119785211.7450        752.058          49.000    22794369.250    93339131.8940        586.079          44.000  
G24  22029876.783   115767783.4140      -2010.023          45.000    22029878.623    90208668.8770      -1566.311          42.000  
G32  23157309.490   121692481.9290       1204.993          48.000    23157312.271    94825323.1040        939.104          44.000  
> 2026  7 21 18 53 17.0030000  0 7                            
G23  21363082.361   112263755.5550       -640.037          48.000    21363081.436    87478246.4000       -498.763          47.000  
G15  24024931.619   126251865.8510      -4083.869          41.000    24024932.943    98378082.4120      -3181.856          37.000  
G27  24538121.101   128948693.9410      -1862.259          42.000    24538125.203   100479519.7910      -1451.021          43.000  
G18  21804469.089   114583258.6330      -3117.419          48.000    21804469.790    89285656.2490      -2429.157          48.000  
G10  22794225.248   119784461.1720        748.966          49.000    22794226.402    93338547.0290        583.794          44.000  
G24  22030259.682   115769795.3430      -2013.968          45.000    22030261.435    90210236.6030      -1569.337          42.000  
G32  23157080.394   121691278.5940       1201.485          48.000    23157083.334    94824385.4560        936.107          44.000  
> 2026  7 21 18 53 18.0030000  0 7                            
G23  21363204.429   112264397.1120       -642.979          48.000    21363203.563    87478746.3080       -500.930          47.000  
G15  24025708.968   126255951.0540      -4086.573          41.000    24025710.327    98381265.6830      -3184.410          38.000  
G27  24538475.708   128950557.8120      -1865.502          42.000    24538479.867   100480972.1590      -1453.691          43.000  
G18  21805062.625   114586377.6850      -3120.721          48.000    21805063.304    89288086.6790      -2431.732          48.000  
G10  22794083.006   119783713.6370        746.115          49.000    22794084.144    93337964.5320        581.426          44.000  
G24  22030643.239   115771810.9220      -2017.140          45.000    22030645.021    90211807.1850      -1571.864          42.000  
G32  23156852.082   121690078.5380       1198.489          48.000    23156854.988    94823450.3430        934.030          44.000  
> 2026  7 21 18 53 19.0030000  0 8                            
G23  21363327.017   112265041.3300       -645.639          48.000    21363326.124    87479248.2930       -503.017          47.000  
G15  24026486.899   126260038.7360      -4088.928          40.000    24026488.094    98384450.8780      -3186.026          38.000  
G27  24538830.840   128952424.6410      -1868.461          42.000    24538835.100   100482426.8130      -1455.739          43.000  
G18  21805656.765   114589499.7130      -3123.682          48.000    21805657.394    89290519.4180      -2433.966          48.000  
G10  22793941.264   119782968.6020        743.698          49.000    22793942.286    93337383.9830        579.629          44.000  
G24  22031027.392   115773829.6660      -2020.588          45.000    22031029.109    90213380.2270      -1574.355          42.000  
G32  23156624.236   121688881.2340       1195.805          48.000    23156627.154    94822517.3850        931.772          44.000  
G08  25768104.018   135412299.7191       -342.466          26.000                                                                  
> 2026  7 21 18 53 20.0030000  0 8                            
G23  21363450.057   112265688.2780       -648.411          48.000    21363449.230    87479752.4160       -505.302          47.000  
G15  24027265.265   126264128.9670      -4091.690          40.000    24027266.483    98387638.0740      -3188.221          38.000  
G27  24539186.622   128954294.4790      -1871.526          42.000    24539190.953   100483883.8470      -1458.434          43.000  
G18  21806251.483   114592624.7740      -3126.654          48.000    21806252.164    89292954.5380      -2436.426          48.000  
G10  22793800.001   119782226.1490        741.091          49.000    22793801.082    93336805.4500        577.441          44.000  
G24  22031412.115   115775851.6060      -2023.788          45.000    22031413.762    90214955.7760      -1577.136          42.000  
G32  23156396.953   121687686.7630       1192.997          48.000    23156399.793    94821586.6280        929.685          44.000  
G08  25768176.180   135412679.6761       -345.692          26.000                                                                  
> 2026  7 21 18 53 21.0030000  0 8                            
G23  21363573.596   112266338.0460       -651.248          48.000    21363573.016    87480258.7250       -507.486          47.000  
G15  24028044.148   126268221.8560      -4094.567          41.000    24028045.327    98390827.3330      -3190.242          38.000  
G27  24539543.009   128956167.4390      -1874.638          42.000    24539547.355   100485343.2880      -1460.678          43.000  
G18  21806846.727   114595752.9750      -3129.974          48.000    21806847.342    89295392.0900      -2438.892          48.000  
G10  22793659.287   119781486.3820        738.310          49.000    22793660.369    93336229.0100        575.419          44.000  
G24  22031797.626   115777876.8680      -2027.132          45.000    22031799.079    90216533.9050      -1579.662          42.000  
G32  23156170.184   121686495.2150       1189.940          48.000    23156173.093    94820658.1580        927.378          44.000  
G08  25768237.695   135413002.7581       -348.447          26.000                                                                  
> 2026  7 21 18 53 22.0030000  0 8                            
G23  21363697.698   112266990.4430       -653.389          48.000    21363697.059    87480767.0890       -509.101          47.000  
G15  24028823.485   126272317.1650      -4096.369          40.000    24028824.624    98394018.5000      -3192.070          38.000  
G27  24539899.950   128958043.3300      -1877.003          42.000    24539904.234   100486805.0100      -1462.450          43.000  
G18  21807442.610   114598884.1110      -3132.245          48.000    21807443.005    89297831.9390      -2440.778          48.000  
G10  22793519.059   119780749.0890        736.259          49.000    22793519.947    93335654.5010        573.812          44.000  
G24  22032183.578   115779905.2480      -2029.637          45.000    22032185.015    90218114.4420      -1581.272          42.000  
G32  23155943.904   121685306.3960       1187.794          48.000    23155946.843    94819731.8070        925.692          44.000  
G08  25768304.717   135413354.8711       -351.247          25.000                                                                  
> 2026  7 21 18 53 23.0030000  0 8                            
G23  21363822.237   112267644.7500       -654.886          48.000    21363821.541    87481276.9380       -510.281          47.000  
G15  24029603.139   126276414.2110      -4097.476          41.000    24029604.156    98397210.9900      -3192.916          38.000  
G27  24540257.307   128959921.4100      -1878.862          42.000    24540261.592   100488268.4550      -1464.091          43.000  
G18  21808038.834   114602017.4720      -3134.125          48.000    21808039.177    89300273.5130      -2442.163          48.000  
G10  22793379.132   119780013.5620        734.903          49.000    22793380.134    93335081.3580        572.661          44.000  
G24  22032570.040   115781936.0270      -2031.577          45.000    22032571.467    90219696.8720      -1583.035          42.000  
G32  23155718.078   121684119.6010       1186.031          48.000    23155721.004    94818807.0460        924.053          44.000  
G08  25768370.731   135413701.2081       -353.412          26.000                                                                  
> 2026  7 21 18 53 24.0030000  0 8                            
G23  21363947.098   112268300.9240       -657.638          48.000    21363946.443    87481788.2410       -512.423          47.000  
G15  24030383.119   126280512.9540      -4100.046          40.000    24030384.120    98400404.8100      -3194.814          38.000  
G27  24540615.014   128961801.6600      -1881.919          42.000    24540619.313   100489733.5830      -1466.509          43.000  
G18  21808635.463   114605152.9980      -3137.073          48.000    21808635.862    89302716.7750      -2444.476          48.000  
G10  22793239.459   119779279.7390        732.457          49.000    22793240.447    93334509.5480        570.905          44.000  
G24  22032956.904   115783969.1470      -2034.789          45.000    22032958.399    90221281.1270      -1585.584          42.000  
G32  23155492.547   121682934.7440       1183.397          48.000    23155495.594    94817883.7850        921.983          44.000  
G08  25768436.371   135414046.6241       -356.939          26.000                                                                  
> 2026  7 21 18 53 25.0030000  0 8                            
G23  21364072.442   112268960.0350       -660.261          48.000    21364071.934    87482301.8370       -514.515          47.000  
G15  24031163.591   126284614.4470      -4102.540          40.000    24031164.661    98403600.7660      -3196.599          38.000  
G27  24540973.391   128963685.1060      -1884.662          42.000    24540977.763   100491201.2120      -1468.629          43.000  
G18  21809232.773   114608291.7780      -3140.125          48.000    21809233.190    89305162.5890      -2446.948          48.000  
G10  22793100.346   119778548.7100        729.943          49.000    22793101.304    93333939.9310        568.630          44.000  
G24  22033344.414   115786005.7050      -2038.165          45.000    22033345.979    90222868.0570      -1588.227          42.000  
G32  23155267.682   121681752.9370       1180.594          48.000    23155270.615    94816962.8940        920.050          44.000  
G08  25768505.271   135414408.4051       -359.760          26.000                                                                  
> 2026  7 21 18 53 26.0030000  0 8                            
G23  21364199.221   112269625.5820       -675.412          48.000    21364198.563    87482820.4450       -526.442          47.000  
G15  24031945.474   126288722.1900      -4117.704          40.000    24031946.357    98406801.6030      -3208.623          38.000  
G27  24541333.069   128965575.2940      -1900.200          42.000    24541337.565   100492674.0780      -1480.812          43.000  
G18  21809831.348   114611437.2940      -3155.432          48.000    21809831.801    89307613.6400      -2459.039          48.000  
G10  22792962.503   119777823.9890        714.664          49.000    22792963.367    93333375.2000        556.706          44.000  
G24  22033733.417   115788049.1820      -2053.933          45.000    22033734.925    90224460.3700      -1600.557          42.000  
G32  23155044.092   121680577.6760       1165.068          48.000    23155046.958    94816047.1200        907.633          44.000  
G08  25768572.856   135414764.2691       -372.936          26.000                                                                  
> 2026  7 21 18 53 27.0030000  0 8                            
G23  21364324.223   112270282.6150       -658.076          48.000    21364323.554    87483332.4170       -512.833          47.000  
G15  24032725.421   126292821.2380      -4099.994          40.000    24032726.294    98409995.6600      -3194.816          38.000  
G27  24541691.083   128967457.2530      -1883.224          42.000    24541695.658   100494140.5270      -1467.461          43.000  
G18  21810428.301   114614574.6260      -3138.586          48.000    21810428.752    89310058.2960      -2445.599          48.000  
G10  22792822.875   119777090.5650        732.534          49.000    22792823.728    93332803.7080        570.595          44.000  
G24  22034120.651   115790084.6110      -2036.633          45.000    22034122.180    90226046.4250      -1587.229          42.000  
G32  23154818.818   121679393.9860       1182.681          48.000    23154821.771    94815124.7600        921.354          44.000  
G08  25768635.263   135415091.5011       -355.270          25.000                                                                  
> 2026  7 21 18 53 28.0030000  0 8                            
G23  21364449.603   112270941.3730       -659.507          48.000    21364448.863    87483845.7340       -513.843          47.000  
G15  24033505.764   126296921.8210      -4101.190          40.000    24033506.643    98413190.9210      -3195.528          38.000  
G27  24542049.586   128969341.2140      -1884.879          42.000    24542054.285   100495608.5470      -1468.764          43.000  
G18  21811025.675   114617713.9800      -3140.320          48.000    21811026.233    89312504.5450      -2446.887          48.000  
G10  22792683.644   119776358.7200        731.695          49.000    22792684.433    93332233.4280        570.321          44.000  
G24  22034508.367   115792122.2170      -2037.788          45.000    22034509.960    90227634.1440      -1587.454          43.000  
G32  23154593.985   121678212.1060       1181.490          48.000    23154596.938    94814203.8120        920.682          44.000  
G08  25768699.139   135415427.7521       -357.420          25.000                                                                  
> 2026  7 21 18 53 29.0030000  0 8                            
G23  21364574.980   112271598.4480       -654.274          48.000    21364574.024    87484358.1420       -509.802          47.000  
G15  24034286.017   126301024.5810      -4096.369          40.000    24034286.708    98416385.1380      -3191.446          38.000  
G27  24542408.134   128971224.7910      -1880.199          42.000    24542412.643   100497075.8940      -1465.221          43.000  
G18  21811623.057   114620851.9530      -3135.260          48.000    21811623.398    89314950.1260      -2443.250          48.000  
G10  22792544.270   119775628.1070        736.313          49.000    22792544.963    93331662.1940        573.643          44.000  
G24  22034896.122   115794160.2350      -2034.315          45.000    22034897.562    90229221.4530      -1585.354          43.000  
G32  23154369.064   121677030.6790       1186.193          48.000    23154371.880    94813282.0720        924.115          44.000  
G08  25768762.036   135415758.3601       -358.019          25.000                                                                  
> 2026  7 21 18 53 30.0030000  0 7                            
G23  21364698.794   112272249.1620       -646.988          48.000    21364697.995    87484866.5690       -504.240          47.000  
G15  24035064.612   126305116.7470      -4088.326          40.000    24035065.517    98419575.2460      -3185.593          38.000  
G27  24542765.167   128973100.7550      -1872.657          41.000    24542769.891   100498539.4500      -1459.421          43.000  
G18  21812218.950   114623983.8790      -3128.320          48.000    21812219.437    89317390.9640      -2437.805          48.000  
G10  22792403.309   119774886.9210        744.026          48.000    22792404.203    93331084.8060        579.730          44.000  
G24  22035282.617   115796190.7750      -2026.577          45.000    22035284.039    90230804.0770      -1579.332          43.000  
G32  23154142.739   121675840.9670       1193.288          48.000    23154145.582    94812355.3930        929.918          44.000  
> 2026  7 21 18 53 31.0030000  0 7                            
G23  21364820.951   112272891.5170       -637.817          48.000    21364820.190    87485366.4990       -496.976          47.000  
G15  24035841.498   126309199.4050      -4078.872          40.000    24035842.620    98422756.7130      -3178.485          38.000  
G27  24543120.746   128974969.6850      -1864.137          42.000    24543125.386   100499994.7560      -1452.308          43.000  
G18  21812813.261   114627107.2560      -3119.580          48.000    21812813.907    89319826.5430      -2430.786          48.000  
G10  22792260.530   119774137.2500        753.439          48.000    22792261.739    93330500.8170        587.084          44.000  
G24  22035667.469   115798214.0060      -2018.492          45.000    22035668.893    90232379.6080      -1572.765          43.000  
G32  23153914.721   121674643.0020       1202.470          48.000    23153917.400    94811420.3130        936.989          44.000  
> 2026  7 21 18 53 32.0030000  0 7                            
G23  21364941.893   112273526.4260       -634.196          48.000    21364941.094    87485861.2350       -494.246          48.000  
G15  24036617.141   126313275.4140      -4074.690          40.000    24036618.307    98425932.8360      -3175.657          38.000  
G27  24543474.849   128976830.9570      -1860.975          41.000    24543479.494   100501445.0920      -1450.015          43.000  
G18  21813406.315   114630223.9880      -3116.022          48.000    21813407.004    89322255.1730      -2428.296          48.000  
G10  22792116.734   119773381.0070        756.719          48.000    22792117.885    93329911.5440        589.471          44.000  
G24  22036051.066   115800229.7700      -2015.972          45.000    22036052.494    90233950.3490      -1571.074          43.000  
G32  23153685.422   121673437.6900       1206.085          48.000    23153688.034    94810481.1150        939.461          44.000  
> 2026  7 21 18 53 33.0030000  0 7                            
G23  21365061.375   112274155.0540       -622.902          48.000    21365060.467    87486350.3070       -485.320          48.000  
G15  24037391.526   126317344.6141      -4060.742          40.000    24037392.550    98429104.1340      -3166.351          38.000  
G27  24543827.644   128978684.2010      -1849.475          41.000    24543832.194   100502888.9680      -1441.203          43.000  
G18  21813998.092   114633333.2520      -3105.023          48.000    21813998.759    89324677.3760      -2419.690          48.000  
G10  22791971.438   119772617.7770        768.963          48.000    22791972.535    93329317.4520        598.947          44.000  
G24  22036433.340   115802238.6370      -2003.258          45.000    22036434.754    90235515.7220      -1561.219          43.000  
G32  23153454.746   121672225.6790       1217.625          48.000    23153457.165    94809536.3080        948.809          44.000  
> 2026  7 21 18 53 34.0030000  0 7                            
G23  21365180.641   112274781.6461       -631.689          48.000    21365179.893    87486839.1690       -493.451          48.000  
G15  24038165.521   126321411.7021      -4070.068          40.000    24038166.577    98432273.0950      -3174.301          38.000  
G27  24544180.454   128980538.7111      -1858.789          41.000    24544185.009   100504333.8660      -1449.276          43.000  
G18  21814590.027   114636444.1781      -3112.012          48.000    21814590.471    89327100.6070      -2427.899          48.000  
G10  22791826.026   119771853.8671        761.230          48.000    22791827.147    93328722.0640        590.808          44.000  
G24  22036815.605   115804247.1081      -2014.209          45.000    22036817.032    90237081.3570      -1570.604          43.000  
G32  23153223.927   121671012.1971       1209.375          48.000    23153226.351    94808591.4040        940.216          44.000  
> 2026  7 21 18 53 35.0030000  0 7                            
G23  21365299.049   112275403.9230       -613.981          48.000    21365298.220    87487323.8160       -478.260          48.000  
G15  24038938.563   126325474.1730      -4054.306          40.000    24038939.618    98435438.7160      -3159.104          38.000  
G27  24544532.446   128982388.1850      -1841.227          41.000    24544536.899   100505774.7870      -1434.700          43.000  
G18  21815180.866   114639548.3250      -3096.863          48.000    21815181.398    89329519.8750      -2413.086          48.000  
G10  22791679.564   119771083.5660        777.791          48.000    22791680.644    93328122.3290        606.219          44.000  
G24  22037197.001   115806251.6340      -1996.388          44.000    22037198.577    90238643.0960      -1555.708          43.000  
G32  23152992.237   121669794.6090       1225.940          49.000    23152994.651    94807642.3510        955.380          44.000  
> 2026  7 21 18 53 36.0030000  0 7                            
G23  21365416.726   112276022.0960       -616.732          48.000    21365415.857    87487805.5200       -480.677          48.000  
G15  24039710.834   126329532.7270      -4056.948          40.000    24039711.946    98438601.2410      -3161.420          39.000  
G27  24544883.688   128984233.8550      -1844.270          41.000    24544888.066   100507212.9620      -1437.098          43.000  
G18  21815770.981   114642649.5580      -3099.927          48.000    21815771.640    89331936.4330      -2415.839          48.000  
G10  22791532.256   119770309.9350        775.844          48.000    22791533.418    93327519.5290        604.057          44.000  
G24  22037577.765   115808252.5360      -1998.710          44.000    22037579.347    90240202.2470      -1557.781          43.000  
G32  23152759.753   121668572.9230       1223.729          48.000    23152762.152    94806690.4070        953.040          44.000  
> 2026  7 21 18 53 37.0030000  0 7                            
G23  21365534.061   112276638.9060       -614.258          48.000    21365533.145    87488285.7640       -478.804          47.000  
G15  24040482.830   126333589.2430      -4053.848          40.000    24040483.999    98441762.1520      -3159.441          38.000  
G27  24545234.693   128986078.4520      -1842.059          41.000    24545239.035   100508649.9150      -1435.264          42.000  
G18  21816360.821   114645749.2570      -3097.961          48.000    21816361.632    89334351.7640      -2414.001          48.000  
G10  22791384.761   119769534.8650        777.815          48.000    22791385.940    93326915.1630        606.087          44.000  
G24  22037958.294   115810252.1430      -1997.528          44.000    22037959.918    90241760.3610      -1556.537          43.000  
G32  23152527.122   121667351.0360       1225.486          48.000    23152529.469    94805737.1070        954.849          44.000  
> 2026  7 21 18 53 38.0030000  0 7                            
G23  21365651.596   112277256.3341       -626.025          48.000    21365650.917    87488767.3330       -491.404          47.000  
G15  24041254.920   126337646.6601      -4065.576          40.000    24041256.405    98444924.2620      -3171.863          38.000  
G27  24545585.896   128987923.8761      -1853.564          41.000    24545590.377   100510088.4340      -1448.522          42.000  
G18  21816950.922   114648850.3411      -3108.594          48.000    21816951.915    89336768.6610      -2426.672          48.000  
G10  22791237.365   119768760.0791        766.602          48.000    22791238.712    93326312.0450        592.867          44.000  
G24  22038339.146   115812253.0961      -2009.521          45.000    22038341.012    90243320.2390      -1570.909          43.000  
G32  23152294.470   121666127.6891       1214.697          48.000    23152297.147    94804785.2240        941.569          44.000  
> 2026  7 21 18 53 39.0030000  0 7                            
G23  21365768.050   112277868.4670       -611.431          48.000    21365767.303    87489245.2430       -476.224          48.000  
G15  24042025.818   126341697.6450      -4051.103          40.000    24042027.426    98448082.5880      -3157.009          38.000  
G27  24545936.007   128989763.4590      -1840.415          41.000    24545940.556   100511522.5000      -1433.252          42.000  
G18  21817539.944   114651945.4670      -3095.416          48.000    21817540.982    89339182.1570      -2411.987          48.000  
G10  22791088.774   119767979.6620        780.383          48.000    22791090.054    93325703.1030        608.400          44.000  
G24  22038718.912   115814248.7030      -1996.304          44.000    22038720.793    90244876.7430      -1555.462          43.000  
G32  23152060.831   121664899.9390       1227.748          48.000    23152063.391    94803828.7370        956.531          44.000  
> 2026  7 21 18 53 40.0030000  0 7                            
G23  21365881.902   112278466.4250       -600.715          48.000    21365881.150    87489711.1950       -468.269          47.000  
G15  24042794.182   126345735.2510      -4040.062          40.000    24042795.728    98451228.7550      -3148.571          38.000  
G27  24546283.669   128991590.0460      -1829.567          41.000    24546288.191   100512945.8440      -1425.641          42.000  
G18  21818126.458   114655027.7230      -3085.010          48.000    21818127.540    89341583.9040      -2403.943          48.000  
G10  22790937.652   119767185.2630        791.319          49.000    22790938.878    93325084.1110        616.137          44.000  
G24  22039096.288   115816231.3930      -1986.555          44.000    22039098.101    90246421.6960      -1548.156          43.000  
G32  23151824.544   121663658.4650       1238.304          48.000    23151827.268    94802861.3520        964.806          44.000  
> 2026  7 21 18 53 41.0030000  0 7                            
G23  21365995.764   112279064.8460       -602.358          48.000    21365994.916    87490177.4840       -469.311          47.000  
G15  24043562.492   126349773.1600      -4041.732          40.000    24043564.091    98454375.1350      -3149.012          38.000  
G27  24546631.378   128993417.3940      -1831.119          41.000    24546636.025   100514369.7460      -1426.940          42.000  
G18  21818713.207   114658110.7590      -3087.091          48.000    21818714.142    89343986.2600      -2405.505          48.000  
G10  22790786.559   119766391.1380        790.512          49.000    22790787.709    93324465.3050        615.870          44.000  
G24  22039473.712   115818214.9780      -1987.813          44.000    22039475.583    90247967.3330      -1548.983          43.000  
G32  23151588.256   121662417.5330       1236.965          48.000    23151591.063    94801894.3930        963.898          44.000  
> 2026  7 21 18 53 42.0030000  0 7                            
G23  21366110.878   112279670.0490       -601.713          48.000    21366109.947    87490648.6800       -468.798          47.000  
G15  24044332.083   126353817.6520      -4040.945          40.000    24044333.686    98457526.3300      -3149.039          38.000  
G27  24546980.391   128995251.3210      -1831.016          41.000    24546984.990   100515798.7710      -1426.590          42.000  
G18  21819301.261   114661200.3700      -3086.780          48.000    21819302.038    89346393.7500      -2405.164          48.000  
G10  22790636.662   119765603.6910        790.928          49.000    22790637.828    93323851.3190        616.272          44.000  
G24  22039852.649   115820206.8610      -1987.672          44.000    22039854.354    90249518.2820      -1548.717          43.000  
G32  23151353.396   121661182.4930       1237.588          48.000    23151356.156    94800932.4230        964.236          44.000  
> 2026  7 21 18 53 43.0030000  0 7                            
G23  21366225.589   112280272.3340       -602.612          48.000    21366224.708    87491118.3880       -469.738          47.000  
G15  24045101.241   126357859.5450      -4041.612          40.000    24045102.842    98460675.8340      -3149.214          38.000  
G27  24547328.985   128997083.6110      -1832.331          42.000    24547333.541   100517226.5280      -1427.671          42.000  
G18  21819888.921   114664287.8780      -3088.019          48.000    21819889.713    89348799.9900      -2406.146          48.000  
G10  22790486.362   119764813.1730        790.224          49.000    22790487.549    93323235.7200        615.536          44.000  
G24  22040231.234   115822195.8060      -1988.931          44.000    22040232.897    90251068.1080      -1549.936          43.000  
G32  23151118.174   121659945.6520       1236.335          48.000    23151120.811    94799969.0390        963.332          44.000  
> 2026  7 21 18 53 44.0030000  0 7                            
G23  21366340.084   112280873.7440       -602.276          48.000    21366339.062    87491587.0210       -469.265          47.000  
G15  24045869.959   126361899.8800      -4040.846          40.000    24045871.701    98463824.1460      -3148.874          38.000  
G27  24547677.519   128998914.8150      -1832.059          42.000    24547682.007   100518653.4420      -1427.497          42.000  
G18  21820476.289   114667374.8140      -3087.823          48.000    21820477.195    89351205.3950      -2406.092          48.000  
G10  22790335.731   119764021.6270        790.685          49.000    22790336.898    93322618.9310        615.966          44.000  
G24  22040609.649   115824183.8870      -1989.495          44.000    22040611.244    90252617.2570      -1550.077          43.000  
G32  23150882.695   121658708.0230       1236.638          48.000    23150885.304    94799004.6540        963.674          44.000  
> 2026  7 21 18 53 45.0030000  0 7                            
G23  21366454.577   112281475.8950       -606.790          48.000    21366453.583    87492056.2270       -472.787          47.000  
G15  24046638.931   126365940.7750      -4045.459          40.000    24046640.683    98466972.9230      -3152.717          38.000  
G27  24548026.144   129000747.0560      -1836.940          42.000    24548030.709   100520081.1460      -1431.393          42.000  
G18  21821063.901   114670462.8080      -3092.846          48.000    21821064.833    89353611.6130      -2409.924          48.000  
G10  22790185.202   119763230.6750        786.186          49.000    22790186.426    93322002.5970        612.729          44.000  
G24  22040988.231   115826173.1730      -1994.551          44.000    22040989.803    90254167.3440      -1553.958          43.000  
G32  23150647.291   121657471.2380       1231.967          48.000    23150649.940    94798040.9260        960.015          44.000  
> 2026  7 21 18 53 46.0030000  0 7                            
G23  21366568.770   112282076.3480       -597.289          48.000    21366567.678    87492523.7200       -465.456          47.000  
G15  24047407.427   126369978.7950      -4035.562          40.000    24047409.153    98470119.7960      -3144.683          38.000  
G27  24548374.206   129002576.3690      -1827.726          42.000    24548379.012   100521507.3620      -1424.096          42.000  
G18  21821651.045   114673549.9030      -3083.575          48.000    21821651.986    89356016.3630      -2402.771          48.000  
G10  22790034.150   119762436.8730        796.030          49.000    22790035.671    93321385.4440        620.445          44.000  
G24  22041366.245   115828160.7170      -1985.029          44.000    22041368.227    90255718.0820      -1546.567          43.000  
G32  23150411.481   121656232.8460       1241.521          48.000    23150414.087    94797075.5630        967.351          44.000  
> 2026  7 21 18 53 47.0030000  0 7                            
G23  21366680.266   112282662.0310       -583.357          48.000    21366679.256    87492980.1010       -454.285          47.000  
G15  24048173.100   126374002.8640      -4021.521          40.000    24048174.999    98473255.4420      -3133.590          38.000  
G27  24548719.923   129004392.6950      -1814.138          42.000    24548724.675   100522922.6990      -1413.616          42.000  
G18  21822235.711   114676622.0360      -3069.910          48.000    21822236.631    89358410.2320      -2391.919          48.000  
G10  22789880.447   119761629.1480        810.181          49.000    22789881.890    93320756.0440        631.357          44.000  
G24  22041741.825   115830134.5060      -1971.469          44.000    22041743.837    90257256.1080      -1536.119          43.000  
G32  23150173.049   121654979.7840       1255.358          48.000    23150175.662    94796099.1600        978.198          44.000  
> 2026  7 21 18 53 48.0030000  0 7                            
G23  21366790.974   112283243.4470       -583.519          48.000    21366789.839    87493433.1580       -454.794          47.000  
G15  24048937.932   126378022.5020      -4021.909          40.000    24048939.872    98476387.6150      -3133.698          38.000  
G27  24549064.870   129006205.0340      -1814.408          42.000    24549069.634   100524334.9080      -1413.751          42.000  
G18  21822819.519   114679690.2150      -3070.385          48.000    21822820.551    89360801.0240      -2392.493          48.000  
G10  22789725.897   119760817.0260        809.952          49.000    22789727.269    93320123.2220        631.283          44.000  
G24  22042116.739   115832104.5230      -1972.655          44.000    22042118.749    90258791.1880      -1537.043          43.000  
G32  23149933.821   121653722.5640       1254.909          48.000    23149936.491    94795119.5000        977.974          44.000  
> 2026  7 21 18 53 49.0030000  0 7                            
G23  21366902.396   112283828.4780       -578.950          48.000    21366901.305    87493889.4060       -451.075          47.000  
G15  24049703.569   126382046.0480      -4016.772          40.000    24049705.515    98479522.8650      -3130.376          38.000  
G27  24549410.501   129008021.7970      -1810.323          42.000    24549415.220   100525750.5660      -1410.838          42.000  
G18  21823404.285   114682762.8130      -3066.266          48.000    21823405.169    89363195.2530      -2389.307          48.000  
G10  22789572.088   119760008.3480        814.811          49.000    22789573.419    93319493.4720        635.097          44.000  
G24  22042492.482   115834079.1040      -1968.117          44.000    22042494.561    90260329.8320      -1533.710          43.000  
G32  23149695.389   121652469.0440       1259.585          48.000    23149697.975    94794143.1210        981.607          44.000  
> 2026  7 21 18 53 50.0030000  0 7                            
G23  21367012.942   112284409.5820       -577.691          48.000    21367011.791    87494342.2220       -450.135          47.000  
G15  24050468.430   126386064.9890      -4015.378          40.000    24050470.329    98482654.4680      -3128.616          38.000  
G27  24549755.482   129009834.4020      -1809.141          42.000    24549760.123   100527162.9860      -1409.833          42.000  
G18  21823988.220   114685831.2890      -3065.088          48.000    21823989.005    89365586.2720      -2388.470          48.000  
G10  22789417.485   119759195.6210        815.856          49.000    22789418.709    93318860.1730        635.865          44.000  
G24  22042867.518   115836049.7820      -1967.586          44.000    22042869.566    90261865.4110      -1533.134          43.000  
G32  23149456.182   121651211.7050       1260.740          49.000    23149458.778    94793163.3960        982.131          44.000  
> 2026  7 21 18 53 51.0030000  0 7                            
G23  21367123.446   112284990.4830       -580.789          48.000    21367122.431    87494793.8830       -452.649          47.000  
G15  24051233.171   126390083.5570      -4018.434          40.000    24051235.038    98485785.8090      -3130.808          38.000  
G27  24550100.345   129011647.0970      -1812.569          42.000    24550105.099   100528575.4690      -1412.284          42.000  
G18  21824572.228   114688899.8770      -3068.622          48.000    21824572.856    89367977.3720      -2391.125          48.000  
G10  22789262.781   119758382.5250        813.245          49.000    22789263.970    93318226.5910        633.656          44.000  
G24  22043242.535   115838020.7090      -1971.160          44.000    22043244.578    90263401.1980      -1535.897          43.000  
G32  23149216.995   121649954.2640       1257.484          48.000    23149219.463    94792183.5680        979.757          44.000  
> 2026  7 21 18 53 52.0030000  0 7                            
G23  21367233.561   112285569.7420       -577.612          48.000    21367232.737    87495245.2480       -450.104          47.000  
G15  24051997.501   126394100.2780      -4015.064          40.000    24051999.415    98488915.7500      -3128.965          38.000  
G27  24550445.049   129013458.4280      -1809.907          42.000    24550449.822   100529986.9000      -1410.291          42.000  
G18  21825156.002   114691967.1230      -3065.753          48.000    21825156.613    89370367.4330      -2388.983          48.000  
G10  22789107.797   119757567.6340        816.590          49.000    22789108.892    93317591.6230        636.174          44.000  
G24  22043617.391   115839990.4850      -1968.429          44.000    22043619.453    90264936.0970      -1533.883          43.000  
G32  23148977.406   121648695.2780       1260.491          48.000    23148979.871    94791202.5460        982.073          44.000  
> 2026  7 21 18 53 53.0030000  0 7                            
G23  21367343.196   112286146.1860       -575.895          48.000    21367342.482    87495694.4240       -448.633          47.000  
G15  24052761.386   126398114.0070      -4013.020          40.000    24052763.275    98492043.3190      -3127.233          38.000  
G27  24550789.257   129015267.2360      -1808.385          42.000    24550794.017   100531396.3590      -1409.089          42.000  
G18  21825739.261   114695031.8570      -3064.301          48.000    21825739.885    89372755.5320      -2387.732          48.000  
G10  22788952.214   119756749.7840        818.618          49.000    22788953.281    93316954.3310        637.891          44.000  
G24  22043991.694   115841957.9220      -1967.164          45.000    22043993.736    90266469.1680      -1532.856          43.000  
G32  23148737.297   121647433.5660       1262.357          48.000    23148739.836    94790219.4020        983.481          44.000  
> 2026  7 21 18 53 54.0030000  0 8                            
G23  21367453.063   112286723.1880       -576.383          48.000    21367452.409    87496144.0400       -448.975          47.000  
G15  24053525.199   126402128.1310      -4013.403          40.000    24053527.152    98495171.2060      -3127.517          37.000  
G27  24551133.702   129017076.8930      -1809.178          42.000    24551138.339   100532806.4710      -1409.578          42.000  
G18  21826322.627   114698097.4530      -3065.033          48.000    21826323.260    89375144.3200      -2388.477          48.000  
G10  22788796.758   119755932.3530        818.134          49.000    22788797.755    93316317.3670        637.644          44.000  
G24  22044366.302   115843926.4030      -1968.010          45.000    22044368.272    90268003.0520      -1533.487          43.000  
G08  25770225.859   135423450.8301       -284.344          25.000                                                                  
G32  23148497.374   121646172.5160       1261.609          48.000    23148499.810    94789236.7550        983.298          44.000  
> 2026  7 21 18 53 55.0030000  0 8                            
G23  21367562.994   112287300.7640       -576.946          48.000    21367562.290    87496594.1000       -449.532          47.000  
G15  24054289.208   126406142.1200      -4013.761          40.000    24054291.101    98498299.3420      -3127.179          38.000  
G27  24551478.307   129018887.4060      -1809.917          41.000    24551482.890   100534217.2610      -1410.323          42.000  
G18  21826906.172   114701163.9420      -3066.040          48.000    21826906.770    89377533.7750      -2389.002          48.000  
G10  22788641.377   119755115.3290        817.838          48.000    22788642.352    93315680.7280        637.276          44.000  
G24  22044741.084   115845895.9480      -1969.031          45.000    22044743.135    90269537.7680      -1534.472          43.000  
G08  25770273.641   135423701.1751       -284.344          25.000                                                                  
G32  23148257.505   121644912.1430       1260.823          48.000    23148259.968    94788254.6550        982.403          44.000  
> 2026  7 21 18 53 56.0030000  0 7                            
G23  21367673.041   112287878.8650       -578.829          48.000    21367672.214    87497044.5630       -450.996          48.000  
G15  24055053.445   126410156.9620      -4015.550          40.000    24055055.132    98501427.7920      -3128.735          38.000  
G27  24551823.021   129020698.7360      -1812.320          41.000    24551827.560   100535628.6750      -1412.074          42.000  
G18  21827489.784   114704231.2500      -3068.115          48.000    21827490.511    89379923.8920      -2390.924          48.000  
G10  22788486.030   119754298.6920        815.972          48.000    22788486.876    93315044.3950        635.730          44.000  
G24  22045116.117   115847866.5060      -1971.477          45.000    22045118.115    90271073.2530      -1536.157          43.000  
G32  23148017.810   121643652.3820       1258.966          48.000    23148020.328    94787273.0300        980.997          44.000  
> 2026  7 21 18 53 57.0030000  0 7                            
G23  21367783.298   112288458.1920       -580.082          48.000    21367782.447    87497495.9870       -451.919          48.000  
G15  24055817.684   126414172.8380      -4016.603          40.000    24055819.352    98504557.0410      -3129.340          38.000  
G27  24552167.982   129022511.5500      -1813.441          41.000    24552172.644   100537041.2670      -1413.260          42.000  
G18  21828073.693   114707300.0940      -3069.647          48.000    21828074.434    89382315.1970      -2392.004          48.000  
G10  22788330.867   119753483.1280        814.970          48.000    22788331.702    93314408.8860        635.145          44.000  
G24  22045491.427   115849838.7670      -1973.342          45.000    22045493.385    90272610.0750      -1537.431          43.000  
G32  23147778.327   121642393.9560       1257.585          48.000    23147780.962    94786292.4380        979.967          44.000  
> 2026  7 21 18 53 58.0030000  0 7                            
G23  21367894.017   112289039.8820       -581.270          48.000    21367893.107    87497949.2560       -452.852          48.000  
G15  24056582.285   126418190.9070      -4017.495          40.000    24056583.868    98507688.0120      -3130.496          37.000  
G27  24552513.480   129024327.0410      -1815.312          41.000    24552518.122   100538455.9230      -1414.543          42.000  
G18  21828658.282   114710371.6200      -3071.246          48.000    21828658.953    89384708.5930      -2393.250          48.000  
G10  22788176.069   119752669.7840        813.903          48.000    22788176.852    93313775.1190        634.237          44.000  
G24  22045867.285   115851813.8790      -1974.823          45.000    22045869.290    90274149.1200      -1538.822          43.000  
G32  23147539.244   121641137.9800       1256.487          48.000    23147541.986    94785313.7630        978.993          44.000  
> 2026  7 21 18 53 59.0030000  0 7                            
G23  21368004.914   112289622.2500       -583.086          48.000    21368003.877    87498403.0450       -454.438          48.000  
G15  24057346.996   126422209.4710      -4019.237          40.000    24057348.447    98510819.3480      -3131.882          38.000  
G27  24552859.216   129026143.4540      -1817.119          41.000    24552863.842   100539871.3220      -1416.095          42.000  
G18  21829242.988   114713444.1010      -3073.285          48.000    21829243.592    89387102.7270      -2394.702          48.000  
G10  22788021.355   119751856.9590        812.046          48.000    22788022.218    93313141.7450        632.734          44.000  
G24  22046243.383   115853790.1560      -1977.436          45.000    22046245.459    90275689.0790      -1540.984          43.000  
G32  23147300.449   121639882.7900       1254.414          48.000    23147303.220    94784335.6970        977.394          44.000  
> 2026  7 21 18 54  0.0030000  0 7                            
G23  21368115.999   112290206.1790       -585.856          48.000    21368114.951    87498858.0460       -456.438          48.000  
G15  24058111.954   126426229.4100      -4021.720          40.000    24058113.497    98513951.7770      -3133.661          37.000  
G27  24553205.161   129027961.7480      -1820.334          41.000    24553209.873   100541288.1490      -1418.236          42.000  
G18  21829828.020   114716518.4770      -3076.422          48.000    21829828.688    89389498.3420      -2397.150          48.000  
G10  22787866.937   119751045.5590        809.578          48.000    22787867.811    93312509.4810        630.970          44.000  
G24  22046619.872   115855768.4650      -1980.366          45.000    22046621.918    90277230.6170      -1543.138          43.000  
G32  23147061.831   121638629.2480       1251.681          48.000    23147064.723    94783358.9120        975.338          44.000  
> 2026  7 21 18 54  1.0030000  0 7                            
G23  21368227.474   112290791.7030       -589.239          48.000    21368226.358    87499314.3120       -459.182          48.000  
G15  24058877.256   126430250.7730      -4025.092          40.000    24058878.649    98517085.3130      -3136.593          37.000  
G27  24553551.582   129029781.9100      -1824.030          42.000    24553556.270   100542706.4750      -1421.267          42.000  
G18  21830413.443   114719594.7490      -3080.206          48.000    21830414.140    89391895.4360      -2400.049          48.000  
G10  22787712.904   119750235.5970        806.247          48.000    22787713.761    93311878.3520        628.240          44.000  
G24  22046996.665   115857748.8710      -1984.415          45.000    22046998.803    90278773.7920      -1546.434          43.000  
G32  23146823.606   121637377.4100       1248.068          48.000    23146826.570    94782383.4590        972.613          44.000  
> 2026  7 21 18 54  2.0030000  0 7                            
G23  21368339.103   112291378.6290       -586.485          48.000    21368337.981    87499771.6530       -456.829          48.000  
G15  24059642.743   126434273.3370      -4021.860          40.000    24059644.210    98520219.7530      -3133.694          37.000  
G27  24553898.335   129031603.7770      -1821.500          42.000    24553902.969   100544126.1000      -1419.301          42.000  
G18  21830999.147   114722672.7270      -3077.667          48.000    21830999.819    89394293.8540      -2397.992          48.000  
G10  22787559.006   119749426.8880        809.216          48.000    22787559.849    93311248.1920        630.550          44.000  
G24  22047373.831   115859731.1450      -1982.166          45.000    22047375.917    90280318.4080      -1544.192          43.000  
G32  23146585.596   121636127.0690       1250.821          48.000    23146588.618    94781409.1670        974.845          44.000  
> 2026  7 21 18 54  3.0030000  0 7                            
G23  21368450.633   112291964.8670       -584.754          48.000    21368449.590    87500228.4670       -455.795          48.000  
G15  24060408.115   126438295.0430      -4020.199          40.000    24060409.471    98523353.5670      -3132.817          37.000  
G27  24554244.976   129033425.2280      -1820.161          42.000    24554249.646   100545545.4240      -1418.361          42.000  
G18  21831584.850   114725750.3240      -3076.373          48.000    21831585.399    89396691.9870      -2397.284          48.000  
G10  22787404.939   119748617.3370        811.412          48.000    22787405.734    93310617.3750        632.151          44.000  
G24  22047751.062   115861713.2140      -1980.766          45.000    22047753.083    90281862.8890      -1543.554          43.000  
G32  23146347.545   121634876.1310       1252.404          48.000    23146350.481    94780434.4270        975.564          44.000  
> 2026  7 21 18 54  4.0030000  0 7                            
G23  21368561.842   112292549.3840       -584.805          48.000    21368560.780    87500683.9300       -455.738          48.000  
G15  24061173.148   126442314.8540      -4020.075          40.000    24061174.477    98526485.8670      -3132.482          37.000  
G27  24554591.364   129035245.2480      -1820.463          42.000    24554595.920   100546963.6040      -1418.468          42.000  
G18  21832170.271   114728826.4960      -3076.495          48.000    21832170.756    89399089.0020      -2397.357          48.000  
G10  22787250.503   119747805.9420        811.205          48.000    22787251.328    93309985.1200        632.107          44.000  
G24  22048128.008   115863694.0630      -1981.417          45.000    22048130.040    90283406.4050      -1544.021          43.000  
G32  23146109.215   121633623.5910       1252.193          48.000    23146112.173    94779458.4210        975.613          44.000  
> 2026  7 21 18 54  5.0030000  0 7                            
G23  21368673.349   112293135.4070       -585.439          48.000    21368672.375    87501140.5730       -456.247          48.000  
G15  24061938.344   126446335.9650      -4020.361          40.000    24061939.708    98529619.2050      -3132.900          37.000  
G27  24554938.061   129037067.0570      -1821.401          42.000    24554942.605   100548383.1860      -1418.995          42.000  
G18  21832755.980   114731904.4870      -3077.362          48.000    21832756.381    89401487.4300      -2397.937          48.000  
G10  22787096.335   119746995.8940        810.506          48.000    22787097.166    93309353.9120        631.449          44.000  
G24  22048505.317   115865676.8940      -1982.697          45.000    22048507.373    90284951.4740      -1545.185          43.000  
G32  23145871.119   121632372.6420       1251.228          48.000    23145874.224    94778483.6480        975.066          44.000  
> 2026  7 21 18 54  6.0030000  0 7                            
G23  21368784.967   112293721.3740       -584.102          48.000    21368783.909    87501597.1540       -455.078          48.000  
G15  24062703.498   126450356.8560      -4019.272          40.000    24062704.876    98532752.3500      -3131.541          37.000  
G27  24555284.749   129038889.0860      -1820.568          42.000    24555289.309   100549802.9560      -1418.451          42.000  
G18  21833341.777   114734982.7260      -3076.550          48.000    21833342.107    89403886.0580      -2397.290          48.000  
G10  22786942.122   119746185.6230        811.993          48.000    22786942.971    93308722.5230        632.896          44.000  
G24  22048882.737   115867660.1120      -1981.669          45.000    22048884.631    90286496.8260      -1544.049          43.000  
G32  23145633.138   121631121.7330       1252.592          48.000    23145636.161    94777508.9200        976.125          44.000  
> 2026  7 21 18 54  7.0030000  0 7                            
G23  21368896.494   112294307.7670       -587.698          48.000    21368895.472    87502054.0900       -457.959          47.000  
G15  24063468.638   126454377.9640      -4022.147          40.000    24063470.009    98535885.6980      -3134.110          37.000  
G27  24555631.583   129040711.8250      -1824.266          42.000    24555636.116   100551223.2790      -1421.349          42.000  
G18  21833927.714   114738061.6970      -3080.365          48.000    21833928.032    89406285.2560      -2400.409          48.000  
G10  22786787.924   119745375.6430        808.709          49.000    22786788.826    93308091.3760        630.147          44.000  
G24  22049260.257   115869644.2710      -1985.597          45.000    22049262.270    90288042.9200      -1547.172          43.000  
G32  23145395.139   121629871.3450       1249.076          48.000    23145398.246    94776534.5900        973.318          44.000  
> 2026  7 21 18 54  8.0030000  0 7                            
G23  21369008.720   112294897.3460       -590.978          48.000    21369007.578    87502513.4890       -460.385          47.000  
G15  24064234.420   126458402.0890      -4025.405          40.000    24064235.747    98539021.3470      -3136.359          37.000  
G27  24555979.113   129042538.0450      -1827.703          42.000    24555983.597   100552646.2930      -1424.126          42.000  
G18  21834514.286   114741144.1540      -3083.868          48.000    21834514.618    89408687.1630      -2403.082          48.000  
G10  22786634.370   119744568.6840        806.016          48.000    22786635.250    93307462.5710        628.002          44.000  
G24  22049638.503   115871632.0730      -1988.784          45.000    22049640.574    90289591.8540      -1549.685          43.000  
G32  23145157.827   121628624.2410       1245.885          48.000    23145160.897    94775562.8200        970.725          44.000  
> 2026  7 21 18 54  9.0030000  0 7                            
G23  21369120.873   112295486.8430       -589.705          48.000    21369119.883    87502972.8510       -459.529          47.000  
G15  24065000.140   126462425.9290      -4023.840          40.000    24065001.548    98542156.8360      -3135.596          37.000  
G27  24556326.651   129044364.4430      -1826.526          42.000    24556331.227   100554069.4800      -1423.365          42.000  
G18  21835100.871   114744226.8470      -3082.996          48.000    21835101.260    89411089.2620      -2402.368          48.000  
G10  22786480.714   119743761.5110        807.228          48.000    22786481.549    93306833.6080        628.987          44.000  
G24  22050016.966   115873620.3200      -1988.552          45.000    22050018.916    90291141.1440      -1549.620          43.000  
G32  23144920.466   121627377.1680       1246.828          48.000    23144923.577    94774591.0810        971.634          44.000  
> 2026  7 21 18 54 10.0030000  0 7                            
G23  21369233.287   112296077.5520       -592.519          48.000    21369232.287    87503433.1360       -461.454          47.000  
G15  24065766.088   126466450.8090      -4026.310          40.000    24065767.507    98545293.1070      -3137.577          37.000  
G27  24556674.519   129046192.3630      -1829.594          42.000    24556679.125   100555493.8290      -1425.750          42.000  
G18  21835687.775   114747311.0480      -3086.060          48.000    21835688.148    89413492.5380      -2404.718          48.000  
G10  22786327.279   119742955.4000        804.627          48.000    22786328.186    93306205.4750        626.900          44.000  
G24  22050395.654   115875610.2360      -1991.710          45.000    22050397.652    90292691.7300      -1552.010          43.000  
G32  23144683.441   121626131.3950       1243.997          48.000    23144686.572    94773620.3410        969.599          44.000  
> 2026  7 21 18 54 11.0030000  0 7                            
G23  21369346.390   112296672.3200       -597.270          48.000    21369345.471    87503896.6000       -465.495          47.000  
G15  24066532.847   126470479.5730      -4031.154          40.000    24066534.105    98548432.3830      -3140.894          37.000  
G27  24557023.193   129048024.6130      -1834.874          42.000    24557027.856   100556921.5670      -1429.949          42.000  
G18  21836275.566   114750399.6210      -3091.150          48.000    21836275.908    89415899.2160      -2408.795          48.000  
G10  22786174.637   119742153.2130        799.807          48.000    22786175.611    93305580.3890        623.253          44.000  
G24  22050775.213   115877604.7080      -1997.123          45.000    22050777.202    90294245.8580      -1556.371          43.000  
G32  23144447.238   121624889.7840       1239.009          48.000    23144450.341    94772652.8680        965.339          44.000  
> 2026  7 21 18 54 12.0030000  0 7                            
G23  21369460.528   112297272.0080       -601.954          48.000    21369459.613    87504363.8890       -469.097          47.000  
G15  24067300.475   126474513.0590      -4035.719          41.000    24067301.639    98551575.3650      -3144.693          37.000  
G27  24557372.911   129049862.0660      -1839.986          42.000    24557377.418   100558353.3350      -1433.641          42.000  
G18  21836864.298   114753493.4130      -3096.271          48.000    21836864.571    89418309.9630      -2412.653          48.000  
G10  22786022.878   119741355.7860        795.188          48.000    22786023.921    93304959.0190        619.589          44.000  
G24  22051155.745   115879604.5680      -2002.379          45.000    22051157.733    90295804.1880      -1560.308          43.000  
G32  23144211.934   121623653.1780       1234.319          48.000    23144215.038    94771689.2730        961.935          44.000  
> 2026  7 21 18 54 13.0030000  0 7                            
G23  21369575.544   112297876.6080       -607.447          48.000    21369574.566    87504835.0020       -473.339          47.000  
G15  24068068.971   126478551.2670      -4041.080          41.000    24068070.052    98554722.0270      -3149.088          37.000  
G27  24557723.588   129051704.6940      -1845.501          42.000    24557728.021   100559789.1530      -1438.170          42.000  
G18  21837453.981   114756592.4260      -3101.983          48.000    21837454.346    89420724.7720      -2417.145          48.000  
G10  22785871.931   119740563.1130        789.834          49.000    22785873.060    93304341.3530        615.439          44.000  
G24  22051537.305   115881609.8270      -2008.494          45.000    22051539.375    90297366.7220      -1565.062          43.000  
G32  23143977.546   121622421.6080       1228.514          49.000    23143980.645    94770729.6070        957.298          44.000  
> 2026  7 21 18 54 14.0030000  0 7                            
G23  21369691.550   112298486.6380       -612.998          48.000    21369690.734    87505310.3570       -477.618          47.000  
G15  24068838.435   126482594.7150      -4046.234          41.000    24068839.547    98557872.7540      -3152.814          37.000  
G27  24558075.332   129053553.0590      -1851.363          42.000    24558079.759   100561229.4280      -1442.528          42.000  
G18  21838044.746   114759697.1740      -3107.855          48.000    21838045.136    89423144.0500      -2421.594          48.000  
G10  22785722.008   119739775.7280        784.658          49.000    22785723.246    93303727.8040        611.541          44.000  
G24  22051919.990   115883620.9930      -2014.346          45.000    22051922.091    90298933.8600      -1569.363          43.000  
G32  23143744.246   121621195.5340       1223.135          49.000    23143747.295    94769774.2490        952.838          44.000  
> 2026  7 21 18 54 15.0030000  0 7                            
G23  21369808.627   112299101.6210       -616.998          48.000    21369807.759    87505789.5600       -480.841          47.000  
G15  24069608.746   126486642.9390      -4050.001          41.000    24069609.863    98561027.2170      -3155.947          37.000  
G27  24558428.180   129055406.6670      -1855.729          42.000    24558432.494   100562673.8050      -1446.191          42.000  
G18  21838636.537   114762807.1740      -3112.115          48.000    21838637.056    89425567.4320      -2425.092          48.000  
G10  22785573.034   119738993.1570        780.618          49.000    22785574.397    93303118.0060        608.336          44.000  
G24  22052303.704   115885637.5950      -2018.901          45.000    22052305.803    90300505.2500      -1573.227          43.000  
G32  23143511.846   121619974.5290       1219.041          49.000    23143514.989    94768822.8090        949.686          44.000  
> 2026  7 21 18 54 16.0030000  0 7                            
G23  21369926.524   112299720.6630       -621.588          48.000    21369925.659    87506271.9270       -484.275          47.000  
G15  24070379.883   126490695.0360      -4054.497          41.000    24070380.942    98564184.6990      -3159.426          37.000  
G27  24558781.742   129057264.6210      -1860.910          42.000    24558785.981   100564121.5510      -1449.698          42.000  
G18  21839229.228   114765921.5430      -3117.072          48.000    21839229.673    89427994.2020      -2428.894          48.000  
G10  22785424.908   119738214.4790        776.234          48.000    22785426.272    93302511.2510        604.757          44.000  
G24  22052688.373   115887658.7340      -2023.978          45.000    22052690.389    90302080.1550      -1577.161          43.000  
G32  23143280.369   121618757.6710       1214.425          48.000    23143283.325    94767874.5990        946.353          44.000  
> 2026  7 21 18 54 17.0030000  0 7                            
G23  21370045.170   112300344.1390       -624.629          48.000    21370044.295    87506757.7560       -486.658          47.000  
G15  24071151.826   126494751.3900      -4057.423          41.000    24071152.780    98567345.4820      -3161.511          37.000  
G27  24559136.273   129059127.2660      -1863.812          42.000    24559140.407   100565572.9620      -1452.350          42.000  
G18  21839822.764   114769040.6460      -3120.331          48.000    21839823.144    89430424.6760      -2431.500          48.000  
G10  22785277.477   119737440.0940        773.367          48.000    22785278.972    93301907.8400        602.537          44.000  
G24  22053073.879   115889684.7870      -2027.359          45.000    22053075.925    90303658.8960      -1579.744          43.000  
G32  23143049.776   121617545.3520       1211.146          49.000    23143052.561    94766929.9420        943.688          44.000  
> 2026  7 21 18 54 18.0030000  0 7                            
G23  21370164.203   112300969.7700       -626.921          48.000    21370163.293    87507245.2600       -488.511          47.000  
G15  24071924.204   126498809.7080      -4059.424          41.000    24071925.021    98570507.8240      -3163.652          37.000  
G27  24559491.202   129060992.3580      -1866.385          42.000    24559495.411   100567026.2820      -1454.337          42.000  
G18  21840416.804   114772162.2160      -3122.986          48.000    21840417.129    89432857.0620      -2433.429          48.000  
G10  22785130.461   119736667.7100        771.158          49.000    22785132.063    93301305.9770        600.893          44.000  
G24  22053459.888   115891713.4770      -2030.238          45.000    22053461.962    90305239.7040      -1582.041          43.000  
G32  23142819.520   121616335.2880       1208.817          49.000    23142822.284    94765987.0330        941.870          44.000  
> 2026  7 21 18 54 19.0030000  0 7                            
G23  21370283.780   112301597.6660       -629.718          48.000    21370282.798    87507734.5260       -490.599          47.000  
G15  24072696.807   126502870.1020      -4061.979          41.000    24072697.548    98573671.7480      -3165.529          37.000  
G27  24559846.538   129062860.0070      -1869.451          42.000    24559850.864   100568481.5950      -1456.854          42.000  
G18  21841011.355   114775286.3520      -3126.104          48.000    21841011.650    89435291.4460      -2435.883          48.000  
G10  22784983.915   119735897.4520        768.477          49.000    22784985.456    93300705.7790        598.931          44.000  
G24  22053846.526   115893744.9280      -2033.532          45.000    22053848.444    90306822.6400      -1584.413          43.000  
G32  23142589.669   121615127.5800       1205.866          49.000    23142592.462    94765045.9630        939.642          44.000  
> 2026  7 21 18 54 20.0030000  0 7                            
G23  21370404.063   112302229.4950       -634.309          48.000    21370403.126    87508226.8620       -494.294          47.000  
G15  24073470.062   126506934.2320      -4066.544          41.000    24073470.920    98576838.6020      -3168.767          37.000  
G27  24560202.723   129064731.8690      -1874.612          42.000    24560207.165   100569940.1770      -1460.626          42.000  
G18  21841606.690   114778414.7220      -3131.036          48.000    21841606.905    89437729.1320      -2439.618          48.000  
G10  22784838.109   119735130.9750        763.994          48.000    22784839.544    93300108.5150        595.413          44.000  
G24  22054233.942   115895780.7720      -2038.464          45.000    22054235.899    90308409.0260      -1588.468          43.000  
G32  23142360.651   121613923.8930       1201.201          48.000    23142363.286    94764108.0290        935.975          44.000  
> 2026  7 21 18 54 21.0030000  0 7                            
G23  21370525.017   112302865.4770       -637.749          47.000    21370524.182    87508722.4400       -497.001          47.000  
G15  24074244.220   126511002.3500      -4069.833          41.000    24074245.042    98580008.5630      -3171.396          37.000  
G27  24560559.736   129066608.1560      -1878.474          42.000    24560564.281   100571402.2360      -1463.979          43.000  
G18  21842202.842   114781547.5640      -3134.967          48.000    21842203.118    89440170.3090      -2442.816          48.000  
G10  22784693.030   119734368.5070        760.671          48.000    22784694.430    93299514.3910        592.679          44.000  
G24  22054622.195   115897821.2770      -2042.614          45.000    22054624.197    90309999.0330      -1591.793          43.000  
G32  23142132.422   121612724.4840       1197.635          48.000    23142135.006    94763173.4320        933.144          44.000  
> 2026  7 21 18 54 22.0030000  0 8                            
G23  21370646.576   112303504.5650       -640.053          47.000    21370645.800    87509220.4260       -498.633          47.000  
G15  24075018.913   126515073.3750      -4071.603          41.000    24075019.670    98583180.7880      -3172.955          37.000  
G27  24560917.362   129068487.8270      -1880.894          42.000    24560921.880   100572866.9000      -1465.646          43.000  
G18  21842799.693   114784683.7950      -3137.427          48.000    21842799.926    89442614.1240      -2444.629          48.000  
G10  22784548.400   119733608.9910        758.634          48.000    22784549.861    93298922.5610        591.134          44.000  
G24  22055011.097   115899865.3660      -2045.533          45.000    22055013.170    90311591.8200      -1593.744          43.000  
G08  25771982.199   135432679.7891       -355.320          25.000                                                                  
G32  23141904.706   121611528.2770       1195.151          48.000    23141907.390    94762241.3220        931.165          44.000  
> 2026  7 21 18 54 23.0030000  0 7                            
G23  21370768.721   112304146.5990       -644.238          47.000    21370768.000    87509720.7180       -502.086          48.000  
G15  24075794.245   126519147.1750      -4076.056          41.000    24075794.936    98586355.1760      -3176.069          37.000  
G27  24561275.672   129070370.7240      -1885.322          42.000    24561280.145   100574334.0840      -1468.986          43.000  
G18  21843397.009   114787823.2840      -3141.882          48.000    21843397.330    89445060.4800      -2448.260          48.000  
G10  22784404.441   119732852.2650        754.594          48.000    22784405.814    93298332.9080        587.988          44.000  
G24  22055400.639   115901912.8590      -2049.946          45.000    22055402.846    90313187.2790      -1597.327          43.000  
G32  23141677.649   121610335.0910       1190.869          48.000    23141680.320    94761311.5710        927.894          44.000  
> 2026  7 21 18 54 24.0030000  0 7                            
G23  21370891.767   112304793.0930       -648.686          47.000    21370891.078    87510224.4720       -505.350          48.000  
G15  24076570.389   126523225.2320      -4080.085          41.000    24076571.044    98589532.8780      -3179.344          37.000  
G27  24561634.842   129072258.3720      -1890.018          42.000    24561639.433   100575804.9770      -1472.659          43.000  
G18  21843995.315   114790967.5400      -3146.710          48.000    21843995.593    89447510.5490      -2452.002          48.000  
G10  22784261.320   119732099.8620        750.194          48.000    22784262.705    93297746.6220        584.511          44.000  
G24  22055791.163   115903965.3060      -2054.932          45.000    22055793.520    90314786.5790      -1601.176          43.000  
G32  23141451.451   121609146.4760       1186.425          48.000    23141454.316    94760385.3790        924.471          44.000  
> 2026  7 21 18 54 25.0030000  0 7                            
G23  21371015.349   112305442.7710       -651.231          47.000    21371014.732    87510730.7060       -507.284          48.000  
G15  24077347.008   126527306.2900      -4082.274          41.000    24077347.630    98592712.9490      -3181.389          37.000  
G27  24561994.682   129074149.4660      -1892.840          42.000    24561999.182   100577278.5570      -1474.585          43.000  
G18  21844594.319   114794115.2670      -3149.396          48.000    21844594.645    89449963.3270      -2454.095          48.000  
G10  22784118.632   119731350.4790        747.917          48.000    22784120.125    93297162.6900        582.731          44.000  
G24  22056182.302   115906021.3980      -2057.834          45.000    22056184.775    90316388.7330      -1603.465          43.000  
G32  23141225.813   121607961.1340       1183.884          48.000    23141228.705    94759461.7390        922.446          44.000  
> 2026  7 21 18 54 26.0030000  0 7                            
G23  21371139.564   112306095.8400       -654.699          47.000    21371138.960    87511239.5940       -510.039          48.000  
G15  24078124.301   126531390.5690      -4085.934          41.000    24078124.925    98595895.4810      -3183.757          37.000  
G27  24562355.080   129076044.2620      -1896.625          42.000    24562359.855   100578755.0230      -1477.640          43.000  
G18  21845194.084   114797266.7050      -3153.162          48.000    21845194.310    89452418.9810      -2456.836          48.000  
G10  22783976.677   119730604.3510        744.522          48.000    22783978.144    93296581.2890        580.289          44.000  
G24  22056574.283   115908081.3850      -2061.893          45.000    22056576.707    90317993.9210      -1606.625          44.000  
G32  23141000.872   121606779.2890       1180.118          48.000    23141003.867    94758540.8320        919.456          44.000  
> 2026  7 21 18 54 27.0030000  0 7                            
G23  21371264.249   112306750.7320       -655.750          47.000    21371263.572    87511749.9140       -511.141          48.000  
G15  24078901.913   126535476.4800      -4086.716          41.000    24078902.366    98599079.3010      -3184.285          37.000  
G27  24562716.093   129077941.1540      -1897.897          42.000    24562720.706   100580233.1190      -1478.810          43.000  
G18  21845794.094   114800420.2680      -3154.553          49.000    21845794.491    89454876.3100      -2458.136          48.000  
G10  22783835.039   119729859.8930        743.690          48.000    22783836.459    93296001.1970        579.408          44.000  
G24  22056966.772   115910143.6780      -2063.467          45.000    22056969.104    90319600.9000      -1608.008          44.000  
G32  23140776.300   121605599.3650       1178.828          48.000    23140779.363    94757621.4060        918.703          44.000  
> 2026  7 21 18 54 28.0030000  0 7                            
G23  21371389.355   112307407.8410       -658.858          47.000    21371388.568    87512261.9490       -513.436          48.000  
G15  24079679.829   126539564.4240      -4089.661          41.000    24079680.301    98602264.7200      -3186.810          37.000  
G27  24563077.514   129079840.5420      -1901.482          42.000    24563082.206   100581713.1670      -1481.570          43.000  
G18  21846394.635   114803576.3630      -3158.093          49.000    21846395.032    89457335.6020      -2460.895          48.000  
G10  22783693.767   119729117.5110        740.691          48.000    22783695.167    93295422.7190        577.085          44.000  
G24  22057359.788   115912208.6660      -2067.041          45.000    22057361.995    90321209.9760      -1610.639          44.000  
G32  23140552.218   121604421.7610       1175.774          48.000    23140555.318    94756703.7910        916.229          44.000  
> 2026  7 21 18 54 29.0030000  0 7                            
G23  21371514.987   112308068.2570       -661.784          47.000    21371514.188    87512776.5470       -515.542          48.000  
G15  24080458.435   126543655.4860      -4092.509          41.000    24080458.858    98605452.5730      -3189.205          37.000  
G27  24563439.626   129081743.5080      -1904.305          42.000    24563444.321   100583195.9870      -1483.796          43.000  
G18  21846995.903   114806736.0410      -3161.053          49.000    21846996.377    89459797.6920      -2463.257          48.000  
G10  22783553.139   119728378.2640        738.126          48.000    22783554.455    93294846.6800        575.188          44.000  
G24  22057753.416   115914277.4240      -2070.337          45.000    22057755.573    90322822.0010      -1613.259          44.000  
G32  23140328.739   121603247.5450       1172.794          48.000    23140331.924    94755788.8210        913.962          44.000  
